year,roll_name,total,passed,efficiency
2024,RE+1_R2_CH01_A,22631,22422,99.076488
2024,RE+1_R2_CH01_B,21985,21313,96.943370
2024,RE+1_R2_CH01_C,48386,29954,61.906337
2024,RE+1_R2_CH02_A,22659,22135,97.687453
2024,RE+1_R2_CH02_B,22168,21880,98.700830
2024,RE+1_R2_CH02_C,48781,48042,98.485066
2024,RE+1_R2_CH03_A,22484,22172,98.612347
2024,RE+1_R2_CH03_B,21515,21066,97.913084
2024,RE+1_R2_CH03_C,47685,46815,98.175527
2024,RE+1_R2_CH04_A,22821,22545,98.790588
2024,RE+1_R2_CH04_B,21423,20641,96.349718
2024,RE+1_R2_CH04_C,48367,47656,98.529989
2024,RE+1_R2_CH05_A,22861,22156,96.916145
2024,RE+1_R2_CH05_B,21999,21072,95.786172
2024,RE+1_R2_CH05_C,48154,45320,94.114715
2024,RE+1_R2_CH06_A,22274,20962,94.109724
2024,RE+1_R2_CH06_B,22009,18172,82.566223
2024,RE+1_R2_CH06_C,49316,47043,95.390948
2024,RE+1_R2_CH07_A,22518,21532,95.621281
2024,RE+1_R2_CH07_B,21257,20125,94.674695
2024,RE+1_R2_CH07_C,47614,44803,94.096274
2024,RE+1_R2_CH08_A,22877,21812,95.344669
2024,RE+1_R2_CH08_B,22228,20831,93.715134
2024,RE+1_R2_CH08_C,48088,45246,94.090002
2024,RE+1_R2_CH09_A,22415,22251,99.268347
2024,RE+1_R2_CH09_B,21110,20557,97.380388
2024,RE+1_R2_CH09_C,48342,47087,97.403914
2024,RE+1_R2_CH10_A,22580,21696,96.085031
2024,RE+1_R2_CH10_B,21515,20672,96.081803
2024,RE+1_R2_CH10_C,47286,46541,98.424481
2024,RE+1_R2_CH11_A,22638,13590,60.031805
2024,RE+1_R2_CH11_B,21716,10797,49.719101
2024,RE+1_R2_CH11_C,48426,26416,54.549209
2024,RE+1_R2_CH12_A,22350,21973,98.313199
2024,RE+1_R2_CH12_B,21749,20746,95.388294
2024,RE+1_R2_CH12_C,49145,47681,97.021060
2024,RE+1_R2_CH13_A,22768,21224,93.218552
2024,RE+1_R2_CH13_B,21433,19895,92.824150
2024,RE+1_R2_CH13_C,48278,44915,93.034094
2024,RE+1_R2_CH14_A,22721,19377,85.282338
2024,RE+1_R2_CH14_B,22039,20610,93.516040
2024,RE+1_R2_CH14_C,48620,45429,93.436857
2024,RE+1_R2_CH15_A,23197,23010,99.193861
2024,RE+1_R2_CH15_B,22164,21924,98.917163
2024,RE+1_R2_CH15_C,48023,46646,97.132624
2024,RE+1_R2_CH16_A,22879,21517,94.046943
2024,RE+1_R2_CH16_B,21411,18622,86.973985
2024,RE+1_R2_CH16_C,48791,46728,95.771761
2024,RE+1_R2_CH17_A,22456,19552,87.068044
2024,RE+1_R2_CH17_B,21180,20905,98.701605
2024,RE+1_R2_CH17_C,48155,43493,90.318762
2024,RE+1_R2_CH18_A,22527,22241,98.730412
2024,RE+1_R2_CH18_B,21202,20397,96.203188
2024,RE+1_R2_CH18_C,47489,46206,97.298322
2024,RE+1_R2_CH19_A,22976,22616,98.433148
2024,RE+1_R2_CH19_B,21716,21285,98.015288
2024,RE+1_R2_CH19_C,48173,45784,95.040790
2024,RE+1_R2_CH20_A,22837,22262,97.482156
2024,RE+1_R2_CH20_B,22028,20658,93.780643
2024,RE+1_R2_CH20_C,48301,47009,97.325107
2024,RE+1_R2_CH21_A,27264,25284,92.737676
2024,RE+1_R2_CH21_B,25699,25116,97.731429
2024,RE+1_R2_CH21_C,55866,50012,89.521355
2024,RE+1_R2_CH22_A,23089,22611,97.929750
2024,RE+1_R2_CH22_B,21548,20387,94.612029
2024,RE+1_R2_CH22_C,47968,45379,94.602652
2024,RE+1_R2_CH23_A,22424,19357,86.322690
2024,RE+1_R2_CH23_B,21783,20741,95.216453
2024,RE+1_R2_CH23_C,47966,43507,90.703832
2024,RE+1_R2_CH24_A,22326,21821,97.738063
2024,RE+1_R2_CH24_B,21440,21109,98.456157
2024,RE+1_R2_CH24_C,47588,46020,96.705052
2024,RE+1_R2_CH25_A,21916,11042,50.383282
2024,RE+1_R2_CH25_B,20931,20224,96.622235
2024,RE+1_R2_CH25_C,46944,46071,98.140337
2024,RE+1_R2_CH26_A,21624,21235,98.201073
2024,RE+1_R2_CH26_B,20636,20096,97.383214
2024,RE+1_R2_CH26_C,46730,46007,98.452814
2024,RE+1_R2_CH27_A,21813,21407,98.138725
2024,RE+1_R2_CH27_B,20705,20321,98.145376
2024,RE+1_R2_CH27_C,47094,46202,98.105916
2024,RE+1_R2_CH28_A,21917,21035,95.975727
2024,RE+1_R2_CH28_B,20964,20789,99.165236
2024,RE+1_R2_CH28_C,46379,45698,98.531663
2024,RE+1_R2_CH29_A,22032,16546,75.099855
2024,RE+1_R2_CH29_B,21258,20896,98.297112
2024,RE+1_R2_CH29_C,48128,47177,98.024019
2024,RE+1_R2_CH30_A,21685,21387,98.625778
2024,RE+1_R2_CH30_B,20990,20650,98.380181
2024,RE+1_R2_CH30_C,46940,46082,98.172135
2024,RE+1_R2_CH31_A,21946,21771,99.202588
2024,RE+1_R2_CH31_B,20481,19872,97.026512
2024,RE+1_R2_CH31_C,47325,46671,98.618067
2024,RE+1_R2_CH32_A,21320,20500,96.153846
2024,RE+1_R2_CH32_B,20661,19897,96.302212
2024,RE+1_R2_CH32_C,46569,44234,94.985935
2024,RE+1_R2_CH33_A,22562,21980,97.420441
2024,RE+1_R2_CH33_B,21133,20465,96.839067
2024,RE+1_R2_CH33_C,47608,46036,96.698034
2024,RE+1_R2_CH34_A,22894,22535,98.431904
2024,RE+1_R2_CH34_B,21164,20858,98.554149
2024,RE+1_R2_CH34_C,47720,46099,96.603101
2024,RE+1_R2_CH35_A,0,0,
2024,RE+1_R2_CH35_B,0,0,
2024,RE+1_R2_CH35_C,0,0,
2024,RE+1_R2_CH36_A,22320,18484,82.813620
2024,RE+1_R2_CH36_B,20939,19168,91.542098
2024,RE+1_R2_CH36_C,47539,43990,92.534551
2024,RE+1_R3_CH01_A,10316,9934,96.297014
2024,RE+1_R3_CH01_B,27970,27128,96.989632
2024,RE+1_R3_CH01_C,21262,20809,97.869438
2024,RE+1_R3_CH02_A,11117,10650,95.799226
2024,RE+1_R3_CH02_B,28891,27595,95.514174
2024,RE+1_R3_CH02_C,21126,20341,96.284200
2024,RE+1_R3_CH03_A,10801,10603,98.166836
2024,RE+1_R3_CH03_B,28646,27572,96.250785
2024,RE+1_R3_CH03_C,21357,20473,95.860842
2024,RE+1_R3_CH04_A,0,0,
2024,RE+1_R3_CH04_B,0,0,
2024,RE+1_R3_CH04_C,0,0,
2024,RE+1_R3_CH05_A,10848,10702,98.654130
2024,RE+1_R3_CH05_B,28919,28494,98.530378
2024,RE+1_R3_CH05_C,21674,21105,97.374735
2024,RE+1_R3_CH06_A,10816,10572,97.744083
2024,RE+1_R3_CH06_B,28514,27953,98.032545
2024,RE+1_R3_CH06_C,22541,21809,96.752584
2024,RE+1_R3_CH07_A,10573,10400,98.363757
2024,RE+1_R3_CH07_B,28286,27760,98.140423
2024,RE+1_R3_CH07_C,21116,20734,98.190945
2024,RE+1_R3_CH08_A,11170,10982,98.316920
2024,RE+1_R3_CH08_B,29485,29049,98.521282
2024,RE+1_R3_CH08_C,21198,19831,93.551278
2024,RE+1_R3_CH09_A,11180,10729,95.966011
2024,RE+1_R3_CH09_B,28974,28514,98.412370
2024,RE+1_R3_CH09_C,21891,21352,97.537801
2024,RE+1_R3_CH10_A,10283,10083,98.055042
2024,RE+1_R3_CH10_B,28203,26788,94.982803
2024,RE+1_R3_CH10_C,21160,19986,94.451796
2024,RE+1_R3_CH11_A,11003,10769,97.873307
2024,RE+1_R3_CH11_B,29434,28344,96.296800
2024,RE+1_R3_CH11_C,21068,20282,96.269223
2024,RE+1_R3_CH12_A,11045,10850,98.234495
2024,RE+1_R3_CH12_B,29062,28430,97.825339
2024,RE+1_R3_CH12_C,23232,21219,91.335227
2024,RE+1_R3_CH13_A,11190,10938,97.747989
2024,RE+1_R3_CH13_B,28753,27885,96.981185
2024,RE+1_R3_CH13_C,21966,21090,96.012019
2024,RE+1_R3_CH14_A,12985,12208,94.016173
2024,RE+1_R3_CH14_B,31827,30457,95.695479
2024,RE+1_R3_CH14_C,22656,21008,92.725989
2024,RE+1_R3_CH15_A,0,0,
2024,RE+1_R3_CH15_B,0,0,
2024,RE+1_R3_CH15_C,0,0,
2024,RE+1_R3_CH16_A,10613,10395,97.945915
2024,RE+1_R3_CH16_B,28383,27980,98.580136
2024,RE+1_R3_CH16_C,21296,20891,98.098234
2024,RE+1_R3_CH17_A,11049,10823,97.954566
2024,RE+1_R3_CH17_B,29335,28260,96.335435
2024,RE+1_R3_CH17_C,20904,20159,96.436089
2024,RE+1_R3_CH18_A,10781,10573,98.070680
2024,RE+1_R3_CH18_B,28694,22844,79.612463
2024,RE+1_R3_CH18_C,22858,22239,97.291977
2024,RE+1_R3_CH19_A,10602,10303,97.179777
2024,RE+1_R3_CH19_B,28137,27286,96.975513
2024,RE+1_R3_CH19_C,21513,20670,96.081439
2024,RE+1_R3_CH20_A,11327,10971,96.857067
2024,RE+1_R3_CH20_B,29325,28419,96.910486
2024,RE+1_R3_CH20_C,21421,20546,95.915223
2024,RE+1_R3_CH21_A,11190,10735,95.933870
2024,RE+1_R3_CH21_B,29282,27274,93.142545
2024,RE+1_R3_CH21_C,22064,20512,92.965917
2024,RE+1_R3_CH22_A,10457,9896,94.635173
2024,RE+1_R3_CH22_B,28208,27528,97.589336
2024,RE+1_R3_CH22_C,21293,20220,94.960785
2024,RE+1_R3_CH23_A,10835,10633,98.135671
2024,RE+1_R3_CH23_B,28819,28294,98.178285
2024,RE+1_R3_CH23_C,20861,20547,98.494799
2024,RE+1_R3_CH24_A,10610,10357,97.615457
2024,RE+1_R3_CH24_B,28839,28027,97.184368
2024,RE+1_R3_CH24_C,22416,21953,97.934511
2024,RE+1_R3_CH25_A,10279,7934,77.186497
2024,RE+1_R3_CH25_B,27665,26715,96.566058
2024,RE+1_R3_CH25_C,20631,19957,96.733072
2024,RE+1_R3_CH26_A,10703,10485,97.963188
2024,RE+1_R3_CH26_B,28243,27324,96.746096
2024,RE+1_R3_CH26_C,20637,20174,97.756457
2024,RE+1_R3_CH27_A,10714,10522,98.207952
2024,RE+1_R3_CH27_B,28506,27846,97.684698
2024,RE+1_R3_CH27_C,21830,20954,95.987174
2024,RE+1_R3_CH28_A,10339,10073,97.427217
2024,RE+1_R3_CH28_B,27604,26966,97.688741
2024,RE+1_R3_CH28_C,20775,18994,91.427196
2024,RE+1_R3_CH29_A,10936,10520,96.196050
2024,RE+1_R3_CH29_B,28504,28087,98.537047
2024,RE+1_R3_CH29_C,20509,19786,96.474718
2024,RE+1_R3_CH30_A,10654,9953,93.420312
2024,RE+1_R3_CH30_B,28705,28127,97.986414
2024,RE+1_R3_CH30_C,22715,20879,91.917235
2024,RE+1_R3_CH31_A,10333,10006,96.835382
2024,RE+1_R3_CH31_B,27372,26813,97.957767
2024,RE+1_R3_CH31_C,20225,17880,88.405439
2024,RE+1_R3_CH32_A,10948,10646,97.241505
2024,RE+1_R3_CH32_B,28467,27923,98.089015
2024,RE+1_R3_CH32_C,20592,20169,97.945804
2024,RE+1_R3_CH33_A,11318,10966,96.889910
2024,RE+1_R3_CH33_B,30008,28674,95.554519
2024,RE+1_R3_CH33_C,22133,21002,94.889983
2024,RE+1_R3_CH34_A,10620,10467,98.559322
2024,RE+1_R3_CH34_B,28665,28120,98.098727
2024,RE+1_R3_CH34_C,20995,20556,97.909026
2024,RE+1_R3_CH35_A,11050,10888,98.533937
2024,RE+1_R3_CH35_B,29257,28933,98.892573
2024,RE+1_R3_CH35_C,21092,20145,95.510146
2024,RE+1_R3_CH36_A,10973,10770,98.150005
2024,RE+1_R3_CH36_B,29083,28288,97.266444
2024,RE+1_R3_CH36_C,22884,21699,94.821709
2024,RE+2_R2_CH01_A,26321,24963,94.840622
2024,RE+2_R2_CH01_B,24240,19617,80.928218
2024,RE+2_R2_CH01_C,22211,19412,87.398136
2024,RE+2_R2_CH02_A,26508,25324,95.533424
2024,RE+2_R2_CH02_B,23827,22701,95.274269
2024,RE+2_R2_CH02_C,22842,21184,92.741441
2024,RE+2_R2_CH03_A,26028,15134,58.145075
2024,RE+2_R2_CH03_B,23605,22406,94.920568
2024,RE+2_R2_CH03_C,22358,21490,96.117721
2024,RE+2_R2_CH04_A,26208,24892,94.978632
2024,RE+2_R2_CH04_B,23761,22712,95.585203
2024,RE+2_R2_CH04_C,22558,21471,95.181310
2024,RE+2_R2_CH05_A,26638,25006,93.873414
2024,RE+2_R2_CH05_B,23911,23070,96.482790
2024,RE+2_R2_CH05_C,22418,21044,93.870997
2024,RE+2_R2_CH06_A,26081,25177,96.533875
2024,RE+2_R2_CH06_B,23994,23116,96.340752
2024,RE+2_R2_CH06_C,23023,21199,92.077488
2024,RE+2_R2_CH07_A,25981,24442,94.076440
2024,RE+2_R2_CH07_B,23327,22613,96.939169
2024,RE+2_R2_CH07_C,22089,21347,96.640862
2024,RE+2_R2_CH08_A,26328,25796,97.979338
2024,RE+2_R2_CH08_B,23623,21785,92.219447
2024,RE+2_R2_CH08_C,22475,22080,98.242492
2024,RE+2_R2_CH09_A,26064,25181,96.612185
2024,RE+2_R2_CH09_B,23145,22878,98.846403
2024,RE+2_R2_CH09_C,22469,22120,98.446749
2024,RE+2_R2_CH10_A,25987,25656,98.726286
2024,RE+2_R2_CH10_B,22903,22445,98.000262
2024,RE+2_R2_CH10_C,22157,21704,97.955499
2024,RE+2_R2_CH11_A,26221,23299,88.856260
2024,RE+2_R2_CH11_B,23729,20736,87.386742
2024,RE+2_R2_CH11_C,22286,19772,88.719375
2024,RE+2_R2_CH12_A,25903,24206,93.448635
2024,RE+2_R2_CH12_B,23807,22463,94.354602
2024,RE+2_R2_CH12_C,22886,21697,94.804684
2024,RE+2_R2_CH13_A,26277,25442,96.822316
2024,RE+2_R2_CH13_B,23569,22846,96.932411
2024,RE+2_R2_CH13_C,22364,21751,97.258988
2024,RE+2_R2_CH14_A,26767,24956,93.234206
2024,RE+2_R2_CH14_B,24083,23457,97.400656
2024,RE+2_R2_CH14_C,22594,22020,97.459503
2024,RE+2_R2_CH15_A,26919,19942,74.081504
2024,RE+2_R2_CH15_B,24299,22462,92.440018
2024,RE+2_R2_CH15_C,22402,20442,91.250781
2024,RE+2_R2_CH16_A,26131,25213,96.486931
2024,RE+2_R2_CH16_B,23255,22369,96.190067
2024,RE+2_R2_CH16_C,22797,22271,97.692679
2024,RE+2_R2_CH17_A,26002,25461,97.919391
2024,RE+2_R2_CH17_B,23440,23063,98.391638
2024,RE+2_R2_CH17_C,22253,21738,97.685705
2024,RE+2_R2_CH18_A,25728,23111,89.828203
2024,RE+2_R2_CH18_B,23156,22114,95.500086
2024,RE+2_R2_CH18_C,22354,21082,94.309743
2024,RE+2_R2_CH19_A,26642,24790,93.048570
2024,RE+2_R2_CH19_B,23904,23283,97.402108
2024,RE+2_R2_CH19_C,22221,21474,96.638315
2024,RE+2_R2_CH20_A,26042,24014,92.212580
2024,RE+2_R2_CH20_B,24179,23773,98.320857
2024,RE+2_R2_CH20_C,22425,21749,96.985507
2024,RE+2_R2_CH21_A,31428,30937,98.437699
2024,RE+2_R2_CH21_B,28589,28176,98.555388
2024,RE+2_R2_CH21_C,26654,26221,98.375478
2024,RE+2_R2_CH22_A,26388,15251,57.795210
2024,RE+2_R2_CH22_B,23925,14096,58.917450
2024,RE+2_R2_CH22_C,22474,13447,59.833585
2024,RE+2_R2_CH23_A,0,0,
2024,RE+2_R2_CH23_B,24087,17282,71.748246
2024,RE+2_R2_CH23_C,22463,18509,82.397721
2024,RE+2_R2_CH24_A,25717,24688,95.998756
2024,RE+2_R2_CH24_B,23557,23062,97.898714
2024,RE+2_R2_CH24_C,22211,21550,97.023997
2024,RE+2_R2_CH25_A,25538,21820,85.441303
2024,RE+2_R2_CH25_B,22971,21186,92.229333
2024,RE+2_R2_CH25_C,21839,18234,83.492834
2024,RE+2_R2_CH26_A,24776,23342,94.212141
2024,RE+2_R2_CH26_B,22802,22428,98.359793
2024,RE+2_R2_CH26_C,21839,21367,97.838729
2024,RE+2_R2_CH27_A,25058,24804,98.986352
2024,RE+2_R2_CH27_B,22906,21590,94.254780
2024,RE+2_R2_CH27_C,21988,19618,89.221393
2024,RE+2_R2_CH28_A,25246,24826,98.336370
2024,RE+2_R2_CH28_B,23182,22652,97.713743
2024,RE+2_R2_CH28_C,21610,21183,98.024063
2024,RE+2_R2_CH29_A,25697,24955,97.112503
2024,RE+2_R2_CH29_B,23311,22705,97.400369
2024,RE+2_R2_CH29_C,22199,21502,96.860219
2024,RE+2_R2_CH30_A,24618,23929,97.201235
2024,RE+2_R2_CH30_B,23131,22198,95.966452
2024,RE+2_R2_CH30_C,21878,21082,96.361642
2024,RE+2_R2_CH31_A,25380,24451,96.339638
2024,RE+2_R2_CH31_B,22781,22488,98.713840
2024,RE+2_R2_CH31_C,22059,21752,98.608278
2024,RE+2_R2_CH32_A,24961,23980,96.069869
2024,RE+2_R2_CH32_B,22366,21981,98.278637
2024,RE+2_R2_CH32_C,21689,21207,97.777675
2024,RE+2_R2_CH33_A,25788,24949,96.746549
2024,RE+2_R2_CH33_B,23265,22995,98.839458
2024,RE+2_R2_CH33_C,21923,21591,98.485609
2024,RE+2_R2_CH34_A,25816,25043,97.005733
2024,RE+2_R2_CH34_B,22803,22226,97.469631
2024,RE+2_R2_CH34_C,22311,21901,98.162341
2024,RE+2_R2_CH35_A,25463,24981,98.107057
2024,RE+2_R2_CH35_B,22290,22000,98.698968
2024,RE+2_R2_CH35_C,22067,21671,98.205465
2024,RE+2_R2_CH36_A,25613,25160,98.231367
2024,RE+2_R2_CH36_B,23196,19617,84.570616
2024,RE+2_R2_CH36_C,22200,19019,85.671171
2024,RE+2_R3_CH01_A,15224,14635,96.131109
2024,RE+2_R3_CH01_B,28701,28094,97.885091
2024,RE+2_R3_CH01_C,24402,23238,95.229899
2024,RE+2_R3_CH02_A,15840,13738,86.729798
2024,RE+2_R3_CH02_B,28586,27309,95.532778
2024,RE+2_R3_CH02_C,23921,23364,97.671502
2024,RE+2_R3_CH03_A,15778,15471,98.054253
2024,RE+2_R3_CH03_B,28857,23530,81.540008
2024,RE+2_R3_CH03_C,25519,23902,93.663545
2024,RE+2_R3_CH04_A,15353,13111,85.396991
2024,RE+2_R3_CH04_B,28549,27288,95.583033
2024,RE+2_R3_CH04_C,23456,23040,98.226467
2024,RE+2_R3_CH05_A,16057,14706,91.586224
2024,RE+2_R3_CH05_B,29407,25254,85.877512
2024,RE+2_R3_CH05_C,24422,22943,93.943985
2024,RE+2_R3_CH06_A,15701,14606,93.025922
2024,RE+2_R3_CH06_B,29888,28850,96.527034
2024,RE+2_R3_CH06_C,25018,24526,98.033416
2024,RE+2_R3_CH07_A,15567,14110,90.640457
2024,RE+2_R3_CH07_B,28657,22161,77.331891
2024,RE+2_R3_CH07_C,23733,18769,79.083976
2024,RE+2_R3_CH08_A,16332,13199,80.816801
2024,RE+2_R3_CH08_B,28717,24608,85.691402
2024,RE+2_R3_CH08_C,23903,23406,97.920763
2024,RE+2_R3_CH09_A,15821,15250,96.390873
2024,RE+2_R3_CH09_B,29452,29008,98.492462
2024,RE+2_R3_CH09_C,26037,24139,92.710374
2024,RE+2_R3_CH10_A,15821,13446,84.988307
2024,RE+2_R3_CH10_B,28702,27881,97.139572
2024,RE+2_R3_CH10_C,23575,19878,84.318134
2024,RE+2_R3_CH11_A,16473,15117,91.768348
2024,RE+2_R3_CH11_B,28571,27114,94.900424
2024,RE+2_R3_CH11_C,24229,22117,91.283173
2024,RE+2_R3_CH12_A,15904,14179,89.153672
2024,RE+2_R3_CH12_B,30728,29957,97.490888
2024,RE+2_R3_CH12_C,25459,25079,98.507404
2024,RE+2_R3_CH13_A,15890,15240,95.909377
2024,RE+2_R3_CH13_B,29666,29166,98.314569
2024,RE+2_R3_CH13_C,25755,24977,96.979227
2024,RE+2_R3_CH14_A,17772,15558,87.542201
2024,RE+2_R3_CH14_B,30591,28621,93.560197
2024,RE+2_R3_CH14_C,26478,26082,98.504419
2024,RE+2_R3_CH15_A,16577,14760,89.039030
2024,RE+2_R3_CH15_B,33258,31260,93.992423
2024,RE+2_R3_CH15_C,27860,23215,83.327351
2024,RE+2_R3_CH16_A,15636,13895,88.865439
2024,RE+2_R3_CH16_B,28839,27714,96.099033
2024,RE+2_R3_CH16_C,24193,23583,97.478610
2024,RE+2_R3_CH17_A,16123,14307,88.736587
2024,RE+2_R3_CH17_B,28199,22076,78.286464
2024,RE+2_R3_CH17_C,24143,23208,96.127242
2024,RE+2_R3_CH18_A,15736,14204,90.264362
2024,RE+2_R3_CH18_B,30024,28189,93.888223
2024,RE+2_R3_CH18_C,25624,25128,98.064315
2024,RE+2_R3_CH19_A,15445,14446,93.531887
2024,RE+2_R3_CH19_B,29047,26732,92.030158
2024,RE+2_R3_CH19_C,25749,25007,97.118335
2024,RE+2_R3_CH20_A,16215,15233,93.943879
2024,RE+2_R3_CH20_B,29081,28407,97.682336
2024,RE+2_R3_CH20_C,24932,24476,98.171025
2024,RE+2_R3_CH21_A,15949,14238,89.272055
2024,RE+2_R3_CH21_B,29810,29056,97.470647
2024,RE+2_R3_CH21_C,26448,25788,97.504537
2024,RE+2_R3_CH22_A,15301,11750,76.792367
2024,RE+2_R3_CH22_B,28803,27277,94.701941
2024,RE+2_R3_CH22_C,24175,23633,97.758014
2024,RE+2_R3_CH23_A,15925,15173,95.277865
2024,RE+2_R3_CH23_B,28297,26646,94.165459
2024,RE+2_R3_CH23_C,24267,22119,91.148473
2024,RE+2_R3_CH24_A,15634,13563,86.753230
2024,RE+2_R3_CH24_B,29530,28822,97.602438
2024,RE+2_R3_CH24_C,25070,24621,98.209015
2024,RE+2_R3_CH25_A,15203,14422,94.862856
2024,RE+2_R3_CH25_B,28100,27280,97.081851
2024,RE+2_R3_CH25_C,23316,22966,98.498885
2024,RE+2_R3_CH26_A,15649,13584,86.804269
2024,RE+2_R3_CH26_B,27930,26163,93.673469
2024,RE+2_R3_CH26_C,23037,20612,89.473456
2024,RE+2_R3_CH27_A,15753,15279,96.991049
2024,RE+2_R3_CH27_B,29018,28487,98.170101
2024,RE+2_R3_CH27_C,25152,24331,96.735846
2024,RE+2_R3_CH28_A,15174,13803,90.964808
2024,RE+2_R3_CH28_B,28090,26198,93.264507
2024,RE+2_R3_CH28_C,23221,22542,97.075923
2024,RE+2_R3_CH29_A,15893,13210,83.118354
2024,RE+2_R3_CH29_B,27844,23883,85.774314
2024,RE+2_R3_CH29_C,23581,22713,96.319070
2024,RE+2_R3_CH30_A,15877,12210,76.903697
2024,RE+2_R3_CH30_B,30000,29359,97.863333
2024,RE+2_R3_CH30_C,24138,23808,98.632861
2024,RE+2_R3_CH31_A,15021,13403,89.228414
2024,RE+2_R3_CH31_B,27628,26713,96.688142
2024,RE+2_R3_CH31_C,23262,21618,92.932680
2024,RE+2_R3_CH32_A,15686,10505,66.970547
2024,RE+2_R3_CH32_B,27837,27127,97.449438
2024,RE+2_R3_CH32_C,23064,22685,98.356746
2024,RE+2_R3_CH33_A,0,0,
2024,RE+2_R3_CH33_B,0,0,
2024,RE+2_R3_CH33_C,0,0,
2024,RE+2_R3_CH34_A,15653,14780,94.422794
2024,RE+2_R3_CH34_B,28617,28080,98.123493
2024,RE+2_R3_CH34_C,23632,23194,98.146581
2024,RE+2_R3_CH35_A,16285,12207,74.958551
2024,RE+2_R3_CH35_B,28836,28476,98.751561
2024,RE+2_R3_CH35_C,23727,22647,95.448224
2024,RE+2_R3_CH36_A,15789,14831,93.932485
2024,RE+2_R3_CH36_B,30877,29248,94.724228
2024,RE+2_R3_CH36_C,25333,24452,96.522323
2024,RE+3_R1_CH15_A,0,0,
2024,RE+3_R1_CH16_A,0,0,
2024,RE+3_R2_CH01_A,26689,25023,93.757728
2024,RE+3_R2_CH01_B,24457,22508,92.030911
2024,RE+3_R2_CH01_C,22341,19031,85.184191
2024,RE+3_R2_CH02_A,26472,24061,90.892264
2024,RE+3_R2_CH02_B,24720,23640,95.631068
2024,RE+3_R2_CH02_C,22071,20463,92.714422
2024,RE+3_R2_CH03_A,26129,25590,97.937158
2024,RE+3_R2_CH03_B,24202,23705,97.946451
2024,RE+3_R2_CH03_C,24289,23575,97.060398
2024,RE+3_R2_CH04_A,26543,23397,88.147534
2024,RE+3_R2_CH04_B,24340,22038,90.542317
2024,RE+3_R2_CH04_C,23380,21549,92.168520
2024,RE+3_R2_CH05_A,26414,22057,83.504959
2024,RE+3_R2_CH05_B,24474,19942,81.482389
2024,RE+3_R2_CH05_C,21918,16860,76.923077
2024,RE+3_R2_CH06_A,26286,25427,96.732101
2024,RE+3_R2_CH06_B,25257,24498,96.994893
2024,RE+3_R2_CH06_C,21797,20314,93.196311
2024,RE+3_R2_CH07_A,26422,25193,95.348573
2024,RE+3_R2_CH07_B,24351,23367,95.959098
2024,RE+3_R2_CH07_C,23861,22654,94.941536
2024,RE+3_R2_CH08_A,26156,24063,91.998012
2024,RE+3_R2_CH08_B,24613,21338,86.694023
2024,RE+3_R2_CH08_C,23682,22298,94.155899
2024,RE+3_R2_CH09_A,26294,25652,97.558378
2024,RE+3_R2_CH09_B,24468,23646,96.640510
2024,RE+3_R2_CH09_C,22290,20730,93.001346
2024,RE+3_R2_CH10_A,25759,25132,97.565899
2024,RE+3_R2_CH10_B,24179,23564,97.456470
2024,RE+3_R2_CH10_C,22135,21515,97.199006
2024,RE+3_R2_CH11_A,26648,25632,96.187331
2024,RE+3_R2_CH11_B,24608,23428,95.204811
2024,RE+3_R2_CH11_C,24056,21710,90.247755
2024,RE+3_R2_CH12_A,26355,25608,97.165623
2024,RE+3_R2_CH12_B,26424,25728,97.366031
2024,RE+3_R2_CH12_C,27093,25847,95.401026
2024,RE+3_R2_CH13_A,26399,25021,94.780105
2024,RE+3_R2_CH13_B,24787,22933,92.520273
2024,RE+3_R2_CH13_C,22429,21003,93.642160
2024,RE+3_R2_CH14_A,26616,24358,91.516381
2024,RE+3_R2_CH14_B,24813,23952,96.530045
2024,RE+3_R2_CH14_C,21966,21337,97.136484
2024,RE+3_R2_CH15_A,26703,25854,96.820582
2024,RE+3_R2_CH15_B,24434,23749,97.196529
2024,RE+3_R2_CH15_C,24392,23458,96.170876
2024,RE+3_R2_CH16_A,26461,24989,94.437096
2024,RE+3_R2_CH16_B,25037,24528,97.967009
2024,RE+3_R2_CH16_C,23274,22741,97.709891
2024,RE+3_R2_CH17_A,26744,25787,96.421627
2024,RE+3_R2_CH17_B,24332,23799,97.809469
2024,RE+3_R2_CH17_C,22074,21626,97.970463
2024,RE+3_R2_CH18_A,26147,23934,91.536314
2024,RE+3_R2_CH18_B,23980,22975,95.809008
2024,RE+3_R2_CH18_C,21700,20161,92.907834
2024,RE+3_R2_CH19_A,26617,25724,96.645001
2024,RE+3_R2_CH19_B,24605,24105,97.967893
2024,RE+3_R2_CH19_C,24373,23606,96.853075
2024,RE+3_R2_CH20_A,26652,24054,90.252139
2024,RE+3_R2_CH20_B,24265,23342,96.196167
2024,RE+3_R2_CH20_C,23003,22202,96.517845
2024,RE+3_R2_CH21_A,31741,27719,87.328692
2024,RE+3_R2_CH21_B,28104,23129,82.297894
2024,RE+3_R2_CH21_C,22046,16720,75.841422
2024,RE+3_R2_CH22_A,26365,23761,90.123269
2024,RE+3_R2_CH22_B,24546,23646,96.333415
2024,RE+3_R2_CH22_C,22224,21313,95.900828
2024,RE+3_R2_CH23_A,26465,25437,96.115624
2024,RE+3_R2_CH23_B,24219,23629,97.563896
2024,RE+3_R2_CH23_C,23528,22644,96.242775
2024,RE+3_R2_CH24_A,26133,23630,90.422072
2024,RE+3_R2_CH24_B,23912,18652,78.002676
2024,RE+3_R2_CH24_C,23312,19278,82.695607
2024,RE+3_R2_CH25_A,25708,24266,94.390851
2024,RE+3_R2_CH25_B,23802,23282,97.815310
2024,RE+3_R2_CH25_C,23794,23007,96.692443
2024,RE+3_R2_CH26_A,25626,24194,94.411925
2024,RE+3_R2_CH26_B,23721,22983,96.888833
2024,RE+3_R2_CH26_C,21755,20946,96.281315
2024,RE+3_R2_CH27_A,25788,24907,96.583682
2024,RE+3_R2_CH27_B,23858,22724,95.246877
2024,RE+3_R2_CH27_C,23421,19780,84.454122
2024,RE+3_R2_CH28_A,25681,23696,92.270550
2024,RE+3_R2_CH28_B,23508,21650,92.096308
2024,RE+3_R2_CH28_C,22846,21162,92.628907
2024,RE+3_R2_CH29_A,25814,24730,95.800728
2024,RE+3_R2_CH29_B,24979,24207,96.909404
2024,RE+3_R2_CH29_C,22053,21500,97.492405
2024,RE+3_R2_CH30_A,26051,22907,87.931365
2024,RE+3_R2_CH30_B,23514,22808,96.997533
2024,RE+3_R2_CH30_C,21338,18755,87.894836
2024,RE+3_R2_CH31_A,26261,25844,98.412094
2024,RE+3_R2_CH31_B,24388,23820,97.670986
2024,RE+3_R2_CH31_C,23669,22847,96.527103
2024,RE+3_R2_CH32_A,25332,23617,93.229907
2024,RE+3_R2_CH32_B,23943,23378,97.640229
2024,RE+3_R2_CH32_C,22798,22246,97.578735
2024,RE+3_R2_CH33_A,25911,25433,98.155224
2024,RE+3_R2_CH33_B,24069,23560,97.885247
2024,RE+3_R2_CH33_C,22595,21985,97.300288
2024,RE+3_R2_CH34_A,25722,24204,94.098437
2024,RE+3_R2_CH34_B,24780,24084,97.191283
2024,RE+3_R2_CH34_C,22421,21903,97.689666
2024,RE+3_R2_CH35_A,25496,24355,95.524788
2024,RE+3_R2_CH35_B,23920,23361,97.663043
2024,RE+3_R2_CH35_C,24133,23541,97.546927
2024,RE+3_R2_CH36_A,25875,23560,91.053140
2024,RE+3_R2_CH36_B,24221,23401,96.614508
2024,RE+3_R2_CH36_C,23001,22131,96.217556
2024,RE+3_R3_CH01_A,16136,14367,89.036936
2024,RE+3_R3_CH01_B,28411,26523,93.354687
2024,RE+3_R3_CH01_C,22951,21366,93.093983
2024,RE+3_R3_CH02_A,16050,15193,94.660436
2024,RE+3_R3_CH02_B,27977,27231,97.333524
2024,RE+3_R3_CH02_C,23262,22912,98.495400
2024,RE+3_R3_CH03_A,16767,14665,87.463470
2024,RE+3_R3_CH03_B,28675,25936,90.448126
2024,RE+3_R3_CH03_C,22893,22613,98.776919
2024,RE+3_R3_CH04_A,15797,14663,92.821422
2024,RE+3_R3_CH04_B,28210,27031,95.820631
2024,RE+3_R3_CH04_C,22508,21898,97.289852
2024,RE+3_R3_CH05_A,16402,15904,96.963785
2024,RE+3_R3_CH05_B,28761,28075,97.614826
2024,RE+3_R3_CH05_C,23309,18955,81.320520
2024,RE+3_R3_CH06_A,17176,16475,95.918724
2024,RE+3_R3_CH06_B,27530,26810,97.384671
2024,RE+3_R3_CH06_C,23041,22400,97.218003
2024,RE+3_R3_CH07_A,15746,13864,88.047758
2024,RE+3_R3_CH07_B,28026,27455,97.962606
2024,RE+3_R3_CH07_C,22796,22288,97.771539
2024,RE+3_R3_CH08_A,16064,15156,94.347610
2024,RE+3_R3_CH08_B,28187,26683,94.664207
2024,RE+3_R3_CH08_C,23168,22581,97.466333
2024,RE+3_R3_CH09_A,17030,16510,96.946565
2024,RE+3_R3_CH09_B,29187,28565,97.868914
2024,RE+3_R3_CH09_C,22806,22285,97.715513
2024,RE+3_R3_CH10_A,15979,14317,89.598848
2024,RE+3_R3_CH10_B,27820,23123,83.116463
2024,RE+3_R3_CH10_C,22572,19896,88.144604
2024,RE+3_R3_CH11_A,16235,15780,97.197413
2024,RE+3_R3_CH11_B,28613,27369,95.652326
2024,RE+3_R3_CH11_C,23045,22706,98.528965
2024,RE+3_R3_CH12_A,17864,16973,95.012315
2024,RE+3_R3_CH12_B,27763,26530,95.558837
2024,RE+3_R3_CH12_C,22836,22437,98.252759
2024,RE+3_R3_CH13_A,17233,16810,97.545407
2024,RE+3_R3_CH13_B,29122,24320,83.510748
2024,RE+3_R3_CH13_C,22605,21386,94.607388
2024,RE+3_R3_CH14_A,18636,18022,96.705302
2024,RE+3_R3_CH14_B,28317,27412,96.804040
2024,RE+3_R3_CH14_C,23059,22452,97.367622
2024,RE+3_R3_CH15_A,18398,15848,86.139798
2024,RE+3_R3_CH15_B,30192,25606,84.810546
2024,RE+3_R3_CH15_C,23619,20369,86.239892
2024,RE+3_R3_CH16_A,16131,15066,93.397805
2024,RE+3_R3_CH16_B,28238,27528,97.485658
2024,RE+3_R3_CH16_C,22370,14256,63.728207
2024,RE+3_R3_CH17_A,16041,15689,97.805623
2024,RE+3_R3_CH17_B,28310,27904,98.565878
2024,RE+3_R3_CH17_C,22640,22187,97.999117
2024,RE+3_R3_CH18_A,17679,16528,93.489451
2024,RE+3_R3_CH18_B,27799,26654,95.881147
2024,RE+3_R3_CH18_C,22230,21561,96.990553
2024,RE+3_R3_CH19_A,16779,15993,95.315573
2024,RE+3_R3_CH19_B,29557,28896,97.763643
2024,RE+3_R3_CH19_C,23026,22284,96.777556
2024,RE+3_R3_CH20_A,17114,15110,88.290289
2024,RE+3_R3_CH20_B,28066,27026,96.294449
2024,RE+3_R3_CH20_C,23024,21806,94.709868
2024,RE+3_R3_CH21_A,17518,17049,97.322754
2024,RE+3_R3_CH21_B,32679,24872,76.110040
2024,RE+3_R3_CH21_C,26803,22667,84.568892
2024,RE+3_R3_CH22_A,16210,15569,96.045651
2024,RE+3_R3_CH22_B,28491,27726,97.314942
2024,RE+3_R3_CH22_C,22586,22199,98.286549
2024,RE+3_R3_CH23_A,16155,15844,98.074899
2024,RE+3_R3_CH23_B,28550,27821,97.446585
2024,RE+3_R3_CH23_C,22685,22140,97.597531
2024,RE+3_R3_CH24_A,17186,14637,85.168160
2024,RE+3_R3_CH24_B,27542,26941,97.817878
2024,RE+3_R3_CH24_C,22361,22052,98.618130
2024,RE+3_R3_CH25_A,15575,15113,97.033708
2024,RE+3_R3_CH25_B,27397,26965,98.423185
2024,RE+3_R3_CH25_C,22244,21799,97.999461
2024,RE+3_R3_CH26_A,15648,13536,86.503067
2024,RE+3_R3_CH26_B,26731,24745,92.570424
2024,RE+3_R3_CH26_C,21610,20323,94.044424
2024,RE+3_R3_CH27_A,16700,16396,98.179641
2024,RE+3_R3_CH27_B,27658,26967,97.501627
2024,RE+3_R3_CH27_C,21904,21459,97.968408
2024,RE+3_R3_CH28_A,15670,12438,79.374601
2024,RE+3_R3_CH28_B,27077,25814,95.335525
2024,RE+3_R3_CH28_C,21973,21612,98.357075
2024,RE+3_R3_CH29_A,15817,13353,84.421825
2024,RE+3_R3_CH29_B,27746,22994,82.873207
2024,RE+3_R3_CH29_C,22457,18358,81.747339
2024,RE+3_R3_CH30_A,16729,14641,87.518680
2024,RE+3_R3_CH30_B,26670,24239,90.884889
2024,RE+3_R3_CH30_C,21988,20623,93.792068
2024,RE+3_R3_CH31_A,15437,14525,94.092116
2024,RE+3_R3_CH31_B,27654,24457,88.439285
2024,RE+3_R3_CH31_C,21946,17165,78.214709
2024,RE+3_R3_CH32_A,15670,13811,88.136567
2024,RE+3_R3_CH32_B,26461,25467,96.243528
2024,RE+3_R3_CH32_C,21674,21420,98.828089
2024,RE+3_R3_CH33_A,18071,17710,98.002324
2024,RE+3_R3_CH33_B,29377,28070,95.550941
2024,RE+3_R3_CH33_C,22261,21954,98.620907
2024,RE+3_R3_CH34_A,15778,13203,83.679807
2024,RE+3_R3_CH34_B,28132,27548,97.924072
2024,RE+3_R3_CH34_C,22100,21800,98.642534
2024,RE+3_R3_CH35_A,15683,15444,98.476057
2024,RE+3_R3_CH35_B,28094,27820,99.024703
2024,RE+3_R3_CH35_C,22216,21944,98.775657
2024,RE+3_R3_CH36_A,17568,16798,95.617031
2024,RE+3_R3_CH36_B,27503,26544,96.513108
2024,RE+3_R3_CH36_C,21933,21509,98.066840
2024,RE+4_R1_CH15_A,0,0,
2024,RE+4_R1_CH16_A,0,0,
2024,RE+4_R2_CH01_A,26852,25892,96.424847
2024,RE+4_R2_CH01_B,24403,23536,96.447158
2024,RE+4_R2_CH01_C,22017,21089,95.785075
2024,RE+4_R2_CH02_A,27224,25744,94.563620
2024,RE+4_R2_CH02_B,23957,23059,96.251617
2024,RE+4_R2_CH02_C,21740,20854,95.924563
2024,RE+4_R2_CH03_A,26612,24637,92.578536
2024,RE+4_R2_CH03_B,23846,22161,92.933825
2024,RE+4_R2_CH03_C,23352,20271,86.806269
2024,RE+4_R2_CH04_A,26904,25737,95.662355
2024,RE+4_R2_CH04_B,23598,22621,95.859819
2024,RE+4_R2_CH04_C,23117,21951,94.956093
2024,RE+4_R2_CH05_A,26920,25423,94.439079
2024,RE+4_R2_CH05_B,23966,22839,95.297505
2024,RE+4_R2_CH05_C,21409,19269,90.004204
2024,RE+4_R2_CH06_A,27868,26815,96.221473
2024,RE+4_R2_CH06_B,23925,23309,97.425287
2024,RE+4_R2_CH06_C,21333,19607,91.909249
2024,RE+4_R2_CH07_A,26467,25897,97.846375
2024,RE+4_R2_CH07_B,23908,23242,97.214322
2024,RE+4_R2_CH07_C,22799,21458,94.118163
2024,RE+4_R2_CH08_A,26995,25988,96.269680
2024,RE+4_R2_CH08_B,24170,23702,98.063715
2024,RE+4_R2_CH08_C,22585,22097,97.839274
2024,RE+4_R2_CH09_A,26650,25916,97.245779
2024,RE+4_R2_CH09_B,24306,23595,97.074796
2024,RE+4_R2_CH09_C,22048,21313,96.666364
2024,RE+4_R2_CH10_A,26438,25630,96.943793
2024,RE+4_R2_CH10_B,23822,23063,96.813870
2024,RE+4_R2_CH10_C,21595,20899,96.777032
2024,RE+4_R2_CH11_A,26752,26089,97.521681
2024,RE+4_R2_CH11_B,24089,23310,96.766159
2024,RE+4_R2_CH11_C,23357,22513,96.386522
2024,RE+4_R2_CH12_A,27455,26898,97.971226
2024,RE+4_R2_CH12_B,28490,27993,98.255528
2024,RE+4_R2_CH12_C,26691,26316,98.595032
2024,RE+4_R2_CH13_A,26872,26429,98.351444
2024,RE+4_R2_CH13_B,24233,23851,98.423637
2024,RE+4_R2_CH13_C,21581,21169,98.090913
2024,RE+4_R2_CH14_A,27043,26076,96.424213
2024,RE+4_R2_CH14_B,23675,23226,98.103485
2024,RE+4_R2_CH14_C,21646,21227,98.064307
2024,RE+4_R2_CH15_A,26923,25343,94.131412
2024,RE+4_R2_CH15_B,24150,22554,93.391304
2024,RE+4_R2_CH15_C,23018,21177,92.001912
2024,RE+4_R2_CH16_A,27355,25299,92.484007
2024,RE+4_R2_CH16_B,23767,22061,92.821980
2024,RE+4_R2_CH16_C,23177,21507,92.794581
2024,RE+4_R2_CH17_A,26644,24913,93.503228
2024,RE+4_R2_CH17_B,24120,22239,92.201493
2024,RE+4_R2_CH17_C,21691,19617,90.438431
2024,RE+4_R2_CH18_A,26439,25675,97.110329
2024,RE+4_R2_CH18_B,23725,23124,97.466807
2024,RE+4_R2_CH18_C,21642,21085,97.426301
2024,RE+4_R2_CH19_A,26816,26419,98.519541
2024,RE+4_R2_CH19_B,24440,23964,98.052373
2024,RE+4_R2_CH19_C,23398,22346,95.503889
2024,RE+4_R2_CH20_A,26654,24744,92.834096
2024,RE+4_R2_CH20_B,24005,23549,98.100396
2024,RE+4_R2_CH20_C,23043,22605,98.099206
2024,RE+4_R2_CH21_A,32194,31570,98.061751
2024,RE+4_R2_CH21_B,24011,23563,98.134188
2024,RE+4_R2_CH21_C,21781,21172,97.203985
2024,RE+4_R2_CH22_A,26625,23161,86.989671
2024,RE+4_R2_CH22_B,23787,15870,66.717114
2024,RE+4_R2_CH22_C,21569,20967,97.208957
2024,RE+4_R2_CH23_A,26633,26202,98.381707
2024,RE+4_R2_CH23_B,23722,23129,97.500211
2024,RE+4_R2_CH23_C,23506,20857,88.730537
2024,RE+4_R2_CH24_A,26270,25193,95.900266
2024,RE+4_R2_CH24_B,23529,22478,95.533172
2024,RE+4_R2_CH24_C,22805,22428,98.346854
2024,RE+4_R2_CH25_A,25981,25449,97.952350
2024,RE+4_R2_CH25_B,24505,24172,98.641094
2024,RE+4_R2_CH25_C,23411,23013,98.299944
2024,RE+4_R2_CH26_A,25882,24298,93.879917
2024,RE+4_R2_CH26_B,23460,22028,93.895993
2024,RE+4_R2_CH26_C,21261,19587,92.126429
2024,RE+4_R2_CH27_A,26032,23933,91.936847
2024,RE+4_R2_CH27_B,23447,21428,91.389090
2024,RE+4_R2_CH27_C,23185,21253,91.667026
2024,RE+4_R2_CH28_A,25617,23357,91.177734
2024,RE+4_R2_CH28_B,23043,20958,90.951699
2024,RE+4_R2_CH28_C,22693,20684,91.147050
2024,RE+4_R2_CH29_A,26878,24758,92.112508
2024,RE+4_R2_CH29_B,23357,21402,91.629918
2024,RE+4_R2_CH29_C,21723,19887,91.548129
2024,RE+4_R2_CH30_A,25668,24755,96.443042
2024,RE+4_R2_CH30_B,23366,22978,98.339468
2024,RE+4_R2_CH30_C,21250,20851,98.122353
2024,RE+4_R2_CH31_A,26802,26234,97.880755
2024,RE+4_R2_CH31_B,23642,23314,98.612639
2024,RE+4_R2_CH31_C,22921,22542,98.346494
2024,RE+4_R2_CH32_A,25984,25493,98.110376
2024,RE+4_R2_CH32_B,23535,23053,97.951986
2024,RE+4_R2_CH32_C,22630,22173,97.980557
2024,RE+4_R2_CH33_A,26000,25209,96.957692
2024,RE+4_R2_CH33_B,24386,23521,96.452883
2024,RE+4_R2_CH33_C,21731,20898,96.166766
2024,RE+4_R2_CH34_A,26708,25663,96.087315
2024,RE+4_R2_CH34_B,24251,23299,96.074389
2024,RE+4_R2_CH34_C,21768,20932,96.159500
2024,RE+4_R2_CH35_A,26218,25260,96.346022
2024,RE+4_R2_CH35_B,23922,23207,97.011119
2024,RE+4_R2_CH35_C,23032,22234,96.535255
2024,RE+4_R2_CH36_A,26388,24949,94.546764
2024,RE+4_R2_CH36_B,23539,22615,96.074600
2024,RE+4_R2_CH36_C,23109,22037,95.361115
2024,RE+4_R3_CH01_A,15760,15264,96.852792
2024,RE+4_R3_CH01_B,27971,27220,97.315076
2024,RE+4_R3_CH01_C,23050,22785,98.850325
2024,RE+4_R3_CH02_A,15354,8924,58.121662
2024,RE+4_R3_CH02_B,28581,27452,96.049823
2024,RE+4_R3_CH02_C,22996,21705,94.385980
2024,RE+4_R3_CH03_A,15814,15174,95.952953
2024,RE+4_R3_CH03_B,27839,26236,94.241891
2024,RE+4_R3_CH03_C,22566,22039,97.664628
2024,RE+4_R3_CH04_A,15563,15163,97.429801
2024,RE+4_R3_CH04_B,27738,26536,95.666595
2024,RE+4_R3_CH04_C,22938,22492,98.055628
2024,RE+4_R3_CH05_A,15945,15136,94.926309
2024,RE+4_R3_CH05_B,28740,28372,98.719555
2024,RE+4_R3_CH05_C,22954,22638,98.623334
2024,RE+4_R3_CH06_A,15115,14876,98.418789
2024,RE+4_R3_CH06_B,28247,27724,98.148476
2024,RE+4_R3_CH06_C,22961,22609,98.466966
2024,RE+4_R3_CH07_A,15492,15044,97.108185
2024,RE+4_R3_CH07_B,27793,27201,97.869967
2024,RE+4_R3_CH07_C,22571,22122,98.010722
2024,RE+4_R3_CH08_A,15475,14639,94.597738
2024,RE+4_R3_CH08_B,28346,26936,95.025753
2024,RE+4_R3_CH08_C,22655,20613,90.986537
2024,RE+4_R3_CH09_A,16238,15366,94.629881
2024,RE+4_R3_CH09_B,27932,27407,98.120435
2024,RE+4_R3_CH09_C,22213,21940,98.770990
2024,RE+4_R3_CH10_A,15280,12773,83.592932
2024,RE+4_R3_CH10_B,27768,26937,97.007347
2024,RE+4_R3_CH10_C,22034,21410,97.168013
2024,RE+4_R3_CH11_A,15623,15189,97.222044
2024,RE+4_R3_CH11_B,28075,27617,98.368655
2024,RE+4_R3_CH11_C,22770,22243,97.685551
2024,RE+4_R3_CH12_A,15196,14714,96.828113
2024,RE+4_R3_CH12_B,27943,27279,97.623734
2024,RE+4_R3_CH12_C,23036,22537,97.833825
2024,RE+4_R3_CH13_A,15997,15637,97.749578
2024,RE+4_R3_CH13_B,27612,27021,97.859626
2024,RE+4_R3_CH13_C,22757,21745,95.553017
2024,RE+4_R3_CH14_A,15444,15015,97.222222
2024,RE+4_R3_CH14_B,28588,27747,97.058206
2024,RE+4_R3_CH14_C,23262,22830,98.142894
2024,RE+4_R3_CH15_A,16498,15825,95.920718
2024,RE+4_R3_CH15_B,28704,27716,96.557971
2024,RE+4_R3_CH15_C,23355,22797,97.610790
2024,RE+4_R3_CH16_A,15648,15307,97.820808
2024,RE+4_R3_CH16_B,27953,27208,97.334812
2024,RE+4_R3_CH16_C,22804,22367,98.083670
2024,RE+4_R3_CH17_A,15593,8342,53.498365
2024,RE+4_R3_CH17_B,27886,13766,49.365273
2024,RE+4_R3_CH17_C,22745,13298,58.465597
2024,RE+4_R3_CH18_A,15442,15114,97.875923
2024,RE+4_R3_CH18_B,27509,26721,97.135483
2024,RE+4_R3_CH18_C,22399,21965,98.062414
2024,RE+4_R3_CH19_A,16244,15671,96.472544
2024,RE+4_R3_CH19_B,28277,27715,98.012519
2024,RE+4_R3_CH19_C,22984,22163,96.427950
2024,RE+4_R3_CH20_A,15432,14940,96.811820
2024,RE+4_R3_CH20_B,27812,26874,96.627355
2024,RE+4_R3_CH20_C,23229,22590,97.249128
2024,RE+4_R3_CH21_A,17709,16381,92.500988
2024,RE+4_R3_CH21_B,33023,32152,97.362444
2024,RE+4_R3_CH21_C,27939,24992,89.452020
2024,RE+4_R3_CH22_A,15605,13933,89.285485
2024,RE+4_R3_CH22_B,28074,27350,97.421101
2024,RE+4_R3_CH22_C,22962,22478,97.892170
2024,RE+4_R3_CH23_A,15618,15165,97.099501
2024,RE+4_R3_CH23_B,27639,27076,97.963023
2024,RE+4_R3_CH23_C,23047,22600,98.060485
2024,RE+4_R3_CH24_A,15156,14020,92.504619
2024,RE+4_R3_CH24_B,27548,27098,98.366488
2024,RE+4_R3_CH24_C,22850,21525,94.201313
2024,RE+4_R3_CH25_A,15123,14371,95.027442
2024,RE+4_R3_CH25_B,27190,25926,95.351232
2024,RE+4_R3_CH25_C,22135,21658,97.845042
2024,RE+4_R3_CH26_A,14806,14633,98.831555
2024,RE+4_R3_CH26_B,26437,26124,98.816053
2024,RE+4_R3_CH26_C,22068,21773,98.663223
2024,RE+4_R3_CH27_A,15364,15024,97.787035
2024,RE+4_R3_CH27_B,26915,26339,97.859929
2024,RE+4_R3_CH27_C,22004,21697,98.604799
2024,RE+4_R3_CH28_A,14847,14442,97.272176
2024,RE+4_R3_CH28_B,26792,26226,97.887429
2024,RE+4_R3_CH28_C,22291,21946,98.452290
2024,RE+4_R3_CH29_A,15184,14298,94.164910
2024,RE+4_R3_CH29_B,27352,26848,98.157356
2024,RE+4_R3_CH29_C,22419,22013,98.189036
2024,RE+4_R3_CH30_A,14610,14150,96.851472
2024,RE+4_R3_CH30_B,26698,25609,95.921043
2024,RE+4_R3_CH30_C,22448,21904,97.576622
2024,RE+4_R3_CH31_A,15208,14168,93.161494
2024,RE+4_R3_CH31_B,27128,26620,98.127396
2024,RE+4_R3_CH31_C,22483,21960,97.673798
2024,RE+4_R3_CH32_A,14585,13968,95.769626
2024,RE+4_R3_CH32_B,27006,26096,96.630378
2024,RE+4_R3_CH32_C,21768,21502,98.778023
2024,RE+4_R3_CH33_A,16097,15772,97.980990
2024,RE+4_R3_CH33_B,27358,26784,97.901893
2024,RE+4_R3_CH33_C,22366,21978,98.265224
2024,RE+4_R3_CH34_A,15394,15016,97.544498
2024,RE+4_R3_CH34_B,27254,26818,98.400235
2024,RE+4_R3_CH34_C,21991,21605,98.244736
2024,RE+4_R3_CH35_A,15399,13565,88.090136
2024,RE+4_R3_CH35_B,27019,24428,90.410452
2024,RE+4_R3_CH35_C,21201,19489,91.924909
2024,RE+4_R3_CH36_A,15231,14564,95.620773
2024,RE+4_R3_CH36_B,26987,25878,95.890614
2024,RE+4_R3_CH36_C,22443,22056,98.275632
2024,RE-1_R2_CH01_A,23087,22018,95.369689
2024,RE-1_R2_CH01_B,21922,20767,94.731320
2024,RE-1_R2_CH01_C,47690,43426,91.058922
2024,RE-1_R2_CH02_A,23030,21816,94.728615
2024,RE-1_R2_CH02_B,22084,20472,92.700598
2024,RE-1_R2_CH02_C,49515,46100,93.103100
2024,RE-1_R2_CH03_A,22756,21682,95.280366
2024,RE-1_R2_CH03_B,21638,20515,94.810056
2024,RE-1_R2_CH03_C,48137,45052,93.591208
2024,RE-1_R2_CH04_A,22554,21343,94.630664
2024,RE-1_R2_CH04_B,20957,19676,93.887484
2024,RE-1_R2_CH04_C,54393,52634,96.766128
2024,RE-1_R2_CH05_A,21244,19726,92.854453
2024,RE-1_R2_CH05_B,20463,18729,91.526169
2024,RE-1_R2_CH05_C,46014,42201,91.713392
2024,RE-1_R2_CH06_A,23159,21023,90.776804
2024,RE-1_R2_CH06_B,21990,19530,88.813097
2024,RE-1_R2_CH06_C,47816,44044,92.111427
2024,RE-1_R2_CH07_A,22002,21533,97.868376
2024,RE-1_R2_CH07_B,20958,20384,97.261189
2024,RE-1_R2_CH07_C,47084,45261,96.128196
2024,RE-1_R2_CH08_A,22631,22248,98.307631
2024,RE-1_R2_CH08_B,21505,20405,94.884910
2024,RE-1_R2_CH08_C,48061,45936,95.578536
2024,RE-1_R2_CH09_A,23032,22332,96.960750
2024,RE-1_R2_CH09_B,21769,21416,98.378428
2024,RE-1_R2_CH09_C,47825,46682,97.610037
2024,RE-1_R2_CH10_A,22925,22756,99.262814
2024,RE-1_R2_CH10_B,21783,21589,99.109397
2024,RE-1_R2_CH10_C,47362,46357,97.878046
2024,RE-1_R2_CH11_A,22752,20114,88.405415
2024,RE-1_R2_CH11_B,21839,19145,87.664270
2024,RE-1_R2_CH11_C,48107,39044,81.160746
2024,RE-1_R2_CH12_A,22386,21652,96.721165
2024,RE-1_R2_CH12_B,21277,19776,92.945434
2024,RE-1_R2_CH12_C,47918,46676,97.408072
2024,RE-1_R2_CH13_A,22436,22163,98.783206
2024,RE-1_R2_CH13_B,21571,21320,98.836401
2024,RE-1_R2_CH13_C,47811,47235,98.795256
2024,RE-1_R2_CH14_A,22816,22441,98.356417
2024,RE-1_R2_CH14_B,21731,21446,98.688510
2024,RE-1_R2_CH14_C,48272,47420,98.235002
2024,RE-1_R2_CH15_A,22719,20744,91.306836
2024,RE-1_R2_CH15_B,20704,20000,96.599691
2024,RE-1_R2_CH15_C,44929,43823,97.538338
2024,RE-1_R2_CH16_A,22538,22317,99.019434
2024,RE-1_R2_CH16_B,20984,20617,98.251048
2024,RE-1_R2_CH16_C,45040,44337,98.439165
2024,RE-1_R2_CH17_A,23094,22768,98.588378
2024,RE-1_R2_CH17_B,21147,20759,98.165224
2024,RE-1_R2_CH17_C,47106,46081,97.824056
2024,RE-1_R2_CH18_A,23400,23017,98.363248
2024,RE-1_R2_CH18_B,21963,21565,98.187861
2024,RE-1_R2_CH18_C,46874,46103,98.355165
2024,RE-1_R2_CH19_A,25316,25080,99.067783
2024,RE-1_R2_CH19_B,24650,24343,98.754564
2024,RE-1_R2_CH19_C,52860,52184,98.721150
2024,RE-1_R2_CH20_A,22593,19902,88.089231
2024,RE-1_R2_CH20_B,21611,16497,76.336125
2024,RE-1_R2_CH20_C,48824,41499,84.997133
2024,RE-1_R2_CH21_A,22852,22610,98.941012
2024,RE-1_R2_CH21_B,21500,20790,96.697674
2024,RE-1_R2_CH21_C,47895,46474,97.033093
2024,RE-1_R2_CH22_A,22924,22247,97.046763
2024,RE-1_R2_CH22_B,21866,21526,98.445075
2024,RE-1_R2_CH22_C,48847,48360,99.003009
2024,RE-1_R2_CH23_A,22337,21868,97.900345
2024,RE-1_R2_CH23_B,21666,21313,98.370719
2024,RE-1_R2_CH23_C,47649,46783,98.182543
2024,RE-1_R2_CH24_A,22155,21123,95.341909
2024,RE-1_R2_CH24_B,21178,20706,97.771272
2024,RE-1_R2_CH24_C,47715,46172,96.766216
2024,RE-1_R2_CH25_A,21201,20862,98.401019
2024,RE-1_R2_CH25_B,20194,19838,98.237100
2024,RE-1_R2_CH25_C,46817,45160,96.460687
2024,RE-1_R2_CH26_A,22105,21393,96.779009
2024,RE-1_R2_CH26_B,20612,19277,93.523190
2024,RE-1_R2_CH26_C,47426,45108,95.112386
2024,RE-1_R2_CH27_A,23466,23077,98.342282
2024,RE-1_R2_CH27_B,21757,21376,98.248839
2024,RE-1_R2_CH27_C,49306,48201,97.758893
2024,RE-1_R2_CH28_A,22017,21329,96.875142
2024,RE-1_R2_CH28_B,19871,19086,96.049519
2024,RE-1_R2_CH28_C,46541,45089,96.880170
2024,RE-1_R2_CH29_A,21671,21517,99.289373
2024,RE-1_R2_CH29_B,21290,21077,98.999530
2024,RE-1_R2_CH29_C,47599,46494,97.678523
2024,RE-1_R2_CH30_A,20294,20080,98.945501
2024,RE-1_R2_CH30_B,18118,17937,99.000993
2024,RE-1_R2_CH30_C,47466,47001,99.020351
2024,RE-1_R2_CH31_A,17480,16624,95.102975
2024,RE-1_R2_CH31_B,17062,15878,93.060603
2024,RE-1_R2_CH31_C,47353,44405,93.774418
2024,RE-1_R2_CH32_A,20346,19955,98.078246
2024,RE-1_R2_CH32_B,18976,18573,97.876265
2024,RE-1_R2_CH32_C,46560,45730,98.217354
2024,RE-1_R2_CH33_A,22842,22538,98.669118
2024,RE-1_R2_CH33_B,21887,21523,98.336912
2024,RE-1_R2_CH33_C,48041,47165,98.176558
2024,RE-1_R2_CH34_A,23030,22839,99.170647
2024,RE-1_R2_CH34_B,21420,21158,98.776844
2024,RE-1_R2_CH34_C,48441,47842,98.763444
2024,RE-1_R2_CH35_A,22485,22048,98.056482
2024,RE-1_R2_CH35_B,21058,20656,98.090987
2024,RE-1_R2_CH35_C,48054,46992,97.789986
2024,RE-1_R2_CH36_A,23407,23034,98.406460
2024,RE-1_R2_CH36_B,21552,20893,96.942279
2024,RE-1_R2_CH36_C,47439,46019,97.006682
2024,RE-1_R3_CH01_A,10506,9046,86.103179
2024,RE-1_R3_CH01_B,28525,26011,91.186678
2024,RE-1_R3_CH01_C,21449,17502,81.598210
2024,RE-1_R3_CH02_A,10963,8623,78.655478
2024,RE-1_R3_CH02_B,29309,15550,53.055375
2024,RE-1_R3_CH02_C,21518,13624,63.314434
2024,RE-1_R3_CH03_A,10851,10143,93.475256
2024,RE-1_R3_CH03_B,28907,26807,92.735324
2024,RE-1_R3_CH03_C,23667,22050,93.167702
2024,RE-1_R3_CH04_A,10148,9022,88.904218
2024,RE-1_R3_CH04_B,27261,25477,93.455853
2024,RE-1_R3_CH04_C,20350,18695,91.867322
2024,RE-1_R3_CH05_A,11065,9393,84.889291
2024,RE-1_R3_CH05_B,28735,25378,88.317383
2024,RE-1_R3_CH05_C,20378,17089,83.860045
2024,RE-1_R3_CH06_A,11019,9810,89.028042
2024,RE-1_R3_CH06_B,28976,25875,89.298040
2024,RE-1_R3_CH06_C,23266,20078,86.297602
2024,RE-1_R3_CH07_A,10605,9776,92.182933
2024,RE-1_R3_CH07_B,28182,26736,94.869065
2024,RE-1_R3_CH07_C,21629,20491,94.738545
2024,RE-1_R3_CH08_A,11342,11032,97.266796
2024,RE-1_R3_CH08_B,29435,28893,98.158655
2024,RE-1_R3_CH08_C,21553,20951,97.206885
2024,RE-1_R3_CH09_A,11745,11293,96.151554
2024,RE-1_R3_CH09_B,29791,29096,97.667081
2024,RE-1_R3_CH09_C,23142,22004,95.082534
2024,RE-1_R3_CH10_A,10667,8209,76.956970
2024,RE-1_R3_CH10_B,28803,27907,96.889213
2024,RE-1_R3_CH10_C,21635,20670,95.539635
2024,RE-1_R3_CH11_A,11101,10079,90.793622
2024,RE-1_R3_CH11_B,29379,28201,95.990333
2024,RE-1_R3_CH11_C,21124,19194,90.863473
2024,RE-1_R3_CH12_A,11107,10680,96.155578
2024,RE-1_R3_CH12_B,28594,27777,97.142757
2024,RE-1_R3_CH12_C,22856,18642,81.562828
2024,RE-1_R3_CH13_A,10265,9345,91.037506
2024,RE-1_R3_CH13_B,27544,26288,95.440023
2024,RE-1_R3_CH13_C,20798,16833,80.935667
2024,RE-1_R3_CH14_A,11123,10629,95.558752
2024,RE-1_R3_CH14_B,28981,28350,97.822711
2024,RE-1_R3_CH14_C,21331,18918,88.687825
2024,RE-1_R3_CH15_A,11254,10324,91.736272
2024,RE-1_R3_CH15_B,29770,28385,95.347665
2024,RE-1_R3_CH15_C,22991,20991,91.300944
2024,RE-1_R3_CH16_A,10652,9418,88.415321
2024,RE-1_R3_CH16_B,28110,26584,94.571327
2024,RE-1_R3_CH16_C,21313,19754,92.685216
2024,RE-1_R3_CH17_A,11301,8475,74.993363
2024,RE-1_R3_CH17_B,29720,18482,62.187079
2024,RE-1_R3_CH17_C,21131,15156,71.724007
2024,RE-1_R3_CH18_A,11249,11040,98.142057
2024,RE-1_R3_CH18_B,29397,29023,98.727761
2024,RE-1_R3_CH18_C,23629,22118,93.605316
2024,RE-1_R3_CH19_A,10340,10110,97.775629
2024,RE-1_R3_CH19_B,28317,27348,96.578027
2024,RE-1_R3_CH19_C,21328,19811,92.887284
2024,RE-1_R3_CH20_A,11401,10809,94.807473
2024,RE-1_R3_CH20_B,28736,28233,98.249582
2024,RE-1_R3_CH20_C,21004,20305,96.672062
2024,RE-1_R3_CH21_A,11558,11101,96.046029
2024,RE-1_R3_CH21_B,29847,29523,98.914464
2024,RE-1_R3_CH21_C,23508,22141,94.184958
2024,RE-1_R3_CH22_A,11322,10995,97.111818
2024,RE-1_R3_CH22_B,29717,28831,97.018542
2024,RE-1_R3_CH22_C,25311,23836,94.172494
2024,RE-1_R3_CH23_A,13330,13094,98.229557
2024,RE-1_R3_CH23_B,33517,32137,95.882686
2024,RE-1_R3_CH23_C,22458,20053,89.291121
2024,RE-1_R3_CH24_A,10842,10372,95.665006
2024,RE-1_R3_CH24_B,28646,27932,97.507505
2024,RE-1_R3_CH24_C,23962,20867,87.083716
2024,RE-1_R3_CH25_A,10152,9738,95.921986
2024,RE-1_R3_CH25_B,27029,26495,98.024344
2024,RE-1_R3_CH25_C,20198,18385,91.023864
2024,RE-1_R3_CH26_A,10938,10759,98.363503
2024,RE-1_R3_CH26_B,28496,27827,97.652302
2024,RE-1_R3_CH26_C,20640,19854,96.191860
2024,RE-1_R3_CH27_A,10831,10674,98.550457
2024,RE-1_R3_CH27_B,28279,27905,98.677464
2024,RE-1_R3_CH27_C,21984,21723,98.812773
2024,RE-1_R3_CH28_A,10142,9327,91.964110
2024,RE-1_R3_CH28_B,27203,26720,98.224461
2024,RE-1_R3_CH28_C,20714,18806,90.788838
2024,RE-1_R3_CH29_A,10932,10648,97.402122
2024,RE-1_R3_CH29_B,28292,27277,96.412413
2024,RE-1_R3_CH29_C,20778,20389,98.127828
2024,RE-1_R3_CH30_A,10036,8995,89.627342
2024,RE-1_R3_CH30_B,23997,23407,97.541359
2024,RE-1_R3_CH30_C,20728,19740,95.233501
2024,RE-1_R3_CH31_A,8347,6682,80.052714
2024,RE-1_R3_CH31_B,19775,19239,97.289507
2024,RE-1_R3_CH31_C,16506,15839,95.959045
2024,RE-1_R3_CH32_A,9658,8365,86.612135
2024,RE-1_R3_CH32_B,24383,22289,91.412049
2024,RE-1_R3_CH32_C,18784,17620,93.803237
2024,RE-1_R3_CH33_A,11026,10499,95.220388
2024,RE-1_R3_CH33_B,27917,27451,98.330766
2024,RE-1_R3_CH33_C,22012,20392,92.640378
2024,RE-1_R3_CH34_A,10419,9949,95.489010
2024,RE-1_R3_CH34_B,27795,26464,95.211369
2024,RE-1_R3_CH34_C,21268,17113,80.463607
2024,RE-1_R3_CH35_A,11113,10110,90.974534
2024,RE-1_R3_CH35_B,29108,28418,97.629518
2024,RE-1_R3_CH35_C,21206,20209,95.298500
2024,RE-1_R3_CH36_A,11217,11041,98.430953
2024,RE-1_R3_CH36_B,29233,28675,98.091198
2024,RE-1_R3_CH36_C,23892,22026,92.189854
2024,RE-2_R2_CH01_A,26690,26223,98.250281
2024,RE-2_R2_CH01_B,24268,23791,98.034449
2024,RE-2_R2_CH01_C,21990,21534,97.926330
2024,RE-2_R2_CH02_A,26673,26005,97.495595
2024,RE-2_R2_CH02_B,24190,23566,97.420422
2024,RE-2_R2_CH02_C,22969,22473,97.840568
2024,RE-2_R2_CH03_A,26374,25666,97.315538
2024,RE-2_R2_CH03_B,23770,23066,97.038284
2024,RE-2_R2_CH03_C,22288,21831,97.949569
2024,RE-2_R2_CH04_A,25093,24531,97.760332
2024,RE-2_R2_CH04_B,23172,22408,96.702917
2024,RE-2_R2_CH04_C,26287,25952,98.725606
2024,RE-2_R2_CH05_A,24793,23918,96.470778
2024,RE-2_R2_CH05_B,22791,21847,95.858014
2024,RE-2_R2_CH05_C,21323,19220,90.137410
2024,RE-2_R2_CH06_A,26890,24986,92.919301
2024,RE-2_R2_CH06_B,23854,22632,94.877169
2024,RE-2_R2_CH06_C,22679,21005,92.618722
2024,RE-2_R2_CH07_A,25491,24460,95.955435
2024,RE-2_R2_CH07_B,23140,21999,95.069144
2024,RE-2_R2_CH07_C,21874,20980,95.912956
2024,RE-2_R2_CH08_A,25702,24709,96.136487
2024,RE-2_R2_CH08_B,22683,20973,92.461315
2024,RE-2_R2_CH08_C,22531,20829,92.445963
2024,RE-2_R2_CH09_A,26556,26121,98.361952
2024,RE-2_R2_CH09_B,23922,23432,97.951676
2024,RE-2_R2_CH09_C,22352,21737,97.248568
2024,RE-2_R2_CH10_A,26325,24377,92.600190
2024,RE-2_R2_CH10_B,24068,22898,95.138773
2024,RE-2_R2_CH10_C,22274,21792,97.836042
2024,RE-2_R2_CH11_A,26182,19639,75.009549
2024,RE-2_R2_CH11_B,23938,16221,67.762553
2024,RE-2_R2_CH11_C,22445,17971,80.066830
2024,RE-2_R2_CH12_A,25706,23150,90.056796
2024,RE-2_R2_CH12_B,23613,22263,94.282810
2024,RE-2_R2_CH12_C,22469,21662,96.408385
2024,RE-2_R2_CH13_A,26037,24637,94.623036
2024,RE-2_R2_CH13_B,23554,22423,95.198268
2024,RE-2_R2_CH13_C,22029,20084,91.170729
2024,RE-2_R2_CH14_A,26334,25845,98.143085
2024,RE-2_R2_CH14_B,23497,22810,97.076222
2024,RE-2_R2_CH14_C,22537,22188,98.451435
2024,RE-2_R2_CH15_A,26351,25225,95.726917
2024,RE-2_R2_CH15_B,22674,20689,91.245479
2024,RE-2_R2_CH15_C,20866,19455,93.237803
2024,RE-2_R2_CH16_A,25144,23987,95.398505
2024,RE-2_R2_CH16_B,22686,22028,97.099533
2024,RE-2_R2_CH16_C,20820,20532,98.616715
2024,RE-2_R2_CH17_A,26512,25927,97.793452
2024,RE-2_R2_CH17_B,23134,22700,98.123973
2024,RE-2_R2_CH17_C,21923,20326,92.715413
2024,RE-2_R2_CH18_A,26260,24672,93.952780
2024,RE-2_R2_CH18_B,23685,23158,97.774963
2024,RE-2_R2_CH18_C,22034,21559,97.844241
2024,RE-2_R2_CH19_A,29216,28667,98.120893
2024,RE-2_R2_CH19_B,26304,25732,97.825426
2024,RE-2_R2_CH19_C,24482,24085,98.378400
2024,RE-2_R2_CH20_A,25693,24929,97.026427
2024,RE-2_R2_CH20_B,24007,23247,96.834257
2024,RE-2_R2_CH20_C,22890,22390,97.815640
2024,RE-2_R2_CH21_A,26324,25535,97.002735
2024,RE-2_R2_CH21_B,23749,23130,97.393574
2024,RE-2_R2_CH21_C,22177,21836,98.462371
2024,RE-2_R2_CH22_A,26073,25286,96.981552
2024,RE-2_R2_CH22_B,23573,22844,96.907479
2024,RE-2_R2_CH22_C,22989,22620,98.394885
2024,RE-2_R2_CH23_A,25838,25372,98.196455
2024,RE-2_R2_CH23_B,23635,23081,97.656019
2024,RE-2_R2_CH23_C,22300,21032,94.313901
2024,RE-2_R2_CH24_A,25420,24851,97.761605
2024,RE-2_R2_CH24_B,22983,22374,97.350215
2024,RE-2_R2_CH24_C,22253,21926,98.530535
2024,RE-2_R2_CH25_A,24458,23800,97.309674
2024,RE-2_R2_CH25_B,22508,22167,98.484983
2024,RE-2_R2_CH25_C,21841,20810,95.279520
2024,RE-2_R2_CH26_A,25545,24843,97.251908
2024,RE-2_R2_CH26_B,22479,21719,96.619067
2024,RE-2_R2_CH26_C,22372,21985,98.270159
2024,RE-2_R2_CH27_A,27055,25852,95.553502
2024,RE-2_R2_CH27_B,24180,22825,94.396195
2024,RE-2_R2_CH27_C,22922,22520,98.246226
2024,RE-2_R2_CH28_A,24446,23694,96.923832
2024,RE-2_R2_CH28_B,22575,21797,96.553710
2024,RE-2_R2_CH28_C,21916,21688,98.959664
2024,RE-2_R2_CH29_A,25134,24404,97.095568
2024,RE-2_R2_CH29_B,23302,22821,97.935800
2024,RE-2_R2_CH29_C,22008,21350,97.010178
2024,RE-2_R2_CH30_A,22222,10579,47.605976
2024,RE-2_R2_CH30_B,20216,9234,45.676692
2024,RE-2_R2_CH30_C,22532,21857,97.004261
2024,RE-2_R2_CH31_A,19957,19295,96.682868
2024,RE-2_R2_CH31_B,19482,18849,96.750847
2024,RE-2_R2_CH31_C,21998,21151,96.149650
2024,RE-2_R2_CH32_A,22706,21504,94.706245
2024,RE-2_R2_CH32_B,21674,11516,53.132786
2024,RE-2_R2_CH32_C,22024,21618,98.156556
2024,RE-2_R2_CH33_A,26409,25801,97.697755
2024,RE-2_R2_CH33_B,24261,23609,97.312559
2024,RE-2_R2_CH33_C,22828,21437,93.906606
2024,RE-2_R2_CH34_A,26059,22657,86.945009
2024,RE-2_R2_CH34_B,23394,21692,92.724630
2024,RE-2_R2_CH34_C,22603,22159,98.035659
2024,RE-2_R2_CH35_A,25762,25216,97.880599
2024,RE-2_R2_CH35_B,23039,22376,97.122271
2024,RE-2_R2_CH35_C,22344,21567,96.522556
2024,RE-2_R2_CH36_A,26372,23695,89.849082
2024,RE-2_R2_CH36_B,23364,22722,97.252183
2024,RE-2_R2_CH36_C,22562,20949,92.850811
2024,RE-2_R3_CH01_A,15712,15400,98.014257
2024,RE-2_R3_CH01_B,28972,28366,97.908325
2024,RE-2_R3_CH01_C,24628,24048,97.644957
2024,RE-2_R3_CH02_A,16138,15405,95.457925
2024,RE-2_R3_CH02_B,29327,28635,97.640400
2024,RE-2_R3_CH02_C,24073,23563,97.881444
2024,RE-2_R3_CH03_A,15792,15447,97.815350
2024,RE-2_R3_CH03_B,31496,31079,98.676022
2024,RE-2_R3_CH03_C,26886,26580,98.861861
2024,RE-2_R3_CH04_A,14906,14609,98.007514
2024,RE-2_R3_CH04_B,27513,26864,97.641115
2024,RE-2_R3_CH04_C,22724,22248,97.905298
2024,RE-2_R3_CH05_A,16059,15545,96.799303
2024,RE-2_R3_CH05_B,27726,26885,96.966746
2024,RE-2_R3_CH05_C,23176,22739,98.114429
2024,RE-2_R3_CH06_A,15821,15408,97.389546
2024,RE-2_R3_CH06_B,30661,29898,97.511497
2024,RE-2_R3_CH06_C,25683,24976,97.247206
2024,RE-2_R3_CH07_A,15515,15072,97.144699
2024,RE-2_R3_CH07_B,29363,28457,96.914484
2024,RE-2_R3_CH07_C,25518,24933,97.707501
2024,RE-2_R3_CH08_A,16298,14471,88.790036
2024,RE-2_R3_CH08_B,29178,28467,97.563233
2024,RE-2_R3_CH08_C,25091,24605,98.063050
2024,RE-2_R3_CH09_A,16443,15971,97.129478
2024,RE-2_R3_CH09_B,30879,29750,96.343794
2024,RE-2_R3_CH09_C,26784,26301,98.196685
2024,RE-2_R3_CH10_A,15834,15432,97.461160
2024,RE-2_R3_CH10_B,29206,28354,97.082791
2024,RE-2_R3_CH10_C,24231,23705,97.829227
2024,RE-2_R3_CH11_A,16427,15916,96.889268
2024,RE-2_R3_CH11_B,28690,28299,98.637156
2024,RE-2_R3_CH11_C,23958,23576,98.405543
2024,RE-2_R3_CH12_A,15561,14678,94.325557
2024,RE-2_R3_CH12_B,30382,29269,96.336647
2024,RE-2_R3_CH12_C,24821,24377,98.211192
2024,RE-2_R3_CH13_A,15068,13846,91.890098
2024,RE-2_R3_CH13_B,28208,24776,87.833239
2024,RE-2_R3_CH13_C,23606,21187,89.752605
2024,RE-2_R3_CH14_A,16034,14310,89.247848
2024,RE-2_R3_CH14_B,28805,27179,94.355147
2024,RE-2_R3_CH14_C,23960,22930,95.701169
2024,RE-2_R3_CH15_A,16305,15796,96.878258
2024,RE-2_R3_CH15_B,31044,30234,97.390800
2024,RE-2_R3_CH15_C,26030,24987,95.993085
2024,RE-2_R3_CH16_A,15570,14199,91.194605
2024,RE-2_R3_CH16_B,28891,27104,93.814683
2024,RE-2_R3_CH16_C,23503,22786,96.949326
2024,RE-2_R3_CH17_A,16432,16034,97.577897
2024,RE-2_R3_CH17_B,28666,28246,98.534850
2024,RE-2_R3_CH17_C,24209,23813,98.364245
2024,RE-2_R3_CH18_A,15854,14605,92.121862
2024,RE-2_R3_CH18_B,31033,29752,95.872136
2024,RE-2_R3_CH18_C,25427,24973,98.214496
2024,RE-2_R3_CH19_A,0,0,
2024,RE-2_R3_CH19_B,0,0,
2024,RE-2_R3_CH19_C,0,0,
2024,RE-2_R3_CH20_A,15689,14962,95.366180
2024,RE-2_R3_CH20_B,28376,27556,97.110234
2024,RE-2_R3_CH20_C,24240,23722,97.863036
2024,RE-2_R3_CH21_A,16486,15923,96.584981
2024,RE-2_R3_CH21_B,31174,30565,98.046449
2024,RE-2_R3_CH21_C,26246,25309,96.429932
2024,RE-2_R3_CH22_A,16497,15697,95.150633
2024,RE-2_R3_CH22_B,32740,31981,97.681735
2024,RE-2_R3_CH22_C,24204,23843,98.508511
2024,RE-2_R3_CH23_A,19225,18847,98.033810
2024,RE-2_R3_CH23_B,30609,30242,98.801006
2024,RE-2_R3_CH23_C,24327,23906,98.269413
2024,RE-2_R3_CH24_A,15626,14192,90.822987
2024,RE-2_R3_CH24_B,31201,30272,97.022531
2024,RE-2_R3_CH24_C,25240,24816,98.320127
2024,RE-2_R3_CH25_A,14768,14133,95.700163
2024,RE-2_R3_CH25_B,27448,26184,95.394929
2024,RE-2_R3_CH25_C,22968,22352,97.318008
2024,RE-2_R3_CH26_A,15725,15290,97.233704
2024,RE-2_R3_CH26_B,28067,27413,97.669861
2024,RE-2_R3_CH26_C,23267,22512,96.755061
2024,RE-2_R3_CH27_A,15585,15348,98.479307
2024,RE-2_R3_CH27_B,29022,28660,98.752670
2024,RE-2_R3_CH27_C,26236,25995,99.081415
2024,RE-2_R3_CH28_A,14953,13905,92.991373
2024,RE-2_R3_CH28_B,28080,27092,96.481481
2024,RE-2_R3_CH28_C,23511,22754,96.780231
2024,RE-2_R3_CH29_A,15850,15408,97.211356
2024,RE-2_R3_CH29_B,28013,27582,98.461429
2024,RE-2_R3_CH29_C,23888,23704,99.229739
2024,RE-2_R3_CH30_A,12966,12554,96.822459
2024,RE-2_R3_CH30_B,27042,26416,97.685082
2024,RE-2_R3_CH30_C,24045,23696,98.548555
2024,RE-2_R3_CH31_A,10781,10453,96.957611
2024,RE-2_R3_CH31_B,21951,20451,93.166598
2024,RE-2_R3_CH31_C,20122,19511,96.963523
2024,RE-2_R3_CH32_A,13395,11907,88.891377
2024,RE-2_R3_CH32_B,25113,20132,80.165651
2024,RE-2_R3_CH32_C,21783,20888,95.891291
2024,RE-2_R3_CH33_A,15232,14608,95.903361
2024,RE-2_R3_CH33_B,29187,28338,97.091171
2024,RE-2_R3_CH33_C,26831,23096,86.079535
2024,RE-2_R3_CH34_A,15182,14604,96.192860
2024,RE-2_R3_CH34_B,28825,27942,96.936687
2024,RE-2_R3_CH34_C,24138,23593,97.742149
2024,RE-2_R3_CH35_A,16309,15862,97.259182
2024,RE-2_R3_CH35_B,28596,27676,96.782767
2024,RE-2_R3_CH35_C,25743,24907,96.752515
2024,RE-2_R3_CH36_A,16045,15640,97.475849
2024,RE-2_R3_CH36_B,30896,29664,96.012429
2024,RE-2_R3_CH36_C,26107,25191,96.491362
2024,RE-3_R1_CH01_A,0,0,
2024,RE-3_R1_CH02_A,0,0,
2024,RE-3_R1_CH03_A,0,0,
2024,RE-3_R1_CH04_A,0,0,
2024,RE-3_R1_CH05_A,0,0,
2024,RE-3_R1_CH06_A,0,0,
2024,RE-3_R1_CH07_A,0,0,
2024,RE-3_R1_CH08_A,0,0,
2024,RE-3_R1_CH09_A,0,0,
2024,RE-3_R1_CH10_A,0,0,
2024,RE-3_R1_CH11_A,0,0,
2024,RE-3_R1_CH12_A,0,0,
2024,RE-3_R1_CH13_A,0,0,
2024,RE-3_R1_CH14_A,0,0,
2024,RE-3_R1_CH15_A,0,0,
2024,RE-3_R1_CH16_A,0,0,
2024,RE-3_R1_CH17_A,0,0,
2024,RE-3_R1_CH18_A,0,0,
2024,RE-3_R2_CH01_A,26488,23634,89.225310
2024,RE-3_R2_CH01_B,24070,22044,91.582883
2024,RE-3_R2_CH01_C,22231,20332,91.457874
2024,RE-3_R2_CH02_A,26620,25475,95.698723
2024,RE-3_R2_CH02_B,25396,24818,97.724051
2024,RE-3_R2_CH02_C,22041,21675,98.339458
2024,RE-3_R2_CH03_A,26583,25463,95.786781
2024,RE-3_R2_CH03_B,24466,23804,97.294204
2024,RE-3_R2_CH03_C,23723,23306,98.242212
2024,RE-3_R2_CH04_A,26412,24978,94.570650
2024,RE-3_R2_CH04_B,29242,27985,95.701388
2024,RE-3_R2_CH04_C,24953,24347,97.571434
2024,RE-3_R2_CH05_A,25308,24771,97.878141
2024,RE-3_R2_CH05_B,23419,22714,96.989624
2024,RE-3_R2_CH05_C,21553,21124,98.009558
2024,RE-3_R2_CH06_A,25743,24041,93.388494
2024,RE-3_R2_CH06_B,24383,22694,93.073043
2024,RE-3_R2_CH06_C,21703,20730,95.516749
2024,RE-3_R2_CH07_A,25713,24452,95.095866
2024,RE-3_R2_CH07_B,24134,23158,95.955913
2024,RE-3_R2_CH07_C,24128,23252,96.369363
2024,RE-3_R2_CH08_A,25765,24910,96.681545
2024,RE-3_R2_CH08_B,24460,24008,98.152085
2024,RE-3_R2_CH08_C,23042,22622,98.177242
2024,RE-3_R2_CH09_A,26542,25745,96.997212
2024,RE-3_R2_CH09_B,24255,23739,97.872604
2024,RE-3_R2_CH09_C,22168,21728,98.015157
2024,RE-3_R2_CH10_A,26298,24493,93.136360
2024,RE-3_R2_CH10_B,23855,21446,89.901488
2024,RE-3_R2_CH10_C,21399,20176,94.284780
2024,RE-3_R2_CH11_A,26813,25350,94.543691
2024,RE-3_R2_CH11_B,24462,23294,95.225247
2024,RE-3_R2_CH11_C,22978,22446,97.684742
2024,RE-3_R2_CH12_A,25826,24680,95.562611
2024,RE-3_R2_CH12_B,24342,23817,97.843234
2024,RE-3_R2_CH12_C,22617,22249,98.372905
2024,RE-3_R2_CH13_A,25770,24405,94.703143
2024,RE-3_R2_CH13_B,24634,24145,98.014939
2024,RE-3_R2_CH13_C,21587,21192,98.170195
2024,RE-3_R2_CH14_A,25763,24641,95.644917
2024,RE-3_R2_CH14_B,24942,23971,96.106968
2024,RE-3_R2_CH14_C,21670,21152,97.609599
2024,RE-3_R2_CH15_A,24742,24050,97.203136
2024,RE-3_R2_CH15_B,22934,22291,97.196302
2024,RE-3_R2_CH15_C,22600,22063,97.623894
2024,RE-3_R2_CH16_A,24569,23782,96.796776
2024,RE-3_R2_CH16_B,22902,22047,96.266702
2024,RE-3_R2_CH16_C,20405,20008,98.054398
2024,RE-3_R2_CH17_A,25999,22860,87.926459
2024,RE-3_R2_CH17_B,24132,22896,94.878170
2024,RE-3_R2_CH17_C,21179,19643,92.747533
2024,RE-3_R2_CH18_A,25750,21054,81.763107
2024,RE-3_R2_CH18_B,23760,19369,81.519360
2024,RE-3_R2_CH18_C,21512,19103,88.801599
2024,RE-3_R2_CH19_A,28821,18610,64.570973
2024,RE-3_R2_CH19_B,26909,17863,66.382995
2024,RE-3_R2_CH19_C,24496,18528,75.636839
2024,RE-3_R2_CH20_A,26351,25799,97.905203
2024,RE-3_R2_CH20_B,24796,23817,96.051783
2024,RE-3_R2_CH20_C,22993,22589,98.242944
2024,RE-3_R2_CH21_A,26472,25964,98.080991
2024,RE-3_R2_CH21_B,24641,23914,97.049633
2024,RE-3_R2_CH21_C,22124,21618,97.712891
2024,RE-3_R2_CH22_A,26021,23915,91.906537
2024,RE-3_R2_CH22_B,25468,24266,95.280352
2024,RE-3_R2_CH22_C,21442,21045,98.148494
2024,RE-3_R2_CH23_A,26137,25379,97.099897
2024,RE-3_R2_CH23_B,24240,23838,98.341584
2024,RE-3_R2_CH23_C,23582,23239,98.545501
2024,RE-3_R2_CH24_A,25645,22706,88.539676
2024,RE-3_R2_CH24_B,24357,23597,96.879747
2024,RE-3_R2_CH24_C,22550,21550,95.565410
2024,RE-3_R2_CH25_A,25814,25243,97.788022
2024,RE-3_R2_CH25_B,23767,23315,98.098203
2024,RE-3_R2_CH25_C,21715,21310,98.134930
2024,RE-3_R2_CH26_A,25528,23117,90.555469
2024,RE-3_R2_CH26_B,24363,23906,98.124205
2024,RE-3_R2_CH26_C,21345,20862,97.737175
2024,RE-3_R2_CH27_A,27544,26424,95.933779
2024,RE-3_R2_CH27_B,25395,24746,97.444379
2024,RE-3_R2_CH27_C,23669,23027,97.287591
2024,RE-3_R2_CH28_A,25495,23604,92.582859
2024,RE-3_R2_CH28_B,23662,22537,95.245541
2024,RE-3_R2_CH28_C,22729,22297,98.099344
2024,RE-3_R2_CH29_A,26072,25552,98.005523
2024,RE-3_R2_CH29_B,24280,23574,97.092257
2024,RE-3_R2_CH29_C,22303,21813,97.802986
2024,RE-3_R2_CH30_A,24822,19738,79.518169
2024,RE-3_R2_CH30_B,25374,20982,82.690943
2024,RE-3_R2_CH30_C,24271,20503,84.475300
2024,RE-3_R2_CH31_A,24720,24148,97.686084
2024,RE-3_R2_CH31_B,24459,24049,98.323725
2024,RE-3_R2_CH31_C,24179,23774,98.324993
2024,RE-3_R2_CH32_A,24677,21689,87.891559
2024,RE-3_R2_CH32_B,24187,23608,97.606152
2024,RE-3_R2_CH32_C,22941,22478,97.981779
2024,RE-3_R2_CH33_A,26684,24894,93.291860
2024,RE-3_R2_CH33_B,24610,24217,98.403088
2024,RE-3_R2_CH33_C,21864,21451,98.111050
2024,RE-3_R2_CH34_A,26149,25480,97.441585
2024,RE-3_R2_CH34_B,24594,23523,95.645279
2024,RE-3_R2_CH34_C,21989,21493,97.744327
2024,RE-3_R2_CH35_A,26099,25343,97.103337
2024,RE-3_R2_CH35_B,24609,24138,98.086066
2024,RE-3_R2_CH35_C,23925,23516,98.290491
2024,RE-3_R2_CH36_A,25915,23565,90.931893
2024,RE-3_R2_CH36_B,23723,23073,97.260043
2024,RE-3_R2_CH36_C,22853,20062,87.787161
2024,RE-3_R3_CH01_A,16381,14233,86.887247
2024,RE-3_R3_CH01_B,29172,26424,90.580008
2024,RE-3_R3_CH01_C,23262,21203,91.148654
2024,RE-3_R3_CH02_A,16310,15509,95.088903
2024,RE-3_R3_CH02_B,28459,27598,96.974595
2024,RE-3_R3_CH02_C,23061,22672,98.313169
2024,RE-3_R3_CH03_A,17588,16820,95.633386
2024,RE-3_R3_CH03_B,29077,28633,98.473020
2024,RE-3_R3_CH03_C,23040,22600,98.090278
2024,RE-3_R3_CH04_A,15269,13771,90.189272
2024,RE-3_R3_CH04_B,27833,26957,96.852657
2024,RE-3_R3_CH04_C,22076,21732,98.441747
2024,RE-3_R3_CH05_A,15720,15027,95.591603
2024,RE-3_R3_CH05_B,26948,26500,98.337539
2024,RE-3_R3_CH05_C,21589,20799,96.340729
2024,RE-3_R3_CH06_A,17839,16495,92.465945
2024,RE-3_R3_CH06_B,28564,27769,97.216776
2024,RE-3_R3_CH06_C,22994,22662,98.556145
2024,RE-3_R3_CH07_A,16909,16208,95.854279
2024,RE-3_R3_CH07_B,28615,28348,99.066923
2024,RE-3_R3_CH07_C,22636,22126,97.746952
2024,RE-3_R3_CH08_A,17083,14018,82.058187
2024,RE-3_R3_CH08_B,27896,26695,95.694723
2024,RE-3_R3_CH08_C,22560,22105,97.983156
2024,RE-3_R3_CH09_A,17798,17271,97.038993
2024,RE-3_R3_CH09_B,29146,28388,97.399300
2024,RE-3_R3_CH09_C,22906,22443,97.978696
2024,RE-3_R3_CH10_A,16253,15361,94.511782
2024,RE-3_R3_CH10_B,28262,27447,97.116269
2024,RE-3_R3_CH10_C,22811,22495,98.614703
2024,RE-3_R3_CH11_A,15916,15227,95.671023
2024,RE-3_R3_CH11_B,28612,28108,98.238501
2024,RE-3_R3_CH11_C,23025,22526,97.832790
2024,RE-3_R3_CH12_A,17189,16114,93.746000
2024,RE-3_R3_CH12_B,27701,26682,96.321432
2024,RE-3_R3_CH12_C,22318,22008,98.610987
2024,RE-3_R3_CH13_A,15823,14504,91.664033
2024,RE-3_R3_CH13_B,28148,27531,97.808015
2024,RE-3_R3_CH13_C,22900,21499,93.882096
2024,RE-3_R3_CH14_A,16194,14293,88.261084
2024,RE-3_R3_CH14_B,28350,27704,97.721340
2024,RE-3_R3_CH14_C,22720,22450,98.811620
2024,RE-3_R3_CH15_A,17113,16342,95.494653
2024,RE-3_R3_CH15_B,29162,26547,91.032851
2024,RE-3_R3_CH15_C,22415,21390,95.427169
2024,RE-3_R3_CH16_A,15837,12538,79.169035
2024,RE-3_R3_CH16_B,27722,26201,94.513383
2024,RE-3_R3_CH16_C,22001,21158,96.168356
2024,RE-3_R3_CH17_A,16069,15377,95.693571
2024,RE-3_R3_CH17_B,29190,27772,95.142172
2024,RE-3_R3_CH17_C,22551,21698,96.217463
2024,RE-3_R3_CH18_A,17506,17092,97.635097
2024,RE-3_R3_CH18_B,28731,28107,97.828130
2024,RE-3_R3_CH18_C,23057,22618,98.096023
2024,RE-3_R3_CH19_A,16368,15413,94.165445
2024,RE-3_R3_CH19_B,30663,30119,98.225875
2024,RE-3_R3_CH19_C,25668,24841,96.778089
2024,RE-3_R3_CH20_A,16408,14953,91.132374
2024,RE-3_R3_CH20_B,27822,27050,97.225217
2024,RE-3_R3_CH20_C,22681,22386,98.699352
2024,RE-3_R3_CH21_A,17137,16413,95.775223
2024,RE-3_R3_CH21_B,29240,28786,98.447332
2024,RE-3_R3_CH21_C,22887,22023,96.224931
2024,RE-3_R3_CH22_A,16357,14379,87.907318
2024,RE-3_R3_CH22_B,28224,26563,94.114938
2024,RE-3_R3_CH22_C,22936,22463,97.937740
2024,RE-3_R3_CH23_A,16410,15758,96.026813
2024,RE-3_R3_CH23_B,28198,27794,98.567274
2024,RE-3_R3_CH23_C,22921,21704,94.690459
2024,RE-3_R3_CH24_A,17587,14388,81.810428
2024,RE-3_R3_CH24_B,27242,26145,95.973130
2024,RE-3_R3_CH24_C,22089,21633,97.935624
2024,RE-3_R3_CH25_A,15434,14359,93.034858
2024,RE-3_R3_CH25_B,27002,25772,95.444782
2024,RE-3_R3_CH25_C,21360,20190,94.522472
2024,RE-3_R3_CH26_A,15591,14193,91.033288
2024,RE-3_R3_CH26_B,27370,25670,93.788820
2024,RE-3_R3_CH26_C,21488,21011,97.780156
2024,RE-3_R3_CH27_A,17142,16006,93.373002
2024,RE-3_R3_CH27_B,29748,27577,92.702030
2024,RE-3_R3_CH27_C,23058,21143,91.694856
2024,RE-3_R3_CH28_A,15828,14686,92.784938
2024,RE-3_R3_CH28_B,27172,26057,95.896511
2024,RE-3_R3_CH28_C,20842,20576,98.723731
2024,RE-3_R3_CH29_A,16131,15670,97.142149
2024,RE-3_R3_CH29_B,27499,27208,98.941780
2024,RE-3_R3_CH29_C,22053,21786,98.789280
2024,RE-3_R3_CH30_A,16422,15971,97.253684
2024,RE-3_R3_CH30_B,25082,21945,87.493023
2024,RE-3_R3_CH30_C,19145,18444,96.338470
2024,RE-3_R3_CH31_A,13399,12945,96.611687
2024,RE-3_R3_CH31_B,22620,22355,98.828470
2024,RE-3_R3_CH31_C,17438,17243,98.881752
2024,RE-3_R3_CH32_A,14787,12888,87.157638
2024,RE-3_R3_CH32_B,25016,22287,89.090982
2024,RE-3_R3_CH32_C,19927,19322,96.963918
2024,RE-3_R3_CH33_A,17443,16261,93.223643
2024,RE-3_R3_CH33_B,29882,29219,97.781273
2024,RE-3_R3_CH33_C,23027,22544,97.902462
2024,RE-3_R3_CH34_A,16330,13951,85.431721
2024,RE-3_R3_CH34_B,28307,27672,97.756739
2024,RE-3_R3_CH34_C,22273,22006,98.801239
2024,RE-3_R3_CH35_A,16836,16353,97.131148
2024,RE-3_R3_CH35_B,28961,28360,97.924795
2024,RE-3_R3_CH35_C,22327,21873,97.966588
2024,RE-3_R3_CH36_A,18069,16160,89.434944
2024,RE-3_R3_CH36_B,28721,27795,96.775878
2024,RE-3_R3_CH36_C,22619,22010,97.307573
2024,RE-4_R1_CH01_A,0,0,
2024,RE-4_R1_CH02_A,0,0,
2024,RE-4_R1_CH03_A,0,0,
2024,RE-4_R1_CH04_A,0,0,
2024,RE-4_R1_CH05_A,0,0,
2024,RE-4_R1_CH06_A,0,0,
2024,RE-4_R1_CH07_A,0,0,
2024,RE-4_R1_CH08_A,0,0,
2024,RE-4_R1_CH09_A,0,0,
2024,RE-4_R1_CH10_A,0,0,
2024,RE-4_R1_CH11_A,0,0,
2024,RE-4_R1_CH12_A,0,0,
2024,RE-4_R1_CH13_A,0,0,
2024,RE-4_R1_CH14_A,0,0,
2024,RE-4_R1_CH15_A,0,0,
2024,RE-4_R1_CH16_A,0,0,
2024,RE-4_R1_CH17_A,0,0,
2024,RE-4_R1_CH18_A,0,0,
2024,RE-4_R2_CH01_A,26251,25406,96.781075
2024,RE-4_R2_CH01_B,24017,23286,96.956323
2024,RE-4_R2_CH01_C,21746,20993,96.537294
2024,RE-4_R2_CH02_A,27797,26966,97.010469
2024,RE-4_R2_CH02_B,23634,22940,97.063553
2024,RE-4_R2_CH02_C,21277,20530,96.489167
2024,RE-4_R2_CH03_A,26763,25706,96.050518
2024,RE-4_R2_CH03_B,23523,22602,96.084683
2024,RE-4_R2_CH03_C,22833,21894,95.887531
2024,RE-4_R2_CH04_A,33666,32689,97.097962
2024,RE-4_R2_CH04_B,24257,23379,96.380426
2024,RE-4_R2_CH04_C,22487,20502,91.172678
2024,RE-4_R2_CH05_A,25567,24806,97.023507
2024,RE-4_R2_CH05_B,23476,22701,96.698756
2024,RE-4_R2_CH05_C,21121,20445,96.799394
2024,RE-4_R2_CH06_A,27147,26770,98.611265
2024,RE-4_R2_CH06_B,23345,22950,98.307989
2024,RE-4_R2_CH06_C,21189,20636,97.390155
2024,RE-4_R2_CH07_A,26167,25519,97.523598
2024,RE-4_R2_CH07_B,23847,23430,98.251352
2024,RE-4_R2_CH07_C,23266,22847,98.199089
2024,RE-4_R2_CH08_A,27202,26661,98.011176
2024,RE-4_R2_CH08_B,23552,23091,98.042629
2024,RE-4_R2_CH08_C,22987,22283,96.937399
2024,RE-4_R2_CH09_A,26682,25113,94.119631
2024,RE-4_R2_CH09_B,24024,22892,95.288045
2024,RE-4_R2_CH09_C,21449,20358,94.913516
2024,RE-4_R2_CH10_A,26057,25047,96.123882
2024,RE-4_R2_CH10_B,23394,22401,95.755322
2024,RE-4_R2_CH10_C,20678,19849,95.990908
2024,RE-4_R2_CH11_A,26786,25714,95.997909
2024,RE-4_R2_CH11_B,23282,22259,95.606048
2024,RE-4_R2_CH11_C,22356,21134,94.533906
2024,RE-4_R2_CH12_A,27258,26764,98.187688
2024,RE-4_R2_CH12_B,23051,22620,98.130233
2024,RE-4_R2_CH12_C,22128,21606,97.640998
2024,RE-4_R2_CH13_A,26746,26157,97.797802
2024,RE-4_R2_CH13_B,23599,23211,98.355863
2024,RE-4_R2_CH13_C,21222,20738,97.719348
2024,RE-4_R2_CH14_A,27384,26759,97.717645
2024,RE-4_R2_CH14_B,23365,22748,97.359298
2024,RE-4_R2_CH14_C,21268,20578,96.755689
2024,RE-4_R2_CH15_A,24974,24464,97.957876
2024,RE-4_R2_CH15_B,22707,22099,97.322412
2024,RE-4_R2_CH15_C,21987,21328,97.002774
2024,RE-4_R2_CH16_A,25163,24565,97.623495
2024,RE-4_R2_CH16_B,21139,20674,97.800274
2024,RE-4_R2_CH16_C,19907,19421,97.558648
2024,RE-4_R2_CH17_A,26300,25629,97.448669
2024,RE-4_R2_CH17_B,22824,22349,97.918857
2024,RE-4_R2_CH17_C,20561,19883,96.702495
2024,RE-4_R2_CH18_A,26106,25267,96.786179
2024,RE-4_R2_CH18_B,23349,22890,98.034177
2024,RE-4_R2_CH18_C,20965,20589,98.206535
2024,RE-4_R2_CH19_A,29587,29013,98.059959
2024,RE-4_R2_CH19_B,24658,24092,97.704599
2024,RE-4_R2_CH19_C,23041,22248,96.558309
2024,RE-4_R2_CH20_A,27492,26800,97.482904
2024,RE-4_R2_CH20_B,23690,23159,97.758548
2024,RE-4_R2_CH20_C,22997,22561,98.104101
2024,RE-4_R2_CH21_A,26569,25782,97.037901
2024,RE-4_R2_CH21_B,23957,22812,95.220604
2024,RE-4_R2_CH21_C,21335,20551,96.325287
2024,RE-4_R2_CH22_A,27955,26386,94.387408
2024,RE-4_R2_CH22_B,23056,22230,96.417418
2024,RE-4_R2_CH22_C,20893,20143,96.410281
2024,RE-4_R2_CH23_A,26531,25767,97.120350
2024,RE-4_R2_CH23_B,23513,22733,96.682686
2024,RE-4_R2_CH23_C,22682,21704,95.688211
2024,RE-4_R2_CH24_A,27037,26667,98.631505
2024,RE-4_R2_CH24_B,23146,22690,98.029897
2024,RE-4_R2_CH24_C,22600,22236,98.389381
2024,RE-4_R2_CH25_A,26105,25767,98.705229
2024,RE-4_R2_CH25_B,23405,23081,98.615680
2024,RE-4_R2_CH25_C,20932,20630,98.557233
2024,RE-4_R2_CH26_A,26915,26314,97.767044
2024,RE-4_R2_CH26_B,23183,22638,97.649139
2024,RE-4_R2_CH26_C,21153,20721,97.957736
2024,RE-4_R2_CH27_A,28159,27726,98.462303
2024,RE-4_R2_CH27_B,23569,23027,97.700369
2024,RE-4_R2_CH27_C,22778,22145,97.221003
2024,RE-4_R2_CH28_A,25892,25453,98.304496
2024,RE-4_R2_CH28_B,23379,22974,98.267676
2024,RE-4_R2_CH28_C,22827,22351,97.914750
2024,RE-4_R2_CH29_A,26209,25774,98.340265
2024,RE-4_R2_CH29_B,23779,23446,98.599605
2024,RE-4_R2_CH29_C,21696,21227,97.838311
2024,RE-4_R2_CH30_A,27647,27184,98.325316
2024,RE-4_R2_CH30_B,24906,24418,98.040633
2024,RE-4_R2_CH30_C,23419,22937,97.941842
2024,RE-4_R2_CH31_A,26597,26228,98.612625
2024,RE-4_R2_CH31_B,24329,23907,98.265445
2024,RE-4_R2_CH31_C,23334,22835,97.861490
2024,RE-4_R2_CH32_A,26525,25923,97.730443
2024,RE-4_R2_CH32_B,23670,23294,98.411491
2024,RE-4_R2_CH32_C,22898,22445,98.021661
2024,RE-4_R2_CH33_A,27606,25879,93.744114
2024,RE-4_R2_CH33_B,23833,23380,98.099274
2024,RE-4_R2_CH33_C,21414,20915,97.669749
2024,RE-4_R2_CH34_A,26981,25780,95.548719
2024,RE-4_R2_CH34_B,23793,23109,97.125205
2024,RE-4_R2_CH34_C,22389,21750,97.145920
2024,RE-4_R2_CH35_A,26877,26174,97.384381
2024,RE-4_R2_CH35_B,23708,21833,92.091277
2024,RE-4_R2_CH35_C,23107,22489,97.325486
2024,RE-4_R2_CH36_A,26525,25393,95.732328
2024,RE-4_R2_CH36_B,23258,22417,96.384040
2024,RE-4_R2_CH36_C,22739,21933,96.455429
2024,RE-4_R3_CH01_A,16028,15772,98.402795
2024,RE-4_R3_CH01_B,28194,26721,94.775484
2024,RE-4_R3_CH01_C,23143,22865,98.798773
2024,RE-4_R3_CH02_A,15747,15048,95.561059
2024,RE-4_R3_CH02_B,28624,28310,98.903018
2024,RE-4_R3_CH02_C,23269,23028,98.964287
2024,RE-4_R3_CH03_A,15827,15513,98.016049
2024,RE-4_R3_CH03_B,28219,27764,98.387611
2024,RE-4_R3_CH03_C,22809,22527,98.763646
2024,RE-4_R3_CH04_A,15422,14247,92.381014
2024,RE-4_R3_CH04_B,26928,25881,96.111854
2024,RE-4_R3_CH04_C,22536,22035,97.776890
2024,RE-4_R3_CH05_A,14855,14456,97.314036
2024,RE-4_R3_CH05_B,26335,26057,98.944371
2024,RE-4_R3_CH05_C,22084,21636,97.971382
2024,RE-4_R3_CH06_A,15738,15405,97.884102
2024,RE-4_R3_CH06_B,28545,27715,97.092310
2024,RE-4_R3_CH06_C,22695,22243,98.008372
2024,RE-4_R3_CH07_A,15764,15547,98.623446
2024,RE-4_R3_CH07_B,27355,26731,97.718881
2024,RE-4_R3_CH07_C,22152,21913,98.921091
2024,RE-4_R3_CH08_A,15365,14998,97.611455
2024,RE-4_R3_CH08_B,27539,27056,98.246124
2024,RE-4_R3_CH08_C,22116,21751,98.349611
2024,RE-4_R3_CH09_A,15990,15561,97.317073
2024,RE-4_R3_CH09_B,28158,27841,98.874210
2024,RE-4_R3_CH09_C,22956,22543,98.200906
2024,RE-4_R3_CH10_A,15460,14945,96.668823
2024,RE-4_R3_CH10_B,27986,27518,98.327735
2024,RE-4_R3_CH10_C,22991,22586,98.238441
2024,RE-4_R3_CH11_A,15838,15359,96.975628
2024,RE-4_R3_CH11_B,28215,27797,98.518519
2024,RE-4_R3_CH11_C,23062,22537,97.723528
2024,RE-4_R3_CH12_A,15195,14570,95.886805
2024,RE-4_R3_CH12_B,27538,26456,96.070884
2024,RE-4_R3_CH12_C,22567,22123,98.032525
2024,RE-4_R3_CH13_A,15534,14787,95.191194
2024,RE-4_R3_CH13_B,27855,27197,97.637767
2024,RE-4_R3_CH13_C,22378,21990,98.266154
2024,RE-4_R3_CH14_A,15515,14860,95.778279
2024,RE-4_R3_CH14_B,28088,27031,96.236827
2024,RE-4_R3_CH14_C,22560,21887,97.016844
2024,RE-4_R3_CH15_A,16012,15329,95.734449
2024,RE-4_R3_CH15_B,27779,27189,97.876093
2024,RE-4_R3_CH15_C,21577,20947,97.080224
2024,RE-4_R3_CH16_A,15462,15054,97.361273
2024,RE-4_R3_CH16_B,26983,25230,93.503317
2024,RE-4_R3_CH16_C,21586,21047,97.503011
2024,RE-4_R3_CH17_A,16147,15678,97.095436
2024,RE-4_R3_CH17_B,28093,27620,98.316307
2024,RE-4_R3_CH17_C,22367,21990,98.314481
2024,RE-4_R3_CH18_A,15936,15170,95.193273
2024,RE-4_R3_CH18_B,27982,26627,95.157601
2024,RE-4_R3_CH18_C,22642,22152,97.835880
2024,RE-4_R3_CH19_A,16745,16290,97.282771
2024,RE-4_R3_CH19_B,31013,30129,97.149582
2024,RE-4_R3_CH19_C,24548,23868,97.229917
2024,RE-4_R3_CH20_A,15305,14240,93.041490
2024,RE-4_R3_CH20_B,27612,26227,94.984065
2024,RE-4_R3_CH20_C,23102,21946,94.996104
2024,RE-4_R3_CH21_A,16174,15342,94.855942
2024,RE-4_R3_CH21_B,28142,27583,98.013645
2024,RE-4_R3_CH21_C,22878,22544,98.540082
2024,RE-4_R3_CH22_A,15593,15295,98.088886
2024,RE-4_R3_CH22_B,28076,27482,97.884314
2024,RE-4_R3_CH22_C,22593,22199,98.256097
2024,RE-4_R3_CH23_A,15609,14313,91.697098
2024,RE-4_R3_CH23_B,27703,26539,95.798289
2024,RE-4_R3_CH23_C,22780,22460,98.595259
2024,RE-4_R3_CH24_A,14975,14404,96.186978
2024,RE-4_R3_CH24_B,27214,26538,97.515984
2024,RE-4_R3_CH24_C,22246,22033,99.042524
2024,RE-4_R3_CH25_A,14928,13585,91.003483
2024,RE-4_R3_CH25_B,25854,25329,97.969366
2024,RE-4_R3_CH25_C,21994,21458,97.562972
2024,RE-4_R3_CH26_A,15047,14588,96.949558
2024,RE-4_R3_CH26_B,26763,26215,97.952397
2024,RE-4_R3_CH26_C,21658,21259,98.157725
2024,RE-4_R3_CH27_A,16382,15941,97.308021
2024,RE-4_R3_CH27_B,28667,28170,98.266299
2024,RE-4_R3_CH27_C,23801,23507,98.764758
2024,RE-4_R3_CH28_A,15055,14728,97.827964
2024,RE-4_R3_CH28_B,25989,25725,98.984186
2024,RE-4_R3_CH28_C,22189,21998,99.139213
2024,RE-4_R3_CH29_A,15199,14746,97.019541
2024,RE-4_R3_CH29_B,26712,26294,98.435160
2024,RE-4_R3_CH29_C,22329,21961,98.351919
2024,RE-4_R3_CH30_A,13960,12316,88.223496
2024,RE-4_R3_CH30_B,23435,22815,97.354384
2024,RE-4_R3_CH30_C,20214,19942,98.654398
2024,RE-4_R3_CH31_A,12694,12442,98.014810
2024,RE-4_R3_CH31_B,21246,20640,97.147698
2024,RE-4_R3_CH31_C,19806,19585,98.884177
2024,RE-4_R3_CH32_A,13921,13705,98.448387
2024,RE-4_R3_CH32_B,24130,23801,98.636552
2024,RE-4_R3_CH32_C,21052,20540,97.567927
2024,RE-4_R3_CH33_A,16461,16128,97.977037
2024,RE-4_R3_CH33_B,28174,27293,96.873003
2024,RE-4_R3_CH33_C,23573,23190,98.375260
2024,RE-4_R3_CH34_A,15710,15268,97.186505
2024,RE-4_R3_CH34_B,27643,27221,98.473393
2024,RE-4_R3_CH34_C,22654,22222,98.093052
2024,RE-4_R3_CH35_A,16095,15760,97.918608
2024,RE-4_R3_CH35_B,27368,27076,98.933061
2024,RE-4_R3_CH35_C,22259,22033,98.984680
2024,RE-4_R3_CH36_A,15812,15408,97.444978
2024,RE-4_R3_CH36_B,27648,26442,95.638021
2024,RE-4_R3_CH36_C,22454,22178,98.770820
2024,W+0_RB1in_S01_Backward,312296,290049,92.876310
2024,W+0_RB1in_S01_Forward,339959,334960,98.529529
2024,W+0_RB1in_S02_Backward,0,0,
2024,W+0_RB1in_S02_Forward,0,0,
2024,W+0_RB1in_S03_Backward,361249,351131,97.199162
2024,W+0_RB1in_S03_Forward,373566,365176,97.754078
2024,W+0_RB1in_S04_Backward,347036,338144,97.437730
2024,W+0_RB1in_S04_Forward,344690,336032,97.488178
2024,W+0_RB1in_S05_Backward,0,0,
2024,W+0_RB1in_S05_Forward,0,0,
2024,W+0_RB1in_S06_Backward,0,0,
2024,W+0_RB1in_S06_Forward,0,0,
2024,W+0_RB1in_S07_Backward,319192,313390,98.182285
2024,W+0_RB1in_S07_Forward,345497,334111,96.704458
2024,W+0_RB1in_S08_Backward,321018,304786,94.943586
2024,W+0_RB1in_S08_Forward,347621,331345,95.317889
2024,W+0_RB1in_S09_Backward,311029,297551,95.666642
2024,W+0_RB1in_S09_Forward,335747,308798,91.973420
2024,W+0_RB1in_S10_Backward,0,0,
2024,W+0_RB1in_S10_Forward,0,0,
2024,W+0_RB1in_S11_Backward,284723,275077,96.612146
2024,W+0_RB1in_S11_Forward,327728,309686,94.494825
2024,W+0_RB1in_S12_Backward,318302,312688,98.236266
2024,W+0_RB1in_S12_Forward,345007,302302,87.621990
2024,W+0_RB1out_S01_Backward,266471,257946,96.800778
2024,W+0_RB1out_S01_Forward,290667,276839,95.242666
2024,W+0_RB1out_S02_Backward,0,0,
2024,W+0_RB1out_S02_Forward,0,0,
2024,W+0_RB1out_S03_Backward,0,0,
2024,W+0_RB1out_S03_Forward,0,0,
2024,W+0_RB1out_S04_Backward,289545,282387,97.527845
2024,W+0_RB1out_S04_Forward,295383,288947,97.821134
2024,W+0_RB1out_S05_Backward,0,0,
2024,W+0_RB1out_S05_Forward,0,0,
2024,W+0_RB1out_S06_Backward,0,0,
2024,W+0_RB1out_S06_Forward,0,0,
2024,W+0_RB1out_S07_Backward,273057,269722,98.778643
2024,W+0_RB1out_S07_Forward,295211,264446,89.578640
2024,W+0_RB1out_S08_Backward,275163,269425,97.914691
2024,W+0_RB1out_S08_Forward,298940,291556,97.529939
2024,W+0_RB1out_S09_Backward,265572,247728,93.280918
2024,W+0_RB1out_S09_Forward,285617,256956,89.965233
2024,W+0_RB1out_S10_Backward,0,0,
2024,W+0_RB1out_S10_Forward,0,0,
2024,W+0_RB1out_S11_Backward,241418,236492,97.959556
2024,W+0_RB1out_S11_Forward,279349,268668,96.176467
2024,W+0_RB1out_S12_Backward,271894,267072,98.226515
2024,W+0_RB1out_S12_Forward,295059,290051,98.302712
2024,W+0_RB2in_S01_Backward,163766,161248,98.462440
2024,W+0_RB2in_S01_Forward,187349,184862,98.672531
2024,W+0_RB2in_S01_Middle,169195,164201,97.048376
2024,W+0_RB2in_S02_Backward,164026,158757,96.787704
2024,W+0_RB2in_S02_Forward,186920,182614,97.696341
2024,W+0_RB2in_S02_Middle,165886,162153,97.749659
2024,W+0_RB2in_S03_Backward,187484,170057,90.704807
2024,W+0_RB2in_S03_Forward,202800,182243,89.863412
2024,W+0_RB2in_S03_Middle,172028,169239,98.378752
2024,W+0_RB2in_S04_Backward,0,0,
2024,W+0_RB2in_S04_Forward,0,0,
2024,W+0_RB2in_S04_Middle,0,0,
2024,W+0_RB2in_S05_Backward,166493,161681,97.109788
2024,W+0_RB2in_S05_Forward,0,0,
2024,W+0_RB2in_S05_Middle,168293,164550,97.775903
2024,W+0_RB2in_S06_Backward,0,0,
2024,W+0_RB2in_S06_Forward,0,0,
2024,W+0_RB2in_S06_Middle,0,0,
2024,W+0_RB2in_S07_Backward,0,0,
2024,W+0_RB2in_S07_Forward,0,0,
2024,W+0_RB2in_S07_Middle,0,0,
2024,W+0_RB2in_S08_Backward,171235,166750,97.380792
2024,W+0_RB2in_S08_Forward,193396,190228,98.361910
2024,W+0_RB2in_S08_Middle,171091,156980,91.752342
2024,W+0_RB2in_S09_Backward,162952,157081,96.397099
2024,W+0_RB2in_S09_Forward,183754,176263,95.923354
2024,W+0_RB2in_S09_Middle,166476,158658,95.303828
2024,W+0_RB2in_S10_Backward,161656,156636,96.894640
2024,W+0_RB2in_S10_Forward,185805,169492,91.220365
2024,W+0_RB2in_S10_Middle,164308,159132,96.849819
2024,W+0_RB2in_S11_Backward,147014,136511,92.855782
2024,W+0_RB2in_S11_Forward,181314,171692,94.693184
2024,W+0_RB2in_S11_Middle,155283,142115,91.519999
2024,W+0_RB2in_S12_Backward,166426,162596,97.698677
2024,W+0_RB2in_S12_Forward,187719,185266,98.693260
2024,W+0_RB2in_S12_Middle,170290,165545,97.213577
2024,W+0_RB2out_S01_Backward,236114,214157,90.700678
2024,W+0_RB2out_S01_Forward,256780,227482,88.590233
2024,W+0_RB2out_S02_Backward,234582,228447,97.384710
2024,W+0_RB2out_S02_Forward,255546,249702,97.713132
2024,W+0_RB2out_S03_Backward,253985,250314,98.554639
2024,W+0_RB2out_S03_Forward,272600,245572,90.085106
2024,W+0_RB2out_S04_Backward,0,0,
2024,W+0_RB2out_S04_Forward,0,0,
2024,W+0_RB2out_S05_Backward,237857,232932,97.929428
2024,W+0_RB2out_S05_Forward,254555,244642,96.105753
2024,W+0_RB2out_S06_Backward,240157,228969,95.341381
2024,W+0_RB2out_S06_Forward,258440,251444,97.292989
2024,W+0_RB2out_S07_Backward,239936,236288,98.479595
2024,W+0_RB2out_S07_Forward,258622,243681,94.222843
2024,W+0_RB2out_S08_Backward,0,0,
2024,W+0_RB2out_S08_Forward,0,0,
2024,W+0_RB2out_S09_Backward,233544,220732,94.514096
2024,W+0_RB2out_S09_Forward,252866,239877,94.863287
2024,W+0_RB2out_S10_Backward,232217,225728,97.205631
2024,W+0_RB2out_S10_Forward,253486,245956,97.029422
2024,W+0_RB2out_S11_Backward,211599,203788,96.308584
2024,W+0_RB2out_S11_Forward,244593,230842,94.378008
2024,W+0_RB2out_S12_Backward,239941,232234,96.787960
2024,W+0_RB2out_S12_Forward,258352,249844,96.706819
2024,W+0_RB3+_S01_Backward,100953,97588,96.666766
2024,W+0_RB3+_S01_Forward,109607,107688,98.249199
2024,W+0_RB3+_S02_Backward,0,0,
2024,W+0_RB3+_S02_Forward,0,0,
2024,W+0_RB3+_S03_Backward,103052,101010,98.018476
2024,W+0_RB3+_S03_Forward,113515,111257,98.010836
2024,W+0_RB3+_S04_Backward,0,0,
2024,W+0_RB3+_S04_Forward,0,0,
2024,W+0_RB3+_S05_Backward,0,0,
2024,W+0_RB3+_S05_Forward,0,0,
2024,W+0_RB3+_S06_Backward,0,0,
2024,W+0_RB3+_S06_Forward,0,0,
2024,W+0_RB3+_S07_Backward,103277,90779,87.898564
2024,W+0_RB3+_S07_Forward,111893,100679,89.977925
2024,W+0_RB3+_S08_Backward,0,0,
2024,W+0_RB3+_S08_Forward,0,0,
2024,W+0_RB3+_S09_Backward,0,0,
2024,W+0_RB3+_S09_Forward,0,0,
2024,W+0_RB3+_S10_Backward,98646,95253,96.560428
2024,W+0_RB3+_S10_Forward,108328,105284,97.190016
2024,W+0_RB3+_S11_Backward,0,0,
2024,W+0_RB3+_S11_Forward,0,0,
2024,W+0_RB3+_S12_Backward,0,0,
2024,W+0_RB3+_S12_Forward,0,0,
2024,W+0_RB3-_S01_Backward,103799,101456,97.742753
2024,W+0_RB3-_S01_Forward,113162,110580,97.718315
2024,W+0_RB3-_S02_Backward,102101,100788,98.714018
2024,W+0_RB3-_S02_Forward,111891,99364,88.804283
2024,W+0_RB3-_S03_Backward,106925,104915,98.120178
2024,W+0_RB3-_S03_Forward,115627,71837,62.128223
2024,W+0_RB3-_S04_Backward,0,0,
2024,W+0_RB3-_S04_Forward,0,0,
2024,W+0_RB3-_S05_Backward,0,0,
2024,W+0_RB3-_S05_Forward,0,0,
2024,W+0_RB3-_S06_Backward,0,0,
2024,W+0_RB3-_S06_Forward,0,0,
2024,W+0_RB3-_S07_Backward,105359,103511,98.245997
2024,W+0_RB3-_S07_Forward,113291,110214,97.283985
2024,W+0_RB3-_S08_Backward,0,0,
2024,W+0_RB3-_S08_Forward,0,0,
2024,W+0_RB3-_S09_Backward,0,0,
2024,W+0_RB3-_S09_Forward,0,0,
2024,W+0_RB3-_S10_Backward,101443,95402,94.044932
2024,W+0_RB3-_S10_Forward,110771,90922,82.081050
2024,W+0_RB3-_S11_Backward,0,0,
2024,W+0_RB3-_S11_Forward,0,0,
2024,W+0_RB3-_S12_Backward,0,0,
2024,W+0_RB3-_S12_Forward,0,0,
2024,W+0_RB4++_S04_Backward,0,0,
2024,W+0_RB4++_S04_Forward,0,0,
2024,W+0_RB4+_S01_Backward,104472,101404,97.063328
2024,W+0_RB4+_S01_Forward,113678,108254,95.228628
2024,W+0_RB4+_S02_Backward,103800,72923,70.253372
2024,W+0_RB4+_S02_Forward,112902,104221,92.311031
2024,W+0_RB4+_S03_Backward,108380,105373,97.225503
2024,W+0_RB4+_S03_Forward,117437,113276,96.456824
2024,W+0_RB4+_S04_Backward,0,0,
2024,W+0_RB4+_S04_Forward,0,0,
2024,W+0_RB4+_S05_Backward,97117,94337,97.137473
2024,W+0_RB4+_S05_Forward,103751,99614,96.012569
2024,W+0_RB4+_S06_Backward,96864,94635,97.698835
2024,W+0_RB4+_S06_Forward,103507,100845,97.428193
2024,W+0_RB4+_S07_Backward,0,0,
2024,W+0_RB4+_S07_Forward,0,0,
2024,W+0_RB4+_S08_Backward,71288,60230,84.488273
2024,W+0_RB4+_S08_Forward,77325,73702,95.314581
2024,W+0_RB4+_S10_Backward,122859,120056,97.718523
2024,W+0_RB4+_S10_Forward,134599,108063,80.285143
2024,W+0_RB4+_S12_Backward,107181,104561,97.555537
2024,W+0_RB4+_S12_Forward,115451,112365,97.327005
2024,W+0_RB4--_S04_Backward,67395,65302,96.894428
2024,W+0_RB4--_S04_Forward,71424,69027,96.643985
2024,W+0_RB4-_S01_Backward,0,0,
2024,W+0_RB4-_S01_Forward,0,0,
2024,W+0_RB4-_S02_Backward,95272,92716,97.317155
2024,W+0_RB4-_S02_Forward,102896,96420,93.706267
2024,W+0_RB4-_S03_Backward,95494,94062,98.500429
2024,W+0_RB4-_S03_Forward,103194,99690,96.604454
2024,W+0_RB4-_S04_Backward,75944,73331,96.559307
2024,W+0_RB4-_S04_Forward,81683,79740,97.621292
2024,W+0_RB4-_S05_Backward,105208,101866,96.823435
2024,W+0_RB4-_S05_Forward,113025,108390,95.899137
2024,W+0_RB4-_S06_Backward,106498,103377,97.069429
2024,W+0_RB4-_S06_Forward,114700,110622,96.444638
2024,W+0_RB4-_S07_Backward,0,0,
2024,W+0_RB4-_S07_Forward,0,0,
2024,W+0_RB4-_S08_Backward,106754,104612,97.993518
2024,W+0_RB4-_S08_Forward,116171,109378,94.152585
2024,W+0_RB4-_S10_Backward,124847,120959,96.885788
2024,W+0_RB4-_S10_Forward,135762,132129,97.323993
2024,W+0_RB4-_S12_Backward,71457,70527,98.698518
2024,W+0_RB4-_S12_Forward,75339,67224,89.228686
2024,W+0_RB4_S09_Backward,102616,96437,93.978522
2024,W+0_RB4_S09_Forward,110874,106772,96.300305
2024,W+0_RB4_S11_Backward,92177,83159,90.216648
2024,W+0_RB4_S11_Forward,105912,101696,96.019337
2024,W+1_RB1in_S01_Backward,271904,266392,97.972814
2024,W+1_RB1in_S01_Forward,251064,229260,91.315362
2024,W+1_RB1in_S02_Backward,273694,268095,97.954285
2024,W+1_RB1in_S02_Forward,249126,242119,97.187367
2024,W+1_RB1in_S03_Backward,276320,268455,97.153662
2024,W+1_RB1in_S03_Forward,253018,247373,97.768933
2024,W+1_RB1in_S04_Backward,213291,206675,96.898134
2024,W+1_RB1in_S04_Forward,202405,199319,98.475334
2024,W+1_RB1in_S05_Backward,273975,257851,94.114791
2024,W+1_RB1in_S05_Forward,251471,248808,98.941031
2024,W+1_RB1in_S06_Backward,276445,267484,96.758487
2024,W+1_RB1in_S06_Forward,252951,214901,84.957561
2024,W+1_RB1in_S07_Backward,0,0,
2024,W+1_RB1in_S07_Forward,0,0,
2024,W+1_RB1in_S08_Backward,274104,265525,96.870166
2024,W+1_RB1in_S08_Forward,251715,234418,93.128340
2024,W+1_RB1in_S09_Backward,267805,260889,97.417524
2024,W+1_RB1in_S09_Forward,245522,240691,98.032356
2024,W+1_RB1in_S10_Backward,270168,256974,95.116372
2024,W+1_RB1in_S10_Forward,246851,239755,97.125391
2024,W+1_RB1in_S11_Backward,273183,263952,96.620946
2024,W+1_RB1in_S11_Forward,249424,244210,97.909584
2024,W+1_RB1in_S12_Backward,275745,237202,86.022231
2024,W+1_RB1in_S12_Forward,253458,248098,97.885251
2024,W+1_RB1out_S01_Backward,237430,201914,85.041486
2024,W+1_RB1out_S01_Forward,221140,218216,98.677761
2024,W+1_RB1out_S02_Backward,238743,207302,86.830609
2024,W+1_RB1out_S02_Forward,220161,206929,93.989853
2024,W+1_RB1out_S03_Backward,241279,212382,88.023409
2024,W+1_RB1out_S03_Forward,223183,221090,99.062205
2024,W+1_RB1out_S04_Backward,186758,182028,97.467311
2024,W+1_RB1out_S04_Forward,178766,156907,87.772283
2024,W+1_RB1out_S05_Backward,0,0,
2024,W+1_RB1out_S05_Forward,0,0,
2024,W+1_RB1out_S06_Backward,241046,222957,92.495623
2024,W+1_RB1out_S06_Forward,224074,221343,98.781206
2024,W+1_RB1out_S07_Backward,241855,235434,97.345103
2024,W+1_RB1out_S07_Forward,223757,219452,98.076038
2024,W+1_RB1out_S08_Backward,238972,229264,95.937599
2024,W+1_RB1out_S08_Forward,222728,218450,98.079272
2024,W+1_RB1out_S09_Backward,234018,223600,95.548206
2024,W+1_RB1out_S09_Forward,216497,213287,98.517300
2024,W+1_RB1out_S10_Backward,236149,225034,95.293226
2024,W+1_RB1out_S10_Forward,218646,211452,96.709750
2024,W+1_RB1out_S11_Backward,238035,211028,88.654190
2024,W+1_RB1out_S11_Forward,219902,217609,98.957263
2024,W+1_RB1out_S12_Backward,240936,235873,97.898612
2024,W+1_RB1out_S12_Forward,223056,219134,98.241697
2024,W+1_RB2in_S01_Backward,151163,138831,91.841919
2024,W+1_RB2in_S01_Forward,144533,142055,98.285513
2024,W+1_RB2in_S01_Middle,146062,143660,98.355493
2024,W+1_RB2in_S02_Backward,0,0,
2024,W+1_RB2in_S02_Forward,0,0,
2024,W+1_RB2in_S02_Middle,0,0,
2024,W+1_RB2in_S03_Backward,152479,150047,98.405026
2024,W+1_RB2in_S03_Forward,143714,136987,95.319176
2024,W+1_RB2in_S03_Middle,146726,144027,98.160517
2024,W+1_RB2in_S04_Backward,101879,94288,92.549004
2024,W+1_RB2in_S04_Forward,102392,101095,98.733299
2024,W+1_RB2in_S04_Middle,143675,140515,97.800592
2024,W+1_RB2in_S05_Backward,151921,149701,98.538714
2024,W+1_RB2in_S05_Forward,144202,138649,96.149152
2024,W+1_RB2in_S05_Middle,145732,143615,98.547333
2024,W+1_RB2in_S06_Backward,152916,150602,98.486751
2024,W+1_RB2in_S06_Forward,145981,141716,97.078387
2024,W+1_RB2in_S06_Middle,147631,145942,98.855931
2024,W+1_RB2in_S07_Backward,153733,150046,97.601686
2024,W+1_RB2in_S07_Forward,145374,142574,98.073933
2024,W+1_RB2in_S07_Middle,147791,143529,97.116198
2024,W+1_RB2in_S08_Backward,152197,148011,97.249617
2024,W+1_RB2in_S08_Forward,145622,142632,97.946739
2024,W+1_RB2in_S08_Middle,147481,144869,98.228924
2024,W+1_RB2in_S09_Backward,150184,135910,90.495659
2024,W+1_RB2in_S09_Forward,142442,140656,98.746156
2024,W+1_RB2in_S09_Middle,142549,140313,98.431417
2024,W+1_RB2in_S10_Backward,150249,144970,96.486499
2024,W+1_RB2in_S10_Forward,141955,138089,97.276602
2024,W+1_RB2in_S10_Middle,143821,139602,97.066492
2024,W+1_RB2in_S11_Backward,151166,110890,73.356443
2024,W+1_RB2in_S11_Forward,144851,105382,72.752000
2024,W+1_RB2in_S11_Middle,144916,107890,74.450026
2024,W+1_RB2in_S12_Backward,152590,147985,96.982109
2024,W+1_RB2in_S12_Forward,145060,119455,82.348683
2024,W+1_RB2in_S12_Middle,146866,141724,96.498849
2024,W+1_RB2out_S01_Backward,217853,210618,96.678953
2024,W+1_RB2out_S01_Forward,210195,206429,98.208330
2024,W+1_RB2out_S02_Backward,0,0,
2024,W+1_RB2out_S02_Forward,0,0,
2024,W+1_RB2out_S03_Backward,0,0,
2024,W+1_RB2out_S03_Forward,0,0,
2024,W+1_RB2out_S04_Backward,174623,168937,96.743842
2024,W+1_RB2out_S04_Forward,170818,163238,95.562529
2024,W+1_RB2out_S05_Backward,0,0,
2024,W+1_RB2out_S05_Forward,0,0,
2024,W+1_RB2out_S06_Backward,221276,214965,97.147906
2024,W+1_RB2out_S06_Forward,211548,206347,97.541456
2024,W+1_RB2out_S07_Backward,221229,214273,96.855747
2024,W+1_RB2out_S07_Forward,211740,208595,98.514688
2024,W+1_RB2out_S08_Backward,220094,213140,96.840441
2024,W+1_RB2out_S08_Forward,211951,195482,92.229808
2024,W+1_RB2out_S09_Backward,216574,201542,93.059185
2024,W+1_RB2out_S09_Forward,205321,201056,97.922765
2024,W+1_RB2out_S10_Backward,216966,210505,97.022114
2024,W+1_RB2out_S10_Forward,206385,195667,94.806793
2024,W+1_RB2out_S11_Backward,218966,215334,98.341295
2024,W+1_RB2out_S11_Forward,209844,193864,92.384819
2024,W+1_RB2out_S12_Backward,0,0,
2024,W+1_RB2out_S12_Forward,211395,202860,95.962535
2024,W+1_RB3+_S01_Backward,97955,95726,97.724465
2024,W+1_RB3+_S01_Forward,94043,92299,98.145529
2024,W+1_RB3+_S02_Backward,98990,93590,94.544904
2024,W+1_RB3+_S02_Forward,94603,78367,82.837754
2024,W+1_RB3+_S03_Backward,100552,98033,97.494829
2024,W+1_RB3+_S03_Forward,95875,93254,97.266232
2024,W+1_RB3+_S04_Backward,0,0,
2024,W+1_RB3+_S04_Forward,0,0,
2024,W+1_RB3+_S05_Backward,99732,97355,97.616613
2024,W+1_RB3+_S05_Forward,95142,94084,98.887978
2024,W+1_RB3+_S06_Backward,99587,97414,97.817988
2024,W+1_RB3+_S06_Forward,95518,91362,95.648988
2024,W+1_RB3+_S07_Backward,0,0,
2024,W+1_RB3+_S07_Forward,0,0,
2024,W+1_RB3+_S08_Backward,98809,95582,96.734103
2024,W+1_RB3+_S08_Forward,95093,92512,97.285815
2024,W+1_RB3+_S09_Backward,99090,81495,82.243415
2024,W+1_RB3+_S09_Forward,92823,91128,98.173944
2024,W+1_RB3+_S10_Backward,98077,94767,96.625101
2024,W+1_RB3+_S10_Forward,93047,89804,96.514665
2024,W+1_RB3+_S11_Backward,99924,97999,98.073536
2024,W+1_RB3+_S11_Forward,94851,92600,97.626804
2024,W+1_RB3+_S12_Backward,99281,95590,96.282270
2024,W+1_RB3+_S12_Forward,95097,89030,93.620198
2024,W+1_RB3-_S01_Backward,99879,92773,92.885391
2024,W+1_RB3-_S01_Forward,96898,95689,98.752296
2024,W+1_RB3-_S02_Backward,99391,97256,97.851918
2024,W+1_RB3-_S02_Forward,96113,93742,97.533112
2024,W+1_RB3-_S03_Backward,101290,99250,97.985981
2024,W+1_RB3-_S03_Forward,96985,93905,96.824251
2024,W+1_RB3-_S04_Backward,0,0,
2024,W+1_RB3-_S04_Forward,0,0,
2024,W+1_RB3-_S05_Backward,99763,91108,91.324439
2024,W+1_RB3-_S05_Forward,96609,95226,98.568456
2024,W+1_RB3-_S06_Backward,101395,99447,98.078801
2024,W+1_RB3-_S06_Forward,97918,92641,94.610797
2024,W+1_RB3-_S07_Backward,101695,98891,97.242736
2024,W+1_RB3-_S07_Forward,97259,94602,97.268119
2024,W+1_RB3-_S08_Backward,100747,99347,98.610380
2024,W+1_RB3-_S08_Forward,97694,87538,89.604275
2024,W+1_RB3-_S09_Backward,100494,98468,97.983959
2024,W+1_RB3-_S09_Forward,94599,64635,68.325247
2024,W+1_RB3-_S10_Backward,100880,96586,95.743458
2024,W+1_RB3-_S10_Forward,95187,92747,97.436625
2024,W+1_RB3-_S11_Backward,101980,96788,94.908806
2024,W+1_RB3-_S11_Forward,96341,93485,97.035530
2024,W+1_RB3-_S12_Backward,101325,97127,95.856896
2024,W+1_RB3-_S12_Forward,97441,94516,96.998184
2024,W+1_RB4++_S04_Backward,0,0,
2024,W+1_RB4++_S04_Forward,0,0,
2024,W+1_RB4+_S01_Backward,104293,99537,95.439771
2024,W+1_RB4+_S01_Forward,101204,96227,95.082210
2024,W+1_RB4+_S02_Backward,105000,102986,98.081905
2024,W+1_RB4+_S02_Forward,101431,98436,97.047254
2024,W+1_RB4+_S03_Backward,112897,109480,96.973347
2024,W+1_RB4+_S03_Forward,102295,99711,97.473972
2024,W+1_RB4+_S04_Backward,0,0,
2024,W+1_RB4+_S04_Forward,0,0,
2024,W+1_RB4+_S05_Backward,102737,101083,98.390064
2024,W+1_RB4+_S05_Forward,94614,91789,97.014184
2024,W+1_RB4+_S06_Backward,102693,99465,96.856650
2024,W+1_RB4+_S06_Forward,94217,91790,97.424032
2024,W+1_RB4+_S07_Backward,103685,99942,96.390027
2024,W+1_RB4+_S07_Forward,94844,92749,97.791110
2024,W+1_RB4+_S08_Backward,75331,73585,97.682229
2024,W+1_RB4+_S08_Forward,69244,67296,97.186760
2024,W+1_RB4+_S10_Backward,130622,126988,97.217927
2024,W+1_RB4+_S10_Forward,122445,118584,96.846748
2024,W+1_RB4+_S12_Backward,105906,101613,95.946405
2024,W+1_RB4+_S12_Forward,102355,99126,96.845293
2024,W+1_RB4--_S04_Backward,0,0,
2024,W+1_RB4--_S04_Forward,0,0,
2024,W+1_RB4-_S01_Backward,101884,97386,95.585175
2024,W+1_RB4-_S01_Forward,94008,68370,72.727853
2024,W+1_RB4-_S02_Backward,100542,97709,97.182272
2024,W+1_RB4-_S02_Forward,92534,89141,96.333240
2024,W+1_RB4-_S03_Backward,101372,98983,97.643333
2024,W+1_RB4-_S03_Forward,93307,90932,97.454639
2024,W+1_RB4-_S04_Backward,0,0,
2024,W+1_RB4-_S04_Forward,0,0,
2024,W+1_RB4-_S05_Backward,104724,102128,97.521103
2024,W+1_RB4-_S05_Forward,101218,98032,96.852339
2024,W+1_RB4-_S06_Backward,106182,99397,93.610028
2024,W+1_RB4-_S06_Forward,102421,101055,98.666289
2024,W+1_RB4-_S07_Backward,106791,105414,98.710565
2024,W+1_RB4-_S07_Forward,102823,95270,92.654367
2024,W+1_RB4-_S08_Backward,105384,103245,97.970280
2024,W+1_RB4-_S08_Forward,101909,97556,95.728542
2024,W+1_RB4-_S10_Backward,0,0,
2024,W+1_RB4-_S10_Forward,0,0,
2024,W+1_RB4-_S12_Backward,76605,73892,96.458456
2024,W+1_RB4-_S12_Forward,70033,67857,96.892893
2024,W+1_RB4_S09_Backward,102430,99784,97.416772
2024,W+1_RB4_S09_Forward,98649,96656,97.979706
2024,W+1_RB4_S11_Backward,103464,99805,96.463504
2024,W+1_RB4_S11_Forward,100142,98237,98.097701
2024,W+2_RB1in_S01_Backward,187233,184677,98.634856
2024,W+2_RB1in_S01_Forward,163377,162267,99.320590
2024,W+2_RB1in_S02_Backward,185654,178116,95.939759
2024,W+2_RB1in_S02_Forward,163310,160238,98.118915
2024,W+2_RB1in_S03_Backward,189354,184210,97.283395
2024,W+2_RB1in_S03_Forward,162798,160245,98.431799
2024,W+2_RB1in_S04_Backward,186735,183019,98.010014
2024,W+2_RB1in_S04_Forward,162353,160669,98.962754
2024,W+2_RB1in_S05_Backward,0,0,
2024,W+2_RB1in_S05_Forward,0,0,
2024,W+2_RB1in_S06_Backward,188267,185597,98.581801
2024,W+2_RB1in_S06_Forward,164980,162400,98.436174
2024,W+2_RB1in_S07_Backward,0,0,
2024,W+2_RB1in_S07_Forward,0,0,
2024,W+2_RB1in_S08_Backward,185936,155410,83.582523
2024,W+2_RB1in_S08_Forward,163695,130681,79.832005
2024,W+2_RB1in_S09_Backward,183715,168530,91.734480
2024,W+2_RB1in_S09_Forward,158669,156073,98.363890
2024,W+2_RB1in_S10_Backward,183542,168458,91.781718
2024,W+2_RB1in_S10_Forward,158841,148242,93.327290
2024,W+2_RB1in_S11_Backward,185163,175072,94.550207
2024,W+2_RB1in_S11_Forward,158410,155973,98.461587
2024,W+2_RB1in_S12_Backward,0,0,
2024,W+2_RB1in_S12_Forward,162136,158953,98.036833
2024,W+2_RB1out_S01_Backward,172862,159964,92.538557
2024,W+2_RB1out_S01_Forward,0,0,
2024,W+2_RB1out_S02_Backward,170700,154122,90.288225
2024,W+2_RB1out_S02_Forward,150280,148876,99.065744
2024,W+2_RB1out_S03_Backward,174058,170835,98.148318
2024,W+2_RB1out_S03_Forward,149794,147799,98.668171
2024,W+2_RB1out_S04_Backward,0,0,
2024,W+2_RB1out_S04_Forward,0,0,
2024,W+2_RB1out_S05_Backward,185413,181544,97.913307
2024,W+2_RB1out_S05_Forward,158493,156693,98.864303
2024,W+2_RB1out_S06_Backward,172697,170921,98.971609
2024,W+2_RB1out_S06_Forward,151606,150179,99.058744
2024,W+2_RB1out_S07_Backward,0,0,
2024,W+2_RB1out_S07_Forward,0,0,
2024,W+2_RB1out_S08_Backward,172138,162653,94.489886
2024,W+2_RB1out_S08_Forward,149730,146036,97.532893
2024,W+2_RB1out_S09_Backward,169087,128468,75.977455
2024,W+2_RB1out_S09_Forward,145797,139042,95.366846
2024,W+2_RB1out_S10_Backward,169526,160234,94.518835
2024,W+2_RB1out_S10_Forward,146125,138627,94.868777
2024,W+2_RB1out_S11_Backward,169740,163159,96.122894
2024,W+2_RB1out_S11_Forward,145133,143113,98.608173
2024,W+2_RB1out_S12_Backward,175509,160852,91.648861
2024,W+2_RB1out_S12_Forward,0,0,
2024,W+2_RB2in_S01_Backward,190529,186304,97.782490
2024,W+2_RB2in_S01_Forward,165090,162318,98.320916
2024,W+2_RB2in_S02_Backward,183180,179216,97.836008
2024,W+2_RB2in_S02_Forward,164355,160882,97.886891
2024,W+2_RB2in_S03_Backward,185247,181843,98.162453
2024,W+2_RB2in_S03_Forward,0,0,
2024,W+2_RB2in_S04_Backward,186968,182118,97.405973
2024,W+2_RB2in_S04_Forward,165661,163530,98.713638
2024,W+2_RB2in_S05_Backward,0,0,
2024,W+2_RB2in_S05_Forward,0,0,
2024,W+2_RB2in_S06_Backward,189183,187049,98.871992
2024,W+2_RB2in_S06_Forward,171289,168899,98.604697
2024,W+2_RB2in_S07_Backward,186530,182285,97.724227
2024,W+2_RB2in_S07_Forward,165023,162650,98.562019
2024,W+2_RB2in_S08_Backward,0,0,
2024,W+2_RB2in_S08_Forward,0,0,
2024,W+2_RB2in_S09_Backward,183910,179377,97.535207
2024,W+2_RB2in_S09_Forward,161684,158452,98.001039
2024,W+2_RB2in_S10_Backward,182269,170642,93.620967
2024,W+2_RB2in_S10_Forward,161580,153180,94.801337
2024,W+2_RB2in_S11_Backward,184306,181927,98.709212
2024,W+2_RB2in_S11_Forward,161064,157366,97.704018
2024,W+2_RB2in_S12_Backward,187837,184863,98.416712
2024,W+2_RB2in_S12_Forward,167203,163589,97.838556
2024,W+2_RB2out_S01_Backward,101806,99883,98.111113
2024,W+2_RB2out_S01_Forward,93758,92533,98.693445
2024,W+2_RB2out_S01_Middle,102073,86357,84.603176
2024,W+2_RB2out_S02_Backward,99177,97626,98.436129
2024,W+2_RB2out_S02_Forward,93706,92701,98.927497
2024,W+2_RB2out_S02_Middle,98355,96204,97.813024
2024,W+2_RB2out_S03_Backward,100817,82163,81.497168
2024,W+2_RB2out_S03_Forward,95028,91912,96.720966
2024,W+2_RB2out_S03_Middle,99296,97463,98.154004
2024,W+2_RB2out_S04_Backward,101205,98333,97.162196
2024,W+2_RB2out_S04_Forward,94839,88668,93.493183
2024,W+2_RB2out_S04_Middle,99809,92028,92.204110
2024,W+2_RB2out_S05_Backward,101187,97418,96.275213
2024,W+2_RB2out_S05_Forward,97495,95502,97.955793
2024,W+2_RB2out_S05_Middle,102467,99839,97.435272
2024,W+2_RB2out_S06_Backward,102757,101762,99.031696
2024,W+2_RB2out_S06_Forward,98009,93174,95.066780
2024,W+2_RB2out_S06_Middle,101578,100203,98.646360
2024,W+2_RB2out_S07_Backward,101744,98500,96.811606
2024,W+2_RB2out_S07_Forward,94091,92092,97.875461
2024,W+2_RB2out_S07_Middle,99372,97397,98.012519
2024,W+2_RB2out_S08_Backward,102351,101263,98.936991
2024,W+2_RB2out_S08_Forward,94303,93149,98.776285
2024,W+2_RB2out_S08_Middle,100696,92943,92.300588
2024,W+2_RB2out_S09_Backward,99682,96762,97.070685
2024,W+2_RB2out_S09_Forward,92927,91433,98.392286
2024,W+2_RB2out_S09_Middle,97758,95835,98.032898
2024,W+2_RB2out_S10_Backward,99161,93438,94.228578
2024,W+2_RB2out_S10_Forward,92318,82455,89.316276
2024,W+2_RB2out_S10_Middle,97526,92122,94.458914
2024,W+2_RB2out_S11_Backward,101069,99526,98.473320
2024,W+2_RB2out_S11_Forward,92253,89980,97.536123
2024,W+2_RB2out_S11_Middle,97888,95462,97.521657
2024,W+2_RB2out_S12_Backward,101088,99863,98.788185
2024,W+2_RB2out_S12_Forward,95001,86624,91.182198
2024,W+2_RB2out_S12_Middle,101115,99636,98.537309
2024,W+2_RB3+_S01_Backward,75415,70771,93.842074
2024,W+2_RB3+_S01_Forward,77382,75411,97.452896
2024,W+2_RB3+_S02_Backward,75458,73329,97.178563
2024,W+2_RB3+_S02_Forward,76362,74897,98.081507
2024,W+2_RB3+_S03_Backward,76515,72786,95.126446
2024,W+2_RB3+_S03_Forward,78020,77136,98.866957
2024,W+2_RB3+_S04_Backward,74959,73263,97.737430
2024,W+2_RB3+_S04_Forward,77637,76095,98.013834
2024,W+2_RB3+_S05_Backward,75652,73791,97.540052
2024,W+2_RB3+_S05_Forward,80007,78561,98.192658
2024,W+2_RB3+_S06_Backward,76206,75453,99.011889
2024,W+2_RB3+_S06_Forward,76008,75323,99.098779
2024,W+2_RB3+_S07_Backward,0,0,
2024,W+2_RB3+_S07_Forward,0,0,
2024,W+2_RB3+_S08_Backward,75454,73198,97.010099
2024,W+2_RB3+_S08_Forward,76327,74946,98.190680
2024,W+2_RB3+_S09_Backward,74219,72502,97.686576
2024,W+2_RB3+_S09_Forward,75200,73843,98.195479
2024,W+2_RB3+_S10_Backward,0,0,
2024,W+2_RB3+_S10_Forward,0,0,
2024,W+2_RB3+_S11_Backward,75368,65583,87.017036
2024,W+2_RB3+_S11_Forward,76323,75230,98.567928
2024,W+2_RB3+_S12_Backward,0,0,
2024,W+2_RB3+_S12_Forward,0,0,
2024,W+2_RB3-_S01_Backward,0,0,
2024,W+2_RB3-_S01_Forward,0,0,
2024,W+2_RB3-_S02_Backward,76037,75122,98.796638
2024,W+2_RB3-_S02_Forward,74286,71327,96.016746
2024,W+2_RB3-_S03_Backward,77240,75641,97.929829
2024,W+2_RB3-_S03_Forward,75105,73478,97.833699
2024,W+2_RB3-_S04_Backward,78294,70650,90.236800
2024,W+2_RB3-_S04_Forward,75903,74946,98.739180
2024,W+2_RB3-_S05_Backward,77604,75573,97.382867
2024,W+2_RB3-_S05_Forward,77411,76146,98.365865
2024,W+2_RB3-_S06_Backward,78968,75495,95.602016
2024,W+2_RB3-_S06_Forward,76422,73499,96.175185
2024,W+2_RB3-_S07_Backward,78211,77255,98.777666
2024,W+2_RB3-_S07_Forward,75675,74433,98.358771
2024,W+2_RB3-_S08_Backward,78105,77083,98.691505
2024,W+2_RB3-_S08_Forward,76241,72549,95.157461
2024,W+2_RB3-_S09_Backward,0,0,
2024,W+2_RB3-_S09_Forward,0,0,
2024,W+2_RB3-_S10_Backward,76685,56266,73.372889
2024,W+2_RB3-_S10_Forward,74189,64415,86.825540
2024,W+2_RB3-_S11_Backward,0,0,
2024,W+2_RB3-_S11_Forward,0,0,
2024,W+2_RB3-_S12_Backward,0,0,
2024,W+2_RB3-_S12_Forward,0,0,
2024,W+2_RB4++_S04_Backward,54182,52596,97.072829
2024,W+2_RB4++_S04_Forward,53567,52197,97.442455
2024,W+2_RB4+_S01_Backward,0,0,
2024,W+2_RB4+_S01_Forward,81520,78840,96.712463
2024,W+2_RB4+_S02_Backward,83150,80834,97.214672
2024,W+2_RB4+_S02_Forward,80572,79070,98.135829
2024,W+2_RB4+_S03_Backward,83600,81293,97.240431
2024,W+2_RB4+_S03_Forward,81763,79697,97.473185
2024,W+2_RB4+_S04_Backward,59552,58249,97.811996
2024,W+2_RB4+_S04_Forward,58150,56752,97.595873
2024,W+2_RB4+_S05_Backward,78764,77000,97.760398
2024,W+2_RB4+_S05_Forward,78609,76937,97.873017
2024,W+2_RB4+_S06_Backward,78313,73987,94.476013
2024,W+2_RB4+_S06_Forward,77908,74408,95.507522
2024,W+2_RB4+_S07_Backward,79357,78178,98.514309
2024,W+2_RB4+_S07_Forward,79215,77790,98.201098
2024,W+2_RB4+_S08_Backward,0,0,
2024,W+2_RB4+_S08_Forward,0,0,
2024,W+2_RB4+_S10_Backward,101322,99777,98.475158
2024,W+2_RB4+_S10_Forward,99072,97441,98.353723
2024,W+2_RB4+_S12_Backward,84289,83124,98.617850
2024,W+2_RB4+_S12_Forward,81694,79046,96.758636
2024,W+2_RB4--_S04_Backward,54566,52337,95.915039
2024,W+2_RB4--_S04_Forward,53492,52342,97.850146
2024,W+2_RB4-_S01_Backward,78135,68589,87.782684
2024,W+2_RB4-_S01_Forward,78797,66101,83.887711
2024,W+2_RB4-_S02_Backward,77131,75246,97.556106
2024,W+2_RB4-_S02_Forward,76730,68085,88.733220
2024,W+2_RB4-_S03_Backward,77438,72695,93.875100
2024,W+2_RB4-_S03_Forward,76968,72329,93.972820
2024,W+2_RB4-_S04_Backward,60899,59061,96.981888
2024,W+2_RB4-_S04_Forward,59523,58167,97.721889
2024,W+2_RB4-_S05_Backward,83500,80151,95.989222
2024,W+2_RB4-_S05_Forward,81380,79379,97.541165
2024,W+2_RB4-_S06_Backward,84588,82692,97.758547
2024,W+2_RB4-_S06_Forward,82004,79332,96.741622
2024,W+2_RB4-_S07_Backward,84130,81629,97.027220
2024,W+2_RB4-_S07_Forward,82086,81146,98.854860
2024,W+2_RB4-_S08_Backward,84206,81263,96.505000
2024,W+2_RB4-_S08_Forward,81470,79002,96.970664
2024,W+2_RB4-_S10_Backward,101236,84941,83.903947
2024,W+2_RB4-_S10_Forward,99695,85526,85.787652
2024,W+2_RB4-_S12_Backward,58163,57177,98.304764
2024,W+2_RB4-_S12_Forward,57718,51990,90.075886
2024,W+2_RB4_S09_Backward,80533,74337,92.306260
2024,W+2_RB4_S09_Forward,78755,73817,93.729922
2024,W+2_RB4_S11_Backward,82946,79994,96.441058
2024,W+2_RB4_S11_Forward,79854,68270,85.493526
2024,W-1_RB1in_S01_Backward,272769,268070,98.277297
2024,W-1_RB1in_S01_Forward,251655,245936,97.727444
2024,W-1_RB1in_S02_Backward,0,0,
2024,W-1_RB1in_S02_Forward,0,0,
2024,W-1_RB1in_S03_Backward,0,0,
2024,W-1_RB1in_S03_Forward,0,0,
2024,W-1_RB1in_S04_Backward,273773,258045,94.255095
2024,W-1_RB1in_S04_Forward,250906,237689,94.732290
2024,W-1_RB1in_S05_Backward,0,0,
2024,W-1_RB1in_S05_Forward,0,0,
2024,W-1_RB1in_S06_Backward,277072,270358,97.576803
2024,W-1_RB1in_S06_Forward,253274,249335,98.444767
2024,W-1_RB1in_S07_Backward,275003,268309,97.565845
2024,W-1_RB1in_S07_Forward,251065,247025,98.390855
2024,W-1_RB1in_S08_Backward,0,0,
2024,W-1_RB1in_S08_Forward,0,0,
2024,W-1_RB1in_S09_Backward,274002,249883,91.197510
2024,W-1_RB1in_S09_Forward,247080,242046,97.962603
2024,W-1_RB1in_S10_Backward,0,0,
2024,W-1_RB1in_S10_Forward,0,0,
2024,W-1_RB1in_S11_Backward,0,0,
2024,W-1_RB1in_S11_Forward,0,0,
2024,W-1_RB1in_S12_Backward,274200,264275,96.380379
2024,W-1_RB1in_S12_Forward,252214,247563,98.155931
2024,W-1_RB1out_S01_Backward,237856,233337,98.100111
2024,W-1_RB1out_S01_Forward,221745,218841,98.690388
2024,W-1_RB1out_S02_Backward,0,0,
2024,W-1_RB1out_S02_Forward,0,0,
2024,W-1_RB1out_S03_Backward,0,0,
2024,W-1_RB1out_S03_Forward,0,0,
2024,W-1_RB1out_S04_Backward,0,0,
2024,W-1_RB1out_S04_Forward,221800,203495,91.747069
2024,W-1_RB1out_S05_Backward,236681,232718,98.325594
2024,W-1_RB1out_S05_Forward,219934,214515,97.536079
2024,W-1_RB1out_S06_Backward,242055,235961,97.482390
2024,W-1_RB1out_S06_Forward,224078,220805,98.539348
2024,W-1_RB1out_S07_Backward,239755,234178,97.673875
2024,W-1_RB1out_S07_Forward,222352,218843,98.421872
2024,W-1_RB1out_S08_Backward,0,0,
2024,W-1_RB1out_S08_Forward,0,0,
2024,W-1_RB1out_S09_Backward,239432,233696,97.604330
2024,W-1_RB1out_S09_Forward,218237,214863,98.453974
2024,W-1_RB1out_S10_Backward,0,0,
2024,W-1_RB1out_S10_Forward,0,0,
2024,W-1_RB1out_S11_Backward,0,0,
2024,W-1_RB1out_S11_Forward,0,0,
2024,W-1_RB1out_S12_Backward,239622,192044,80.144561
2024,W-1_RB1out_S12_Forward,222498,177757,79.891505
2024,W-1_RB2in_S01_Backward,0,0,
2024,W-1_RB2in_S01_Forward,0,0,
2024,W-1_RB2in_S01_Middle,0,0,
2024,W-1_RB2in_S02_Backward,149212,144856,97.080664
2024,W-1_RB2in_S02_Forward,141965,139278,98.107280
2024,W-1_RB2in_S02_Middle,143029,140752,98.408015
2024,W-1_RB2in_S03_Backward,100056,98322,98.266970
2024,W-1_RB2in_S03_Forward,101873,99086,97.264241
2024,W-1_RB2in_S03_Middle,142691,138869,97.321485
2024,W-1_RB2in_S04_Backward,153570,132915,86.550107
2024,W-1_RB2in_S04_Forward,144766,141792,97.945650
2024,W-1_RB2in_S04_Middle,146473,142357,97.189926
2024,W-1_RB2in_S05_Backward,0,0,
2024,W-1_RB2in_S05_Forward,0,0,
2024,W-1_RB2in_S05_Middle,0,0,
2024,W-1_RB2in_S06_Backward,153372,135239,88.177112
2024,W-1_RB2in_S06_Forward,146509,142538,97.289586
2024,W-1_RB2in_S06_Middle,148033,138854,93.799356
2024,W-1_RB2in_S07_Backward,153111,145826,95.242014
2024,W-1_RB2in_S07_Forward,144968,124862,86.130732
2024,W-1_RB2in_S07_Middle,147539,137064,92.900182
2024,W-1_RB2in_S08_Backward,151759,147169,96.975468
2024,W-1_RB2in_S08_Forward,144626,142084,98.242363
2024,W-1_RB2in_S08_Middle,145602,143053,98.249337
2024,W-1_RB2in_S09_Backward,151794,148407,97.768687
2024,W-1_RB2in_S09_Forward,142740,140390,98.353650
2024,W-1_RB2in_S09_Middle,145281,139970,96.344326
2024,W-1_RB2in_S10_Backward,0,0,
2024,W-1_RB2in_S10_Forward,0,0,
2024,W-1_RB2in_S10_Middle,0,0,
2024,W-1_RB2in_S11_Backward,0,0,
2024,W-1_RB2in_S11_Forward,0,0,
2024,W-1_RB2in_S11_Middle,0,0,
2024,W-1_RB2in_S12_Backward,152060,148557,97.696304
2024,W-1_RB2in_S12_Forward,143540,140863,98.135015
2024,W-1_RB2in_S12_Middle,144373,142174,98.476862
2024,W-1_RB2out_S01_Backward,0,0,
2024,W-1_RB2out_S01_Forward,0,0,
2024,W-1_RB2out_S02_Backward,215825,211299,97.902931
2024,W-1_RB2out_S02_Forward,206146,199964,97.001155
2024,W-1_RB2out_S03_Backward,172185,165870,96.332433
2024,W-1_RB2out_S03_Forward,169568,165174,97.408709
2024,W-1_RB2out_S04_Backward,0,0,
2024,W-1_RB2out_S04_Forward,210771,195928,92.957760
2024,W-1_RB2out_S05_Backward,0,0,
2024,W-1_RB2out_S05_Forward,0,0,
2024,W-1_RB2out_S06_Backward,0,0,
2024,W-1_RB2out_S06_Forward,0,0,
2024,W-1_RB2out_S07_Backward,0,0,
2024,W-1_RB2out_S07_Forward,0,0,
2024,W-1_RB2out_S08_Backward,219357,207511,94.599671
2024,W-1_RB2out_S08_Forward,210205,206533,98.253134
2024,W-1_RB2out_S09_Backward,218708,213275,97.515866
2024,W-1_RB2out_S09_Forward,208223,107999,51.866989
2024,W-1_RB2out_S10_Backward,0,0,
2024,W-1_RB2out_S10_Forward,0,0,
2024,W-1_RB2out_S11_Backward,198499,197097,99.293699
2024,W-1_RB2out_S11_Forward,194741,194295,99.770978
2024,W-1_RB2out_S12_Backward,219171,212064,96.757326
2024,W-1_RB2out_S12_Forward,208578,187880,90.076614
2024,W-1_RB3+_S01_Backward,98857,97258,98.382512
2024,W-1_RB3+_S01_Forward,94251,90998,96.548578
2024,W-1_RB3+_S02_Backward,0,0,
2024,W-1_RB3+_S02_Forward,0,0,
2024,W-1_RB3+_S03_Backward,0,0,
2024,W-1_RB3+_S03_Forward,0,0,
2024,W-1_RB3+_S04_Backward,0,0,
2024,W-1_RB3+_S04_Forward,0,0,
2024,W-1_RB3+_S05_Backward,0,0,
2024,W-1_RB3+_S05_Forward,0,0,
2024,W-1_RB3+_S06_Backward,0,0,
2024,W-1_RB3+_S06_Forward,0,0,
2024,W-1_RB3+_S07_Backward,99058,96370,97.286438
2024,W-1_RB3+_S07_Forward,94490,92959,98.379723
2024,W-1_RB3+_S08_Backward,98144,88553,90.227625
2024,W-1_RB3+_S08_Forward,93836,92247,98.306620
2024,W-1_RB3+_S09_Backward,0,0,
2024,W-1_RB3+_S09_Forward,0,0,
2024,W-1_RB3+_S10_Backward,0,0,
2024,W-1_RB3+_S10_Forward,0,0,
2024,W-1_RB3+_S11_Backward,0,0,
2024,W-1_RB3+_S11_Forward,0,0,
2024,W-1_RB3+_S12_Backward,0,0,
2024,W-1_RB3+_S12_Forward,0,0,
2024,W-1_RB3-_S01_Backward,100830,99683,98.862442
2024,W-1_RB3-_S01_Forward,96741,89871,92.898564
2024,W-1_RB3-_S02_Backward,0,0,
2024,W-1_RB3-_S02_Forward,0,0,
2024,W-1_RB3-_S03_Backward,0,0,
2024,W-1_RB3-_S03_Forward,0,0,
2024,W-1_RB3-_S04_Backward,0,0,
2024,W-1_RB3-_S04_Forward,0,0,
2024,W-1_RB3-_S05_Backward,0,0,
2024,W-1_RB3-_S05_Forward,0,0,
2024,W-1_RB3-_S06_Backward,0,0,
2024,W-1_RB3-_S06_Forward,0,0,
2024,W-1_RB3-_S07_Backward,101483,98737,97.294128
2024,W-1_RB3-_S07_Forward,98058,95814,97.711558
2024,W-1_RB3-_S08_Backward,101251,98631,97.412371
2024,W-1_RB3-_S08_Forward,97410,94764,97.283646
2024,W-1_RB3-_S09_Backward,0,0,
2024,W-1_RB3-_S09_Forward,0,0,
2024,W-1_RB3-_S10_Backward,0,0,
2024,W-1_RB3-_S10_Forward,0,0,
2024,W-1_RB3-_S11_Backward,0,0,
2024,W-1_RB3-_S11_Forward,0,0,
2024,W-1_RB3-_S12_Backward,100666,97949,97.300976
2024,W-1_RB3-_S12_Forward,95856,94073,98.139918
2024,W-1_RB4++_S04_Backward,0,0,
2024,W-1_RB4++_S04_Forward,0,0,
2024,W-1_RB4+_S01_Backward,0,0,
2024,W-1_RB4+_S01_Forward,0,0,
2024,W-1_RB4+_S02_Backward,0,0,
2024,W-1_RB4+_S02_Forward,0,0,
2024,W-1_RB4+_S03_Backward,0,0,
2024,W-1_RB4+_S03_Forward,0,0,
2024,W-1_RB4+_S04_Backward,0,0,
2024,W-1_RB4+_S04_Forward,0,0,
2024,W-1_RB4+_S05_Backward,0,0,
2024,W-1_RB4+_S05_Forward,0,0,
2024,W-1_RB4+_S06_Backward,103903,101073,97.276306
2024,W-1_RB4+_S06_Forward,95375,92716,97.212058
2024,W-1_RB4+_S07_Backward,0,0,
2024,W-1_RB4+_S07_Forward,0,0,
2024,W-1_RB4+_S08_Backward,0,0,
2024,W-1_RB4+_S08_Forward,0,0,
2024,W-1_RB4+_S10_Backward,0,0,
2024,W-1_RB4+_S10_Forward,0,0,
2024,W-1_RB4+_S12_Backward,0,0,
2024,W-1_RB4+_S12_Forward,0,0,
2024,W-1_RB4--_S04_Backward,0,0,
2024,W-1_RB4--_S04_Forward,0,0,
2024,W-1_RB4-_S01_Backward,0,0,
2024,W-1_RB4-_S01_Forward,0,0,
2024,W-1_RB4-_S02_Backward,0,0,
2024,W-1_RB4-_S02_Forward,0,0,
2024,W-1_RB4-_S03_Backward,0,0,
2024,W-1_RB4-_S03_Forward,0,0,
2024,W-1_RB4-_S04_Backward,0,0,
2024,W-1_RB4-_S04_Forward,0,0,
2024,W-1_RB4-_S05_Backward,0,0,
2024,W-1_RB4-_S05_Forward,0,0,
2024,W-1_RB4-_S06_Backward,106628,83783,78.575046
2024,W-1_RB4-_S06_Forward,102838,63636,61.879850
2024,W-1_RB4-_S07_Backward,0,0,
2024,W-1_RB4-_S07_Forward,0,0,
2024,W-1_RB4-_S08_Backward,0,0,
2024,W-1_RB4-_S08_Forward,0,0,
2024,W-1_RB4-_S10_Backward,0,0,
2024,W-1_RB4-_S10_Forward,0,0,
2024,W-1_RB4-_S12_Backward,0,0,
2024,W-1_RB4-_S12_Forward,0,0,
2024,W-1_RB4_S09_Backward,101993,97231,95.331052
2024,W-1_RB4_S09_Forward,99353,94328,94.942277
2024,W-1_RB4_S11_Backward,0,0,
2024,W-1_RB4_S11_Forward,0,0,
2024,W-2_RB1in_S01_Backward,188456,173494,92.060746
2024,W-2_RB1in_S01_Forward,166596,153654,92.231506
2024,W-2_RB1in_S02_Backward,184654,177171,95.947556
2024,W-2_RB1in_S02_Forward,158014,155245,98.247624
2024,W-2_RB1in_S03_Backward,0,0,
2024,W-2_RB1in_S03_Forward,0,0,
2024,W-2_RB1in_S04_Backward,189587,185620,97.907557
2024,W-2_RB1in_S04_Forward,163693,161208,98.481914
2024,W-2_RB1in_S05_Backward,186025,179445,96.462841
2024,W-2_RB1in_S05_Forward,162401,160924,99.090523
2024,W-2_RB1in_S06_Backward,189141,184899,97.757229
2024,W-2_RB1in_S06_Forward,162903,160780,98.696770
2024,W-2_RB1in_S07_Backward,189731,183752,96.848696
2024,W-2_RB1in_S07_Forward,164939,137457,83.338083
2024,W-2_RB1in_S08_Backward,0,0,
2024,W-2_RB1in_S08_Forward,0,0,
2024,W-2_RB1in_S09_Backward,182319,176032,96.551648
2024,W-2_RB1in_S09_Forward,158195,155877,98.534720
2024,W-2_RB1in_S10_Backward,181472,169849,93.595155
2024,W-2_RB1in_S10_Forward,160406,158243,98.651547
2024,W-2_RB1in_S11_Backward,155110,116246,74.944233
2024,W-2_RB1in_S11_Forward,141120,138628,98.234127
2024,W-2_RB1in_S12_Backward,0,0,
2024,W-2_RB1in_S12_Forward,0,0,
2024,W-2_RB1out_S01_Backward,0,0,
2024,W-2_RB1out_S01_Forward,0,0,
2024,W-2_RB1out_S02_Backward,170085,166095,97.654114
2024,W-2_RB1out_S02_Forward,145696,144006,98.840051
2024,W-2_RB1out_S03_Backward,0,0,
2024,W-2_RB1out_S03_Forward,0,0,
2024,W-2_RB1out_S04_Backward,175082,146697,83.787597
2024,W-2_RB1out_S04_Forward,151373,134644,88.948491
2024,W-2_RB1out_S05_Backward,171344,167805,97.934564
2024,W-2_RB1out_S05_Forward,147915,144226,97.506000
2024,W-2_RB1out_S06_Backward,175111,172933,98.756217
2024,W-2_RB1out_S06_Forward,150760,144140,95.608915
2024,W-2_RB1out_S07_Backward,174146,154301,88.604389
2024,W-2_RB1out_S07_Forward,149358,142514,95.417721
2024,W-2_RB1out_S08_Backward,0,0,
2024,W-2_RB1out_S08_Forward,0,0,
2024,W-2_RB1out_S09_Backward,167588,143457,85.600998
2024,W-2_RB1out_S09_Forward,144777,124756,86.171146
2024,W-2_RB1out_S10_Backward,169393,159430,94.118411
2024,W-2_RB1out_S10_Forward,146190,144469,98.822765
2024,W-2_RB1out_S11_Backward,149050,138342,92.815834
2024,W-2_RB1out_S11_Forward,122293,120213,98.299167
2024,W-2_RB1out_S12_Backward,172481,170285,98.726816
2024,W-2_RB1out_S12_Forward,149922,136426,90.997986
2024,W-2_RB2in_S01_Backward,186787,169966,90.994555
2024,W-2_RB2in_S01_Forward,166565,154716,92.886261
2024,W-2_RB2in_S02_Backward,185620,182232,98.174766
2024,W-2_RB2in_S02_Forward,161983,156200,96.429872
2024,W-2_RB2in_S03_Backward,0,0,
2024,W-2_RB2in_S03_Forward,0,0,
2024,W-2_RB2in_S04_Backward,0,0,
2024,W-2_RB2in_S04_Forward,0,0,
2024,W-2_RB2in_S05_Backward,0,0,
2024,W-2_RB2in_S05_Forward,0,0,
2024,W-2_RB2in_S06_Backward,0,0,
2024,W-2_RB2in_S06_Forward,0,0,
2024,W-2_RB2in_S07_Backward,187130,184987,98.854807
2024,W-2_RB2in_S07_Forward,165751,138288,83.431171
2024,W-2_RB2in_S08_Backward,191154,186321,97.471672
2024,W-2_RB2in_S08_Forward,180184,175936,97.642410
2024,W-2_RB2in_S09_Backward,186466,184603,99.000890
2024,W-2_RB2in_S09_Forward,163347,158661,97.131260
2024,W-2_RB2in_S10_Backward,183940,179649,97.667174
2024,W-2_RB2in_S10_Forward,160934,156478,97.231163
2024,W-2_RB2in_S11_Backward,168630,162911,96.608551
2024,W-2_RB2in_S11_Forward,132317,129505,97.874801
2024,W-2_RB2in_S12_Backward,187675,174762,93.119488
2024,W-2_RB2in_S12_Forward,163273,161127,98.685637
2024,W-2_RB2out_S01_Backward,0,0,
2024,W-2_RB2out_S01_Forward,0,0,
2024,W-2_RB2out_S01_Middle,0,0,
2024,W-2_RB2out_S02_Backward,99274,97839,98.554506
2024,W-2_RB2out_S02_Forward,92080,90979,98.804301
2024,W-2_RB2out_S02_Middle,99761,96240,96.470565
2024,W-2_RB2out_S03_Backward,0,0,
2024,W-2_RB2out_S03_Forward,0,0,
2024,W-2_RB2out_S03_Middle,0,0,
2024,W-2_RB2out_S04_Backward,0,0,
2024,W-2_RB2out_S04_Forward,0,0,
2024,W-2_RB2out_S04_Middle,0,0,
2024,W-2_RB2out_S05_Backward,0,0,
2024,W-2_RB2out_S05_Forward,0,0,
2024,W-2_RB2out_S05_Middle,0,0,
2024,W-2_RB2out_S06_Backward,102610,100798,98.234090
2024,W-2_RB2out_S06_Forward,95077,93801,98.657930
2024,W-2_RB2out_S06_Middle,100681,98841,98.172446
2024,W-2_RB2out_S07_Backward,0,0,
2024,W-2_RB2out_S07_Forward,0,0,
2024,W-2_RB2out_S07_Middle,0,0,
2024,W-2_RB2out_S08_Backward,102118,99308,97.248281
2024,W-2_RB2out_S08_Forward,105115,103466,98.431242
2024,W-2_RB2out_S08_Middle,103727,101175,97.539696
2024,W-2_RB2out_S09_Backward,99610,98304,98.688887
2024,W-2_RB2out_S09_Forward,92430,88821,96.095424
2024,W-2_RB2out_S09_Middle,100211,97981,97.774695
2024,W-2_RB2out_S10_Backward,0,0,
2024,W-2_RB2out_S10_Forward,0,0,
2024,W-2_RB2out_S10_Middle,0,0,
2024,W-2_RB2out_S11_Backward,0,0,
2024,W-2_RB2out_S11_Forward,0,0,
2024,W-2_RB2out_S11_Middle,0,0,
2024,W-2_RB2out_S12_Backward,100680,98426,97.761224
2024,W-2_RB2out_S12_Forward,93277,91513,98.108859
2024,W-2_RB2out_S12_Middle,100948,96326,95.421405
2024,W-2_RB3+_S01_Backward,75664,69647,92.047737
2024,W-2_RB3+_S01_Forward,78280,73107,93.391671
2024,W-2_RB3+_S02_Backward,73961,69329,93.737240
2024,W-2_RB3+_S02_Forward,75809,74741,98.591196
2024,W-2_RB3+_S03_Backward,0,0,
2024,W-2_RB3+_S03_Forward,0,0,
2024,W-2_RB3+_S04_Backward,0,0,
2024,W-2_RB3+_S04_Forward,0,0,
2024,W-2_RB3+_S05_Backward,75797,72321,95.414067
2024,W-2_RB3+_S05_Forward,76129,74841,98.308135
2024,W-2_RB3+_S06_Backward,0,0,
2024,W-2_RB3+_S06_Forward,0,0,
2024,W-2_RB3+_S07_Backward,75595,69523,91.967723
2024,W-2_RB3+_S07_Forward,76395,68982,90.296485
2024,W-2_RB3+_S08_Backward,0,0,
2024,W-2_RB3+_S08_Forward,0,0,
2024,W-2_RB3+_S09_Backward,74591,70477,94.484589
2024,W-2_RB3+_S09_Forward,74980,71058,94.769272
2024,W-2_RB3+_S10_Backward,0,0,
2024,W-2_RB3+_S10_Forward,0,0,
2024,W-2_RB3+_S11_Backward,0,0,
2024,W-2_RB3+_S11_Forward,0,0,
2024,W-2_RB3+_S12_Backward,76191,74626,97.945952
2024,W-2_RB3+_S12_Forward,77607,75045,96.698751
2024,W-2_RB3-_S01_Backward,77630,60607,78.071622
2024,W-2_RB3-_S01_Forward,75653,58782,77.699496
2024,W-2_RB3-_S02_Backward,76518,75018,98.039677
2024,W-2_RB3-_S02_Forward,75346,73884,98.059618
2024,W-2_RB3-_S03_Backward,77973,75562,96.907904
2024,W-2_RB3-_S03_Forward,76228,74564,97.817075
2024,W-2_RB3-_S04_Backward,0,0,
2024,W-2_RB3-_S04_Forward,0,0,
2024,W-2_RB3-_S05_Backward,0,0,
2024,W-2_RB3-_S05_Forward,0,0,
2024,W-2_RB3-_S06_Backward,78227,68200,87.182175
2024,W-2_RB3-_S06_Forward,75686,73966,97.727453
2024,W-2_RB3-_S07_Backward,78012,49101,62.940317
2024,W-2_RB3-_S07_Forward,76277,62317,81.698284
2024,W-2_RB3-_S08_Backward,78721,71764,91.162460
2024,W-2_RB3-_S08_Forward,77212,76227,98.724292
2024,W-2_RB3-_S09_Backward,77246,75935,98.302825
2024,W-2_RB3-_S09_Forward,73476,72569,98.765583
2024,W-2_RB3-_S10_Backward,0,0,
2024,W-2_RB3-_S10_Forward,0,0,
2024,W-2_RB3-_S11_Backward,0,0,
2024,W-2_RB3-_S11_Forward,0,0,
2024,W-2_RB3-_S12_Backward,0,0,
2024,W-2_RB3-_S12_Forward,0,0,
2024,W-2_RB4++_S04_Backward,52961,51952,98.094824
2024,W-2_RB4++_S04_Forward,53046,47592,89.718358
2024,W-2_RB4+_S01_Backward,83876,75629,90.167628
2024,W-2_RB4+_S01_Forward,81367,75956,93.349884
2024,W-2_RB4+_S02_Backward,82437,72616,88.086660
2024,W-2_RB4+_S02_Forward,79880,75256,94.211317
2024,W-2_RB4+_S03_Backward,83538,79044,94.620412
2024,W-2_RB4+_S03_Forward,81604,78431,96.111710
2024,W-2_RB4+_S04_Backward,0,0,
2024,W-2_RB4+_S04_Forward,0,0,
2024,W-2_RB4+_S05_Backward,0,0,
2024,W-2_RB4+_S05_Forward,0,0,
2024,W-2_RB4+_S06_Backward,79371,77589,97.754847
2024,W-2_RB4+_S06_Forward,78261,74166,94.767509
2024,W-2_RB4+_S07_Backward,77863,74371,95.515200
2024,W-2_RB4+_S07_Forward,78339,75691,96.619819
2024,W-2_RB4+_S08_Backward,57315,53181,92.787228
2024,W-2_RB4+_S08_Forward,56393,55091,97.691203
2024,W-2_RB4+_S10_Backward,101178,98569,97.421376
2024,W-2_RB4+_S10_Forward,99031,98124,99.084125
2024,W-2_RB4+_S12_Backward,83967,74658,88.913502
2024,W-2_RB4+_S12_Forward,81074,79616,98.201643
2024,W-2_RB4--_S04_Backward,0,0,
2024,W-2_RB4--_S04_Forward,0,0,
2024,W-2_RB4-_S01_Backward,78403,65972,84.144739
2024,W-2_RB4-_S01_Forward,78150,72314,92.532310
2024,W-2_RB4-_S02_Backward,77448,71436,92.237372
2024,W-2_RB4-_S02_Forward,77488,73480,94.827586
2024,W-2_RB4-_S03_Backward,76937,47810,62.141752
2024,W-2_RB4-_S03_Forward,77008,44727,58.080979
2024,W-2_RB4-_S04_Backward,0,0,
2024,W-2_RB4-_S04_Forward,0,0,
2024,W-2_RB4-_S05_Backward,0,0,
2024,W-2_RB4-_S05_Forward,0,0,
2024,W-2_RB4-_S06_Backward,84480,82191,97.290483
2024,W-2_RB4-_S06_Forward,82045,66930,81.577183
2024,W-2_RB4-_S07_Backward,0,0,
2024,W-2_RB4-_S07_Forward,0,0,
2024,W-2_RB4-_S08_Backward,85040,75315,88.564205
2024,W-2_RB4-_S08_Forward,81947,80481,98.211039
2024,W-2_RB4-_S10_Backward,101801,99515,97.754442
2024,W-2_RB4-_S10_Forward,100174,98218,98.047398
2024,W-2_RB4-_S12_Backward,0,0,
2024,W-2_RB4-_S12_Forward,0,0,
2024,W-2_RB4_S09_Backward,81390,79571,97.765082
2024,W-2_RB4_S09_Forward,78823,76438,96.974233
2024,W-2_RB4_S11_Backward,74163,72061,97.165703
2024,W-2_RB4_S11_Forward,71779,70059,97.603756
