year,roll_name,total,passed,efficiency
2025,RE+1_R2_CH01_A,19771,19569,98.978302
2025,RE+1_R2_CH01_B,18919,18377,97.135155
2025,RE+1_R2_CH01_C,42796,26482,61.879615
2025,RE+1_R2_CH02_A,20203,19679,97.406326
2025,RE+1_R2_CH02_B,19202,18968,98.781377
2025,RE+1_R2_CH02_C,43140,42503,98.523412
2025,RE+1_R2_CH03_A,19779,19403,98.098994
2025,RE+1_R2_CH03_B,18892,18493,97.887995
2025,RE+1_R2_CH03_C,42973,42256,98.331510
2025,RE+1_R2_CH04_A,19691,19482,98.938601
2025,RE+1_R2_CH04_B,19101,18374,96.193917
2025,RE+1_R2_CH04_C,43257,42773,98.881106
2025,RE+1_R2_CH05_A,19458,18859,96.921575
2025,RE+1_R2_CH05_B,18326,17758,96.900578
2025,RE+1_R2_CH05_C,41719,39798,95.395383
2025,RE+1_R2_CH06_A,18818,18053,95.934743
2025,RE+1_R2_CH06_B,18267,15520,84.961953
2025,RE+1_R2_CH06_C,42063,40418,96.089200
2025,RE+1_R2_CH07_A,18644,17926,96.148895
2025,RE+1_R2_CH07_B,18065,17322,95.887074
2025,RE+1_R2_CH07_C,40701,38617,94.879733
2025,RE+1_R2_CH08_A,19637,18901,96.251973
2025,RE+1_R2_CH08_B,18653,17796,95.405565
2025,RE+1_R2_CH08_C,41145,39229,95.343298
2025,RE+1_R2_CH09_A,19864,19730,99.325413
2025,RE+1_R2_CH09_B,18452,18006,97.582918
2025,RE+1_R2_CH09_C,41165,40099,97.410421
2025,RE+1_R2_CH10_A,19892,19463,97.843354
2025,RE+1_R2_CH10_B,18606,18127,97.425562
2025,RE+1_R2_CH10_C,40715,40249,98.855459
2025,RE+1_R2_CH11_A,19715,13419,68.064925
2025,RE+1_R2_CH11_B,18713,10969,58.617004
2025,RE+1_R2_CH11_C,41807,26685,63.829024
2025,RE+1_R2_CH12_A,19859,19677,99.083539
2025,RE+1_R2_CH12_B,18809,18365,97.639428
2025,RE+1_R2_CH12_C,43183,42524,98.473937
2025,RE+1_R2_CH13_A,20038,18853,94.086236
2025,RE+1_R2_CH13_B,19068,17798,93.339627
2025,RE+1_R2_CH13_C,42862,40238,93.878027
2025,RE+1_R2_CH14_A,20579,15489,75.266048
2025,RE+1_R2_CH14_B,19810,17683,89.262998
2025,RE+1_R2_CH14_C,43699,39634,90.697728
2025,RE+1_R2_CH15_A,20928,20775,99.268922
2025,RE+1_R2_CH15_B,19760,19580,99.089069
2025,RE+1_R2_CH15_C,44558,43555,97.749001
2025,RE+1_R2_CH16_A,20601,19241,93.398379
2025,RE+1_R2_CH16_B,19269,17106,88.774716
2025,RE+1_R2_CH16_C,43370,41820,96.426101
2025,RE+1_R2_CH17_A,20056,17019,84.857399
2025,RE+1_R2_CH17_B,18622,18316,98.356782
2025,RE+1_R2_CH17_C,42755,37510,87.732429
2025,RE+1_R2_CH18_A,19779,19508,98.629860
2025,RE+1_R2_CH18_B,18719,18205,97.254127
2025,RE+1_R2_CH18_C,41054,40141,97.776100
2025,RE+1_R2_CH19_A,20393,20071,98.421027
2025,RE+1_R2_CH19_B,19275,18897,98.038911
2025,RE+1_R2_CH19_C,42640,40893,95.902908
2025,RE+1_R2_CH20_A,20543,19998,97.347028
2025,RE+1_R2_CH20_B,19705,18888,95.853844
2025,RE+1_R2_CH20_C,43107,42310,98.151112
2025,RE+1_R2_CH21_A,24380,22357,91.702215
2025,RE+1_R2_CH21_B,23010,22445,97.544546
2025,RE+1_R2_CH21_C,50043,44539,89.001459
2025,RE+1_R2_CH22_A,20557,20241,98.462811
2025,RE+1_R2_CH22_B,19550,18614,95.212276
2025,RE+1_R2_CH22_C,43026,40681,94.549807
2025,RE+1_R2_CH23_A,19688,17889,90.862454
2025,RE+1_R2_CH23_B,18687,18093,96.821320
2025,RE+1_R2_CH23_C,42044,39259,93.375987
2025,RE+1_R2_CH24_A,19602,19330,98.612386
2025,RE+1_R2_CH24_B,18826,18649,99.059811
2025,RE+1_R2_CH24_C,41590,40307,96.915124
2025,RE+1_R2_CH25_A,19736,10138,51.368058
2025,RE+1_R2_CH25_B,18322,17720,96.714332
2025,RE+1_R2_CH25_C,41894,41460,98.964052
2025,RE+1_R2_CH26_A,19133,18920,98.886740
2025,RE+1_R2_CH26_B,18416,18004,97.762815
2025,RE+1_R2_CH26_C,41824,41505,99.237280
2025,RE+1_R2_CH27_A,19134,18691,97.684750
2025,RE+1_R2_CH27_B,18159,17646,97.174955
2025,RE+1_R2_CH27_C,41093,40266,97.987492
2025,RE+1_R2_CH28_A,17320,16725,96.564665
2025,RE+1_R2_CH28_B,16410,16252,99.037172
2025,RE+1_R2_CH28_C,37351,36768,98.439131
2025,RE+1_R2_CH29_A,16415,11345,69.113616
2025,RE+1_R2_CH29_B,16550,16260,98.247734
2025,RE+1_R2_CH29_C,40312,39402,97.742608
2025,RE+1_R2_CH30_A,18083,17744,98.125311
2025,RE+1_R2_CH30_B,17462,17126,98.075822
2025,RE+1_R2_CH30_C,40512,39552,97.630332
2025,RE+1_R2_CH31_A,17949,17807,99.208870
2025,RE+1_R2_CH31_B,17611,17247,97.933110
2025,RE+1_R2_CH31_C,41717,41176,98.703167
2025,RE+1_R2_CH32_A,17652,17030,96.476320
2025,RE+1_R2_CH32_B,17529,16879,96.291859
2025,RE+1_R2_CH32_C,39724,37712,94.935052
2025,RE+1_R2_CH33_A,18345,17953,97.863178
2025,RE+1_R2_CH33_B,17365,16930,97.494961
2025,RE+1_R2_CH33_C,40067,39019,97.384381
2025,RE+1_R2_CH34_A,19047,18823,98.823962
2025,RE+1_R2_CH34_B,17714,17496,98.769335
2025,RE+1_R2_CH34_C,39976,38893,97.290875
2025,RE+1_R2_CH35_A,0,0,
2025,RE+1_R2_CH35_B,0,0,
2025,RE+1_R2_CH35_C,0,0,
2025,RE+1_R2_CH36_A,18412,15575,84.591571
2025,RE+1_R2_CH36_B,17203,16272,94.588153
2025,RE+1_R2_CH36_C,39726,37850,95.277652
2025,RE+1_R3_CH01_A,9234,8940,96.816114
2025,RE+1_R3_CH01_B,25017,24409,97.569653
2025,RE+1_R3_CH01_C,18974,18589,97.970908
2025,RE+1_R3_CH02_A,9989,9601,96.115727
2025,RE+1_R3_CH02_B,25958,25099,96.690808
2025,RE+1_R3_CH02_C,18799,18251,97.084951
2025,RE+1_R3_CH03_A,9951,9772,98.201186
2025,RE+1_R3_CH03_B,25489,24892,97.657813
2025,RE+1_R3_CH03_C,19077,18489,96.917754
2025,RE+1_R3_CH04_A,9282,5066,54.578755
2025,RE+1_R3_CH04_B,25079,13687,54.575541
2025,RE+1_R3_CH04_C,18742,7363,39.286095
2025,RE+1_R3_CH05_A,9815,9702,98.848701
2025,RE+1_R3_CH05_B,25634,25308,98.728252
2025,RE+1_R3_CH05_C,19082,18676,97.872340
2025,RE+1_R3_CH06_A,9510,9298,97.770768
2025,RE+1_R3_CH06_B,25237,24649,97.670088
2025,RE+1_R3_CH06_C,20041,19256,96.083030
2025,RE+1_R3_CH07_A,9146,8982,98.206866
2025,RE+1_R3_CH07_B,24525,23588,96.179409
2025,RE+1_R3_CH07_C,18161,17587,96.839381
2025,RE+1_R3_CH08_A,9866,9709,98.408676
2025,RE+1_R3_CH08_B,25797,25449,98.651006
2025,RE+1_R3_CH08_C,18686,17751,94.996254
2025,RE+1_R3_CH09_A,9668,9428,97.517584
2025,RE+1_R3_CH09_B,25805,25485,98.759930
2025,RE+1_R3_CH09_C,19468,19108,98.150812
2025,RE+1_R3_CH10_A,9606,9368,97.522382
2025,RE+1_R3_CH10_B,25251,23725,93.956675
2025,RE+1_R3_CH10_C,18944,17600,92.905405
2025,RE+1_R3_CH11_A,9917,9732,98.134516
2025,RE+1_R3_CH11_B,25933,25507,98.357305
2025,RE+1_R3_CH11_C,18902,18496,97.852079
2025,RE+1_R3_CH12_A,10103,9875,97.743245
2025,RE+1_R3_CH12_B,25870,25052,96.838036
2025,RE+1_R3_CH12_C,20965,18748,89.425233
2025,RE+1_R3_CH13_A,10006,9770,97.641415
2025,RE+1_R3_CH13_B,26278,25443,96.822437
2025,RE+1_R3_CH13_C,19770,19028,96.246839
2025,RE+1_R3_CH14_A,12480,11940,95.673077
2025,RE+1_R3_CH14_B,28776,27856,96.802891
2025,RE+1_R3_CH14_C,20939,19742,94.283395
2025,RE+1_R3_CH15_A,0,0,
2025,RE+1_R3_CH15_B,0,0,
2025,RE+1_R3_CH15_C,0,0,
2025,RE+1_R3_CH16_A,9596,9394,97.894956
2025,RE+1_R3_CH16_B,25591,25187,98.421320
2025,RE+1_R3_CH16_C,19148,18764,97.994569
2025,RE+1_R3_CH17_A,9879,9648,97.661707
2025,RE+1_R3_CH17_B,26478,25575,96.589622
2025,RE+1_R3_CH17_C,18451,17815,96.553032
2025,RE+1_R3_CH18_A,9851,9648,97.939296
2025,RE+1_R3_CH18_B,25904,20632,79.647931
2025,RE+1_R3_CH18_C,20524,19869,96.808614
2025,RE+1_R3_CH19_A,9598,9242,96.290894
2025,RE+1_R3_CH19_B,25415,24396,95.990557
2025,RE+1_R3_CH19_C,19574,18604,95.044447
2025,RE+1_R3_CH20_A,10047,9831,97.850105
2025,RE+1_R3_CH20_B,26240,25726,98.041159
2025,RE+1_R3_CH20_C,19448,18981,97.598725
2025,RE+1_R3_CH21_A,10147,9794,96.521139
2025,RE+1_R3_CH21_B,26834,25667,95.651040
2025,RE+1_R3_CH21_C,20043,18604,92.820436
2025,RE+1_R3_CH22_A,9394,8905,94.794550
2025,RE+1_R3_CH22_B,25667,25118,97.861067
2025,RE+1_R3_CH22_C,19373,18582,95.916998
2025,RE+1_R3_CH23_A,9826,9586,97.557501
2025,RE+1_R3_CH23_B,25441,25005,98.286231
2025,RE+1_R3_CH23_C,18621,18338,98.480211
2025,RE+1_R3_CH24_A,9963,9818,98.544615
2025,RE+1_R3_CH24_B,25982,25592,98.498961
2025,RE+1_R3_CH24_C,20173,19910,98.696277
2025,RE+1_R3_CH25_A,9349,6732,72.007701
2025,RE+1_R3_CH25_B,25118,23488,93.510630
2025,RE+1_R3_CH25_C,18259,17331,94.917575
2025,RE+1_R3_CH26_A,10118,9971,98.547144
2025,RE+1_R3_CH26_B,25435,24855,97.719678
2025,RE+1_R3_CH26_C,18509,18196,98.308931
2025,RE+1_R3_CH27_A,9611,9431,98.127146
2025,RE+1_R3_CH27_B,25255,24899,98.590378
2025,RE+1_R3_CH27_C,19512,18958,97.160722
2025,RE+1_R3_CH28_A,8800,8573,97.420455
2025,RE+1_R3_CH28_B,23142,22609,97.696828
2025,RE+1_R3_CH28_C,17335,15914,91.802711
2025,RE+1_R3_CH29_A,9251,8898,96.184196
2025,RE+1_R3_CH29_B,24035,23726,98.714375
2025,RE+1_R3_CH29_C,16891,16352,96.808952
2025,RE+1_R3_CH30_A,9472,8880,93.750000
2025,RE+1_R3_CH30_B,24959,24448,97.952642
2025,RE+1_R3_CH30_C,19356,17692,91.403182
2025,RE+1_R3_CH31_A,9396,9032,96.126011
2025,RE+1_R3_CH31_B,24169,23523,97.327155
2025,RE+1_R3_CH31_C,17887,15421,86.213451
2025,RE+1_R3_CH32_A,9607,9378,97.616321
2025,RE+1_R3_CH32_B,24779,24378,98.381694
2025,RE+1_R3_CH32_C,17854,17535,98.213286
2025,RE+1_R3_CH33_A,9380,8652,92.238806
2025,RE+1_R3_CH33_B,25800,24513,95.011628
2025,RE+1_R3_CH33_C,19157,18070,94.325834
2025,RE+1_R3_CH34_A,9263,9099,98.229515
2025,RE+1_R3_CH34_B,24597,24181,98.308737
2025,RE+1_R3_CH34_C,18383,18017,98.009030
2025,RE+1_R3_CH35_A,9804,9651,98.439412
2025,RE+1_R3_CH35_B,25545,25158,98.485026
2025,RE+1_R3_CH35_C,18090,17056,94.284135
2025,RE+1_R3_CH36_A,9768,9641,98.699836
2025,RE+1_R3_CH36_B,25264,24823,98.254433
2025,RE+1_R3_CH36_C,20028,19302,96.375075
2025,RE+2_R2_CH01_A,23058,21712,94.162547
2025,RE+2_R2_CH01_B,20789,16213,77.988359
2025,RE+2_R2_CH01_C,19807,16774,84.687232
2025,RE+2_R2_CH02_A,23184,22197,95.742754
2025,RE+2_R2_CH02_B,21242,20273,95.438283
2025,RE+2_R2_CH02_C,20086,18512,92.163696
2025,RE+2_R2_CH03_A,22861,16285,71.234854
2025,RE+2_R2_CH03_B,20736,19708,95.042438
2025,RE+2_R2_CH03_C,19819,19034,96.039154
2025,RE+2_R2_CH04_A,22846,21748,95.193907
2025,RE+2_R2_CH04_B,20897,20033,95.865435
2025,RE+2_R2_CH04_C,20247,19304,95.342520
2025,RE+2_R2_CH05_A,22542,20451,90.723982
2025,RE+2_R2_CH05_B,20124,19000,94.414629
2025,RE+2_R2_CH05_C,19445,17093,87.904346
2025,RE+2_R2_CH06_A,22070,21316,96.583598
2025,RE+2_R2_CH06_B,19866,19253,96.914326
2025,RE+2_R2_CH06_C,19932,18557,93.101545
2025,RE+2_R2_CH07_A,21680,20654,95.267528
2025,RE+2_R2_CH07_B,19530,18955,97.055812
2025,RE+2_R2_CH07_C,18809,18151,96.501675
2025,RE+2_R2_CH08_A,22420,22121,98.666369
2025,RE+2_R2_CH08_B,20347,19198,94.352976
2025,RE+2_R2_CH08_C,19277,18995,98.537117
2025,RE+2_R2_CH09_A,22927,22356,97.509487
2025,RE+2_R2_CH09_B,19996,19816,99.099820
2025,RE+2_R2_CH09_C,19050,18764,98.498688
2025,RE+2_R2_CH10_A,22559,22321,98.944989
2025,RE+2_R2_CH10_B,19780,19509,98.629929
2025,RE+2_R2_CH10_C,18983,18675,98.377496
2025,RE+2_R2_CH11_A,0,0,
2025,RE+2_R2_CH11_B,0,0,
2025,RE+2_R2_CH11_C,0,0,
2025,RE+2_R2_CH12_A,22614,21499,95.069426
2025,RE+2_R2_CH12_B,20463,19874,97.121634
2025,RE+2_R2_CH12_C,20186,19731,97.745963
2025,RE+2_R2_CH13_A,23118,22386,96.833636
2025,RE+2_R2_CH13_B,20765,20135,96.966049
2025,RE+2_R2_CH13_C,19721,19123,96.967699
2025,RE+2_R2_CH14_A,23961,22276,92.967739
2025,RE+2_R2_CH14_B,21373,20951,98.025546
2025,RE+2_R2_CH14_C,20399,19992,98.004804
2025,RE+2_R2_CH15_A,24229,15794,65.186347
2025,RE+2_R2_CH15_B,21559,19804,91.859548
2025,RE+2_R2_CH15_C,20002,17976,89.871013
2025,RE+2_R2_CH16_A,23525,23055,98.002125
2025,RE+2_R2_CH16_B,20882,20465,98.003065
2025,RE+2_R2_CH16_C,20307,19982,98.399567
2025,RE+2_R2_CH17_A,23248,22953,98.731074
2025,RE+2_R2_CH17_B,20592,20335,98.751943
2025,RE+2_R2_CH17_C,19762,19401,98.173262
2025,RE+2_R2_CH18_A,22692,20674,91.106998
2025,RE+2_R2_CH18_B,20081,19471,96.962303
2025,RE+2_R2_CH18_C,19173,18311,95.504094
2025,RE+2_R2_CH19_A,23688,22489,94.938365
2025,RE+2_R2_CH19_B,21057,20593,97.796457
2025,RE+2_R2_CH19_C,19776,19255,97.365494
2025,RE+2_R2_CH20_A,23569,22195,94.170308
2025,RE+2_R2_CH20_B,21460,21213,98.849021
2025,RE+2_R2_CH20_C,20102,19520,97.104766
2025,RE+2_R2_CH21_A,28123,27759,98.705686
2025,RE+2_R2_CH21_B,25547,25316,99.095784
2025,RE+2_R2_CH21_C,24060,23790,98.877805
2025,RE+2_R2_CH22_A,0,0,
2025,RE+2_R2_CH22_B,0,0,
2025,RE+2_R2_CH22_C,0,0,
2025,RE+2_R2_CH23_A,0,0,
2025,RE+2_R2_CH23_B,20688,16092,77.784223
2025,RE+2_R2_CH23_C,19422,16422,84.553599
2025,RE+2_R2_CH24_A,22747,22415,98.540467
2025,RE+2_R2_CH24_B,20445,20234,98.967963
2025,RE+2_R2_CH24_C,19404,19072,98.289013
2025,RE+2_R2_CH25_A,22960,21056,91.707317
2025,RE+2_R2_CH25_B,20174,19181,95.077823
2025,RE+2_R2_CH25_C,19248,17147,89.084580
2025,RE+2_R2_CH26_A,21842,20936,95.852028
2025,RE+2_R2_CH26_B,20073,19817,98.724655
2025,RE+2_R2_CH26_C,19326,18991,98.266584
2025,RE+2_R2_CH27_A,22098,21839,98.827948
2025,RE+2_R2_CH27_B,19992,19419,97.133854
2025,RE+2_R2_CH27_C,19006,17981,94.606966
2025,RE+2_R2_CH28_A,20045,19810,98.827638
2025,RE+2_R2_CH28_B,18115,17849,98.531604
2025,RE+2_R2_CH28_C,17375,17097,98.400000
2025,RE+2_R2_CH29_A,19349,19062,98.516719
2025,RE+2_R2_CH29_B,17978,17730,98.620536
2025,RE+2_R2_CH29_C,18443,18006,97.630537
2025,RE+2_R2_CH30_A,20682,20388,98.578474
2025,RE+2_R2_CH30_B,19355,19016,98.248515
2025,RE+2_R2_CH30_C,19042,18434,96.807058
2025,RE+2_R2_CH31_A,21026,20569,97.826501
2025,RE+2_R2_CH31_B,19357,19170,99.033941
2025,RE+2_R2_CH31_C,19431,19208,98.852349
2025,RE+2_R2_CH32_A,20577,20062,97.497206
2025,RE+2_R2_CH32_B,19087,18833,98.669251
2025,RE+2_R2_CH32_C,18357,18016,98.142398
2025,RE+2_R2_CH33_A,21254,20547,96.673567
2025,RE+2_R2_CH33_B,19105,18882,98.832766
2025,RE+2_R2_CH33_C,18298,18036,98.568150
2025,RE+2_R2_CH34_A,21417,20922,97.688752
2025,RE+2_R2_CH34_B,18947,18568,97.999683
2025,RE+2_R2_CH34_C,18806,18458,98.149527
2025,RE+2_R2_CH35_A,20891,20605,98.630989
2025,RE+2_R2_CH35_B,18030,17823,98.851913
2025,RE+2_R2_CH35_C,18704,18437,98.572498
2025,RE+2_R2_CH36_A,20798,20455,98.350803
2025,RE+2_R2_CH36_B,18277,16853,92.208787
2025,RE+2_R2_CH36_C,18900,17156,90.772487
2025,RE+2_R3_CH01_A,13657,13231,96.880721
2025,RE+2_R3_CH01_B,25543,25154,98.477078
2025,RE+2_R3_CH01_C,21274,20463,96.187835
2025,RE+2_R3_CH02_A,14486,12740,87.946983
2025,RE+2_R3_CH02_B,25719,24733,96.166258
2025,RE+2_R3_CH02_C,21502,21068,97.981583
2025,RE+2_R3_CH03_A,14052,13666,97.253060
2025,RE+2_R3_CH03_B,25578,19617,76.694816
2025,RE+2_R3_CH03_C,22867,20867,91.253772
2025,RE+2_R3_CH04_A,13719,12021,87.623005
2025,RE+2_R3_CH04_B,25525,24979,97.860921
2025,RE+2_R3_CH04_C,20694,20416,98.656615
2025,RE+2_R3_CH05_A,14320,13416,93.687151
2025,RE+2_R3_CH05_B,25973,23350,89.901051
2025,RE+2_R3_CH05_C,21175,20261,95.683589
2025,RE+2_R3_CH06_A,13711,12815,93.465101
2025,RE+2_R3_CH06_B,26539,25687,96.789630
2025,RE+2_R3_CH06_C,21830,21408,98.066880
2025,RE+2_R3_CH07_A,13498,11847,87.768558
2025,RE+2_R3_CH07_B,24855,17613,70.863005
2025,RE+2_R3_CH07_C,20475,15016,73.338217
2025,RE+2_R3_CH08_A,14245,11705,82.169182
2025,RE+2_R3_CH08_B,25486,22992,90.214235
2025,RE+2_R3_CH08_C,20915,20547,98.240497
2025,RE+2_R3_CH09_A,14163,13650,96.377886
2025,RE+2_R3_CH09_B,26054,25718,98.710371
2025,RE+2_R3_CH09_C,23374,21799,93.261744
2025,RE+2_R3_CH10_A,13850,12028,86.844765
2025,RE+2_R3_CH10_B,25502,24933,97.768802
2025,RE+2_R3_CH10_C,20852,18368,88.087474
2025,RE+2_R3_CH11_A,14515,13613,93.785739
2025,RE+2_R3_CH11_B,25579,24491,95.746511
2025,RE+2_R3_CH11_C,21138,19598,92.714543
2025,RE+2_R3_CH12_A,13955,12533,89.810104
2025,RE+2_R3_CH12_B,27534,27010,98.096898
2025,RE+2_R3_CH12_C,22738,22433,98.658633
2025,RE+2_R3_CH13_A,14531,14017,96.462735
2025,RE+2_R3_CH13_B,26768,26327,98.352510
2025,RE+2_R3_CH13_C,23034,22448,97.455935
2025,RE+2_R3_CH14_A,15996,13891,86.840460
2025,RE+2_R3_CH14_B,27945,25827,92.420827
2025,RE+2_R3_CH14_C,23255,22758,97.862825
2025,RE+2_R3_CH15_A,14684,13115,89.314901
2025,RE+2_R3_CH15_B,28802,27342,94.930908
2025,RE+2_R3_CH15_C,24927,21273,85.341196
2025,RE+2_R3_CH16_A,14087,12711,90.232129
2025,RE+2_R3_CH16_B,25982,25240,97.144177
2025,RE+2_R3_CH16_C,21461,21039,98.033642
2025,RE+2_R3_CH17_A,14684,13543,92.229638
2025,RE+2_R3_CH17_B,25112,21401,85.222205
2025,RE+2_R3_CH17_C,21725,21081,97.035673
2025,RE+2_R3_CH18_A,14170,13174,92.971066
2025,RE+2_R3_CH18_B,26798,25812,96.320621
2025,RE+2_R3_CH18_C,22771,22399,98.366343
2025,RE+2_R3_CH19_A,13916,13235,95.106352
2025,RE+2_R3_CH19_B,26424,24889,94.190887
2025,RE+2_R3_CH19_C,22894,22405,97.864069
2025,RE+2_R3_CH20_A,14462,13840,95.699073
2025,RE+2_R3_CH20_B,26193,25720,98.194174
2025,RE+2_R3_CH20_C,22324,22007,98.580004
2025,RE+2_R3_CH21_A,14639,13632,93.121115
2025,RE+2_R3_CH21_B,26892,26505,98.560910
2025,RE+2_R3_CH21_C,23798,23459,98.575511
2025,RE+2_R3_CH22_A,14083,11547,81.992473
2025,RE+2_R3_CH22_B,26004,25228,97.015844
2025,RE+2_R3_CH22_C,21641,21322,98.525946
2025,RE+2_R3_CH23_A,14105,13613,96.511875
2025,RE+2_R3_CH23_B,25199,24063,95.491885
2025,RE+2_R3_CH23_C,21493,19938,92.765086
2025,RE+2_R3_CH24_A,14224,12414,87.275028
2025,RE+2_R3_CH24_B,26563,25884,97.443813
2025,RE+2_R3_CH24_C,22065,21747,98.558804
2025,RE+2_R3_CH25_A,13772,13349,96.928551
2025,RE+2_R3_CH25_B,24916,24547,98.519024
2025,RE+2_R3_CH25_C,20801,20556,98.822172
2025,RE+2_R3_CH26_A,13894,12430,89.463078
2025,RE+2_R3_CH26_B,25203,24087,95.571956
2025,RE+2_R3_CH26_C,20695,19239,92.964484
2025,RE+2_R3_CH27_A,14002,13609,97.193258
2025,RE+2_R3_CH27_B,26014,25596,98.393173
2025,RE+2_R3_CH27_C,22628,22018,97.304225
2025,RE+2_R3_CH28_A,12516,11573,92.465644
2025,RE+2_R3_CH28_B,23405,22580,96.475112
2025,RE+2_R3_CH28_C,19400,19016,98.020619
2025,RE+2_R3_CH29_A,13357,12001,89.848020
2025,RE+2_R3_CH29_B,23055,21050,91.303405
2025,RE+2_R3_CH29_C,19132,18719,97.841313
2025,RE+2_R3_CH30_A,13689,10790,78.822412
2025,RE+2_R3_CH30_B,25366,24831,97.890878
2025,RE+2_R3_CH30_C,20565,20278,98.604425
2025,RE+2_R3_CH31_A,13128,12178,92.763559
2025,RE+2_R3_CH31_B,24199,23833,98.487541
2025,RE+2_R3_CH31_C,20043,19223,95.908796
2025,RE+2_R3_CH32_A,13682,9263,67.702090
2025,RE+2_R3_CH32_B,24250,23617,97.389691
2025,RE+2_R3_CH32_C,19686,19308,98.079854
2025,RE+2_R3_CH33_A,0,0,
2025,RE+2_R3_CH33_B,0,0,
2025,RE+2_R3_CH33_C,0,0,
2025,RE+2_R3_CH34_A,13422,12767,95.119952
2025,RE+2_R3_CH34_B,24843,24433,98.349636
2025,RE+2_R3_CH34_C,20451,20137,98.464623
2025,RE+2_R3_CH35_A,14157,10369,73.242919
2025,RE+2_R3_CH35_B,24673,24268,98.358530
2025,RE+2_R3_CH35_C,20825,19666,94.434574
2025,RE+2_R3_CH36_A,13584,12919,95.104535
2025,RE+2_R3_CH36_B,27074,25990,95.996159
2025,RE+2_R3_CH36_C,21708,21145,97.406486
2025,RE+3_R1_CH15_A,0,0,
2025,RE+3_R1_CH16_A,0,0,
2025,RE+3_R2_CH01_A,23676,22459,94.859774
2025,RE+3_R2_CH01_B,21696,20227,93.229167
2025,RE+3_R2_CH01_C,20055,17491,87.215158
2025,RE+3_R2_CH02_A,23544,21599,91.738872
2025,RE+3_R2_CH02_B,21830,21027,96.321576
2025,RE+3_R2_CH02_C,19765,18371,92.947129
2025,RE+3_R2_CH03_A,23612,23222,98.348297
2025,RE+3_R2_CH03_B,21797,21387,98.119007
2025,RE+3_R2_CH03_C,21738,21052,96.844236
2025,RE+3_R2_CH04_A,23542,21485,91.262425
2025,RE+3_R2_CH04_B,21797,20535,94.210212
2025,RE+3_R2_CH04_C,20727,19603,94.577122
2025,RE+3_R2_CH05_A,22639,19079,84.274924
2025,RE+3_R2_CH05_B,21229,17308,81.529983
2025,RE+3_R2_CH05_C,19768,14806,74.898826
2025,RE+3_R2_CH06_A,22287,21508,96.504689
2025,RE+3_R2_CH06_B,21703,21004,96.779247
2025,RE+3_R2_CH06_C,19080,17793,93.254717
2025,RE+3_R2_CH07_A,21926,20922,95.420961
2025,RE+3_R2_CH07_B,20788,19895,95.704252
2025,RE+3_R2_CH07_C,20913,19673,94.070674
2025,RE+3_R2_CH08_A,22474,20860,92.818368
2025,RE+3_R2_CH08_B,20976,18568,88.520214
2025,RE+3_R2_CH08_C,19971,18967,94.972710
2025,RE+3_R2_CH09_A,22133,21410,96.733385
2025,RE+3_R2_CH09_B,20962,20132,96.040454
2025,RE+3_R2_CH09_C,19797,18170,91.781583
2025,RE+3_R2_CH10_A,21943,21456,97.780613
2025,RE+3_R2_CH10_B,21098,20591,97.596929
2025,RE+3_R2_CH10_C,19475,18957,97.340180
2025,RE+3_R2_CH11_A,22808,21804,95.598036
2025,RE+3_R2_CH11_B,21233,20064,94.494419
2025,RE+3_R2_CH11_C,21669,19138,88.319719
2025,RE+3_R2_CH12_A,22982,22564,98.181185
2025,RE+3_R2_CH12_B,22821,22335,97.870383
2025,RE+3_R2_CH12_C,22589,21775,96.396476
2025,RE+3_R2_CH13_A,23470,22720,96.804431
2025,RE+3_R2_CH13_B,21874,20954,95.794093
2025,RE+3_R2_CH13_C,19927,19071,95.704321
2025,RE+3_R2_CH14_A,23727,22031,92.852025
2025,RE+3_R2_CH14_B,22319,21701,97.231059
2025,RE+3_R2_CH14_C,20186,19668,97.433865
2025,RE+3_R2_CH15_A,23729,23321,98.280585
2025,RE+3_R2_CH15_B,22398,22027,98.343602
2025,RE+3_R2_CH15_C,31864,31373,98.459076
2025,RE+3_R2_CH16_A,23536,22094,93.873215
2025,RE+3_R2_CH16_B,22190,21722,97.890942
2025,RE+3_R2_CH16_C,21479,21003,97.783882
2025,RE+3_R2_CH17_A,23279,22611,97.130461
2025,RE+3_R2_CH17_B,21907,21504,98.160405
2025,RE+3_R2_CH17_C,26226,25729,98.104934
2025,RE+3_R2_CH18_A,22464,20658,91.960470
2025,RE+3_R2_CH18_B,21063,20070,95.285572
2025,RE+3_R2_CH18_C,21649,20137,93.015844
2025,RE+3_R2_CH19_A,23490,22642,96.389953
2025,RE+3_R2_CH19_B,21802,21328,97.825888
2025,RE+3_R2_CH19_C,22376,21550,96.308545
2025,RE+3_R2_CH20_A,23564,21218,90.044135
2025,RE+3_R2_CH20_B,21658,20811,96.089205
2025,RE+3_R2_CH20_C,21290,20444,96.026303
2025,RE+3_R2_CH21_A,28262,26641,94.264383
2025,RE+3_R2_CH21_B,25301,23532,93.008181
2025,RE+3_R2_CH21_C,20333,17304,85.103034
2025,RE+3_R2_CH22_A,23580,21084,89.414758
2025,RE+3_R2_CH22_B,21749,20917,96.174537
2025,RE+3_R2_CH22_C,19823,18842,95.051203
2025,RE+3_R2_CH23_A,22954,22262,96.985275
2025,RE+3_R2_CH23_B,21270,20824,97.903150
2025,RE+3_R2_CH23_C,24213,23373,96.530789
2025,RE+3_R2_CH24_A,22616,20824,92.076406
2025,RE+3_R2_CH24_B,21171,17477,82.551604
2025,RE+3_R2_CH24_C,20761,17790,85.689514
2025,RE+3_R2_CH25_A,22787,21490,94.308158
2025,RE+3_R2_CH25_B,21273,20775,97.659004
2025,RE+3_R2_CH25_C,21743,20866,95.966518
2025,RE+3_R2_CH26_A,22666,21553,95.089561
2025,RE+3_R2_CH26_B,24136,23619,97.857971
2025,RE+3_R2_CH26_C,29389,28654,97.499064
2025,RE+3_R2_CH27_A,22543,21914,97.209777
2025,RE+3_R2_CH27_B,20852,19809,94.998082
2025,RE+3_R2_CH27_C,21400,18164,84.878505
2025,RE+3_R2_CH28_A,20263,19797,97.700242
2025,RE+3_R2_CH28_B,19519,19133,98.022440
2025,RE+3_R2_CH28_C,20152,19690,97.707424
2025,RE+3_R2_CH29_A,20518,19624,95.642850
2025,RE+3_R2_CH29_B,21108,20536,97.290127
2025,RE+3_R2_CH29_C,19863,19425,97.794895
2025,RE+3_R2_CH30_A,22123,19562,88.423812
2025,RE+3_R2_CH30_B,20601,19965,96.912771
2025,RE+3_R2_CH30_C,19742,17312,87.691217
2025,RE+3_R2_CH31_A,22600,22221,98.323009
2025,RE+3_R2_CH31_B,21548,20935,97.155188
2025,RE+3_R2_CH31_C,21249,20313,95.595087
2025,RE+3_R2_CH32_A,21163,20180,95.355101
2025,RE+3_R2_CH32_B,20875,20466,98.040719
2025,RE+3_R2_CH32_C,20038,19643,98.028745
2025,RE+3_R2_CH33_A,21304,20773,97.507510
2025,RE+3_R2_CH33_B,20565,20044,97.466569
2025,RE+3_R2_CH33_C,19071,18370,96.324262
2025,RE+3_R2_CH34_A,21390,20188,94.380552
2025,RE+3_R2_CH34_B,20710,20230,97.682279
2025,RE+3_R2_CH34_C,18773,18254,97.235391
2025,RE+3_R2_CH35_A,21126,20532,97.188299
2025,RE+3_R2_CH35_B,20746,20424,98.447894
2025,RE+3_R2_CH35_C,21336,20945,98.167417
2025,RE+3_R2_CH36_A,20981,19130,91.177732
2025,RE+3_R2_CH36_B,20811,20057,96.376916
2025,RE+3_R2_CH36_C,20509,19659,95.855478
2025,RE+3_R3_CH01_A,14113,13184,93.417417
2025,RE+3_R3_CH01_B,24799,24267,97.854752
2025,RE+3_R3_CH01_C,19939,19420,97.397061
2025,RE+3_R3_CH02_A,14482,13679,94.455186
2025,RE+3_R3_CH02_B,24840,24076,96.924316
2025,RE+3_R3_CH02_C,20098,19694,97.989850
2025,RE+3_R3_CH03_A,14898,12514,83.997852
2025,RE+3_R3_CH03_B,25302,23054,91.115327
2025,RE+3_R3_CH03_C,20020,19752,98.661339
2025,RE+3_R3_CH04_A,14045,13370,95.194019
2025,RE+3_R3_CH04_B,24329,23810,97.866743
2025,RE+3_R3_CH04_C,19995,19571,97.879470
2025,RE+3_R3_CH05_A,14201,13762,96.908668
2025,RE+3_R3_CH05_B,24471,23894,97.642107
2025,RE+3_R3_CH05_C,19565,15963,81.589573
2025,RE+3_R3_CH06_A,15086,14588,96.698926
2025,RE+3_R3_CH06_B,23334,22844,97.900060
2025,RE+3_R3_CH06_C,19160,18713,97.667015
2025,RE+3_R3_CH07_A,13601,12142,89.272848
2025,RE+3_R3_CH07_B,23633,23187,98.112808
2025,RE+3_R3_CH07_C,19375,18984,97.981935
2025,RE+3_R3_CH08_A,14027,13401,95.537178
2025,RE+3_R3_CH08_B,24066,23249,96.605169
2025,RE+3_R3_CH08_C,19619,19282,98.282277
2025,RE+3_R3_CH09_A,15330,14885,97.097195
2025,RE+3_R3_CH09_B,25677,25239,98.294193
2025,RE+3_R3_CH09_C,19623,19200,97.844366
2025,RE+3_R3_CH10_A,14022,12967,92.476109
2025,RE+3_R3_CH10_B,24453,22249,90.986791
2025,RE+3_R3_CH10_C,19509,18276,93.679840
2025,RE+3_R3_CH11_A,14016,13627,97.224600
2025,RE+3_R3_CH11_B,25068,24032,95.867241
2025,RE+3_R3_CH11_C,19581,19250,98.309586
2025,RE+3_R3_CH12_A,15736,14614,92.869853
2025,RE+3_R3_CH12_B,24530,23564,96.061965
2025,RE+3_R3_CH12_C,19706,19385,98.371055
2025,RE+3_R3_CH13_A,15376,14998,97.541623
2025,RE+3_R3_CH13_B,25690,22615,88.030362
2025,RE+3_R3_CH13_C,20420,19317,94.598433
2025,RE+3_R3_CH14_A,16382,15867,96.856306
2025,RE+3_R3_CH14_B,25524,24709,96.806927
2025,RE+3_R3_CH14_C,20650,20058,97.133172
2025,RE+3_R3_CH15_A,16566,15138,91.379935
2025,RE+3_R3_CH15_B,26944,24629,91.408106
2025,RE+3_R3_CH15_C,21147,19456,92.003594
2025,RE+3_R3_CH16_A,14456,13227,91.498340
2025,RE+3_R3_CH16_B,25415,24721,97.269329
2025,RE+3_R3_CH16_C,20172,12787,63.389847
2025,RE+3_R3_CH17_A,14401,14104,97.937643
2025,RE+3_R3_CH17_B,25331,25047,98.878844
2025,RE+3_R3_CH17_C,20149,19815,98.342349
2025,RE+3_R3_CH18_A,15881,15028,94.628802
2025,RE+3_R3_CH18_B,24452,23635,96.658760
2025,RE+3_R3_CH18_C,19724,19214,97.414318
2025,RE+3_R3_CH19_A,15076,14256,94.560891
2025,RE+3_R3_CH19_B,26347,25715,97.601245
2025,RE+3_R3_CH19_C,20752,20096,96.838859
2025,RE+3_R3_CH20_A,15337,13668,89.117820
2025,RE+3_R3_CH20_B,25333,24439,96.471006
2025,RE+3_R3_CH20_C,20628,19550,94.774093
2025,RE+3_R3_CH21_A,15777,15590,98.814730
2025,RE+3_R3_CH21_B,29316,25572,87.228817
2025,RE+3_R3_CH21_C,23883,21844,91.462547
2025,RE+3_R3_CH22_A,14552,13901,95.526388
2025,RE+3_R3_CH22_B,25205,24366,96.671295
2025,RE+3_R3_CH22_C,20353,19906,97.803764
2025,RE+3_R3_CH23_A,14234,13978,98.201489
2025,RE+3_R3_CH23_B,25194,24490,97.205684
2025,RE+3_R3_CH23_C,19681,19179,97.449317
2025,RE+3_R3_CH24_A,15385,12598,81.884953
2025,RE+3_R3_CH24_B,24172,23563,97.480556
2025,RE+3_R3_CH24_C,19599,19343,98.693811
2025,RE+3_R3_CH25_A,13996,13570,96.956273
2025,RE+3_R3_CH25_B,24703,24296,98.352427
2025,RE+3_R3_CH25_C,19886,19494,98.028764
2025,RE+3_R3_CH26_A,13817,12671,91.705870
2025,RE+3_R3_CH26_B,23629,23164,98.032079
2025,RE+3_R3_CH26_C,19270,19055,98.884276
2025,RE+3_R3_CH27_A,15078,14845,98.454702
2025,RE+3_R3_CH27_B,24299,23787,97.892917
2025,RE+3_R3_CH27_C,19306,18833,97.549984
2025,RE+3_R3_CH28_A,13118,10404,79.310871
2025,RE+3_R3_CH28_B,21407,20515,95.833139
2025,RE+3_R3_CH28_C,17254,16957,98.278660
2025,RE+3_R3_CH29_A,12932,11283,87.248685
2025,RE+3_R3_CH29_B,20723,17666,85.248275
2025,RE+3_R3_CH29_C,17630,14663,83.170732
2025,RE+3_R3_CH30_A,14254,13028,91.398906
2025,RE+3_R3_CH30_B,22209,21140,95.186636
2025,RE+3_R3_CH30_C,18311,17942,97.984818
2025,RE+3_R3_CH31_A,13513,12509,92.570118
2025,RE+3_R3_CH31_B,22769,19663,86.358646
2025,RE+3_R3_CH31_C,19028,14501,76.208745
2025,RE+3_R3_CH32_A,13436,11708,87.139029
2025,RE+3_R3_CH32_B,21865,20986,95.979877
2025,RE+3_R3_CH32_C,18329,17956,97.964974
2025,RE+3_R3_CH33_A,14915,14615,97.988602
2025,RE+3_R3_CH33_B,23746,22704,95.611893
2025,RE+3_R3_CH33_C,18293,18029,98.556825
2025,RE+3_R3_CH34_A,13675,11340,82.925046
2025,RE+3_R3_CH34_B,23417,22905,97.813554
2025,RE+3_R3_CH34_C,18566,18321,98.680383
2025,RE+3_R3_CH35_A,13838,13602,98.294551
2025,RE+3_R3_CH35_B,23217,23014,99.125641
2025,RE+3_R3_CH35_C,17783,17585,98.886577
2025,RE+3_R3_CH36_A,15115,14466,95.706252
2025,RE+3_R3_CH36_B,22636,21791,96.267008
2025,RE+3_R3_CH36_C,18011,17647,97.979013
2025,RE+4_R1_CH15_A,0,0,
2025,RE+4_R1_CH16_A,0,0,
2025,RE+4_R2_CH01_A,23601,22218,94.140079
2025,RE+4_R2_CH01_B,21673,20353,93.909473
2025,RE+4_R2_CH01_C,19513,18173,93.132783
2025,RE+4_R2_CH02_A,24136,22866,94.738150
2025,RE+4_R2_CH02_B,21357,20485,95.917030
2025,RE+4_R2_CH02_C,19543,18633,95.343601
2025,RE+4_R2_CH03_A,23724,22650,95.472939
2025,RE+4_R2_CH03_B,21655,20572,94.998846
2025,RE+4_R2_CH03_C,21210,19690,92.833569
2025,RE+4_R2_CH04_A,24168,23038,95.324396
2025,RE+4_R2_CH04_B,20896,19877,95.123469
2025,RE+4_R2_CH04_C,20673,19579,94.708073
2025,RE+4_R2_CH05_A,23179,21901,94.486389
2025,RE+4_R2_CH05_B,21043,19998,95.033978
2025,RE+4_R2_CH05_C,19492,17248,88.487585
2025,RE+4_R2_CH06_A,24032,23346,97.145473
2025,RE+4_R2_CH06_B,20351,19899,97.778979
2025,RE+4_R2_CH06_C,18760,17445,92.990405
2025,RE+4_R2_CH07_A,22587,22226,98.401736
2025,RE+4_R2_CH07_B,20555,20107,97.820482
2025,RE+4_R2_CH07_C,19856,18958,95.477438
2025,RE+4_R2_CH08_A,22982,22571,98.211644
2025,RE+4_R2_CH08_B,20487,20192,98.560062
2025,RE+4_R2_CH08_C,19655,19286,98.122615
2025,RE+4_R2_CH09_A,22828,22268,97.546872
2025,RE+4_R2_CH09_B,21533,20976,97.413273
2025,RE+4_R2_CH09_C,20559,19969,97.130211
2025,RE+4_R2_CH10_A,22702,22177,97.687428
2025,RE+4_R2_CH10_B,20968,20411,97.343571
2025,RE+4_R2_CH10_C,20323,19774,97.298627
2025,RE+4_R2_CH11_A,23186,22743,98.089364
2025,RE+4_R2_CH11_B,21225,20569,96.909305
2025,RE+4_R2_CH11_C,20677,20010,96.774194
2025,RE+4_R2_CH12_A,24355,23919,98.209813
2025,RE+4_R2_CH12_B,23150,22743,98.241901
2025,RE+4_R2_CH12_C,22008,21652,98.382406
2025,RE+4_R2_CH13_A,23754,23450,98.720216
2025,RE+4_R2_CH13_B,21570,21198,98.275382
2025,RE+4_R2_CH13_C,19809,19378,97.824221
2025,RE+4_R2_CH14_A,24388,23782,97.515171
2025,RE+4_R2_CH14_B,21523,21165,98.336663
2025,RE+4_R2_CH14_C,19332,18959,98.070557
2025,RE+4_R2_CH15_A,24133,22786,94.418431
2025,RE+4_R2_CH15_B,33384,31649,94.802900
2025,RE+4_R2_CH15_C,29798,27806,93.314988
2025,RE+4_R2_CH16_A,24199,22631,93.520393
2025,RE+4_R2_CH16_B,21449,20060,93.524174
2025,RE+4_R2_CH16_C,20968,19559,93.280237
2025,RE+4_R2_CH17_A,23596,22161,93.918461
2025,RE+4_R2_CH17_B,24927,23222,93.160027
2025,RE+4_R2_CH17_C,25775,23711,91.992241
2025,RE+4_R2_CH18_A,22716,22251,97.952985
2025,RE+4_R2_CH18_B,21319,20927,98.161265
2025,RE+4_R2_CH18_C,22829,22346,97.884270
2025,RE+4_R2_CH19_A,23710,23464,98.962463
2025,RE+4_R2_CH19_B,21985,21598,98.239709
2025,RE+4_R2_CH19_C,21123,20456,96.842305
2025,RE+4_R2_CH20_A,23861,22848,95.754579
2025,RE+4_R2_CH20_B,21559,21225,98.450763
2025,RE+4_R2_CH20_C,21360,21018,98.398876
2025,RE+4_R2_CH21_A,29289,28276,96.541364
2025,RE+4_R2_CH21_B,21768,21032,96.618890
2025,RE+4_R2_CH21_C,19446,18600,95.649491
2025,RE+4_R2_CH22_A,23725,20716,87.317176
2025,RE+4_R2_CH22_B,21203,13917,65.636938
2025,RE+4_R2_CH22_C,19654,18871,96.016078
2025,RE+4_R2_CH23_A,23173,22466,96.949036
2025,RE+4_R2_CH23_B,23151,22274,96.211827
2025,RE+4_R2_CH23_C,25547,22701,88.859749
2025,RE+4_R2_CH24_A,23309,22401,96.104509
2025,RE+4_R2_CH24_B,21140,20271,95.889309
2025,RE+4_R2_CH24_C,20714,20334,98.165492
2025,RE+4_R2_CH25_A,23048,22648,98.264491
2025,RE+4_R2_CH25_B,22112,21795,98.566389
2025,RE+4_R2_CH25_C,20920,20604,98.489484
2025,RE+4_R2_CH26_A,22970,21673,94.353505
2025,RE+4_R2_CH26_B,28676,27294,95.180639
2025,RE+4_R2_CH26_C,27816,25944,93.270060
2025,RE+4_R2_CH27_A,22798,20879,91.582595
2025,RE+4_R2_CH27_B,20941,19068,91.055824
2025,RE+4_R2_CH27_C,21833,19991,91.563230
2025,RE+4_R2_CH28_A,20797,18995,91.335289
2025,RE+4_R2_CH28_B,20176,18323,90.815821
2025,RE+4_R2_CH28_C,21074,19197,91.093290
2025,RE+4_R2_CH29_A,22520,20618,91.554174
2025,RE+4_R2_CH29_B,20465,18663,91.194723
2025,RE+4_R2_CH29_C,20133,18366,91.223365
2025,RE+4_R2_CH30_A,22630,21980,97.127707
2025,RE+4_R2_CH30_B,20670,20324,98.326076
2025,RE+4_R2_CH30_C,20150,19777,98.148883
2025,RE+4_R2_CH31_A,23517,23157,98.469192
2025,RE+4_R2_CH31_B,20946,20628,98.481810
2025,RE+4_R2_CH31_C,20638,20260,98.168427
2025,RE+4_R2_CH32_A,22169,21845,98.538500
2025,RE+4_R2_CH32_B,20864,20471,98.116373
2025,RE+4_R2_CH32_C,20004,19589,97.925415
2025,RE+4_R2_CH33_A,21946,21304,97.074638
2025,RE+4_R2_CH33_B,20554,19931,96.968960
2025,RE+4_R2_CH33_C,18302,17636,96.361053
2025,RE+4_R2_CH34_A,22440,21633,96.403743
2025,RE+4_R2_CH34_B,20521,19695,95.974855
2025,RE+4_R2_CH34_C,18481,17756,96.077052
2025,RE+4_R2_CH35_A,22397,21697,96.874581
2025,RE+4_R2_CH35_B,20890,20194,96.668262
2025,RE+4_R2_CH35_C,20229,19516,96.475357
2025,RE+4_R2_CH36_A,22519,21282,94.506861
2025,RE+4_R2_CH36_B,20802,19960,95.952312
2025,RE+4_R2_CH36_C,20017,18958,94.709497
2025,RE+4_R3_CH01_A,13426,12727,94.793684
2025,RE+4_R3_CH01_B,24464,23242,95.004905
2025,RE+4_R3_CH01_C,20182,19401,96.130215
2025,RE+4_R3_CH02_A,13580,7669,56.472754
2025,RE+4_R3_CH02_B,24655,23600,95.720949
2025,RE+4_R3_CH02_C,20552,19348,94.141689
2025,RE+4_R3_CH03_A,13984,13771,98.476831
2025,RE+4_R3_CH03_B,24592,23779,96.694047
2025,RE+4_R3_CH03_C,20203,19989,98.940751
2025,RE+4_R3_CH04_A,13432,13179,98.116438
2025,RE+4_R3_CH04_B,24543,23871,97.261948
2025,RE+4_R3_CH04_C,20250,19957,98.553086
2025,RE+4_R3_CH05_A,13582,12957,95.398321
2025,RE+4_R3_CH05_B,24108,23864,98.987888
2025,RE+4_R3_CH05_C,19421,19197,98.846609
2025,RE+4_R3_CH06_A,12819,12657,98.736251
2025,RE+4_R3_CH06_B,23590,23249,98.554472
2025,RE+4_R3_CH06_C,19167,18901,98.612198
2025,RE+4_R3_CH07_A,12913,12629,97.800666
2025,RE+4_R3_CH07_B,23478,23093,98.360167
2025,RE+4_R3_CH07_C,18782,18459,98.280268
2025,RE+4_R3_CH08_A,13300,13022,97.909774
2025,RE+4_R3_CH08_B,24142,23674,98.061470
2025,RE+4_R3_CH08_C,19454,18456,94.869950
2025,RE+4_R3_CH09_A,14127,13607,96.319105
2025,RE+4_R3_CH09_B,24041,23679,98.494239
2025,RE+4_R3_CH09_C,19096,18861,98.769376
2025,RE+4_R3_CH10_A,13668,13115,95.954053
2025,RE+4_R3_CH10_B,24159,23797,98.501594
2025,RE+4_R3_CH10_C,19054,18749,98.399286
2025,RE+4_R3_CH11_A,13855,13572,97.957416
2025,RE+4_R3_CH11_B,24262,23978,98.829445
2025,RE+4_R3_CH11_C,19645,19292,98.203105
2025,RE+4_R3_CH12_A,13488,13168,97.627521
2025,RE+4_R3_CH12_B,24237,23806,98.221727
2025,RE+4_R3_CH12_C,19779,19402,98.093938
2025,RE+4_R3_CH13_A,14064,13791,98.058874
2025,RE+4_R3_CH13_B,24976,24628,98.606662
2025,RE+4_R3_CH13_C,19930,19237,96.522830
2025,RE+4_R3_CH14_A,14075,13804,98.074600
2025,RE+4_R3_CH14_B,25554,25026,97.933787
2025,RE+4_R3_CH14_C,20549,20228,98.437880
2025,RE+4_R3_CH15_A,14647,14279,97.487540
2025,RE+4_R3_CH15_B,25899,25376,97.980617
2025,RE+4_R3_CH15_C,20697,20292,98.043195
2025,RE+4_R3_CH16_A,14013,13801,98.487119
2025,RE+4_R3_CH16_B,24905,24565,98.634812
2025,RE+4_R3_CH16_C,20107,19822,98.582583
2025,RE+4_R3_CH17_A,13925,7406,53.184919
2025,RE+4_R3_CH17_B,24600,12419,50.483740
2025,RE+4_R3_CH17_C,19931,11948,59.946817
2025,RE+4_R3_CH18_A,13419,13213,98.464863
2025,RE+4_R3_CH18_B,24264,23862,98.343225
2025,RE+4_R3_CH18_C,19358,19092,98.625891
2025,RE+4_R3_CH19_A,14606,14295,97.870738
2025,RE+4_R3_CH19_B,25479,25155,98.728365
2025,RE+4_R3_CH19_C,20255,19772,97.615404
2025,RE+4_R3_CH20_A,13926,13676,98.204797
2025,RE+4_R3_CH20_B,25244,24843,98.411504
2025,RE+4_R3_CH20_C,20371,19998,98.168966
2025,RE+4_R3_CH21_A,15972,14907,93.332081
2025,RE+4_R3_CH21_B,29293,28643,97.781040
2025,RE+4_R3_CH21_C,24994,22660,90.661759
2025,RE+4_R3_CH22_A,13780,12338,89.535559
2025,RE+4_R3_CH22_B,25021,24718,98.789017
2025,RE+4_R3_CH22_C,20573,20256,98.459145
2025,RE+4_R3_CH23_A,13953,13677,98.021931
2025,RE+4_R3_CH23_B,24038,23732,98.727016
2025,RE+4_R3_CH23_C,19849,19547,98.478513
2025,RE+4_R3_CH24_A,13353,12883,96.480192
2025,RE+4_R3_CH24_B,24048,23817,99.039421
2025,RE+4_R3_CH24_C,19540,19304,98.792221
2025,RE+4_R3_CH25_A,13725,13195,96.138434
2025,RE+4_R3_CH25_B,24343,23371,96.007066
2025,RE+4_R3_CH25_C,19291,18945,98.206418
2025,RE+4_R3_CH26_A,12972,12784,98.550725
2025,RE+4_R3_CH26_B,23496,23224,98.842356
2025,RE+4_R3_CH26_C,19495,19261,98.799692
2025,RE+4_R3_CH27_A,13327,13101,98.304194
2025,RE+4_R3_CH27_B,23610,23276,98.585345
2025,RE+4_R3_CH27_C,19148,18951,98.971172
2025,RE+4_R3_CH28_A,11838,11575,97.778341
2025,RE+4_R3_CH28_B,21429,21079,98.366699
2025,RE+4_R3_CH28_C,17657,17385,98.459534
2025,RE+4_R3_CH29_A,11338,10744,94.760981
2025,RE+4_R3_CH29_B,21282,21009,98.717226
2025,RE+4_R3_CH29_C,17248,16978,98.434601
2025,RE+4_R3_CH30_A,12247,11946,97.542255
2025,RE+4_R3_CH30_B,22322,21727,97.334468
2025,RE+4_R3_CH30_C,18661,18329,98.220888
2025,RE+4_R3_CH31_A,12667,12006,94.781716
2025,RE+4_R3_CH31_B,23081,22787,98.726225
2025,RE+4_R3_CH31_C,19154,18811,98.209251
2025,RE+4_R3_CH32_A,12130,11821,97.452597
2025,RE+4_R3_CH32_B,22425,21958,97.917503
2025,RE+4_R3_CH32_C,18419,18209,98.859873
2025,RE+4_R3_CH33_A,12948,12761,98.555762
2025,RE+4_R3_CH33_B,22704,22406,98.687456
2025,RE+4_R3_CH33_C,18376,18118,98.595995
2025,RE+4_R3_CH34_A,12861,12642,98.297178
2025,RE+4_R3_CH34_B,22714,22441,98.798098
2025,RE+4_R3_CH34_C,18102,17846,98.585792
2025,RE+4_R3_CH35_A,12745,11783,92.451942
2025,RE+4_R3_CH35_B,22048,20692,93.849782
2025,RE+4_R3_CH35_C,17391,16429,94.468403
2025,RE+4_R3_CH36_A,12558,11916,94.887721
2025,RE+4_R3_CH36_B,22258,21337,95.862162
2025,RE+4_R3_CH36_C,17725,17388,98.098731
2025,RE-1_R2_CH01_A,19082,18941,99.261084
2025,RE-1_R2_CH01_B,17718,17464,98.566430
2025,RE-1_R2_CH01_C,40935,38878,94.974960
2025,RE-1_R2_CH02_A,20438,20146,98.571289
2025,RE-1_R2_CH02_B,19265,18695,97.041267
2025,RE-1_R2_CH02_C,43908,42729,97.314840
2025,RE-1_R2_CH03_A,20272,20092,99.112076
2025,RE-1_R2_CH03_B,18941,18688,98.664273
2025,RE-1_R2_CH03_C,42401,41354,97.530719
2025,RE-1_R2_CH04_A,19875,19418,97.700629
2025,RE-1_R2_CH04_B,18348,17977,97.977981
2025,RE-1_R2_CH04_C,47296,46491,98.297953
2025,RE-1_R2_CH05_A,19120,18986,99.299163
2025,RE-1_R2_CH05_B,18411,18070,98.147846
2025,RE-1_R2_CH05_C,40040,39532,98.731269
2025,RE-1_R2_CH06_A,20321,19749,97.185178
2025,RE-1_R2_CH06_B,18678,17773,95.154727
2025,RE-1_R2_CH06_C,40806,40303,98.767338
2025,RE-1_R2_CH07_A,19375,18983,97.976774
2025,RE-1_R2_CH07_B,17900,17620,98.435754
2025,RE-1_R2_CH07_C,40393,39207,97.063848
2025,RE-1_R2_CH08_A,20158,19891,98.675464
2025,RE-1_R2_CH08_B,18563,17814,95.965092
2025,RE-1_R2_CH08_C,42176,40416,95.827011
2025,RE-1_R2_CH09_A,20234,19705,97.385589
2025,RE-1_R2_CH09_B,19263,19012,98.696984
2025,RE-1_R2_CH09_C,41964,41198,98.174626
2025,RE-1_R2_CH10_A,20687,20509,99.139556
2025,RE-1_R2_CH10_B,19644,19460,99.063327
2025,RE-1_R2_CH10_C,41673,40712,97.693951
2025,RE-1_R2_CH11_A,20023,18078,90.286171
2025,RE-1_R2_CH11_B,19236,17255,89.701601
2025,RE-1_R2_CH11_C,41250,34263,83.061818
2025,RE-1_R2_CH12_A,19861,19407,97.714113
2025,RE-1_R2_CH12_B,18739,17900,95.522707
2025,RE-1_R2_CH12_C,41722,41004,98.279085
2025,RE-1_R2_CH13_A,19948,19587,98.190295
2025,RE-1_R2_CH13_B,18735,18504,98.767014
2025,RE-1_R2_CH13_C,42327,41866,98.910861
2025,RE-1_R2_CH14_A,19999,19781,98.909945
2025,RE-1_R2_CH14_B,18955,18775,99.050382
2025,RE-1_R2_CH14_C,42028,41464,98.658037
2025,RE-1_R2_CH15_A,20129,17385,86.367927
2025,RE-1_R2_CH15_B,17921,16976,94.726857
2025,RE-1_R2_CH15_C,38594,37023,95.929419
2025,RE-1_R2_CH16_A,19706,19542,99.167766
2025,RE-1_R2_CH16_B,17685,17441,98.620300
2025,RE-1_R2_CH16_C,35534,35058,98.660438
2025,RE-1_R2_CH17_A,19589,19331,98.682934
2025,RE-1_R2_CH17_B,17363,17029,98.076369
2025,RE-1_R2_CH17_C,37615,36614,97.338828
2025,RE-1_R2_CH18_A,20377,20092,98.601364
2025,RE-1_R2_CH18_B,18321,17970,98.084166
2025,RE-1_R2_CH18_C,37250,36716,98.566443
2025,RE-1_R2_CH19_A,21554,21350,99.053540
2025,RE-1_R2_CH19_B,20832,20602,98.895929
2025,RE-1_R2_CH19_C,46404,45872,98.853547
2025,RE-1_R2_CH20_A,18860,17213,91.267232
2025,RE-1_R2_CH20_B,17466,13201,75.581129
2025,RE-1_R2_CH20_C,40894,35320,86.369639
2025,RE-1_R2_CH21_A,19499,19300,98.979435
2025,RE-1_R2_CH21_B,18510,18007,97.282550
2025,RE-1_R2_CH21_C,42017,40856,97.236833
2025,RE-1_R2_CH22_A,19863,19308,97.205860
2025,RE-1_R2_CH22_B,18917,18700,98.852884
2025,RE-1_R2_CH22_C,42016,41643,99.112243
2025,RE-1_R2_CH23_A,19391,19069,98.339436
2025,RE-1_R2_CH23_B,18844,18587,98.636171
2025,RE-1_R2_CH23_C,40999,40339,98.390205
2025,RE-1_R2_CH24_A,19463,18758,96.377742
2025,RE-1_R2_CH24_B,18425,18060,98.018996
2025,RE-1_R2_CH24_C,41321,40319,97.575083
2025,RE-1_R2_CH25_A,18594,18367,98.779176
2025,RE-1_R2_CH25_B,17288,16918,97.859787
2025,RE-1_R2_CH25_C,41213,39962,96.964550
2025,RE-1_R2_CH26_A,19746,19117,96.814545
2025,RE-1_R2_CH26_B,18229,16854,92.457074
2025,RE-1_R2_CH26_C,41650,39394,94.583433
2025,RE-1_R2_CH27_A,21012,20732,98.667428
2025,RE-1_R2_CH27_B,19463,19210,98.700098
2025,RE-1_R2_CH27_C,44242,43440,98.187243
2025,RE-1_R2_CH28_A,19143,18426,96.254506
2025,RE-1_R2_CH28_B,17429,16686,95.736990
2025,RE-1_R2_CH28_C,40764,39150,96.040624
2025,RE-1_R2_CH29_A,18918,18781,99.275822
2025,RE-1_R2_CH29_B,17963,17844,99.337527
2025,RE-1_R2_CH29_C,42088,41184,97.852119
2025,RE-1_R2_CH30_A,16228,16064,98.989401
2025,RE-1_R2_CH30_B,13391,13220,98.723023
2025,RE-1_R2_CH30_C,38993,38599,98.989562
2025,RE-1_R2_CH31_A,13631,13058,95.796347
2025,RE-1_R2_CH31_B,13412,12520,93.349239
2025,RE-1_R2_CH31_C,39980,37553,93.929465
2025,RE-1_R2_CH32_A,17613,17297,98.205871
2025,RE-1_R2_CH32_B,16848,16568,98.338082
2025,RE-1_R2_CH32_C,41207,40592,98.507535
2025,RE-1_R2_CH33_A,20220,19973,98.778437
2025,RE-1_R2_CH33_B,19357,19011,98.212533
2025,RE-1_R2_CH33_C,42484,41505,97.695603
2025,RE-1_R2_CH34_A,20016,19847,99.155675
2025,RE-1_R2_CH34_B,18410,18192,98.815861
2025,RE-1_R2_CH34_C,41729,41158,98.631647
2025,RE-1_R2_CH35_A,19448,19122,98.323735
2025,RE-1_R2_CH35_B,18294,18014,98.469444
2025,RE-1_R2_CH35_C,41813,41073,98.230215
2025,RE-1_R2_CH36_A,20003,19663,98.300255
2025,RE-1_R2_CH36_B,18117,17606,97.179445
2025,RE-1_R2_CH36_C,40635,39467,97.125631
2025,RE-1_R3_CH01_A,9284,8647,93.138733
2025,RE-1_R3_CH01_B,25048,24392,97.381028
2025,RE-1_R3_CH01_C,18928,16497,87.156593
2025,RE-1_R3_CH02_A,9992,9245,92.524019
2025,RE-1_R3_CH02_B,26056,19481,74.765889
2025,RE-1_R3_CH02_C,19677,16089,81.765513
2025,RE-1_R3_CH03_A,9921,9750,98.276383
2025,RE-1_R3_CH03_B,26255,25903,98.659303
2025,RE-1_R3_CH03_C,21397,21095,98.588587
2025,RE-1_R3_CH04_A,9509,8808,92.628037
2025,RE-1_R3_CH04_B,24746,24328,98.310838
2025,RE-1_R3_CH04_C,18768,18376,97.911338
2025,RE-1_R3_CH05_A,10060,9648,95.904573
2025,RE-1_R3_CH05_B,26144,25786,98.630661
2025,RE-1_R3_CH05_C,18703,17737,94.835053
2025,RE-1_R3_CH06_A,10043,9850,98.078263
2025,RE-1_R3_CH06_B,26007,25637,98.577306
2025,RE-1_R3_CH06_C,21105,20119,95.328121
2025,RE-1_R3_CH07_A,9565,8977,93.852588
2025,RE-1_R3_CH07_B,25358,24410,96.261535
2025,RE-1_R3_CH07_C,19208,18367,95.621616
2025,RE-1_R3_CH08_A,9850,9605,97.512690
2025,RE-1_R3_CH08_B,25899,25451,98.270203
2025,RE-1_R3_CH08_C,19354,18810,97.189212
2025,RE-1_R3_CH09_A,10441,10103,96.762762
2025,RE-1_R3_CH09_B,27078,26600,98.234729
2025,RE-1_R3_CH09_C,21025,19990,95.077289
2025,RE-1_R3_CH10_A,9528,7581,79.565491
2025,RE-1_R3_CH10_B,25636,25069,97.788267
2025,RE-1_R3_CH10_C,19323,18679,96.667184
2025,RE-1_R3_CH11_A,10029,9336,93.090039
2025,RE-1_R3_CH11_B,26350,25563,97.013283
2025,RE-1_R3_CH11_C,18989,17483,92.069093
2025,RE-1_R3_CH12_A,10126,9695,95.743630
2025,RE-1_R3_CH12_B,25956,25023,96.405455
2025,RE-1_R3_CH12_C,20568,16140,78.471412
2025,RE-1_R3_CH13_A,9768,9068,92.833743
2025,RE-1_R3_CH13_B,25164,24214,96.224766
2025,RE-1_R3_CH13_C,18589,15206,81.801065
2025,RE-1_R3_CH14_A,10501,10021,95.429007
2025,RE-1_R3_CH14_B,26573,26021,97.922703
2025,RE-1_R3_CH14_C,19484,17402,89.314309
2025,RE-1_R3_CH15_A,10221,9446,92.417572
2025,RE-1_R3_CH15_B,27205,25422,93.446058
2025,RE-1_R3_CH15_C,21157,19374,91.572529
2025,RE-1_R3_CH16_A,9454,8612,91.093717
2025,RE-1_R3_CH16_B,25457,24350,95.651491
2025,RE-1_R3_CH16_C,18961,17929,94.557249
2025,RE-1_R3_CH17_A,10255,7341,71.584593
2025,RE-1_R3_CH17_B,26610,14008,52.641864
2025,RE-1_R3_CH17_C,19179,12326,64.268210
2025,RE-1_R3_CH18_A,10060,9885,98.260437
2025,RE-1_R3_CH18_B,25969,25634,98.710000
2025,RE-1_R3_CH18_C,21428,20285,94.665858
2025,RE-1_R3_CH19_A,9037,8762,96.956955
2025,RE-1_R3_CH19_B,24522,23429,95.542778
2025,RE-1_R3_CH19_C,18717,16781,89.656462
2025,RE-1_R3_CH20_A,9736,9310,95.624486
2025,RE-1_R3_CH20_B,23868,23479,98.370203
2025,RE-1_R3_CH20_C,18103,17564,97.022593
2025,RE-1_R3_CH21_A,10033,9660,96.282269
2025,RE-1_R3_CH21_B,25212,24945,98.940980
2025,RE-1_R3_CH21_C,19852,18754,94.469071
2025,RE-1_R3_CH22_A,9106,8707,95.618274
2025,RE-1_R3_CH22_B,24999,23761,95.047802
2025,RE-1_R3_CH22_C,18639,17254,92.569344
2025,RE-1_R3_CH23_A,9629,9380,97.414062
2025,RE-1_R3_CH23_B,25290,24101,95.298537
2025,RE-1_R3_CH23_C,18414,16185,87.895080
2025,RE-1_R3_CH24_A,9587,9032,94.210911
2025,RE-1_R3_CH24_B,25187,24277,96.387025
2025,RE-1_R3_CH24_C,20196,17254,85.432759
2025,RE-1_R3_CH25_A,8976,8623,96.067291
2025,RE-1_R3_CH25_B,24444,23962,98.028146
2025,RE-1_R3_CH25_C,18053,16560,91.729906
2025,RE-1_R3_CH26_A,9888,9748,98.584142
2025,RE-1_R3_CH26_B,25626,25076,97.853742
2025,RE-1_R3_CH26_C,18386,17726,96.410312
2025,RE-1_R3_CH27_A,9988,9865,98.768522
2025,RE-1_R3_CH27_B,25611,25256,98.613877
2025,RE-1_R3_CH27_C,20750,20515,98.867470
2025,RE-1_R3_CH28_A,9068,8209,90.527128
2025,RE-1_R3_CH28_B,24385,23934,98.150502
2025,RE-1_R3_CH28_C,18763,16868,89.900336
2025,RE-1_R3_CH29_A,9560,9387,98.190377
2025,RE-1_R3_CH29_B,24881,24294,97.640770
2025,RE-1_R3_CH29_C,18371,18065,98.334331
2025,RE-1_R3_CH30_A,8552,7578,88.610851
2025,RE-1_R3_CH30_B,19315,18696,96.795237
2025,RE-1_R3_CH30_C,16491,15522,94.124068
2025,RE-1_R3_CH31_A,6900,5740,83.188406
2025,RE-1_R3_CH31_B,15418,14980,97.159165
2025,RE-1_R3_CH31_C,13164,12639,96.011851
2025,RE-1_R3_CH32_A,8802,7529,85.537378
2025,RE-1_R3_CH32_B,21388,19394,90.677015
2025,RE-1_R3_CH32_C,17302,15933,92.087620
2025,RE-1_R3_CH33_A,10038,9604,95.676430
2025,RE-1_R3_CH33_B,24816,24453,98.537234
2025,RE-1_R3_CH33_C,19771,18395,93.040312
2025,RE-1_R3_CH34_A,9421,9080,96.380427
2025,RE-1_R3_CH34_B,24895,23657,95.027114
2025,RE-1_R3_CH34_C,19082,15950,83.586626
2025,RE-1_R3_CH35_A,9990,9288,92.972973
2025,RE-1_R3_CH35_B,26132,25677,98.258840
2025,RE-1_R3_CH35_C,19270,18501,96.009341
2025,RE-1_R3_CH36_A,10075,9850,97.766749
2025,RE-1_R3_CH36_B,26189,25479,97.288938
2025,RE-1_R3_CH36_C,21222,19375,91.296768
2025,RE-2_R2_CH01_A,22082,21743,98.464813
2025,RE-2_R2_CH01_B,19511,19141,98.103634
2025,RE-2_R2_CH01_C,18497,18167,98.215927
2025,RE-2_R2_CH02_A,23435,22880,97.631747
2025,RE-2_R2_CH02_B,21108,20569,97.446466
2025,RE-2_R2_CH02_C,20630,20191,97.872031
2025,RE-2_R2_CH03_A,23170,22827,98.519637
2025,RE-2_R2_CH03_B,20860,20578,98.648130
2025,RE-2_R2_CH03_C,19682,19432,98.729804
2025,RE-2_R2_CH04_A,21786,21285,97.700358
2025,RE-2_R2_CH04_B,20015,19374,96.797402
2025,RE-2_R2_CH04_C,22819,22592,99.005215
2025,RE-2_R2_CH05_A,22082,21326,96.576397
2025,RE-2_R2_CH05_B,20006,19218,96.061182
2025,RE-2_R2_CH05_C,18348,16750,91.290604
2025,RE-2_R2_CH06_A,22947,21377,93.158147
2025,RE-2_R2_CH06_B,20358,19289,94.748993
2025,RE-2_R2_CH06_C,19074,17755,93.084828
2025,RE-2_R2_CH07_A,22435,21538,96.001783
2025,RE-2_R2_CH07_B,19364,18416,95.104317
2025,RE-2_R2_CH07_C,18354,17649,96.158875
2025,RE-2_R2_CH08_A,22808,21893,95.988250
2025,RE-2_R2_CH08_B,19221,17700,92.086780
2025,RE-2_R2_CH08_C,20055,18399,91.742708
2025,RE-2_R2_CH09_A,23332,22924,98.251329
2025,RE-2_R2_CH09_B,20910,20492,98.000956
2025,RE-2_R2_CH09_C,19266,18681,96.963563
2025,RE-2_R2_CH10_A,23583,22128,93.830301
2025,RE-2_R2_CH10_B,21225,20194,95.142521
2025,RE-2_R2_CH10_C,19371,19039,98.286098
2025,RE-2_R2_CH11_A,23269,18989,81.606429
2025,RE-2_R2_CH11_B,21067,15594,74.020981
2025,RE-2_R2_CH11_C,19262,16190,84.051500
2025,RE-2_R2_CH12_A,22702,21059,92.762752
2025,RE-2_R2_CH12_B,20352,19634,96.472091
2025,RE-2_R2_CH12_C,19464,19068,97.965475
2025,RE-2_R2_CH13_A,23066,22572,97.858320
2025,RE-2_R2_CH13_B,20431,19950,97.645734
2025,RE-2_R2_CH13_C,19564,18755,95.864854
2025,RE-2_R2_CH14_A,22976,22576,98.259053
2025,RE-2_R2_CH14_B,20493,19916,97.184404
2025,RE-2_R2_CH14_C,19411,19075,98.269023
2025,RE-2_R2_CH15_A,23219,20937,90.171842
2025,RE-2_R2_CH15_B,19365,15952,82.375420
2025,RE-2_R2_CH15_C,17561,15244,86.805991
2025,RE-2_R2_CH16_A,22013,20906,94.971153
2025,RE-2_R2_CH16_B,18309,17610,96.182205
2025,RE-2_R2_CH16_C,16504,16242,98.412506
2025,RE-2_R2_CH17_A,22539,21926,97.280270
2025,RE-2_R2_CH17_B,18792,18383,97.823542
2025,RE-2_R2_CH17_C,17338,15731,90.731342
2025,RE-2_R2_CH18_A,22822,21469,94.071510
2025,RE-2_R2_CH18_B,19311,18935,98.052923
2025,RE-2_R2_CH18_C,17349,16937,97.625223
2025,RE-2_R2_CH19_A,24933,24437,98.010669
2025,RE-2_R2_CH19_B,22354,21979,98.322448
2025,RE-2_R2_CH19_C,21214,20912,98.576412
2025,RE-2_R2_CH20_A,20911,20381,97.465449
2025,RE-2_R2_CH20_B,19675,19179,97.479034
2025,RE-2_R2_CH20_C,19181,18748,97.742558
2025,RE-2_R2_CH21_A,22500,21755,96.688889
2025,RE-2_R2_CH21_B,20429,19969,97.748299
2025,RE-2_R2_CH21_C,19400,19045,98.170103
2025,RE-2_R2_CH22_A,22663,21969,96.937740
2025,RE-2_R2_CH22_B,20450,19882,97.222494
2025,RE-2_R2_CH22_C,19576,19257,98.370454
2025,RE-2_R2_CH23_A,22349,21927,98.111772
2025,RE-2_R2_CH23_B,20489,20081,98.008688
2025,RE-2_R2_CH23_C,18824,17702,94.039524
2025,RE-2_R2_CH24_A,22127,21744,98.269083
2025,RE-2_R2_CH24_B,20095,19532,97.198308
2025,RE-2_R2_CH24_C,19417,19097,98.351960
2025,RE-2_R2_CH25_A,21326,20966,98.311920
2025,RE-2_R2_CH25_B,19244,19025,98.861983
2025,RE-2_R2_CH25_C,19138,18552,96.938029
2025,RE-2_R2_CH26_A,22268,21762,97.727681
2025,RE-2_R2_CH26_B,19905,19407,97.498116
2025,RE-2_R2_CH26_C,19540,19208,98.300921
2025,RE-2_R2_CH27_A,24369,23575,96.741762
2025,RE-2_R2_CH27_B,21508,20600,95.778315
2025,RE-2_R2_CH27_C,20705,20388,98.468969
2025,RE-2_R2_CH28_A,21606,20920,96.824956
2025,RE-2_R2_CH28_B,19516,18785,96.254355
2025,RE-2_R2_CH28_C,19019,18780,98.743362
2025,RE-2_R2_CH29_A,21850,21542,98.590389
2025,RE-2_R2_CH29_B,19875,19596,98.596226
2025,RE-2_R2_CH29_C,19168,18822,98.194908
2025,RE-2_R2_CH30_A,17109,8164,47.717576
2025,RE-2_R2_CH30_B,15491,7252,46.814279
2025,RE-2_R2_CH30_C,18658,18244,97.781113
2025,RE-2_R2_CH31_A,15562,15246,97.969413
2025,RE-2_R2_CH31_B,15423,15053,97.600986
2025,RE-2_R2_CH31_C,18195,17778,97.708162
2025,RE-2_R2_CH32_A,19938,19014,95.365633
2025,RE-2_R2_CH32_B,19223,10404,54.122666
2025,RE-2_R2_CH32_C,19372,19037,98.270700
2025,RE-2_R2_CH33_A,23332,22839,97.887022
2025,RE-2_R2_CH33_B,21519,20951,97.360472
2025,RE-2_R2_CH33_C,19818,18654,94.126552
2025,RE-2_R2_CH34_A,22461,20005,89.065491
2025,RE-2_R2_CH34_B,20197,19254,95.330990
2025,RE-2_R2_CH34_C,19510,19191,98.364941
2025,RE-2_R2_CH35_A,22523,22112,98.175199
2025,RE-2_R2_CH35_B,20003,19587,97.920312
2025,RE-2_R2_CH35_C,19337,18739,96.907483
2025,RE-2_R2_CH36_A,22314,20202,90.535090
2025,RE-2_R2_CH36_B,19609,19242,98.128410
2025,RE-2_R2_CH36_C,19064,18019,94.518464
2025,RE-2_R3_CH01_A,13796,13534,98.100899
2025,RE-2_R3_CH01_B,25650,25016,97.528265
2025,RE-2_R3_CH01_C,21351,20881,97.798698
2025,RE-2_R3_CH02_A,14348,13616,94.898244
2025,RE-2_R3_CH02_B,26560,25946,97.688253
2025,RE-2_R3_CH02_C,21809,21356,97.922876
2025,RE-2_R3_CH03_A,14438,13982,96.841668
2025,RE-2_R3_CH03_B,28273,27931,98.790365
2025,RE-2_R3_CH03_C,25067,24768,98.807197
2025,RE-2_R3_CH04_A,13656,13275,97.210018
2025,RE-2_R3_CH04_B,25203,24407,96.841646
2025,RE-2_R3_CH04_C,21524,20903,97.114849
2025,RE-2_R3_CH05_A,14507,14015,96.608534
2025,RE-2_R3_CH05_B,25278,24620,97.396946
2025,RE-2_R3_CH05_C,22512,22077,98.067697
2025,RE-2_R3_CH06_A,14318,13871,96.878056
2025,RE-2_R3_CH06_B,27761,27071,97.514499
2025,RE-2_R3_CH06_C,23952,23363,97.540915
2025,RE-2_R3_CH07_A,13882,13388,96.441435
2025,RE-2_R3_CH07_B,25881,25011,96.638461
2025,RE-2_R3_CH07_C,22629,21836,96.495647
2025,RE-2_R3_CH08_A,14332,12690,88.543120
2025,RE-2_R3_CH08_B,26149,25423,97.223603
2025,RE-2_R3_CH08_C,22791,22294,97.819315
2025,RE-2_R3_CH09_A,14814,14436,97.448360
2025,RE-2_R3_CH09_B,27931,27082,96.960367
2025,RE-2_R3_CH09_C,24539,24079,98.125433
2025,RE-2_R3_CH10_A,14011,13663,97.516237
2025,RE-2_R3_CH10_B,26167,25401,97.072649
2025,RE-2_R3_CH10_C,21752,21302,97.931225
2025,RE-2_R3_CH11_A,14667,14033,95.677371
2025,RE-2_R3_CH11_B,25787,25283,98.045527
2025,RE-2_R3_CH11_C,21539,21081,97.873625
2025,RE-2_R3_CH12_A,14011,13104,93.526515
2025,RE-2_R3_CH12_B,27492,26299,95.660556
2025,RE-2_R3_CH12_C,22208,21786,98.099784
2025,RE-2_R3_CH13_A,13810,12439,90.072411
2025,RE-2_R3_CH13_B,25271,21056,83.320803
2025,RE-2_R3_CH13_C,21110,18251,86.456656
2025,RE-2_R3_CH14_A,14561,13269,91.126983
2025,RE-2_R3_CH14_B,26243,25018,95.332089
2025,RE-2_R3_CH14_C,21399,20688,96.677415
2025,RE-2_R3_CH15_A,14777,14245,96.399811
2025,RE-2_R3_CH15_B,28386,27614,97.280349
2025,RE-2_R3_CH15_C,23895,22937,95.990793
2025,RE-2_R3_CH16_A,13959,12874,92.227237
2025,RE-2_R3_CH16_B,25748,24506,95.176324
2025,RE-2_R3_CH16_C,21047,20577,97.766903
2025,RE-2_R3_CH17_A,14684,13988,95.260147
2025,RE-2_R3_CH17_B,25936,25535,98.453886
2025,RE-2_R3_CH17_C,21865,21443,98.069975
2025,RE-2_R3_CH18_A,14096,12962,91.955165
2025,RE-2_R3_CH18_B,28346,27308,96.338108
2025,RE-2_R3_CH18_C,22581,22151,98.095744
2025,RE-2_R3_CH19_A,13415,12956,96.578457
2025,RE-2_R3_CH19_B,25155,24153,96.016696
2025,RE-2_R3_CH19_C,20982,20253,96.525593
2025,RE-2_R3_CH20_A,12929,12399,95.900688
2025,RE-2_R3_CH20_B,24228,23604,97.424468
2025,RE-2_R3_CH20_C,20695,20321,98.192800
2025,RE-2_R3_CH21_A,13910,13472,96.851186
2025,RE-2_R3_CH21_B,26480,26057,98.402568
2025,RE-2_R3_CH21_C,22904,22216,96.996158
2025,RE-2_R3_CH22_A,13670,13123,95.998537
2025,RE-2_R3_CH22_B,25292,24668,97.532817
2025,RE-2_R3_CH22_C,20957,20545,98.034070
2025,RE-2_R3_CH23_A,14087,13757,97.657415
2025,RE-2_R3_CH23_B,24979,24580,98.402658
2025,RE-2_R3_CH23_C,21035,20642,98.131685
2025,RE-2_R3_CH24_A,13704,12446,90.820198
2025,RE-2_R3_CH24_B,26633,25962,97.480569
2025,RE-2_R3_CH24_C,22581,22177,98.210885
2025,RE-2_R3_CH25_A,13421,12876,95.939200
2025,RE-2_R3_CH25_B,24471,23443,95.799109
2025,RE-2_R3_CH25_C,20998,20471,97.490237
2025,RE-2_R3_CH26_A,14195,13742,96.808735
2025,RE-2_R3_CH26_B,24982,24386,97.614282
2025,RE-2_R3_CH26_C,20686,19976,96.567727
2025,RE-2_R3_CH27_A,13873,13643,98.342103
2025,RE-2_R3_CH27_B,27411,27109,98.898253
2025,RE-2_R3_CH27_C,24807,24625,99.266336
2025,RE-2_R3_CH28_A,13313,12434,93.397431
2025,RE-2_R3_CH28_B,25182,24346,96.680168
2025,RE-2_R3_CH28_C,20807,20113,96.664584
2025,RE-2_R3_CH29_A,13701,12981,94.744909
2025,RE-2_R3_CH29_B,24705,24211,98.000405
2025,RE-2_R3_CH29_C,20893,20696,99.057100
2025,RE-2_R3_CH30_A,10439,10085,96.608871
2025,RE-2_R3_CH30_B,21604,21000,97.204221
2025,RE-2_R3_CH30_C,19447,19078,98.102535
2025,RE-2_R3_CH31_A,8371,8176,97.670529
2025,RE-2_R3_CH31_B,17604,16686,94.785276
2025,RE-2_R3_CH31_C,16745,16384,97.844133
2025,RE-2_R3_CH32_A,11706,10153,86.733299
2025,RE-2_R3_CH32_B,22845,18816,82.363756
2025,RE-2_R3_CH32_C,19460,18700,96.094553
2025,RE-2_R3_CH33_A,13589,12981,95.525793
2025,RE-2_R3_CH33_B,26085,25175,96.511405
2025,RE-2_R3_CH33_C,24039,20341,84.616665
2025,RE-2_R3_CH34_A,13571,13148,96.883059
2025,RE-2_R3_CH34_B,25671,25032,97.510810
2025,RE-2_R3_CH34_C,21437,21031,98.106078
2025,RE-2_R3_CH35_A,14499,13946,96.185944
2025,RE-2_R3_CH35_B,26037,24897,95.621615
2025,RE-2_R3_CH35_C,22975,21922,95.416757
2025,RE-2_R3_CH36_A,14471,14124,97.602101
2025,RE-2_R3_CH36_B,27815,26747,96.160345
2025,RE-2_R3_CH36_C,23473,22645,96.472543
2025,RE-3_R1_CH01_A,0,0,
2025,RE-3_R1_CH02_A,0,0,
2025,RE-3_R1_CH03_A,0,0,
2025,RE-3_R1_CH04_A,0,0,
2025,RE-3_R1_CH05_A,0,0,
2025,RE-3_R1_CH06_A,0,0,
2025,RE-3_R1_CH07_A,0,0,
2025,RE-3_R1_CH08_A,0,0,
2025,RE-3_R1_CH09_A,0,0,
2025,RE-3_R1_CH10_A,0,0,
2025,RE-3_R1_CH11_A,0,0,
2025,RE-3_R1_CH12_A,0,0,
2025,RE-3_R1_CH13_A,0,0,
2025,RE-3_R1_CH14_A,0,0,
2025,RE-3_R1_CH15_A,0,0,
2025,RE-3_R1_CH16_A,0,0,
2025,RE-3_R1_CH17_A,0,0,
2025,RE-3_R1_CH18_A,0,0,
2025,RE-3_R2_CH01_A,21872,21072,96.342356
2025,RE-3_R2_CH01_B,21106,20653,97.853691
2025,RE-3_R2_CH01_C,19834,19420,97.912675
2025,RE-3_R2_CH02_A,23348,22412,95.991091
2025,RE-3_R2_CH02_B,22319,21827,97.795600
2025,RE-3_R2_CH02_C,19497,19118,98.056111
2025,RE-3_R2_CH03_A,23432,22680,96.790714
2025,RE-3_R2_CH03_B,21671,21203,97.840432
2025,RE-3_R2_CH03_C,21329,20894,97.960523
2025,RE-3_R2_CH04_A,22200,21264,95.783784
2025,RE-3_R2_CH04_B,27159,26434,97.330535
2025,RE-3_R2_CH04_C,29781,29335,98.502401
2025,RE-3_R2_CH05_A,21937,21463,97.839267
2025,RE-3_R2_CH05_B,20553,19939,97.012602
2025,RE-3_R2_CH05_C,19262,18844,97.829924
2025,RE-3_R2_CH06_A,21869,21173,96.817413
2025,RE-3_R2_CH06_B,21164,20360,96.201096
2025,RE-3_R2_CH06_C,19667,19145,97.345808
2025,RE-3_R2_CH07_A,21234,20280,95.507205
2025,RE-3_R2_CH07_B,21145,20387,96.415228
2025,RE-3_R2_CH07_C,21835,21185,97.023128
2025,RE-3_R2_CH08_A,21337,20756,97.277031
2025,RE-3_R2_CH08_B,22996,22571,98.151852
2025,RE-3_R2_CH08_C,20492,20127,98.218817
2025,RE-3_R2_CH09_A,23012,22534,97.922823
2025,RE-3_R2_CH09_B,21496,21110,98.204317
2025,RE-3_R2_CH09_C,20064,19728,98.325359
2025,RE-3_R2_CH10_A,22796,20964,91.963502
2025,RE-3_R2_CH10_B,21391,18584,86.877659
2025,RE-3_R2_CH10_C,19390,18058,93.130480
2025,RE-3_R2_CH11_A,23109,22349,96.711238
2025,RE-3_R2_CH11_B,21039,20420,97.057845
2025,RE-3_R2_CH11_C,20042,19675,98.168845
2025,RE-3_R2_CH12_A,22598,21713,96.083724
2025,RE-3_R2_CH12_B,21111,20646,97.797357
2025,RE-3_R2_CH12_C,19495,19181,98.389331
2025,RE-3_R2_CH13_A,22997,21878,95.134148
2025,RE-3_R2_CH13_B,21753,21334,98.073829
2025,RE-3_R2_CH13_C,19463,19125,98.263372
2025,RE-3_R2_CH14_A,22255,21299,95.704336
2025,RE-3_R2_CH14_B,22178,21407,96.523582
2025,RE-3_R2_CH14_C,19421,18969,97.672622
2025,RE-3_R2_CH15_A,20835,20353,97.686585
2025,RE-3_R2_CH15_B,19897,19352,97.260894
2025,RE-3_R2_CH15_C,20459,19911,97.321472
2025,RE-3_R2_CH16_A,19616,19301,98.394168
2025,RE-3_R2_CH16_B,17693,17313,97.852258
2025,RE-3_R2_CH16_C,16665,16357,98.151815
2025,RE-3_R2_CH17_A,20651,16665,80.698271
2025,RE-3_R2_CH17_B,19073,17369,91.065905
2025,RE-3_R2_CH17_C,18287,16134,88.226609
2025,RE-3_R2_CH18_A,20639,18680,90.508261
2025,RE-3_R2_CH18_B,19337,17561,90.815535
2025,RE-3_R2_CH18_C,18426,17448,94.692283
2025,RE-3_R2_CH19_A,24385,13786,56.534755
2025,RE-3_R2_CH19_B,23706,13756,58.027504
2025,RE-3_R2_CH19_C,21970,15311,69.690487
2025,RE-3_R2_CH20_A,21685,21122,97.403735
2025,RE-3_R2_CH20_B,21572,20604,95.512702
2025,RE-3_R2_CH20_C,20841,20256,97.193033
2025,RE-3_R2_CH21_A,22704,22301,98.224982
2025,RE-3_R2_CH21_B,21519,20973,97.462707
2025,RE-3_R2_CH21_C,19618,19186,97.797941
2025,RE-3_R2_CH22_A,22611,21093,93.286453
2025,RE-3_R2_CH22_B,21622,20889,96.609934
2025,RE-3_R2_CH22_C,18760,18417,98.171642
2025,RE-3_R2_CH23_A,22212,21626,97.361786
2025,RE-3_R2_CH23_B,21136,20784,98.334595
2025,RE-3_R2_CH23_C,20857,20512,98.345879
2025,RE-3_R2_CH24_A,21934,20061,91.460746
2025,RE-3_R2_CH24_B,21773,21399,98.282276
2025,RE-3_R2_CH24_C,20151,19677,97.647759
2025,RE-3_R2_CH25_A,22034,21494,97.549242
2025,RE-3_R2_CH25_B,21222,20783,97.931392
2025,RE-3_R2_CH25_C,19204,18837,98.088940
2025,RE-3_R2_CH26_A,22073,20031,90.748879
2025,RE-3_R2_CH26_B,21734,21338,98.177970
2025,RE-3_R2_CH26_C,19138,18696,97.690459
2025,RE-3_R2_CH27_A,24495,23557,96.170647
2025,RE-3_R2_CH27_B,22771,22118,97.132317
2025,RE-3_R2_CH27_C,21971,21338,97.118929
2025,RE-3_R2_CH28_A,22267,21270,95.522522
2025,RE-3_R2_CH28_B,20925,20351,97.256870
2025,RE-3_R2_CH28_C,20973,20575,98.102322
2025,RE-3_R2_CH29_A,22592,21976,97.273371
2025,RE-3_R2_CH29_B,21834,20975,96.065769
2025,RE-3_R2_CH29_C,20340,19738,97.040315
2025,RE-3_R2_CH30_A,19871,14784,74.399879
2025,RE-3_R2_CH30_B,21626,16530,76.435772
2025,RE-3_R2_CH30_C,21776,17297,79.431484
2025,RE-3_R2_CH31_A,20302,19825,97.650478
2025,RE-3_R2_CH31_B,20757,20371,98.140386
2025,RE-3_R2_CH31_C,22103,21690,98.131475
2025,RE-3_R2_CH32_A,21973,20004,91.039002
2025,RE-3_R2_CH32_B,21408,21063,98.388453
2025,RE-3_R2_CH32_C,20781,20395,98.142534
2025,RE-3_R2_CH33_A,24086,22981,95.412273
2025,RE-3_R2_CH33_B,21731,21427,98.601077
2025,RE-3_R2_CH33_C,20028,19703,98.377272
2025,RE-3_R2_CH34_A,22291,19560,87.748419
2025,RE-3_R2_CH34_B,21898,18714,85.459859
2025,RE-3_R2_CH34_C,19301,16979,87.969535
2025,RE-3_R2_CH35_A,22495,21839,97.083796
2025,RE-3_R2_CH35_B,21552,21138,98.079065
2025,RE-3_R2_CH35_C,21289,20836,97.872141
2025,RE-3_R2_CH36_A,22063,20267,91.859675
2025,RE-3_R2_CH36_B,20740,20195,97.372228
2025,RE-3_R2_CH36_C,20562,18126,88.152903
2025,RE-3_R3_CH01_A,14356,13314,92.741711
2025,RE-3_R3_CH01_B,24261,23553,97.081736
2025,RE-3_R3_CH01_C,18793,18290,97.323472
2025,RE-3_R3_CH02_A,14874,14290,96.073686
2025,RE-3_R3_CH02_B,25076,24506,97.726910
2025,RE-3_R3_CH02_C,20174,19906,98.671557
2025,RE-3_R3_CH03_A,16342,15653,95.783870
2025,RE-3_R3_CH03_B,26412,25996,98.424958
2025,RE-3_R3_CH03_C,20092,19708,98.088792
2025,RE-3_R3_CH04_A,14447,13022,90.136360
2025,RE-3_R3_CH04_B,24516,23720,96.753141
2025,RE-3_R3_CH04_C,19399,19016,98.025671
2025,RE-3_R3_CH05_A,14879,14180,95.302104
2025,RE-3_R3_CH05_B,24553,24126,98.260905
2025,RE-3_R3_CH05_C,19397,18631,96.050936
2025,RE-3_R3_CH06_A,16812,15664,93.171544
2025,RE-3_R3_CH06_B,25015,24447,97.729362
2025,RE-3_R3_CH06_C,19577,19342,98.799612
2025,RE-3_R3_CH07_A,15065,14207,94.304680
2025,RE-3_R3_CH07_B,25299,24931,98.545397
2025,RE-3_R3_CH07_C,19167,18558,96.822664
2025,RE-3_R3_CH08_A,15518,12667,81.627787
2025,RE-3_R3_CH08_B,24884,23881,95.969298
2025,RE-3_R3_CH08_C,19517,19135,98.042732
2025,RE-3_R3_CH09_A,16401,15907,96.987989
2025,RE-3_R3_CH09_B,26076,25433,97.534131
2025,RE-3_R3_CH09_C,20380,19986,98.066732
2025,RE-3_R3_CH10_A,14495,13630,94.032425
2025,RE-3_R3_CH10_B,25439,24584,96.639019
2025,RE-3_R3_CH10_C,20585,20249,98.367744
2025,RE-3_R3_CH11_A,14303,13799,96.476264
2025,RE-3_R3_CH11_B,25468,25097,98.543270
2025,RE-3_R3_CH11_C,20414,20019,98.065053
2025,RE-3_R3_CH12_A,15187,14293,94.113386
2025,RE-3_R3_CH12_B,24477,23553,96.225028
2025,RE-3_R3_CH12_C,19657,19354,98.458564
2025,RE-3_R3_CH13_A,14255,12950,90.845317
2025,RE-3_R3_CH13_B,24836,24154,97.253986
2025,RE-3_R3_CH13_C,20090,18673,92.946740
2025,RE-3_R3_CH14_A,14466,12969,89.651597
2025,RE-3_R3_CH14_B,24724,24255,98.103058
2025,RE-3_R3_CH14_C,19870,19658,98.933065
2025,RE-3_R3_CH15_A,15810,15106,95.547122
2025,RE-3_R3_CH15_B,26067,23618,90.604979
2025,RE-3_R3_CH15_C,19599,18629,95.050768
2025,RE-3_R3_CH16_A,14100,11575,82.092199
2025,RE-3_R3_CH16_B,24285,23329,96.063414
2025,RE-3_R3_CH16_C,18613,18148,97.501746
2025,RE-3_R3_CH17_A,14736,13966,94.774701
2025,RE-3_R3_CH17_B,25078,23650,94.305766
2025,RE-3_R3_CH17_C,18712,17799,95.120778
2025,RE-3_R3_CH18_A,15642,15286,97.724076
2025,RE-3_R3_CH18_B,24993,24518,98.099468
2025,RE-3_R3_CH18_C,19359,19030,98.300532
2025,RE-3_R3_CH19_A,13975,13282,95.041145
2025,RE-3_R3_CH19_B,26550,26185,98.625235
2025,RE-3_R3_CH19_C,21635,21087,97.467067
2025,RE-3_R3_CH20_A,14148,12559,88.768731
2025,RE-3_R3_CH20_B,23228,22046,94.911314
2025,RE-3_R3_CH20_C,18396,17992,97.803870
2025,RE-3_R3_CH21_A,15075,14242,94.474295
2025,RE-3_R3_CH21_B,25094,24613,98.083207
2025,RE-3_R3_CH21_C,19573,18800,96.050682
2025,RE-3_R3_CH22_A,14110,12027,85.237420
2025,RE-3_R3_CH22_B,24645,22300,90.484885
2025,RE-3_R3_CH22_C,19746,19187,97.169047
2025,RE-3_R3_CH23_A,14057,13365,95.077186
2025,RE-3_R3_CH23_B,24781,24374,98.357613
2025,RE-3_R3_CH23_C,19681,18324,93.105025
2025,RE-3_R3_CH24_A,15705,12621,80.362942
2025,RE-3_R3_CH24_B,23901,22781,95.314004
2025,RE-3_R3_CH24_C,19161,18750,97.855018
2025,RE-3_R3_CH25_A,14003,13051,93.201457
2025,RE-3_R3_CH25_B,23871,23132,96.904193
2025,RE-3_R3_CH25_C,18225,17516,96.109739
2025,RE-3_R3_CH26_A,13954,12915,92.554106
2025,RE-3_R3_CH26_B,24284,23225,95.639104
2025,RE-3_R3_CH26_C,19058,18766,98.467835
2025,RE-3_R3_CH27_A,16244,15832,97.463679
2025,RE-3_R3_CH27_B,27213,26680,98.041377
2025,RE-3_R3_CH27_C,20891,20227,96.821598
2025,RE-3_R3_CH28_A,13895,12677,91.234257
2025,RE-3_R3_CH28_B,23687,22512,95.039473
2025,RE-3_R3_CH28_C,18367,18094,98.513639
2025,RE-3_R3_CH29_A,13980,13520,96.709585
2025,RE-3_R3_CH29_B,24233,23985,98.976602
2025,RE-3_R3_CH29_C,19154,18962,98.997598
2025,RE-3_R3_CH30_A,13282,12909,97.191688
2025,RE-3_R3_CH30_B,19843,17605,88.721463
2025,RE-3_R3_CH30_C,14243,13734,96.426315
2025,RE-3_R3_CH31_A,10970,10470,95.442115
2025,RE-3_R3_CH31_B,18441,18144,98.389458
2025,RE-3_R3_CH31_C,13894,13706,98.646898
2025,RE-3_R3_CH32_A,13131,11383,86.687990
2025,RE-3_R3_CH32_B,21824,19446,89.103739
2025,RE-3_R3_CH32_C,17658,17069,96.664401
2025,RE-3_R3_CH33_A,15589,13240,84.931683
2025,RE-3_R3_CH33_B,26374,23466,88.973990
2025,RE-3_R3_CH33_C,20466,18345,89.636470
2025,RE-3_R3_CH34_A,14546,12201,83.878730
2025,RE-3_R3_CH34_B,24604,23917,97.207771
2025,RE-3_R3_CH34_C,19302,19060,98.746244
2025,RE-3_R3_CH35_A,14908,14482,97.142474
2025,RE-3_R3_CH35_B,25166,24577,97.659541
2025,RE-3_R3_CH35_C,19482,18985,97.448927
2025,RE-3_R3_CH36_A,16415,14326,87.273835
2025,RE-3_R3_CH36_B,24696,23660,95.804989
2025,RE-3_R3_CH36_C,18904,18231,96.439907
2025,RE-4_R1_CH01_A,0,0,
2025,RE-4_R1_CH02_A,0,0,
2025,RE-4_R1_CH03_A,0,0,
2025,RE-4_R1_CH04_A,0,0,
2025,RE-4_R1_CH05_A,0,0,
2025,RE-4_R1_CH06_A,0,0,
2025,RE-4_R1_CH07_A,0,0,
2025,RE-4_R1_CH08_A,0,0,
2025,RE-4_R1_CH09_A,0,0,
2025,RE-4_R1_CH10_A,0,0,
2025,RE-4_R1_CH11_A,0,0,
2025,RE-4_R1_CH12_A,0,0,
2025,RE-4_R1_CH13_A,0,0,
2025,RE-4_R1_CH14_A,0,0,
2025,RE-4_R1_CH15_A,0,0,
2025,RE-4_R1_CH16_A,0,0,
2025,RE-4_R1_CH17_A,0,0,
2025,RE-4_R1_CH18_A,0,0,
2025,RE-4_R2_CH01_A,22397,21679,96.794214
2025,RE-4_R2_CH01_B,21757,21068,96.833203
2025,RE-4_R2_CH01_C,19414,18648,96.054394
2025,RE-4_R2_CH02_A,25001,24182,96.724131
2025,RE-4_R2_CH02_B,21100,20426,96.805687
2025,RE-4_R2_CH02_C,19238,18455,95.929930
2025,RE-4_R2_CH03_A,23608,22684,96.086073
2025,RE-4_R2_CH03_B,21268,20474,96.266692
2025,RE-4_R2_CH03_C,20909,19932,95.327371
2025,RE-4_R2_CH04_A,29292,28302,96.620238
2025,RE-4_R2_CH04_B,29527,28492,96.494734
2025,RE-4_R2_CH04_C,24792,22480,90.674411
2025,RE-4_R2_CH05_A,22107,21416,96.874293
2025,RE-4_R2_CH05_B,20569,19795,96.237056
2025,RE-4_R2_CH05_C,19160,18423,96.153445
2025,RE-4_R2_CH06_A,23098,22782,98.631916
2025,RE-4_R2_CH06_B,20763,20403,98.266147
2025,RE-4_R2_CH06_C,19265,18804,97.607059
2025,RE-4_R2_CH07_A,22303,21888,98.139264
2025,RE-4_R2_CH07_B,21225,20854,98.252061
2025,RE-4_R2_CH07_C,21257,20849,98.080632
2025,RE-4_R2_CH08_A,25038,24656,98.474319
2025,RE-4_R2_CH08_B,20966,20601,98.259086
2025,RE-4_R2_CH08_C,20722,20196,97.461635
2025,RE-4_R2_CH09_A,23164,22056,95.216716
2025,RE-4_R2_CH09_B,21624,20836,96.355901
2025,RE-4_R2_CH09_C,19587,18741,95.680809
2025,RE-4_R2_CH10_A,23152,22281,96.237906
2025,RE-4_R2_CH10_B,21073,20221,95.956912
2025,RE-4_R2_CH10_C,18331,17575,95.875839
2025,RE-4_R2_CH11_A,23121,22429,97.007050
2025,RE-4_R2_CH11_B,20242,19448,96.077463
2025,RE-4_R2_CH11_C,19813,18950,95.644274
2025,RE-4_R2_CH12_A,23661,23280,98.389755
2025,RE-4_R2_CH12_B,19598,19210,98.020206
2025,RE-4_R2_CH12_C,19714,19221,97.499239
2025,RE-4_R2_CH13_A,23731,23359,98.432430
2025,RE-4_R2_CH13_B,21026,20656,98.240274
2025,RE-4_R2_CH13_C,19205,18753,97.646446
2025,RE-4_R2_CH14_A,23918,23469,98.122753
2025,RE-4_R2_CH14_B,20937,20466,97.750394
2025,RE-4_R2_CH14_C,19248,18667,96.981505
2025,RE-4_R2_CH15_A,21178,20764,98.045141
2025,RE-4_R2_CH15_B,20192,19700,97.563391
2025,RE-4_R2_CH15_C,19681,19113,97.113968
2025,RE-4_R2_CH16_A,19896,19431,97.662847
2025,RE-4_R2_CH16_B,16892,16481,97.566896
2025,RE-4_R2_CH16_C,16888,16485,97.613690
2025,RE-4_R2_CH17_A,20769,20132,96.932929
2025,RE-4_R2_CH17_B,19249,18720,97.251805
2025,RE-4_R2_CH17_C,17825,17229,96.656381
2025,RE-4_R2_CH18_A,20656,20130,97.453524
2025,RE-4_R2_CH18_B,19551,19233,98.373485
2025,RE-4_R2_CH18_C,17873,17580,98.360656
2025,RE-4_R2_CH19_A,25992,25556,98.322561
2025,RE-4_R2_CH19_B,22060,21617,97.991840
2025,RE-4_R2_CH19_C,20672,20064,97.058824
2025,RE-4_R2_CH20_A,23478,22878,97.444416
2025,RE-4_R2_CH20_B,21290,20862,97.989667
2025,RE-4_R2_CH20_C,20291,19885,97.999113
2025,RE-4_R2_CH21_A,23352,22579,96.689791
2025,RE-4_R2_CH21_B,20988,19912,94.873261
2025,RE-4_R2_CH21_C,19175,18320,95.541069
2025,RE-4_R2_CH22_A,23809,22499,94.497879
2025,RE-4_R2_CH22_B,20311,19557,96.287726
2025,RE-4_R2_CH22_C,18659,17930,96.093038
2025,RE-4_R2_CH23_A,22684,21965,96.830365
2025,RE-4_R2_CH23_B,20980,20206,96.310772
2025,RE-4_R2_CH23_C,19683,18896,96.001626
2025,RE-4_R2_CH24_A,23501,23181,98.638356
2025,RE-4_R2_CH24_B,20217,19872,98.293515
2025,RE-4_R2_CH24_C,19721,19382,98.281020
2025,RE-4_R2_CH25_A,22824,22523,98.681213
2025,RE-4_R2_CH25_B,20937,20605,98.414290
2025,RE-4_R2_CH25_C,19126,18812,98.358256
2025,RE-4_R2_CH26_A,23800,23432,98.453782
2025,RE-4_R2_CH26_B,20500,20092,98.009756
2025,RE-4_R2_CH26_C,18688,18316,98.009418
2025,RE-4_R2_CH27_A,25283,24954,98.698730
2025,RE-4_R2_CH27_B,21966,21531,98.019667
2025,RE-4_R2_CH27_C,21372,20903,97.805540
2025,RE-4_R2_CH28_A,22640,22297,98.484982
2025,RE-4_R2_CH28_B,21260,20843,98.038570
2025,RE-4_R2_CH28_C,21208,20729,97.741418
2025,RE-4_R2_CH29_A,23242,22911,98.575854
2025,RE-4_R2_CH29_B,21662,21289,98.278091
2025,RE-4_R2_CH29_C,19898,19460,97.798774
2025,RE-4_R2_CH30_A,23147,22750,98.284875
2025,RE-4_R2_CH30_B,22157,21714,98.000632
2025,RE-4_R2_CH30_C,21589,21144,97.938765
2025,RE-4_R2_CH31_A,22238,21982,98.848817
2025,RE-4_R2_CH31_B,21728,21406,98.518041
2025,RE-4_R2_CH31_C,21852,21423,98.036793
2025,RE-4_R2_CH32_A,23457,22860,97.454918
2025,RE-4_R2_CH32_B,21056,20659,98.114552
2025,RE-4_R2_CH32_C,21266,20821,97.907458
2025,RE-4_R2_CH33_A,24043,23180,96.410598
2025,RE-4_R2_CH33_B,21328,20958,98.265191
2025,RE-4_R2_CH33_C,19692,19237,97.689417
2025,RE-4_R2_CH34_A,23687,22679,95.744501
2025,RE-4_R2_CH34_B,20715,20155,97.296645
2025,RE-4_R2_CH34_C,20113,19495,96.927360
2025,RE-4_R2_CH35_A,23391,22731,97.178402
2025,RE-4_R2_CH35_B,21151,19381,91.631601
2025,RE-4_R2_CH35_C,20751,20096,96.843526
2025,RE-4_R2_CH36_A,22739,21935,96.464224
2025,RE-4_R2_CH36_B,20777,20137,96.919671
2025,RE-4_R2_CH36_C,20435,19759,96.691950
2025,RE-4_R3_CH01_A,13423,13206,98.383372
2025,RE-4_R3_CH01_B,23107,21790,94.300428
2025,RE-4_R3_CH01_C,18827,18575,98.661497
2025,RE-4_R3_CH02_A,13809,13206,95.633283
2025,RE-4_R3_CH02_B,24755,24471,98.852757
2025,RE-4_R3_CH02_C,20165,19946,98.913960
2025,RE-4_R3_CH03_A,14546,14301,98.315688
2025,RE-4_R3_CH03_B,24309,23959,98.560204
2025,RE-4_R3_CH03_C,19986,19760,98.869208
2025,RE-4_R3_CH04_A,13667,12547,91.805078
2025,RE-4_R3_CH04_B,23375,22420,95.914439
2025,RE-4_R3_CH04_C,19225,18792,97.747724
2025,RE-4_R3_CH05_A,13477,13149,97.566224
2025,RE-4_R3_CH05_B,23681,23423,98.910519
2025,RE-4_R3_CH05_C,19255,18944,98.384835
2025,RE-4_R3_CH06_A,13877,13648,98.349787
2025,RE-4_R3_CH06_B,24243,23652,97.562183
2025,RE-4_R3_CH06_C,19514,19202,98.401148
2025,RE-4_R3_CH07_A,14022,13855,98.809014
2025,RE-4_R3_CH07_B,23570,23191,98.392024
2025,RE-4_R3_CH07_C,18372,18169,98.895058
2025,RE-4_R3_CH08_A,13797,13563,98.303979
2025,RE-4_R3_CH08_B,24243,23902,98.593408
2025,RE-4_R3_CH08_C,18374,18145,98.753674
2025,RE-4_R3_CH09_A,14452,14214,98.353169
2025,RE-4_R3_CH09_B,24914,24716,99.205266
2025,RE-4_R3_CH09_C,19949,19744,98.972380
2025,RE-4_R3_CH10_A,14020,13613,97.097004
2025,RE-4_R3_CH10_B,25165,24790,98.509835
2025,RE-4_R3_CH10_C,20267,19967,98.519761
2025,RE-4_R3_CH11_A,13996,13689,97.806516
2025,RE-4_R3_CH11_B,24903,24609,98.819419
2025,RE-4_R3_CH11_C,20135,19799,98.331264
2025,RE-4_R3_CH12_A,13556,13101,96.643553
2025,RE-4_R3_CH12_B,24296,23669,97.419328
2025,RE-4_R3_CH12_C,19623,19158,97.630332
2025,RE-4_R3_CH13_A,13653,13004,95.246466
2025,RE-4_R3_CH13_B,24526,23844,97.219278
2025,RE-4_R3_CH13_C,19607,19295,98.408732
2025,RE-4_R3_CH14_A,13620,13242,97.224670
2025,RE-4_R3_CH14_B,24516,23788,97.030511
2025,RE-4_R3_CH14_C,19514,18998,97.355745
2025,RE-4_R3_CH15_A,14231,13818,97.097885
2025,RE-4_R3_CH15_B,24226,23854,98.464460
2025,RE-4_R3_CH15_C,18276,17906,97.975487
2025,RE-4_R3_CH16_A,13537,13208,97.569624
2025,RE-4_R3_CH16_B,23399,22289,95.256208
2025,RE-4_R3_CH16_C,17639,17281,97.970406
2025,RE-4_R3_CH17_A,13844,13441,97.088992
2025,RE-4_R3_CH17_B,23412,22902,97.821630
2025,RE-4_R3_CH17_C,17920,17548,97.924107
2025,RE-4_R3_CH18_A,13846,13288,95.969955
2025,RE-4_R3_CH18_B,24011,23102,96.214235
2025,RE-4_R3_CH18_C,18262,17861,97.804184
2025,RE-4_R3_CH19_A,14626,14249,97.422398
2025,RE-4_R3_CH19_B,26137,25465,97.428932
2025,RE-4_R3_CH19_C,20918,20330,97.189024
2025,RE-4_R3_CH20_A,12925,12430,96.170213
2025,RE-4_R3_CH20_B,22390,21850,97.588209
2025,RE-4_R3_CH20_C,18989,18534,97.603876
2025,RE-4_R3_CH21_A,13753,12972,94.321239
2025,RE-4_R3_CH21_B,23980,23412,97.631359
2025,RE-4_R3_CH21_C,19724,19400,98.357331
2025,RE-4_R3_CH22_A,13557,13016,96.009442
2025,RE-4_R3_CH22_B,24201,23717,98.000083
2025,RE-4_R3_CH22_C,19707,19388,98.381286
2025,RE-4_R3_CH23_A,13803,13103,94.928639
2025,RE-4_R3_CH23_B,23889,23211,97.161874
2025,RE-4_R3_CH23_C,19482,19268,98.901550
2025,RE-4_R3_CH24_A,13241,12839,96.963976
2025,RE-4_R3_CH24_B,23515,23121,98.324474
2025,RE-4_R3_CH24_C,19283,19119,99.149510
2025,RE-4_R3_CH25_A,13276,11907,89.688159
2025,RE-4_R3_CH25_B,22376,21850,97.649267
2025,RE-4_R3_CH25_C,18772,18295,97.458981
2025,RE-4_R3_CH26_A,13424,13121,97.742849
2025,RE-4_R3_CH26_B,23588,23205,98.376293
2025,RE-4_R3_CH26_C,19083,18839,98.721375
2025,RE-4_R3_CH27_A,14941,14663,98.139348
2025,RE-4_R3_CH27_B,25881,25568,98.790619
2025,RE-4_R3_CH27_C,21184,20980,99.037009
2025,RE-4_R3_CH28_A,13063,12801,97.994335
2025,RE-4_R3_CH28_B,22829,22606,99.023172
2025,RE-4_R3_CH28_C,19070,18888,99.045621
2025,RE-4_R3_CH29_A,13352,13016,97.483523
2025,RE-4_R3_CH29_B,23184,22929,98.900104
2025,RE-4_R3_CH29_C,19102,18810,98.471364
2025,RE-4_R3_CH30_A,11012,9810,89.084635
2025,RE-4_R3_CH30_B,17780,17376,97.727784
2025,RE-4_R3_CH30_C,15932,15729,98.725835
2025,RE-4_R3_CH31_A,10483,10306,98.311552
2025,RE-4_R3_CH31_B,16582,16231,97.883247
2025,RE-4_R3_CH31_C,15713,15538,98.886273
2025,RE-4_R3_CH32_A,12052,11828,98.141387
2025,RE-4_R3_CH32_B,21457,21157,98.601855
2025,RE-4_R3_CH32_C,18791,18081,96.221595
2025,RE-4_R3_CH33_A,14572,14354,98.503980
2025,RE-4_R3_CH33_B,25167,24686,98.088767
2025,RE-4_R3_CH33_C,21056,20831,98.931421
2025,RE-4_R3_CH34_A,13719,13438,97.951746
2025,RE-4_R3_CH34_B,23848,23620,99.043945
2025,RE-4_R3_CH34_C,19607,19338,98.628041
2025,RE-4_R3_CH35_A,13772,13425,97.480395
2025,RE-4_R3_CH35_B,24034,23722,98.701839
2025,RE-4_R3_CH35_C,19502,19286,98.892421
2025,RE-4_R3_CH36_A,13793,13512,97.962735
2025,RE-4_R3_CH36_B,23559,22772,96.659451
2025,RE-4_R3_CH36_C,19008,18820,99.010943
2025,W+0_RB1in_S01_Backward,278144,260966,93.824062
2025,W+0_RB1in_S01_Forward,302776,298605,98.622414
2025,W+0_RB1in_S02_Backward,0,0,
2025,W+0_RB1in_S02_Forward,0,0,
2025,W+0_RB1in_S03_Backward,322988,317870,98.415421
2025,W+0_RB1in_S03_Forward,333430,328085,98.396965
2025,W+0_RB1in_S04_Backward,0,0,
2025,W+0_RB1in_S04_Forward,0,0,
2025,W+0_RB1in_S05_Backward,0,0,
2025,W+0_RB1in_S05_Forward,0,0,
2025,W+0_RB1in_S06_Backward,0,0,
2025,W+0_RB1in_S06_Forward,0,0,
2025,W+0_RB1in_S07_Backward,279694,274969,98.310654
2025,W+0_RB1in_S07_Forward,301317,293672,97.462805
2025,W+0_RB1in_S08_Backward,288471,274380,95.115280
2025,W+0_RB1in_S08_Forward,308161,294333,95.512735
2025,W+0_RB1in_S09_Backward,0,0,
2025,W+0_RB1in_S09_Forward,0,0,
2025,W+0_RB1in_S10_Backward,0,0,
2025,W+0_RB1in_S10_Forward,0,0,
2025,W+0_RB1in_S11_Backward,256987,250126,97.330215
2025,W+0_RB1in_S11_Forward,292390,280482,95.927357
2025,W+0_RB1in_S12_Backward,283235,278851,98.452169
2025,W+0_RB1in_S12_Forward,306743,272299,88.771056
2025,W+0_RB1out_S01_Backward,237677,230447,96.958057
2025,W+0_RB1out_S01_Forward,258866,246982,95.409208
2025,W+0_RB1out_S02_Backward,0,0,
2025,W+0_RB1out_S02_Forward,0,0,
2025,W+0_RB1out_S03_Backward,0,0,
2025,W+0_RB1out_S03_Forward,0,0,
2025,W+0_RB1out_S04_Backward,0,0,
2025,W+0_RB1out_S04_Forward,0,0,
2025,W+0_RB1out_S05_Backward,0,0,
2025,W+0_RB1out_S05_Forward,0,0,
2025,W+0_RB1out_S06_Backward,0,0,
2025,W+0_RB1out_S06_Forward,0,0,
2025,W+0_RB1out_S07_Backward,238893,223324,93.482856
2025,W+0_RB1out_S07_Forward,0,0,
2025,W+0_RB1out_S08_Backward,247329,243543,98.469245
2025,W+0_RB1out_S08_Forward,264604,259751,98.165939
2025,W+0_RB1out_S09_Backward,0,0,
2025,W+0_RB1out_S09_Forward,0,0,
2025,W+0_RB1out_S10_Backward,0,0,
2025,W+0_RB1out_S10_Forward,0,0,
2025,W+0_RB1out_S11_Backward,218076,215090,98.630753
2025,W+0_RB1out_S11_Forward,248887,241298,96.950825
2025,W+0_RB1out_S12_Backward,241751,238625,98.706934
2025,W+0_RB1out_S12_Forward,261987,258479,98.661002
2025,W+0_RB2in_S01_Backward,145794,143847,98.664554
2025,W+0_RB2in_S01_Forward,166536,164597,98.835687
2025,W+0_RB2in_S01_Middle,148961,145477,97.661133
2025,W+0_RB2in_S02_Backward,0,0,
2025,W+0_RB2in_S02_Forward,0,0,
2025,W+0_RB2in_S02_Middle,0,0,
2025,W+0_RB2in_S03_Backward,0,0,
2025,W+0_RB2in_S03_Forward,0,0,
2025,W+0_RB2in_S03_Middle,0,0,
2025,W+0_RB2in_S04_Backward,0,0,
2025,W+0_RB2in_S04_Forward,0,0,
2025,W+0_RB2in_S04_Middle,0,0,
2025,W+0_RB2in_S05_Backward,149685,145791,97.398537
2025,W+0_RB2in_S05_Forward,0,0,
2025,W+0_RB2in_S05_Middle,151171,148044,97.931482
2025,W+0_RB2in_S06_Backward,0,0,
2025,W+0_RB2in_S06_Forward,0,0,
2025,W+0_RB2in_S06_Middle,0,0,
2025,W+0_RB2in_S07_Backward,0,0,
2025,W+0_RB2in_S07_Forward,0,0,
2025,W+0_RB2in_S07_Middle,0,0,
2025,W+0_RB2in_S08_Backward,153554,150581,98.063873
2025,W+0_RB2in_S08_Forward,171259,168842,98.588687
2025,W+0_RB2in_S08_Middle,152145,132261,86.930888
2025,W+0_RB2in_S09_Backward,145953,143431,98.272046
2025,W+0_RB2in_S09_Forward,164325,160612,97.740453
2025,W+0_RB2in_S09_Middle,148762,144997,97.469112
2025,W+0_RB2in_S10_Backward,144336,141144,97.788494
2025,W+0_RB2in_S10_Forward,164059,151388,92.276559
2025,W+0_RB2in_S10_Middle,147371,143958,97.684076
2025,W+0_RB2in_S11_Backward,131756,119070,90.371596
2025,W+0_RB2in_S11_Forward,159570,150150,94.096635
2025,W+0_RB2in_S11_Middle,138483,124566,89.950391
2025,W+0_RB2in_S12_Backward,148299,145471,98.093042
2025,W+0_RB2in_S12_Forward,167279,165251,98.787654
2025,W+0_RB2in_S12_Middle,151615,147997,97.613693
2025,W+0_RB2out_S01_Backward,209566,202825,96.783352
2025,W+0_RB2out_S01_Forward,228141,218283,95.678988
2025,W+0_RB2out_S02_Backward,0,0,
2025,W+0_RB2out_S02_Forward,0,0,
2025,W+0_RB2out_S03_Backward,0,0,
2025,W+0_RB2out_S03_Forward,0,0,
2025,W+0_RB2out_S04_Backward,0,0,
2025,W+0_RB2out_S04_Forward,0,0,
2025,W+0_RB2out_S05_Backward,213119,208774,97.961233
2025,W+0_RB2out_S05_Forward,229581,221191,96.345516
2025,W+0_RB2out_S06_Backward,217967,207875,95.369941
2025,W+0_RB2out_S06_Forward,231959,226325,97.571122
2025,W+0_RB2out_S07_Backward,210402,206723,98.251442
2025,W+0_RB2out_S07_Forward,224770,215552,95.898919
2025,W+0_RB2out_S08_Backward,0,0,
2025,W+0_RB2out_S08_Forward,0,0,
2025,W+0_RB2out_S09_Backward,208700,202429,96.995208
2025,W+0_RB2out_S09_Forward,226760,222133,97.959517
2025,W+0_RB2out_S10_Backward,207983,202603,97.413250
2025,W+0_RB2out_S10_Forward,224975,214750,95.455051
2025,W+0_RB2out_S11_Backward,189815,181925,95.843321
2025,W+0_RB2out_S11_Forward,216152,204320,94.526074
2025,W+0_RB2out_S12_Backward,213183,208120,97.625045
2025,W+0_RB2out_S12_Forward,230403,224479,97.428853
2025,W+0_RB3+_S01_Backward,0,0,
2025,W+0_RB3+_S01_Forward,0,0,
2025,W+0_RB3+_S02_Backward,0,0,
2025,W+0_RB3+_S02_Forward,0,0,
2025,W+0_RB3+_S03_Backward,0,0,
2025,W+0_RB3+_S03_Forward,0,0,
2025,W+0_RB3+_S04_Backward,0,0,
2025,W+0_RB3+_S04_Forward,0,0,
2025,W+0_RB3+_S05_Backward,0,0,
2025,W+0_RB3+_S05_Forward,0,0,
2025,W+0_RB3+_S06_Backward,0,0,
2025,W+0_RB3+_S06_Forward,0,0,
2025,W+0_RB3+_S07_Backward,0,0,
2025,W+0_RB3+_S07_Forward,0,0,
2025,W+0_RB3+_S08_Backward,0,0,
2025,W+0_RB3+_S08_Forward,0,0,
2025,W+0_RB3+_S09_Backward,0,0,
2025,W+0_RB3+_S09_Forward,0,0,
2025,W+0_RB3+_S10_Backward,87054,85043,97.689940
2025,W+0_RB3+_S10_Forward,94533,92342,97.682291
2025,W+0_RB3+_S11_Backward,0,0,
2025,W+0_RB3+_S11_Forward,0,0,
2025,W+0_RB3+_S12_Backward,0,0,
2025,W+0_RB3+_S12_Forward,0,0,
2025,W+0_RB3-_S01_Backward,0,0,
2025,W+0_RB3-_S01_Forward,0,0,
2025,W+0_RB3-_S02_Backward,93397,92051,98.558840
2025,W+0_RB3-_S02_Forward,100982,86576,85.734091
2025,W+0_RB3-_S03_Backward,0,0,
2025,W+0_RB3-_S03_Forward,0,0,
2025,W+0_RB3-_S04_Backward,0,0,
2025,W+0_RB3-_S04_Forward,0,0,
2025,W+0_RB3-_S05_Backward,0,0,
2025,W+0_RB3-_S05_Forward,0,0,
2025,W+0_RB3-_S06_Backward,0,0,
2025,W+0_RB3-_S06_Forward,0,0,
2025,W+0_RB3-_S07_Backward,0,0,
2025,W+0_RB3-_S07_Forward,0,0,
2025,W+0_RB3-_S08_Backward,0,0,
2025,W+0_RB3-_S08_Forward,0,0,
2025,W+0_RB3-_S09_Backward,0,0,
2025,W+0_RB3-_S09_Forward,0,0,
2025,W+0_RB3-_S10_Backward,91557,87091,95.122164
2025,W+0_RB3-_S10_Forward,98462,82571,83.860779
2025,W+0_RB3-_S11_Backward,0,0,
2025,W+0_RB3-_S11_Forward,0,0,
2025,W+0_RB3-_S12_Backward,0,0,
2025,W+0_RB3-_S12_Forward,0,0,
2025,W+0_RB4++_S04_Backward,0,0,
2025,W+0_RB4++_S04_Forward,0,0,
2025,W+0_RB4+_S01_Backward,0,0,
2025,W+0_RB4+_S01_Forward,0,0,
2025,W+0_RB4+_S02_Backward,94223,64684,68.649905
2025,W+0_RB4+_S02_Forward,101261,64799,63.992060
2025,W+0_RB4+_S03_Backward,0,0,
2025,W+0_RB4+_S03_Forward,0,0,
2025,W+0_RB4+_S04_Backward,0,0,
2025,W+0_RB4+_S04_Forward,0,0,
2025,W+0_RB4+_S05_Backward,87572,85404,97.524323
2025,W+0_RB4+_S05_Forward,95261,92032,96.610365
2025,W+0_RB4+_S06_Backward,86528,84642,97.820359
2025,W+0_RB4+_S06_Forward,91109,89044,97.733484
2025,W+0_RB4+_S07_Backward,0,0,
2025,W+0_RB4+_S07_Forward,0,0,
2025,W+0_RB4+_S08_Backward,62988,54731,86.891154
2025,W+0_RB4+_S08_Forward,68699,66815,97.257602
2025,W+0_RB4+_S10_Backward,108001,106401,98.518532
2025,W+0_RB4+_S10_Forward,117742,97204,82.556777
2025,W+0_RB4+_S12_Backward,94983,93183,98.104924
2025,W+0_RB4+_S12_Forward,102439,100435,98.043714
2025,W+0_RB4--_S04_Backward,60050,58618,97.615321
2025,W+0_RB4--_S04_Forward,63256,61754,97.625522
2025,W+0_RB4-_S01_Backward,0,0,
2025,W+0_RB4-_S01_Forward,0,0,
2025,W+0_RB4-_S02_Backward,85761,84059,98.015415
2025,W+0_RB4-_S02_Forward,93104,88113,94.639328
2025,W+0_RB4-_S03_Backward,0,0,
2025,W+0_RB4-_S03_Forward,0,0,
2025,W+0_RB4-_S04_Backward,68098,66585,97.778202
2025,W+0_RB4-_S04_Forward,73446,72179,98.274923
2025,W+0_RB4-_S05_Backward,94152,91480,97.162036
2025,W+0_RB4-_S05_Forward,101772,98167,96.457768
2025,W+0_RB4-_S06_Backward,96408,94672,98.199320
2025,W+0_RB4-_S06_Forward,103120,100643,97.597944
2025,W+0_RB4-_S07_Backward,0,0,
2025,W+0_RB4-_S07_Forward,0,0,
2025,W+0_RB4-_S08_Backward,96216,94684,98.407749
2025,W+0_RB4-_S08_Forward,102844,98192,95.476644
2025,W+0_RB4-_S10_Backward,112816,110454,97.906325
2025,W+0_RB4-_S10_Forward,121852,119468,98.043528
2025,W+0_RB4-_S12_Backward,63592,62425,98.164864
2025,W+0_RB4-_S12_Forward,68459,57789,84.414029
2025,W+0_RB4_S09_Backward,91378,86325,94.470223
2025,W+0_RB4_S09_Forward,99596,95962,96.351259
2025,W+0_RB4_S11_Backward,82593,74060,89.668616
2025,W+0_RB4_S11_Forward,93955,89792,95.569155
2025,W+1_RB1in_S01_Backward,241973,238021,98.366760
2025,W+1_RB1in_S01_Forward,223536,208651,93.341117
2025,W+1_RB1in_S02_Backward,245410,241716,98.494764
2025,W+1_RB1in_S02_Forward,224659,219939,97.899038
2025,W+1_RB1in_S03_Backward,244482,239065,97.784295
2025,W+1_RB1in_S03_Forward,221063,216961,98.144420
2025,W+1_RB1in_S04_Backward,191232,185888,97.205489
2025,W+1_RB1in_S04_Forward,182344,179480,98.429342
2025,W+1_RB1in_S05_Backward,247025,230021,93.116486
2025,W+1_RB1in_S05_Forward,227051,224415,98.839027
2025,W+1_RB1in_S06_Backward,249905,244493,97.834377
2025,W+1_RB1in_S06_Forward,227810,194676,85.455423
2025,W+1_RB1in_S07_Backward,0,0,
2025,W+1_RB1in_S07_Forward,0,0,
2025,W+1_RB1in_S08_Backward,246460,239701,97.257567
2025,W+1_RB1in_S08_Forward,226808,213751,94.243148
2025,W+1_RB1in_S09_Backward,241546,236793,98.032259
2025,W+1_RB1in_S09_Forward,222212,219050,98.577035
2025,W+1_RB1in_S10_Backward,235461,230468,97.879479
2025,W+1_RB1in_S10_Forward,214491,211428,98.571968
2025,W+1_RB1in_S11_Backward,241567,235049,97.301784
2025,W+1_RB1in_S11_Forward,220822,217148,98.336217
2025,W+1_RB1in_S12_Backward,243563,210011,86.224509
2025,W+1_RB1in_S12_Forward,222462,218110,98.043711
2025,W+1_RB1out_S01_Backward,210660,179704,85.305231
2025,W+1_RB1out_S01_Forward,196619,194087,98.712230
2025,W+1_RB1out_S02_Backward,214347,186478,86.998185
2025,W+1_RB1out_S02_Forward,198034,186877,94.366119
2025,W+1_RB1out_S03_Backward,213992,196551,91.849695
2025,W+1_RB1out_S03_Forward,196013,194615,99.286782
2025,W+1_RB1out_S04_Backward,167148,163060,97.554263
2025,W+1_RB1out_S04_Forward,161244,142626,88.453524
2025,W+1_RB1out_S05_Backward,0,0,
2025,W+1_RB1out_S05_Forward,0,0,
2025,W+1_RB1out_S06_Backward,217869,207474,95.228784
2025,W+1_RB1out_S06_Forward,201484,199432,98.981557
2025,W+1_RB1out_S07_Backward,216632,213597,98.599007
2025,W+1_RB1out_S07_Forward,200810,198075,98.638016
2025,W+1_RB1out_S08_Backward,215266,209562,97.350255
2025,W+1_RB1out_S08_Forward,200992,198336,98.678554
2025,W+1_RB1out_S09_Backward,211466,203944,96.442927
2025,W+1_RB1out_S09_Forward,195857,193245,98.666374
2025,W+1_RB1out_S10_Backward,0,0,
2025,W+1_RB1out_S10_Forward,189720,96500,50.864432
2025,W+1_RB1out_S11_Backward,211102,184102,87.209974
2025,W+1_RB1out_S11_Forward,195300,192651,98.643625
2025,W+1_RB1out_S12_Backward,212448,209784,98.746046
2025,W+1_RB1out_S12_Forward,195348,193389,98.997174
2025,W+1_RB2in_S01_Backward,0,0,
2025,W+1_RB2in_S01_Forward,0,0,
2025,W+1_RB2in_S01_Middle,0,0,
2025,W+1_RB2in_S02_Backward,0,0,
2025,W+1_RB2in_S02_Forward,0,0,
2025,W+1_RB2in_S02_Middle,0,0,
2025,W+1_RB2in_S03_Backward,135676,133854,98.657095
2025,W+1_RB2in_S03_Forward,127324,123336,96.867833
2025,W+1_RB2in_S03_Middle,129360,127500,98.562152
2025,W+1_RB2in_S04_Backward,90267,84390,93.489315
2025,W+1_RB2in_S04_Forward,91194,90118,98.820098
2025,W+1_RB2in_S04_Middle,127915,125326,97.976000
2025,W+1_RB2in_S05_Backward,136836,135094,98.726943
2025,W+1_RB2in_S05_Forward,129361,125951,97.363966
2025,W+1_RB2in_S05_Middle,130730,129207,98.835003
2025,W+1_RB2in_S06_Backward,138157,136435,98.753592
2025,W+1_RB2in_S06_Forward,131192,128122,97.659918
2025,W+1_RB2in_S06_Middle,133412,132118,99.030072
2025,W+1_RB2in_S07_Backward,137107,134615,98.182441
2025,W+1_RB2in_S07_Forward,129933,127984,98.499996
2025,W+1_RB2in_S07_Middle,132384,129448,97.782209
2025,W+1_RB2in_S08_Backward,137251,134845,98.247007
2025,W+1_RB2in_S08_Forward,131277,129567,98.697411
2025,W+1_RB2in_S08_Middle,133362,131653,98.718526
2025,W+1_RB2in_S09_Backward,134961,126754,93.918984
2025,W+1_RB2in_S09_Forward,127856,126487,98.929264
2025,W+1_RB2in_S09_Middle,129205,127670,98.811965
2025,W+1_RB2in_S10_Backward,132087,129949,98.381370
2025,W+1_RB2in_S10_Forward,124318,122667,98.671954
2025,W+1_RB2in_S10_Middle,126020,124218,98.570068
2025,W+1_RB2in_S11_Backward,0,0,
2025,W+1_RB2in_S11_Forward,0,0,
2025,W+1_RB2in_S11_Middle,0,0,
2025,W+1_RB2in_S12_Backward,135676,133568,98.446299
2025,W+1_RB2in_S12_Forward,126067,105733,83.870482
2025,W+1_RB2in_S12_Middle,128971,126245,97.886347
2025,W+1_RB2out_S01_Backward,0,0,
2025,W+1_RB2out_S01_Forward,0,0,
2025,W+1_RB2out_S02_Backward,0,0,
2025,W+1_RB2out_S02_Forward,0,0,
2025,W+1_RB2out_S03_Backward,0,0,
2025,W+1_RB2out_S03_Forward,0,0,
2025,W+1_RB2out_S04_Backward,155140,150719,97.150316
2025,W+1_RB2out_S04_Forward,152714,146778,96.112996
2025,W+1_RB2out_S05_Backward,0,0,
2025,W+1_RB2out_S05_Forward,0,0,
2025,W+1_RB2out_S06_Backward,199790,195095,97.650033
2025,W+1_RB2out_S06_Forward,191143,186921,97.791183
2025,W+1_RB2out_S07_Backward,197285,193270,97.964873
2025,W+1_RB2out_S07_Forward,189811,187469,98.766141
2025,W+1_RB2out_S08_Backward,198315,191889,96.759700
2025,W+1_RB2out_S08_Forward,191815,176699,92.119490
2025,W+1_RB2out_S09_Backward,194744,178930,91.879596
2025,W+1_RB2out_S09_Forward,185647,181828,97.942870
2025,W+1_RB2out_S10_Backward,190715,187981,98.566447
2025,W+1_RB2out_S10_Forward,180919,177267,97.981417
2025,W+1_RB2out_S11_Backward,193764,190710,98.423856
2025,W+1_RB2out_S11_Forward,186803,176327,94.391953
2025,W+1_RB2out_S12_Backward,0,0,
2025,W+1_RB2out_S12_Forward,183897,178188,96.895545
2025,W+1_RB3+_S01_Backward,0,0,
2025,W+1_RB3+_S01_Forward,0,0,
2025,W+1_RB3+_S02_Backward,89041,83580,93.866870
2025,W+1_RB3+_S02_Forward,84637,68899,81.405296
2025,W+1_RB3+_S03_Backward,90488,89050,98.410839
2025,W+1_RB3+_S03_Forward,84702,83334,98.384926
2025,W+1_RB3+_S04_Backward,0,0,
2025,W+1_RB3+_S04_Forward,0,0,
2025,W+1_RB3+_S05_Backward,89754,87950,97.990062
2025,W+1_RB3+_S05_Forward,85513,84525,98.844620
2025,W+1_RB3+_S06_Backward,89262,87605,98.143667
2025,W+1_RB3+_S06_Forward,86940,82674,95.093168
2025,W+1_RB3+_S07_Backward,0,0,
2025,W+1_RB3+_S07_Forward,0,0,
2025,W+1_RB3+_S08_Backward,88644,86599,97.693019
2025,W+1_RB3+_S08_Forward,84518,82984,98.185002
2025,W+1_RB3+_S09_Backward,0,0,
2025,W+1_RB3+_S09_Forward,0,0,
2025,W+1_RB3+_S10_Backward,0,0,
2025,W+1_RB3+_S10_Forward,0,0,
2025,W+1_RB3+_S11_Backward,88939,87705,98.612532
2025,W+1_RB3+_S11_Forward,83542,82201,98.394819
2025,W+1_RB3+_S12_Backward,91919,90157,98.083095
2025,W+1_RB3+_S12_Forward,83955,80760,96.194390
2025,W+1_RB3-_S01_Backward,0,0,
2025,W+1_RB3-_S01_Forward,0,0,
2025,W+1_RB3-_S02_Backward,90082,88656,98.416998
2025,W+1_RB3-_S02_Forward,86836,85220,98.139021
2025,W+1_RB3-_S03_Backward,89796,88440,98.489910
2025,W+1_RB3-_S03_Forward,85137,83471,98.043154
2025,W+1_RB3-_S04_Backward,0,0,
2025,W+1_RB3-_S04_Forward,0,0,
2025,W+1_RB3-_S05_Backward,89661,83962,93.643836
2025,W+1_RB3-_S05_Forward,86304,85236,98.762514
2025,W+1_RB3-_S06_Backward,91244,89740,98.351672
2025,W+1_RB3-_S06_Forward,88168,82865,93.985346
2025,W+1_RB3-_S07_Backward,90377,88748,98.197550
2025,W+1_RB3-_S07_Forward,87565,85924,98.125964
2025,W+1_RB3-_S08_Backward,90908,89898,98.888987
2025,W+1_RB3-_S08_Forward,88924,82439,92.707256
2025,W+1_RB3-_S09_Backward,0,0,
2025,W+1_RB3-_S09_Forward,0,0,
2025,W+1_RB3-_S10_Backward,0,0,
2025,W+1_RB3-_S10_Forward,0,0,
2025,W+1_RB3-_S11_Backward,89822,86885,96.730200
2025,W+1_RB3-_S11_Forward,86192,84275,97.775896
2025,W+1_RB3-_S12_Backward,89138,87470,98.128744
2025,W+1_RB3-_S12_Forward,84982,83366,98.098421
2025,W+1_RB4++_S04_Backward,0,0,
2025,W+1_RB4++_S04_Forward,0,0,
2025,W+1_RB4+_S01_Backward,0,0,
2025,W+1_RB4+_S01_Forward,0,0,
2025,W+1_RB4+_S02_Backward,95157,93288,98.035878
2025,W+1_RB4+_S02_Forward,91361,88675,97.060015
2025,W+1_RB4+_S03_Backward,0,0,
2025,W+1_RB4+_S03_Forward,0,0,
2025,W+1_RB4+_S04_Backward,0,0,
2025,W+1_RB4+_S04_Forward,0,0,
2025,W+1_RB4+_S05_Backward,92988,91872,98.799845
2025,W+1_RB4+_S05_Forward,85159,83191,97.689029
2025,W+1_RB4+_S06_Backward,90971,87957,96.686856
2025,W+1_RB4+_S06_Forward,85465,83304,97.471480
2025,W+1_RB4+_S07_Backward,92583,89383,96.543642
2025,W+1_RB4+_S07_Forward,86020,84148,97.823762
2025,W+1_RB4+_S08_Backward,67240,66008,98.167757
2025,W+1_RB4+_S08_Forward,61485,60104,97.753924
2025,W+1_RB4+_S10_Backward,114128,112394,98.480653
2025,W+1_RB4+_S10_Forward,106745,104866,98.239730
2025,W+1_RB4+_S12_Backward,96394,93970,97.485321
2025,W+1_RB4+_S12_Forward,90275,88501,98.034893
2025,W+1_RB4--_S04_Backward,0,0,
2025,W+1_RB4--_S04_Forward,0,0,
2025,W+1_RB4-_S01_Backward,92256,88373,95.791060
2025,W+1_RB4-_S01_Forward,83773,61236,73.097537
2025,W+1_RB4-_S02_Backward,90683,87949,96.985102
2025,W+1_RB4-_S02_Forward,83341,80130,96.147154
2025,W+1_RB4-_S03_Backward,0,0,
2025,W+1_RB4-_S03_Forward,0,0,
2025,W+1_RB4-_S04_Backward,0,0,
2025,W+1_RB4-_S04_Forward,0,0,
2025,W+1_RB4-_S05_Backward,93910,92261,98.244063
2025,W+1_RB4-_S05_Forward,91401,88969,97.339198
2025,W+1_RB4-_S06_Backward,95282,89297,93.718646
2025,W+1_RB4-_S06_Forward,92805,91530,98.626152
2025,W+1_RB4-_S07_Backward,93861,92617,98.674636
2025,W+1_RB4-_S07_Forward,91384,83923,91.835551
2025,W+1_RB4-_S08_Backward,95768,94375,98.545443
2025,W+1_RB4-_S08_Forward,92444,89563,96.883519
2025,W+1_RB4-_S10_Backward,0,0,
2025,W+1_RB4-_S10_Forward,0,0,
2025,W+1_RB4-_S12_Backward,68444,67355,98.408918
2025,W+1_RB4-_S12_Forward,61566,60645,98.504044
2025,W+1_RB4_S09_Backward,92351,90698,98.210090
2025,W+1_RB4_S09_Forward,89165,87736,98.397353
2025,W+1_RB4_S11_Backward,91137,88710,97.336976
2025,W+1_RB4_S11_Forward,89325,87766,98.254688
2025,W+2_RB1in_S01_Backward,167604,165370,98.667096
2025,W+2_RB1in_S01_Forward,144958,143945,99.301177
2025,W+2_RB1in_S02_Backward,166393,162314,97.548575
2025,W+2_RB1in_S02_Forward,144568,142964,98.890488
2025,W+2_RB1in_S03_Backward,165486,161158,97.384673
2025,W+2_RB1in_S03_Forward,141679,139546,98.494484
2025,W+2_RB1in_S04_Backward,167574,164487,98.157829
2025,W+2_RB1in_S04_Forward,144025,142459,98.912689
2025,W+2_RB1in_S05_Backward,0,0,
2025,W+2_RB1in_S05_Forward,0,0,
2025,W+2_RB1in_S06_Backward,170375,167692,98.425238
2025,W+2_RB1in_S06_Forward,147709,145019,98.178852
2025,W+2_RB1in_S07_Backward,0,0,
2025,W+2_RB1in_S07_Forward,0,0,
2025,W+2_RB1in_S08_Backward,167679,159667,95.221823
2025,W+2_RB1in_S08_Forward,146285,129729,88.682367
2025,W+2_RB1in_S09_Backward,166614,157849,94.739338
2025,W+2_RB1in_S09_Forward,142239,140389,98.699372
2025,W+2_RB1in_S10_Backward,158402,153362,96.818222
2025,W+2_RB1in_S10_Forward,132853,130091,97.921010
2025,W+2_RB1in_S11_Backward,163519,155722,95.231747
2025,W+2_RB1in_S11_Forward,135850,134029,98.659551
2025,W+2_RB1in_S12_Backward,0,0,
2025,W+2_RB1in_S12_Forward,140459,138645,98.708520
2025,W+2_RB1out_S01_Backward,154344,143508,92.979319
2025,W+2_RB1out_S01_Forward,0,0,
2025,W+2_RB1out_S02_Backward,153584,143974,93.742838
2025,W+2_RB1out_S02_Forward,133478,132405,99.196122
2025,W+2_RB1out_S03_Backward,152133,149869,98.511828
2025,W+2_RB1out_S03_Forward,130742,129236,98.848113
2025,W+2_RB1out_S04_Backward,0,0,
2025,W+2_RB1out_S04_Forward,0,0,
2025,W+2_RB1out_S05_Backward,0,0,
2025,W+2_RB1out_S05_Forward,0,0,
2025,W+2_RB1out_S06_Backward,157181,154837,98.508726
2025,W+2_RB1out_S06_Forward,136140,134059,98.471426
2025,W+2_RB1out_S07_Backward,0,0,
2025,W+2_RB1out_S07_Forward,0,0,
2025,W+2_RB1out_S08_Backward,155096,147988,95.417032
2025,W+2_RB1out_S08_Forward,134376,132337,98.482616
2025,W+2_RB1out_S09_Backward,154229,145879,94.585973
2025,W+2_RB1out_S09_Forward,131023,126196,96.315914
2025,W+2_RB1out_S10_Backward,147783,146104,98.863875
2025,W+2_RB1out_S10_Forward,123015,121590,98.841605
2025,W+2_RB1out_S11_Backward,151416,145629,96.178079
2025,W+2_RB1out_S11_Forward,126178,124310,98.519552
2025,W+2_RB1out_S12_Backward,153856,147565,95.911112
2025,W+2_RB1out_S12_Forward,0,0,
2025,W+2_RB2in_S01_Backward,169200,165688,97.924350
2025,W+2_RB2in_S01_Forward,146482,144275,98.493330
2025,W+2_RB2in_S02_Backward,166199,164065,98.715997
2025,W+2_RB2in_S02_Forward,146907,144649,98.462973
2025,W+2_RB2in_S03_Backward,162203,159726,98.472901
2025,W+2_RB2in_S03_Forward,0,0,
2025,W+2_RB2in_S04_Backward,168166,165885,98.643602
2025,W+2_RB2in_S04_Forward,147137,145615,98.965590
2025,W+2_RB2in_S05_Backward,0,0,
2025,W+2_RB2in_S05_Forward,0,0,
2025,W+2_RB2in_S06_Backward,172940,170471,98.572337
2025,W+2_RB2in_S06_Forward,152898,150297,98.298866
2025,W+2_RB2in_S07_Backward,169799,167276,98.514126
2025,W+2_RB2in_S07_Forward,148622,147020,98.922098
2025,W+2_RB2in_S08_Backward,0,0,
2025,W+2_RB2in_S08_Forward,0,0,
2025,W+2_RB2in_S09_Backward,0,0,
2025,W+2_RB2in_S09_Forward,0,0,
2025,W+2_RB2in_S10_Backward,160538,156579,97.533917
2025,W+2_RB2in_S10_Forward,138953,136855,98.490137
2025,W+2_RB2in_S11_Backward,164179,162361,98.892672
2025,W+2_RB2in_S11_Forward,141553,138812,98.063623
2025,W+2_RB2in_S12_Backward,165407,163193,98.661483
2025,W+2_RB2in_S12_Forward,144958,142576,98.356765
2025,W+2_RB2out_S01_Backward,90164,88406,98.050220
2025,W+2_RB2out_S01_Forward,83082,81934,98.618233
2025,W+2_RB2out_S01_Middle,90993,76566,84.144934
2025,W+2_RB2out_S02_Backward,90078,88927,98.722219
2025,W+2_RB2out_S02_Forward,83885,82974,98.913989
2025,W+2_RB2out_S02_Middle,88949,87431,98.293404
2025,W+2_RB2out_S03_Backward,88095,73223,83.118225
2025,W+2_RB2out_S03_Forward,82684,80518,97.380388
2025,W+2_RB2out_S03_Middle,86474,85452,98.818142
2025,W+2_RB2out_S04_Backward,90520,87533,96.700177
2025,W+2_RB2out_S04_Forward,84263,78476,93.132217
2025,W+2_RB2out_S04_Middle,90586,83244,91.894995
2025,W+2_RB2out_S05_Backward,91412,48799,53.383582
2025,W+2_RB2out_S05_Forward,88267,47502,53.816262
2025,W+2_RB2out_S05_Middle,93867,50400,53.692991
2025,W+2_RB2out_S06_Backward,92994,92048,98.982730
2025,W+2_RB2out_S06_Forward,86945,82197,94.539076
2025,W+2_RB2out_S06_Middle,92701,91153,98.330115
2025,W+2_RB2out_S07_Backward,91894,90339,98.307833
2025,W+2_RB2out_S07_Forward,85109,83899,98.578294
2025,W+2_RB2out_S07_Middle,90361,89108,98.613340
2025,W+2_RB2out_S08_Backward,92596,91717,99.050715
2025,W+2_RB2out_S08_Forward,85464,84411,98.767902
2025,W+2_RB2out_S08_Middle,91234,85667,93.898108
2025,W+2_RB2out_S09_Backward,0,0,
2025,W+2_RB2out_S09_Forward,0,0,
2025,W+2_RB2out_S09_Middle,0,0,
2025,W+2_RB2out_S10_Backward,86665,85542,98.704206
2025,W+2_RB2out_S10_Forward,79491,74170,93.306160
2025,W+2_RB2out_S10_Middle,86216,85166,98.782129
2025,W+2_RB2out_S11_Backward,89801,88827,98.915380
2025,W+2_RB2out_S11_Forward,81715,80169,98.108058
2025,W+2_RB2out_S11_Middle,87390,85791,98.170271
2025,W+2_RB2out_S12_Backward,88655,87761,98.991597
2025,W+2_RB2out_S12_Forward,82660,77722,94.026131
2025,W+2_RB2out_S12_Middle,89140,88020,98.743549
2025,W+2_RB3+_S01_Backward,67289,65382,97.165956
2025,W+2_RB3+_S01_Forward,69220,68076,98.347298
2025,W+2_RB3+_S02_Backward,67678,66395,98.104258
2025,W+2_RB3+_S02_Forward,68617,67626,98.555751
2025,W+2_RB3+_S03_Backward,66828,49341,73.832825
2025,W+2_RB3+_S03_Forward,68476,51403,75.067177
2025,W+2_RB3+_S04_Backward,67685,66505,98.256630
2025,W+2_RB3+_S04_Forward,70127,69085,98.514124
2025,W+2_RB3+_S05_Backward,68973,67772,98.258739
2025,W+2_RB3+_S05_Forward,75005,73765,98.346777
2025,W+2_RB3+_S06_Backward,68754,67726,98.504814
2025,W+2_RB3+_S06_Forward,69771,68837,98.661335
2025,W+2_RB3+_S07_Backward,0,0,
2025,W+2_RB3+_S07_Forward,0,0,
2025,W+2_RB3+_S08_Backward,67938,66838,98.380877
2025,W+2_RB3+_S08_Forward,68544,67787,98.895600
2025,W+2_RB3+_S09_Backward,66916,66102,98.783550
2025,W+2_RB3+_S09_Forward,68536,67833,98.974262
2025,W+2_RB3+_S10_Backward,0,0,
2025,W+2_RB3+_S10_Forward,0,0,
2025,W+2_RB3+_S11_Backward,66396,61318,92.351949
2025,W+2_RB3+_S11_Forward,67447,66735,98.944356
2025,W+2_RB3+_S12_Backward,0,0,
2025,W+2_RB3+_S12_Forward,0,0,
2025,W+2_RB3-_S01_Backward,0,0,
2025,W+2_RB3-_S01_Forward,0,0,
2025,W+2_RB3-_S02_Backward,69183,68408,98.879783
2025,W+2_RB3-_S02_Forward,67532,60533,89.636024
2025,W+2_RB3-_S03_Backward,67680,66714,98.572695
2025,W+2_RB3-_S03_Forward,65554,64620,98.575220
2025,W+2_RB3-_S04_Backward,69790,64377,92.243874
2025,W+2_RB3-_S04_Forward,68481,67735,98.910647
2025,W+2_RB3-_S05_Backward,68783,67623,98.313537
2025,W+2_RB3-_S05_Forward,70615,69546,98.486157
2025,W+2_RB3-_S06_Backward,70936,69283,97.669730
2025,W+2_RB3-_S06_Forward,69363,67873,97.851881
2025,W+2_RB3-_S07_Backward,70033,69219,98.837691
2025,W+2_RB3-_S07_Forward,68543,67361,98.275535
2025,W+2_RB3-_S08_Backward,71133,70361,98.914709
2025,W+2_RB3-_S08_Forward,68863,66707,96.869146
2025,W+2_RB3-_S09_Backward,0,0,
2025,W+2_RB3-_S09_Forward,0,0,
2025,W+2_RB3-_S10_Backward,67413,63378,94.014508
2025,W+2_RB3-_S10_Forward,65392,64167,98.126682
2025,W+2_RB3-_S11_Backward,0,0,
2025,W+2_RB3-_S11_Forward,0,0,
2025,W+2_RB3-_S12_Backward,0,0,
2025,W+2_RB3-_S12_Forward,0,0,
2025,W+2_RB4++_S04_Backward,48733,48028,98.553342
2025,W+2_RB4++_S04_Forward,48285,47665,98.715957
2025,W+2_RB4+_S01_Backward,0,0,
2025,W+2_RB4+_S01_Forward,72350,71308,98.559779
2025,W+2_RB4+_S02_Backward,75410,73246,97.130354
2025,W+2_RB4+_S02_Forward,73003,71505,97.948030
2025,W+2_RB4+_S03_Backward,73889,72648,98.320454
2025,W+2_RB4+_S03_Forward,71070,69912,98.370621
2025,W+2_RB4+_S04_Backward,53681,52836,98.425886
2025,W+2_RB4+_S04_Forward,52328,51512,98.440605
2025,W+2_RB4+_S05_Backward,71108,69878,98.270237
2025,W+2_RB4+_S05_Forward,71975,70781,98.341091
2025,W+2_RB4+_S06_Backward,70337,68405,97.253224
2025,W+2_RB4+_S06_Forward,70252,68631,97.692592
2025,W+2_RB4+_S07_Backward,71536,70575,98.656620
2025,W+2_RB4+_S07_Forward,71986,69871,97.061929
2025,W+2_RB4+_S08_Backward,0,0,
2025,W+2_RB4+_S08_Forward,0,0,
2025,W+2_RB4+_S10_Backward,87852,86645,98.626098
2025,W+2_RB4+_S10_Forward,86465,85216,98.555485
2025,W+2_RB4+_S12_Backward,73635,72689,98.715285
2025,W+2_RB4+_S12_Forward,71784,69746,97.160927
2025,W+2_RB4--_S04_Backward,48290,47535,98.436529
2025,W+2_RB4--_S04_Forward,46548,46086,99.007476
2025,W+2_RB4-_S01_Backward,68838,59560,86.521979
2025,W+2_RB4-_S01_Forward,69738,57980,83.139752
2025,W+2_RB4-_S02_Backward,69683,67886,97.421179
2025,W+2_RB4-_S02_Forward,69114,61158,88.488584
2025,W+2_RB4-_S03_Backward,68774,64510,93.799983
2025,W+2_RB4-_S03_Forward,68482,64299,93.891826
2025,W+2_RB4-_S04_Backward,53993,53023,98.203471
2025,W+2_RB4-_S04_Forward,53182,52442,98.608552
2025,W+2_RB4-_S05_Backward,74837,72827,97.314163
2025,W+2_RB4-_S05_Forward,72887,71499,98.095682
2025,W+2_RB4-_S06_Backward,76234,74708,97.998268
2025,W+2_RB4-_S06_Forward,74002,71889,97.144672
2025,W+2_RB4-_S07_Backward,75622,71509,94.561107
2025,W+2_RB4-_S07_Forward,73700,72204,97.970149
2025,W+2_RB4-_S08_Backward,76536,75311,98.399446
2025,W+2_RB4-_S08_Forward,74030,72978,98.578954
2025,W+2_RB4-_S10_Backward,90450,84963,93.933665
2025,W+2_RB4-_S10_Forward,88925,85806,96.492550
2025,W+2_RB4-_S12_Backward,50691,49625,97.897063
2025,W+2_RB4-_S12_Forward,51281,45645,89.009575
2025,W+2_RB4_S09_Backward,72996,70910,97.142309
2025,W+2_RB4_S09_Forward,71071,70045,98.556373
2025,W+2_RB4_S11_Backward,73554,70749,96.186475
2025,W+2_RB4_S11_Forward,70850,60012,84.702893
2025,W-1_RB1in_S01_Backward,244050,240394,98.501946
2025,W-1_RB1in_S01_Forward,226726,222602,98.181064
2025,W-1_RB1in_S02_Backward,243541,230387,94.598856
2025,W-1_RB1in_S02_Forward,226332,223393,98.701465
2025,W-1_RB1in_S03_Backward,0,0,
2025,W-1_RB1in_S03_Forward,0,0,
2025,W-1_RB1in_S04_Backward,247694,240825,97.226820
2025,W-1_RB1in_S04_Forward,227661,220979,97.064934
2025,W-1_RB1in_S05_Backward,0,0,
2025,W-1_RB1in_S05_Forward,0,0,
2025,W-1_RB1in_S06_Backward,249256,244926,98.262830
2025,W-1_RB1in_S06_Forward,228731,226056,98.830504
2025,W-1_RB1in_S07_Backward,236088,230926,97.813527
2025,W-1_RB1in_S07_Forward,217420,214081,98.464263
2025,W-1_RB1in_S08_Backward,242696,225278,92.823120
2025,W-1_RB1in_S08_Forward,222819,218509,98.065695
2025,W-1_RB1in_S09_Backward,247961,205941,83.053787
2025,W-1_RB1in_S09_Forward,222071,219076,98.651332
2025,W-1_RB1in_S10_Backward,239430,232586,97.141545
2025,W-1_RB1in_S10_Forward,221394,218260,98.584424
2025,W-1_RB1in_S11_Backward,0,0,
2025,W-1_RB1in_S11_Forward,0,0,
2025,W-1_RB1in_S12_Backward,247590,243197,98.225696
2025,W-1_RB1in_S12_Forward,228786,225837,98.711023
2025,W-1_RB1out_S01_Backward,213257,209931,98.440379
2025,W-1_RB1out_S01_Forward,198851,196652,98.894147
2025,W-1_RB1out_S02_Backward,212165,204984,96.615370
2025,W-1_RB1out_S02_Forward,198955,194591,97.806539
2025,W-1_RB1out_S03_Backward,0,0,
2025,W-1_RB1out_S03_Forward,0,0,
2025,W-1_RB1out_S04_Backward,0,0,
2025,W-1_RB1out_S04_Forward,200898,189784,94.467839
2025,W-1_RB1out_S05_Backward,213130,209426,98.262094
2025,W-1_RB1out_S05_Forward,198960,185164,93.065943
2025,W-1_RB1out_S06_Backward,217855,214076,98.265360
2025,W-1_RB1out_S06_Forward,201859,199761,98.960661
2025,W-1_RB1out_S07_Backward,207311,203630,98.224407
2025,W-1_RB1out_S07_Forward,189597,186903,98.579091
2025,W-1_RB1out_S08_Backward,0,0,
2025,W-1_RB1out_S08_Forward,0,0,
2025,W-1_RB1out_S09_Backward,217183,213819,98.451076
2025,W-1_RB1out_S09_Forward,196423,194234,98.885568
2025,W-1_RB1out_S10_Backward,209090,205391,98.230905
2025,W-1_RB1out_S10_Forward,195357,193304,98.949103
2025,W-1_RB1out_S11_Backward,190453,175765,92.287861
2025,W-1_RB1out_S11_Forward,178038,172984,97.161280
2025,W-1_RB1out_S12_Backward,215511,207281,96.181169
2025,W-1_RB1out_S12_Forward,202368,187336,92.571948
2025,W-1_RB2in_S01_Backward,0,0,
2025,W-1_RB2in_S01_Forward,0,0,
2025,W-1_RB2in_S01_Middle,0,0,
2025,W-1_RB2in_S02_Backward,134993,132236,97.957672
2025,W-1_RB2in_S02_Forward,129712,127789,98.517485
2025,W-1_RB2in_S02_Middle,130247,128442,98.614172
2025,W-1_RB2in_S03_Backward,90413,89234,98.695984
2025,W-1_RB2in_S03_Forward,91780,90181,98.257790
2025,W-1_RB2in_S03_Middle,128241,125821,98.112928
2025,W-1_RB2in_S04_Backward,138242,120700,87.310658
2025,W-1_RB2in_S04_Forward,131101,128517,98.029001
2025,W-1_RB2in_S04_Middle,132607,128938,97.233178
2025,W-1_RB2in_S05_Backward,0,0,
2025,W-1_RB2in_S05_Forward,0,0,
2025,W-1_RB2in_S05_Middle,0,0,
2025,W-1_RB2in_S06_Backward,138530,85122,61.446618
2025,W-1_RB2in_S06_Forward,131967,127681,96.752218
2025,W-1_RB2in_S06_Middle,133262,123081,92.360163
2025,W-1_RB2in_S07_Backward,135006,129876,96.200169
2025,W-1_RB2in_S07_Forward,126095,109863,87.127166
2025,W-1_RB2in_S07_Middle,127418,118765,93.208966
2025,W-1_RB2in_S08_Backward,134983,132362,98.058274
2025,W-1_RB2in_S08_Forward,127756,126137,98.732741
2025,W-1_RB2in_S08_Middle,128573,127042,98.809237
2025,W-1_RB2in_S09_Backward,137407,135162,98.366168
2025,W-1_RB2in_S09_Forward,128214,126472,98.641334
2025,W-1_RB2in_S09_Middle,130109,126411,97.157768
2025,W-1_RB2in_S10_Backward,133553,131457,98.430586
2025,W-1_RB2in_S10_Forward,127192,125936,99.012517
2025,W-1_RB2in_S10_Middle,129388,127382,98.449624
2025,W-1_RB2in_S11_Backward,0,0,
2025,W-1_RB2in_S11_Forward,0,0,
2025,W-1_RB2in_S11_Middle,0,0,
2025,W-1_RB2in_S12_Backward,0,0,
2025,W-1_RB2in_S12_Forward,0,0,
2025,W-1_RB2in_S12_Middle,0,0,
2025,W-1_RB2out_S01_Backward,195822,185573,94.766165
2025,W-1_RB2out_S01_Forward,187401,184380,98.387949
2025,W-1_RB2out_S02_Backward,195019,191907,98.404258
2025,W-1_RB2out_S02_Forward,187585,183093,97.605352
2025,W-1_RB2out_S03_Backward,154629,150317,97.211390
2025,W-1_RB2out_S03_Forward,153483,151058,98.420020
2025,W-1_RB2out_S04_Backward,0,0,
2025,W-1_RB2out_S04_Forward,190192,183118,96.280601
2025,W-1_RB2out_S05_Backward,194594,190836,98.068800
2025,W-1_RB2out_S05_Forward,186922,183167,97.991141
2025,W-1_RB2out_S06_Backward,0,0,
2025,W-1_RB2out_S06_Forward,0,0,
2025,W-1_RB2out_S07_Backward,0,0,
2025,W-1_RB2out_S07_Forward,0,0,
2025,W-1_RB2out_S08_Backward,194918,185654,95.247232
2025,W-1_RB2out_S08_Forward,185992,183709,98.772528
2025,W-1_RB2out_S09_Backward,198749,195436,98.333073
2025,W-1_RB2out_S09_Forward,187089,89482,47.828574
2025,W-1_RB2out_S10_Backward,192514,173784,90.270837
2025,W-1_RB2out_S10_Forward,185512,181613,97.898249
2025,W-1_RB2out_S11_Backward,0,0,
2025,W-1_RB2out_S11_Forward,0,0,
2025,W-1_RB2out_S12_Backward,0,0,
2025,W-1_RB2out_S12_Forward,0,0,
2025,W-1_RB3+_S01_Backward,0,0,
2025,W-1_RB3+_S01_Forward,0,0,
2025,W-1_RB3+_S02_Backward,0,0,
2025,W-1_RB3+_S02_Forward,0,0,
2025,W-1_RB3+_S03_Backward,0,0,
2025,W-1_RB3+_S03_Forward,0,0,
2025,W-1_RB3+_S04_Backward,0,0,
2025,W-1_RB3+_S04_Forward,0,0,
2025,W-1_RB3+_S05_Backward,0,0,
2025,W-1_RB3+_S05_Forward,0,0,
2025,W-1_RB3+_S06_Backward,0,0,
2025,W-1_RB3+_S06_Forward,0,0,
2025,W-1_RB3+_S07_Backward,86192,84475,98.007936
2025,W-1_RB3+_S07_Forward,78903,77795,98.595744
2025,W-1_RB3+_S08_Backward,87598,81424,92.951894
2025,W-1_RB3+_S08_Forward,83700,82517,98.586619
2025,W-1_RB3+_S09_Backward,0,0,
2025,W-1_RB3+_S09_Forward,0,0,
2025,W-1_RB3+_S10_Backward,0,0,
2025,W-1_RB3+_S10_Forward,0,0,
2025,W-1_RB3+_S11_Backward,0,0,
2025,W-1_RB3+_S11_Forward,0,0,
2025,W-1_RB3+_S12_Backward,0,0,
2025,W-1_RB3+_S12_Forward,0,0,
2025,W-1_RB3-_S01_Backward,0,0,
2025,W-1_RB3-_S01_Forward,0,0,
2025,W-1_RB3-_S02_Backward,0,0,
2025,W-1_RB3-_S02_Forward,0,0,
2025,W-1_RB3-_S03_Backward,0,0,
2025,W-1_RB3-_S03_Forward,0,0,
2025,W-1_RB3-_S04_Backward,0,0,
2025,W-1_RB3-_S04_Forward,0,0,
2025,W-1_RB3-_S05_Backward,0,0,
2025,W-1_RB3-_S05_Forward,0,0,
2025,W-1_RB3-_S06_Backward,0,0,
2025,W-1_RB3-_S06_Forward,0,0,
2025,W-1_RB3-_S07_Backward,0,0,
2025,W-1_RB3-_S07_Forward,0,0,
2025,W-1_RB3-_S08_Backward,89929,88454,98.359817
2025,W-1_RB3-_S08_Forward,86144,84328,97.891902
2025,W-1_RB3-_S09_Backward,0,0,
2025,W-1_RB3-_S09_Forward,0,0,
2025,W-1_RB3-_S10_Backward,0,0,
2025,W-1_RB3-_S10_Forward,0,0,
2025,W-1_RB3-_S11_Backward,0,0,
2025,W-1_RB3-_S11_Forward,0,0,
2025,W-1_RB3-_S12_Backward,90566,89295,98.596604
2025,W-1_RB3-_S12_Forward,86570,85409,98.658889
2025,W-1_RB4++_S04_Backward,0,0,
2025,W-1_RB4++_S04_Forward,0,0,
2025,W-1_RB4+_S01_Backward,0,0,
2025,W-1_RB4+_S01_Forward,0,0,
2025,W-1_RB4+_S02_Backward,0,0,
2025,W-1_RB4+_S02_Forward,0,0,
2025,W-1_RB4+_S03_Backward,0,0,
2025,W-1_RB4+_S03_Forward,0,0,
2025,W-1_RB4+_S04_Backward,0,0,
2025,W-1_RB4+_S04_Forward,0,0,
2025,W-1_RB4+_S05_Backward,0,0,
2025,W-1_RB4+_S05_Forward,0,0,
2025,W-1_RB4+_S06_Backward,93776,90694,96.713445
2025,W-1_RB4+_S06_Forward,85043,82218,96.678151
2025,W-1_RB4+_S07_Backward,0,0,
2025,W-1_RB4+_S07_Forward,0,0,
2025,W-1_RB4+_S08_Backward,0,0,
2025,W-1_RB4+_S08_Forward,0,0,
2025,W-1_RB4+_S10_Backward,0,0,
2025,W-1_RB4+_S10_Forward,0,0,
2025,W-1_RB4+_S12_Backward,0,0,
2025,W-1_RB4+_S12_Forward,0,0,
2025,W-1_RB4--_S04_Backward,0,0,
2025,W-1_RB4--_S04_Forward,0,0,
2025,W-1_RB4-_S01_Backward,0,0,
2025,W-1_RB4-_S01_Forward,0,0,
2025,W-1_RB4-_S02_Backward,0,0,
2025,W-1_RB4-_S02_Forward,0,0,
2025,W-1_RB4-_S03_Backward,0,0,
2025,W-1_RB4-_S03_Forward,0,0,
2025,W-1_RB4-_S04_Backward,0,0,
2025,W-1_RB4-_S04_Forward,0,0,
2025,W-1_RB4-_S05_Backward,0,0,
2025,W-1_RB4-_S05_Forward,0,0,
2025,W-1_RB4-_S06_Backward,96477,75587,78.347171
2025,W-1_RB4-_S06_Forward,92490,57001,61.629365
2025,W-1_RB4-_S07_Backward,0,0,
2025,W-1_RB4-_S07_Forward,0,0,
2025,W-1_RB4-_S08_Backward,94006,92278,98.161819
2025,W-1_RB4-_S08_Forward,90344,88750,98.235633
2025,W-1_RB4-_S10_Backward,0,0,
2025,W-1_RB4-_S10_Forward,0,0,
2025,W-1_RB4-_S12_Backward,0,0,
2025,W-1_RB4-_S12_Forward,0,0,
2025,W-1_RB4_S09_Backward,92160,76530,83.040365
2025,W-1_RB4_S09_Forward,89357,70746,79.172309
2025,W-1_RB4_S11_Backward,0,0,
2025,W-1_RB4_S11_Forward,0,0,
2025,W-2_RB1in_S01_Backward,168642,165376,98.063353
2025,W-2_RB1in_S01_Forward,147948,145758,98.519750
2025,W-2_RB1in_S02_Backward,0,0,
2025,W-2_RB1in_S02_Forward,0,0,
2025,W-2_RB1in_S03_Backward,170833,168925,98.883120
2025,W-2_RB1in_S03_Forward,0,0,
2025,W-2_RB1in_S04_Backward,170350,167217,98.160845
2025,W-2_RB1in_S04_Forward,146768,144993,98.790608
2025,W-2_RB1in_S05_Backward,173121,167355,96.669382
2025,W-2_RB1in_S05_Forward,146555,145274,99.125925
2025,W-2_RB1in_S06_Backward,171485,168542,98.283815
2025,W-2_RB1in_S06_Forward,146690,145001,98.848592
2025,W-2_RB1in_S07_Backward,163425,160798,98.392535
2025,W-2_RB1in_S07_Forward,141976,120484,84.862230
2025,W-2_RB1in_S08_Backward,165252,159352,96.429695
2025,W-2_RB1in_S08_Forward,142937,138836,97.130904
2025,W-2_RB1in_S09_Backward,164873,161004,97.653345
2025,W-2_RB1in_S09_Forward,142135,140435,98.803954
2025,W-2_RB1in_S10_Backward,161515,146765,90.867721
2025,W-2_RB1in_S10_Forward,143214,111722,78.010530
2025,W-2_RB1in_S11_Backward,133805,100508,75.115280
2025,W-2_RB1in_S11_Forward,122000,120362,98.657377
2025,W-2_RB1in_S12_Backward,0,0,
2025,W-2_RB1in_S12_Forward,0,0,
2025,W-2_RB1out_S01_Backward,0,0,
2025,W-2_RB1out_S01_Forward,0,0,
2025,W-2_RB1out_S02_Backward,0,0,
2025,W-2_RB1out_S02_Forward,0,0,
2025,W-2_RB1out_S03_Backward,0,0,
2025,W-2_RB1out_S03_Forward,0,0,
2025,W-2_RB1out_S04_Backward,157674,132454,84.004972
2025,W-2_RB1out_S04_Forward,135270,119758,88.532565
2025,W-2_RB1out_S05_Backward,0,0,
2025,W-2_RB1out_S05_Forward,0,0,
2025,W-2_RB1out_S06_Backward,158415,157096,99.167377
2025,W-2_RB1out_S06_Forward,135673,132244,97.472600
2025,W-2_RB1out_S07_Backward,151753,145452,95.847858
2025,W-2_RB1out_S07_Forward,129290,124783,96.514038
2025,W-2_RB1out_S08_Backward,0,0,
2025,W-2_RB1out_S08_Forward,0,0,
2025,W-2_RB1out_S09_Backward,152112,146111,96.054881
2025,W-2_RB1out_S09_Forward,129413,122680,94.797277
2025,W-2_RB1out_S10_Backward,0,0,
2025,W-2_RB1out_S10_Forward,0,0,
2025,W-2_RB1out_S11_Backward,131416,123558,94.020515
2025,W-2_RB1out_S11_Forward,103918,103051,99.165688
2025,W-2_RB1out_S12_Backward,0,0,
2025,W-2_RB1out_S12_Forward,0,0,
2025,W-2_RB2in_S01_Backward,170182,166519,97.847598
2025,W-2_RB2in_S01_Forward,148084,146031,98.613625
2025,W-2_RB2in_S02_Backward,169639,167941,98.999051
2025,W-2_RB2in_S02_Forward,147754,144847,98.032541
2025,W-2_RB2in_S03_Backward,0,0,
2025,W-2_RB2in_S03_Forward,0,0,
2025,W-2_RB2in_S04_Backward,0,0,
2025,W-2_RB2in_S04_Forward,0,0,
2025,W-2_RB2in_S05_Backward,0,0,
2025,W-2_RB2in_S05_Forward,0,0,
2025,W-2_RB2in_S06_Backward,0,0,
2025,W-2_RB2in_S06_Forward,0,0,
2025,W-2_RB2in_S07_Backward,166250,164348,98.855940
2025,W-2_RB2in_S07_Forward,144261,125333,86.879337
2025,W-2_RB2in_S08_Backward,168240,165326,98.267951
2025,W-2_RB2in_S08_Forward,145006,142338,98.160076
2025,W-2_RB2in_S09_Backward,0,0,
2025,W-2_RB2in_S09_Forward,0,0,
2025,W-2_RB2in_S10_Backward,167911,166137,98.943488
2025,W-2_RB2in_S10_Forward,145368,143659,98.824363
2025,W-2_RB2in_S11_Backward,149671,146097,97.612096
2025,W-2_RB2in_S11_Forward,108914,106996,98.238978
2025,W-2_RB2in_S12_Backward,169822,161072,94.847546
2025,W-2_RB2in_S12_Forward,146368,144875,98.979968
2025,W-2_RB2out_S01_Backward,0,0,
2025,W-2_RB2out_S01_Forward,0,0,
2025,W-2_RB2out_S01_Middle,0,0,
2025,W-2_RB2out_S02_Backward,90967,89920,98.849033
2025,W-2_RB2out_S02_Forward,83974,83179,99.053278
2025,W-2_RB2out_S02_Middle,91239,89158,97.719177
2025,W-2_RB2out_S03_Backward,0,0,
2025,W-2_RB2out_S03_Forward,0,0,
2025,W-2_RB2out_S03_Middle,0,0,
2025,W-2_RB2out_S04_Backward,0,0,
2025,W-2_RB2out_S04_Forward,0,0,
2025,W-2_RB2out_S04_Middle,0,0,
2025,W-2_RB2out_S05_Backward,0,0,
2025,W-2_RB2out_S05_Forward,0,0,
2025,W-2_RB2out_S05_Middle,0,0,
2025,W-2_RB2out_S06_Backward,0,0,
2025,W-2_RB2out_S06_Forward,0,0,
2025,W-2_RB2out_S06_Middle,0,0,
2025,W-2_RB2out_S07_Backward,0,0,
2025,W-2_RB2out_S07_Forward,0,0,
2025,W-2_RB2out_S07_Middle,0,0,
2025,W-2_RB2out_S08_Backward,91410,89958,98.411552
2025,W-2_RB2out_S08_Forward,82883,81642,98.502709
2025,W-2_RB2out_S08_Middle,90313,88442,97.928316
2025,W-2_RB2out_S09_Backward,0,0,
2025,W-2_RB2out_S09_Forward,0,0,
2025,W-2_RB2out_S09_Middle,0,0,
2025,W-2_RB2out_S10_Backward,0,0,
2025,W-2_RB2out_S10_Forward,0,0,
2025,W-2_RB2out_S10_Middle,0,0,
2025,W-2_RB2out_S11_Backward,0,0,
2025,W-2_RB2out_S11_Forward,0,0,
2025,W-2_RB2out_S11_Middle,0,0,
2025,W-2_RB2out_S12_Backward,91498,90244,98.629478
2025,W-2_RB2out_S12_Forward,83596,82500,98.688932
2025,W-2_RB2out_S12_Middle,91600,88552,96.672489
2025,W-2_RB3+_S01_Backward,68341,66838,97.800735
2025,W-2_RB3+_S01_Forward,71064,70168,98.739165
2025,W-2_RB3+_S02_Backward,67830,64685,95.363409
2025,W-2_RB3+_S02_Forward,71359,70594,98.927956
2025,W-2_RB3+_S03_Backward,0,0,
2025,W-2_RB3+_S03_Forward,0,0,
2025,W-2_RB3+_S04_Backward,68161,67036,98.349496
2025,W-2_RB3+_S04_Forward,69578,68384,98.283940
2025,W-2_RB3+_S05_Backward,0,0,
2025,W-2_RB3+_S05_Forward,0,0,
2025,W-2_RB3+_S06_Backward,0,0,
2025,W-2_RB3+_S06_Forward,0,0,
2025,W-2_RB3+_S07_Backward,63974,59542,93.072186
2025,W-2_RB3+_S07_Forward,66646,60272,90.436035
2025,W-2_RB3+_S08_Backward,0,0,
2025,W-2_RB3+_S08_Forward,0,0,
2025,W-2_RB3+_S09_Backward,0,0,
2025,W-2_RB3+_S09_Forward,0,0,
2025,W-2_RB3+_S10_Backward,0,0,
2025,W-2_RB3+_S10_Forward,0,0,
2025,W-2_RB3+_S11_Backward,0,0,
2025,W-2_RB3+_S11_Forward,0,0,
2025,W-2_RB3+_S12_Backward,69181,68016,98.316012
2025,W-2_RB3+_S12_Forward,71224,69242,97.217230
2025,W-2_RB3-_S01_Backward,0,0,
2025,W-2_RB3-_S01_Forward,0,0,
2025,W-2_RB3-_S02_Backward,70436,69413,98.547618
2025,W-2_RB3-_S02_Forward,68899,67811,98.420877
2025,W-2_RB3-_S03_Backward,70081,68163,97.263167
2025,W-2_RB3-_S03_Forward,69118,67749,98.019329
2025,W-2_RB3-_S04_Backward,0,0,
2025,W-2_RB3-_S04_Forward,0,0,
2025,W-2_RB3-_S05_Backward,0,0,
2025,W-2_RB3-_S05_Forward,0,0,
2025,W-2_RB3-_S06_Backward,70984,62104,87.490139
2025,W-2_RB3-_S06_Forward,69433,68212,98.241470
2025,W-2_RB3-_S07_Backward,69745,44171,63.332139
2025,W-2_RB3-_S07_Forward,67881,54689,80.565990
2025,W-2_RB3-_S08_Backward,69937,65418,93.538470
2025,W-2_RB3-_S08_Forward,67812,66990,98.787825
2025,W-2_RB3-_S09_Backward,68838,67723,98.380255
2025,W-2_RB3-_S09_Forward,66236,65334,98.638203
2025,W-2_RB3-_S10_Backward,0,0,
2025,W-2_RB3-_S10_Forward,0,0,
2025,W-2_RB3-_S11_Backward,0,0,
2025,W-2_RB3-_S11_Forward,0,0,
2025,W-2_RB3-_S12_Backward,0,0,
2025,W-2_RB3-_S12_Forward,0,0,
2025,W-2_RB4++_S04_Backward,47849,46783,97.772158
2025,W-2_RB4++_S04_Forward,48434,42494,87.735888
2025,W-2_RB4+_S01_Backward,74291,70904,95.440901
2025,W-2_RB4+_S01_Forward,73385,72220,98.412482
2025,W-2_RB4+_S02_Backward,75011,70437,93.902228
2025,W-2_RB4+_S02_Forward,72907,71067,97.476237
2025,W-2_RB4+_S03_Backward,75695,74129,97.931171
2025,W-2_RB4+_S03_Forward,73205,72062,98.438631
2025,W-2_RB4+_S04_Backward,0,0,
2025,W-2_RB4+_S04_Forward,0,0,
2025,W-2_RB4+_S05_Backward,0,0,
2025,W-2_RB4+_S05_Forward,0,0,
2025,W-2_RB4+_S06_Backward,70680,69597,98.467742
2025,W-2_RB4+_S06_Forward,70497,67052,95.113267
2025,W-2_RB4+_S07_Backward,0,0,
2025,W-2_RB4+_S07_Forward,0,0,
2025,W-2_RB4+_S08_Backward,0,0,
2025,W-2_RB4+_S08_Forward,0,0,
2025,W-2_RB4+_S10_Backward,88907,86804,97.634607
2025,W-2_RB4+_S10_Forward,88576,87672,98.979408
2025,W-2_RB4+_S12_Backward,76311,71048,93.103222
2025,W-2_RB4+_S12_Forward,74013,73044,98.690771
2025,W-2_RB4--_S04_Backward,0,0,
2025,W-2_RB4--_S04_Forward,0,0,
2025,W-2_RB4-_S01_Backward,71131,63254,88.926066
2025,W-2_RB4-_S01_Forward,70569,69117,97.942439
2025,W-2_RB4-_S02_Backward,70261,66658,94.871977
2025,W-2_RB4-_S02_Forward,70683,68221,96.516843
2025,W-2_RB4-_S03_Backward,69910,49096,70.227435
2025,W-2_RB4-_S03_Forward,70265,41693,59.336796
2025,W-2_RB4-_S04_Backward,0,0,
2025,W-2_RB4-_S04_Forward,0,0,
2025,W-2_RB4-_S05_Backward,0,0,
2025,W-2_RB4-_S05_Forward,0,0,
2025,W-2_RB4-_S06_Backward,76311,74853,98.089397
2025,W-2_RB4-_S06_Forward,74269,62413,84.036408
2025,W-2_RB4-_S07_Backward,0,0,
2025,W-2_RB4-_S07_Forward,0,0,
2025,W-2_RB4-_S08_Backward,74634,65940,88.351154
2025,W-2_RB4-_S08_Forward,72434,70938,97.934672
2025,W-2_RB4-_S10_Backward,92104,90663,98.435464
2025,W-2_RB4-_S10_Forward,90750,89519,98.643526
2025,W-2_RB4-_S12_Backward,0,0,
2025,W-2_RB4-_S12_Forward,0,0,
2025,W-2_RB4_S09_Backward,73299,71891,98.079101
2025,W-2_RB4_S09_Forward,70937,69089,97.394872
2025,W-2_RB4_S11_Backward,0,0,
2025,W-2_RB4_S11_Forward,0,0,
