year,roll_name,total,passed,efficiency
2022,RE+1_R2_CH01_A,7738,7646,98.811062
2022,RE+1_R2_CH01_B,7395,7148,96.659905
2022,RE+1_R2_CH01_C,16278,9823,60.345251
2022,RE+1_R2_CH02_A,7657,7526,98.289147
2022,RE+1_R2_CH02_B,7326,7184,98.061698
2022,RE+1_R2_CH02_C,16081,15746,97.916796
2022,RE+1_R2_CH03_A,7764,7655,98.596084
2022,RE+1_R2_CH03_B,7279,7085,97.334799
2022,RE+1_R2_CH03_C,15933,15640,98.161049
2022,RE+1_R2_CH04_A,7791,7685,98.639456
2022,RE+1_R2_CH04_B,7346,7154,97.386333
2022,RE+1_R2_CH04_C,16141,15872,98.333437
2022,RE+1_R2_CH05_A,8097,7811,96.467828
2022,RE+1_R2_CH05_B,7400,7028,94.972973
2022,RE+1_R2_CH05_C,16150,15028,93.052632
2022,RE+1_R2_CH06_A,7759,7215,92.988787
2022,RE+1_R2_CH06_B,7504,6122,81.583156
2022,RE+1_R2_CH06_C,16867,15895,94.237268
2022,RE+1_R2_CH07_A,7518,7054,93.828146
2022,RE+1_R2_CH07_B,7192,6624,92.102336
2022,RE+1_R2_CH07_C,16132,14834,91.953880
2022,RE+1_R2_CH08_A,7874,7368,93.573787
2022,RE+1_R2_CH08_B,7406,6683,90.237645
2022,RE+1_R2_CH08_C,16267,14954,91.928444
2022,RE+1_R2_CH09_A,7754,7683,99.084344
2022,RE+1_R2_CH09_B,7242,6920,95.553714
2022,RE+1_R2_CH09_C,16420,15722,95.749086
2022,RE+1_R2_CH10_A,0,0,
2022,RE+1_R2_CH10_B,0,0,
2022,RE+1_R2_CH10_C,0,0,
2022,RE+1_R2_CH11_A,7875,4237,53.803175
2022,RE+1_R2_CH11_B,7485,3068,40.988644
2022,RE+1_R2_CH11_C,16202,7129,44.000741
2022,RE+1_R2_CH12_A,7702,7609,98.792521
2022,RE+1_R2_CH12_B,7290,7070,96.982167
2022,RE+1_R2_CH12_C,16554,16253,98.181708
2022,RE+1_R2_CH13_A,7645,7552,98.783519
2022,RE+1_R2_CH13_B,7318,7200,98.387538
2022,RE+1_R2_CH13_C,16065,15854,98.686586
2022,RE+1_R2_CH14_A,7525,6283,83.495017
2022,RE+1_R2_CH14_B,7290,6498,89.135802
2022,RE+1_R2_CH14_C,15770,13853,87.844008
2022,RE+1_R2_CH15_A,8078,7982,98.811587
2022,RE+1_R2_CH15_B,7494,7367,98.305311
2022,RE+1_R2_CH15_C,16167,15549,96.177398
2022,RE+1_R2_CH16_A,7709,7446,96.588403
2022,RE+1_R2_CH16_B,7416,6517,87.877562
2022,RE+1_R2_CH16_C,16413,15835,96.478401
2022,RE+1_R2_CH17_A,7718,6850,88.753563
2022,RE+1_R2_CH17_B,7401,7308,98.743413
2022,RE+1_R2_CH17_C,16355,15195,92.907368
2022,RE+1_R2_CH18_A,7623,7532,98.806244
2022,RE+1_R2_CH18_B,7318,7011,95.804865
2022,RE+1_R2_CH18_C,16156,15756,97.524140
2022,RE+1_R2_CH19_A,7765,7681,98.918223
2022,RE+1_R2_CH19_B,7507,7391,98.454776
2022,RE+1_R2_CH19_C,15947,15399,96.563617
2022,RE+1_R2_CH20_A,7848,7640,97.349643
2022,RE+1_R2_CH20_B,7375,6887,93.383051
2022,RE+1_R2_CH20_C,15755,15297,97.092986
2022,RE+1_R2_CH21_A,9038,7705,85.251162
2022,RE+1_R2_CH21_B,8583,8021,93.452173
2022,RE+1_R2_CH21_C,18635,15769,84.620338
2022,RE+1_R2_CH22_A,7909,7768,98.217221
2022,RE+1_R2_CH22_B,7538,7198,95.489520
2022,RE+1_R2_CH22_C,16363,15748,96.241521
2022,RE+1_R2_CH23_A,7775,6945,89.324759
2022,RE+1_R2_CH23_B,7329,7056,96.275072
2022,RE+1_R2_CH23_C,16167,15183,93.913528
2022,RE+1_R2_CH24_A,7724,7645,98.977214
2022,RE+1_R2_CH24_B,7533,7458,99.004381
2022,RE+1_R2_CH24_C,16716,16495,98.677913
2022,RE+1_R2_CH25_A,7245,3686,50.876467
2022,RE+1_R2_CH25_B,7005,6907,98.600999
2022,RE+1_R2_CH25_C,15897,15756,99.113040
2022,RE+1_R2_CH26_A,7349,7272,98.952238
2022,RE+1_R2_CH26_B,7001,6912,98.728753
2022,RE+1_R2_CH26_C,15629,15496,99.149018
2022,RE+1_R2_CH27_A,7556,7448,98.570672
2022,RE+1_R2_CH27_B,7067,6941,98.217065
2022,RE+1_R2_CH27_C,15542,15242,98.069746
2022,RE+1_R2_CH28_A,7288,7013,96.226674
2022,RE+1_R2_CH28_B,7027,6949,98.889996
2022,RE+1_R2_CH28_C,15492,15268,98.554092
2022,RE+1_R2_CH29_A,7633,6984,91.497445
2022,RE+1_R2_CH29_B,7181,4253,59.225735
2022,RE+1_R2_CH29_C,16078,15577,96.883941
2022,RE+1_R2_CH30_A,7658,7460,97.414469
2022,RE+1_R2_CH30_B,7246,6968,96.163400
2022,RE+1_R2_CH30_C,16023,15470,96.548711
2022,RE+1_R2_CH31_A,8015,7943,99.101684
2022,RE+1_R2_CH31_B,7465,7335,98.258540
2022,RE+1_R2_CH31_C,16062,15858,98.729922
2022,RE+1_R2_CH32_A,7487,7063,94.336851
2022,RE+1_R2_CH32_B,7082,6616,93.419938
2022,RE+1_R2_CH32_C,15749,14507,92.113785
2022,RE+1_R2_CH33_A,7703,7140,92.691159
2022,RE+1_R2_CH33_B,7435,6808,91.566913
2022,RE+1_R2_CH33_C,16137,14577,90.332776
2022,RE+1_R2_CH34_A,7679,7622,99.257716
2022,RE+1_R2_CH34_B,7161,7104,99.204022
2022,RE+1_R2_CH34_C,15929,15648,98.235922
2022,RE+1_R2_CH35_A,0,0,
2022,RE+1_R2_CH35_B,0,0,
2022,RE+1_R2_CH35_C,0,0,
2022,RE+1_R2_CH36_A,7473,6201,82.978723
2022,RE+1_R2_CH36_B,7119,6445,90.532378
2022,RE+1_R2_CH36_C,15675,14407,91.910686
2022,RE+1_R3_CH01_A,3404,3176,93.301998
2022,RE+1_R3_CH01_B,9264,8719,94.117012
2022,RE+1_R3_CH01_C,7044,6841,97.118115
2022,RE+1_R3_CH02_A,3736,3628,97.109208
2022,RE+1_R3_CH02_B,9554,9363,98.000837
2022,RE+1_R3_CH02_C,7052,6916,98.071469
2022,RE+1_R3_CH03_A,3614,3544,98.063088
2022,RE+1_R3_CH03_B,9632,9240,95.930233
2022,RE+1_R3_CH03_C,7317,6968,95.230286
2022,RE+1_R3_CH04_A,0,0,
2022,RE+1_R3_CH04_B,0,0,
2022,RE+1_R3_CH04_C,0,0,
2022,RE+1_R3_CH05_A,3649,3590,98.383119
2022,RE+1_R3_CH05_B,9836,9662,98.230988
2022,RE+1_R3_CH05_C,7293,7076,97.024544
2022,RE+1_R3_CH06_A,3689,3621,98.156682
2022,RE+1_R3_CH06_B,9858,9721,98.610266
2022,RE+1_R3_CH06_C,7925,7700,97.160883
2022,RE+1_R3_CH07_A,3559,3515,98.763698
2022,RE+1_R3_CH07_B,9414,9234,98.087954
2022,RE+1_R3_CH07_C,7174,6997,97.532757
2022,RE+1_R3_CH08_A,3688,3611,97.912148
2022,RE+1_R3_CH08_B,9770,9600,98.259980
2022,RE+1_R3_CH08_C,7425,6832,92.013468
2022,RE+1_R3_CH09_A,3699,3526,95.323060
2022,RE+1_R3_CH09_B,9778,9576,97.934138
2022,RE+1_R3_CH09_C,7408,7217,97.421706
2022,RE+1_R3_CH10_A,3487,3405,97.648408
2022,RE+1_R3_CH10_B,9361,8758,93.558381
2022,RE+1_R3_CH10_C,7312,6809,93.120897
2022,RE+1_R3_CH11_A,3723,3642,97.824335
2022,RE+1_R3_CH11_B,9836,9560,97.193981
2022,RE+1_R3_CH11_C,7036,6866,97.583854
2022,RE+1_R3_CH12_A,3683,3568,96.877545
2022,RE+1_R3_CH12_B,9668,9199,95.148945
2022,RE+1_R3_CH12_C,7914,6805,85.986859
2022,RE+1_R3_CH13_A,3664,3586,97.871179
2022,RE+1_R3_CH13_B,9874,9572,96.941462
2022,RE+1_R3_CH13_C,7420,7112,95.849057
2022,RE+1_R3_CH14_A,4280,4045,94.509346
2022,RE+1_R3_CH14_B,10456,10008,95.715379
2022,RE+1_R3_CH14_C,7331,6790,92.620379
2022,RE+1_R3_CH15_A,0,0,
2022,RE+1_R3_CH15_B,0,0,
2022,RE+1_R3_CH15_C,0,0,
2022,RE+1_R3_CH16_A,3446,3328,96.575740
2022,RE+1_R3_CH16_B,9317,8822,94.687131
2022,RE+1_R3_CH16_C,7139,6730,94.270906
2022,RE+1_R3_CH17_A,3625,3546,97.820690
2022,RE+1_R3_CH17_B,9679,9277,95.846678
2022,RE+1_R3_CH17_C,7061,6794,96.218666
2022,RE+1_R3_CH18_A,3571,3518,98.515822
2022,RE+1_R3_CH18_B,9566,7631,79.772110
2022,RE+1_R3_CH18_C,7530,7397,98.233732
2022,RE+1_R3_CH19_A,3483,3418,98.133793
2022,RE+1_R3_CH19_B,9464,9292,98.182587
2022,RE+1_R3_CH19_C,7350,7164,97.469388
2022,RE+1_R3_CH20_A,3643,3561,97.749108
2022,RE+1_R3_CH20_B,9768,9598,98.259623
2022,RE+1_R3_CH20_C,7389,7203,97.482745
2022,RE+1_R3_CH21_A,3563,3403,95.509402
2022,RE+1_R3_CH21_B,9821,9122,92.882599
2022,RE+1_R3_CH21_C,7520,7105,94.481383
2022,RE+1_R3_CH22_A,3498,3303,94.425386
2022,RE+1_R3_CH22_B,9523,9285,97.500788
2022,RE+1_R3_CH22_C,7339,6961,94.849435
2022,RE+1_R3_CH23_A,3564,3490,97.923681
2022,RE+1_R3_CH23_B,9667,9464,97.900072
2022,RE+1_R3_CH23_C,7041,6918,98.253089
2022,RE+1_R3_CH24_A,3647,3568,97.833836
2022,RE+1_R3_CH24_B,9793,9644,98.478505
2022,RE+1_R3_CH24_C,7590,7491,98.695652
2022,RE+1_R3_CH25_A,3509,3115,88.771730
2022,RE+1_R3_CH25_B,9186,9036,98.367080
2022,RE+1_R3_CH25_C,6949,6802,97.884588
2022,RE+1_R3_CH26_A,3514,3453,98.264087
2022,RE+1_R3_CH26_B,9447,9193,97.311316
2022,RE+1_R3_CH26_C,7055,6900,97.802977
2022,RE+1_R3_CH27_A,3539,3470,98.050297
2022,RE+1_R3_CH27_B,9484,9364,98.734711
2022,RE+1_R3_CH27_C,7146,6879,96.263644
2022,RE+1_R3_CH28_A,3354,3279,97.763864
2022,RE+1_R3_CH28_B,9092,8947,98.405191
2022,RE+1_R3_CH28_C,6741,6243,92.612372
2022,RE+1_R3_CH29_A,3514,3391,96.499715
2022,RE+1_R3_CH29_B,9525,9414,98.834646
2022,RE+1_R3_CH29_C,6903,6733,97.537303
2022,RE+1_R3_CH30_A,3537,3388,95.787390
2022,RE+1_R3_CH30_B,9495,9376,98.746709
2022,RE+1_R3_CH30_C,7605,7164,94.201183
2022,RE+1_R3_CH31_A,3460,3329,96.213873
2022,RE+1_R3_CH31_B,9222,8991,97.495120
2022,RE+1_R3_CH31_C,7317,6313,86.278529
2022,RE+1_R3_CH32_A,3534,3449,97.594793
2022,RE+1_R3_CH32_B,9449,9290,98.317282
2022,RE+1_R3_CH32_C,7094,6958,98.082887
2022,RE+1_R3_CH33_A,3501,3413,97.486432
2022,RE+1_R3_CH33_B,9979,9631,96.512677
2022,RE+1_R3_CH33_C,7511,7247,96.485155
2022,RE+1_R3_CH34_A,3433,3374,98.281387
2022,RE+1_R3_CH34_B,9436,9279,98.336159
2022,RE+1_R3_CH34_C,7003,6873,98.143653
2022,RE+1_R3_CH35_A,3639,3593,98.735916
2022,RE+1_R3_CH35_B,9845,9711,98.638903
2022,RE+1_R3_CH35_C,7084,6749,95.271033
2022,RE+1_R3_CH36_A,3719,3639,97.848884
2022,RE+1_R3_CH36_B,9972,9733,97.603289
2022,RE+1_R3_CH36_C,7666,7255,94.638664
2022,RE+2_R2_CH01_A,8987,8641,96.149994
2022,RE+2_R2_CH01_B,8063,7141,88.565050
2022,RE+2_R2_CH01_C,7410,6933,93.562753
2022,RE+2_R2_CH02_A,8851,8306,93.842504
2022,RE+2_R2_CH02_B,8004,7534,94.127936
2022,RE+2_R2_CH02_C,7482,6832,91.312483
2022,RE+2_R2_CH03_A,8902,6366,71.512020
2022,RE+2_R2_CH03_B,8037,7636,95.010576
2022,RE+2_R2_CH03_C,7452,7150,95.947397
2022,RE+2_R2_CH04_A,8951,8466,94.581611
2022,RE+2_R2_CH04_B,7892,7481,94.792195
2022,RE+2_R2_CH04_C,7538,7151,94.866012
2022,RE+2_R2_CH05_A,9292,8749,94.156263
2022,RE+2_R2_CH05_B,8274,8054,97.341068
2022,RE+2_R2_CH05_C,7559,7195,95.184548
2022,RE+2_R2_CH06_A,9195,8992,97.792278
2022,RE+2_R2_CH06_B,8208,8007,97.551170
2022,RE+2_R2_CH06_C,7829,7451,95.171797
2022,RE+2_R2_CH07_A,8749,8374,95.713796
2022,RE+2_R2_CH07_B,7869,7710,97.979413
2022,RE+2_R2_CH07_C,7459,7277,97.559995
2022,RE+2_R2_CH08_A,8916,8780,98.474652
2022,RE+2_R2_CH08_B,8011,7500,93.621271
2022,RE+2_R2_CH08_C,7620,7523,98.727034
2022,RE+2_R2_CH09_A,8977,8656,96.424195
2022,RE+2_R2_CH09_B,8004,7904,98.750625
2022,RE+2_R2_CH09_C,7602,7493,98.566167
2022,RE+2_R2_CH10_A,11234,11109,98.887306
2022,RE+2_R2_CH10_B,10046,9900,98.546685
2022,RE+2_R2_CH10_C,10577,10421,98.525102
2022,RE+2_R2_CH11_A,9263,8996,97.117565
2022,RE+2_R2_CH11_B,8168,7743,94.796768
2022,RE+2_R2_CH11_C,7559,7160,94.721524
2022,RE+2_R2_CH12_A,8863,8585,96.863365
2022,RE+2_R2_CH12_B,8205,7957,96.977453
2022,RE+2_R2_CH12_C,7678,7494,97.603543
2022,RE+2_R2_CH13_A,8934,8555,95.757779
2022,RE+2_R2_CH13_B,8015,7719,96.306925
2022,RE+2_R2_CH13_C,7447,7216,96.898080
2022,RE+2_R2_CH14_A,8857,8388,94.704753
2022,RE+2_R2_CH14_B,8050,7917,98.347826
2022,RE+2_R2_CH14_C,7279,7186,98.722352
2022,RE+2_R2_CH15_A,9347,7196,76.987269
2022,RE+2_R2_CH15_B,8394,8198,97.664999
2022,RE+2_R2_CH15_C,7528,7283,96.745484
2022,RE+2_R2_CH16_A,9074,8886,97.928146
2022,RE+2_R2_CH16_B,8232,8044,97.716229
2022,RE+2_R2_CH16_C,7620,7501,98.438320
2022,RE+2_R2_CH17_A,9152,8958,97.880245
2022,RE+2_R2_CH17_B,8072,7950,98.488603
2022,RE+2_R2_CH17_C,7652,7495,97.948249
2022,RE+2_R2_CH18_A,8953,7954,88.841729
2022,RE+2_R2_CH18_B,8037,7595,94.500435
2022,RE+2_R2_CH18_C,7525,7043,93.594684
2022,RE+2_R2_CH19_A,9096,8540,93.887423
2022,RE+2_R2_CH19_B,8133,7946,97.700725
2022,RE+2_R2_CH19_C,7400,7189,97.148649
2022,RE+2_R2_CH20_A,8903,7973,89.554083
2022,RE+2_R2_CH20_B,7959,7770,97.625330
2022,RE+2_R2_CH20_C,7451,7203,96.671588
2022,RE+2_R2_CH21_A,10382,10240,98.632248
2022,RE+2_R2_CH21_B,9507,9341,98.253918
2022,RE+2_R2_CH21_C,8870,8743,98.568207
2022,RE+2_R2_CH22_A,9055,8613,95.118719
2022,RE+2_R2_CH22_B,8199,7982,97.353336
2022,RE+2_R2_CH22_C,7627,7464,97.862856
2022,RE+2_R2_CH23_A,9124,6160,67.514248
2022,RE+2_R2_CH23_B,8009,7308,91.247347
2022,RE+2_R2_CH23_C,7573,6466,85.382279
2022,RE+2_R2_CH24_A,9089,8858,97.458466
2022,RE+2_R2_CH24_B,8141,8046,98.833067
2022,RE+2_R2_CH24_C,7745,7601,98.140736
2022,RE+2_R2_CH25_A,8528,7221,84.674015
2022,RE+2_R2_CH25_B,7764,7196,92.684183
2022,RE+2_R2_CH25_C,7463,6322,84.711242
2022,RE+2_R2_CH26_A,8299,7898,95.168093
2022,RE+2_R2_CH26_B,7573,7409,97.834412
2022,RE+2_R2_CH26_C,7268,7057,97.096863
2022,RE+2_R2_CH27_A,8740,8674,99.244851
2022,RE+2_R2_CH27_B,7756,7570,97.601857
2022,RE+2_R2_CH27_C,7325,7064,96.436860
2022,RE+2_R2_CH28_A,8449,8286,98.070778
2022,RE+2_R2_CH28_B,7740,7503,96.937984
2022,RE+2_R2_CH28_C,7178,7040,98.077459
2022,RE+2_R2_CH29_A,8754,8584,98.058031
2022,RE+2_R2_CH29_B,7855,7723,98.319542
2022,RE+2_R2_CH29_C,7432,7231,97.295479
2022,RE+2_R2_CH30_A,8744,8619,98.570448
2022,RE+2_R2_CH30_B,8077,7907,97.895258
2022,RE+2_R2_CH30_C,7442,7326,98.441279
2022,RE+2_R2_CH31_A,0,0,
2022,RE+2_R2_CH31_B,0,0,
2022,RE+2_R2_CH31_C,0,0,
2022,RE+2_R2_CH32_A,8488,8114,95.593779
2022,RE+2_R2_CH32_B,7798,7656,98.179020
2022,RE+2_R2_CH32_C,7435,7237,97.336920
2022,RE+2_R2_CH33_A,8898,8664,97.370196
2022,RE+2_R2_CH33_B,8073,7964,98.649820
2022,RE+2_R2_CH33_C,7450,7336,98.469799
2022,RE+2_R2_CH34_A,8827,8585,97.258412
2022,RE+2_R2_CH34_B,7783,7589,97.507388
2022,RE+2_R2_CH34_C,7439,7310,98.265896
2022,RE+2_R2_CH35_A,8937,8755,97.963522
2022,RE+2_R2_CH35_B,7693,7585,98.596126
2022,RE+2_R2_CH35_C,7409,7296,98.474828
2022,RE+2_R2_CH36_A,8627,8509,98.632201
2022,RE+2_R2_CH36_B,8001,6692,83.639545
2022,RE+2_R2_CH36_C,7222,6363,88.105788
2022,RE+2_R3_CH01_A,5156,4992,96.819240
2022,RE+2_R3_CH01_B,9565,9401,98.285416
2022,RE+2_R3_CH01_C,8000,7692,96.150000
2022,RE+2_R3_CH02_A,5235,4593,87.736390
2022,RE+2_R3_CH02_B,9519,9247,97.142557
2022,RE+2_R3_CH02_C,8082,7944,98.292502
2022,RE+2_R3_CH03_A,5207,5082,97.599385
2022,RE+2_R3_CH03_B,9892,8253,83.431055
2022,RE+2_R3_CH03_C,8862,8400,94.786730
2022,RE+2_R3_CH04_A,5251,4534,86.345458
2022,RE+2_R3_CH04_B,9745,9389,96.346845
2022,RE+2_R3_CH04_C,8123,7962,98.017974
2022,RE+2_R3_CH05_A,5452,5063,92.865004
2022,RE+2_R3_CH05_B,9880,8667,87.722672
2022,RE+2_R3_CH05_C,8317,7853,94.421065
2022,RE+2_R3_CH06_A,5368,5075,94.541729
2022,RE+2_R3_CH06_B,10441,10073,96.475433
2022,RE+2_R3_CH06_C,8594,8410,97.858971
2022,RE+2_R3_CH07_A,5190,5025,96.820809
2022,RE+2_R3_CH07_B,9655,9285,96.167789
2022,RE+2_R3_CH07_C,8066,7889,97.805604
2022,RE+2_R3_CH08_A,5409,4418,81.678684
2022,RE+2_R3_CH08_B,9937,8456,85.096105
2022,RE+2_R3_CH08_C,8110,7962,98.175092
2022,RE+2_R3_CH09_A,5302,5111,96.397586
2022,RE+2_R3_CH09_B,9953,9778,98.241736
2022,RE+2_R3_CH09_C,8748,8141,93.061271
2022,RE+2_R3_CH10_A,5138,4455,86.706890
2022,RE+2_R3_CH10_B,9737,9517,97.740577
2022,RE+2_R3_CH10_C,8311,7017,84.430273
2022,RE+2_R3_CH11_A,5506,4978,90.410461
2022,RE+2_R3_CH11_B,9553,8867,92.819010
2022,RE+2_R3_CH11_C,7986,7185,89.969947
2022,RE+2_R3_CH12_A,5269,4677,88.764471
2022,RE+2_R3_CH12_B,10455,10185,97.417504
2022,RE+2_R3_CH12_C,8670,8525,98.327566
2022,RE+2_R3_CH13_A,5409,5113,94.527639
2022,RE+2_R3_CH13_B,10073,9875,98.034349
2022,RE+2_R3_CH13_C,8718,8456,96.994724
2022,RE+2_R3_CH14_A,5874,4613,78.532516
2022,RE+2_R3_CH14_B,9860,8426,85.456389
2022,RE+2_R3_CH14_C,8780,8482,96.605923
2022,RE+2_R3_CH15_A,5404,4677,86.547002
2022,RE+2_R3_CH15_B,10801,9750,90.269419
2022,RE+2_R3_CH15_C,9151,7393,80.788985
2022,RE+2_R3_CH16_A,5136,4595,89.466511
2022,RE+2_R3_CH16_B,9630,9349,97.082035
2022,RE+2_R3_CH16_C,7852,7686,97.885889
2022,RE+2_R3_CH17_A,5419,4788,88.355785
2022,RE+2_R3_CH17_B,9518,7407,77.820971
2022,RE+2_R3_CH17_C,8060,7725,95.843672
2022,RE+2_R3_CH18_A,5274,4830,91.581342
2022,RE+2_R3_CH18_B,9961,9497,95.341833
2022,RE+2_R3_CH18_C,8547,8406,98.350298
2022,RE+2_R3_CH19_A,5211,5023,96.392247
2022,RE+2_R3_CH19_B,9855,9353,94.906139
2022,RE+2_R3_CH19_C,8452,8291,98.095125
2022,RE+2_R3_CH20_A,5432,5130,94.440353
2022,RE+2_R3_CH20_B,9883,9653,97.672771
2022,RE+2_R3_CH20_C,8271,8130,98.295248
2022,RE+2_R3_CH21_A,5360,5052,94.253731
2022,RE+2_R3_CH21_B,10106,10004,98.990699
2022,RE+2_R3_CH21_C,8964,8828,98.482820
2022,RE+2_R3_CH22_A,5257,3771,71.732928
2022,RE+2_R3_CH22_B,9877,9061,91.738382
2022,RE+2_R3_CH22_C,8092,7817,96.601582
2022,RE+2_R3_CH23_A,5329,5150,96.641021
2022,RE+2_R3_CH23_B,9528,9264,97.229219
2022,RE+2_R3_CH23_C,8198,7707,94.010734
2022,RE+2_R3_CH24_A,5442,4643,85.317898
2022,RE+2_R3_CH24_B,10027,9768,97.416974
2022,RE+2_R3_CH24_C,9032,8822,97.674934
2022,RE+2_R3_CH25_A,5019,4797,95.576808
2022,RE+2_R3_CH25_B,9454,9247,97.810451
2022,RE+2_R3_CH25_C,7823,7722,98.708935
2022,RE+2_R3_CH26_A,5151,4346,84.371967
2022,RE+2_R3_CH26_B,9445,8502,90.015881
2022,RE+2_R3_CH26_C,7690,6580,85.565670
2022,RE+2_R3_CH27_A,5154,4985,96.720993
2022,RE+2_R3_CH27_B,9542,9373,98.228883
2022,RE+2_R3_CH27_C,8342,8067,96.703428
2022,RE+2_R3_CH28_A,4975,4650,93.467337
2022,RE+2_R3_CH28_B,9176,8770,95.575414
2022,RE+2_R3_CH28_C,7670,7531,98.187744
2022,RE+2_R3_CH29_A,5256,4133,78.633942
2022,RE+2_R3_CH29_B,9268,7687,82.941303
2022,RE+2_R3_CH29_C,7944,7628,96.022155
2022,RE+2_R3_CH30_A,5163,3742,72.477242
2022,RE+2_R3_CH30_B,10168,9916,97.521637
2022,RE+2_R3_CH30_C,8326,8186,98.318520
2022,RE+2_R3_CH31_A,0,0,
2022,RE+2_R3_CH31_B,0,0,
2022,RE+2_R3_CH31_C,0,0,
2022,RE+2_R3_CH32_A,5264,3329,63.240881
2022,RE+2_R3_CH32_B,9564,9197,96.162693
2022,RE+2_R3_CH32_C,7977,7816,97.981697
2022,RE+2_R3_CH33_A,0,0,
2022,RE+2_R3_CH33_B,0,0,
2022,RE+2_R3_CH33_C,0,0,
2022,RE+2_R3_CH34_A,5160,4905,95.058140
2022,RE+2_R3_CH34_B,9477,9272,97.836868
2022,RE+2_R3_CH34_C,7895,7729,97.897403
2022,RE+2_R3_CH35_A,5418,4010,74.012551
2022,RE+2_R3_CH35_B,9489,9381,98.861840
2022,RE+2_R3_CH35_C,8073,7735,95.813205
2022,RE+2_R3_CH36_A,5368,5091,94.839791
2022,RE+2_R3_CH36_B,10416,10022,96.217358
2022,RE+2_R3_CH36_C,8554,8292,96.937105
2022,RE+3_R1_CH15_A,0,0,
2022,RE+3_R1_CH16_A,0,0,
2022,RE+3_R2_CH01_A,8941,8469,94.720948
2022,RE+3_R2_CH01_B,8198,7739,94.401073
2022,RE+3_R2_CH01_C,7686,6877,89.474369
2022,RE+3_R2_CH02_A,8775,8035,91.566952
2022,RE+3_R2_CH02_B,8244,7903,95.863658
2022,RE+3_R2_CH02_C,7492,7040,93.966898
2022,RE+3_R2_CH03_A,8943,8780,98.177345
2022,RE+3_R2_CH03_B,8080,7915,97.957921
2022,RE+3_R2_CH03_C,8073,7870,97.485445
2022,RE+3_R2_CH04_A,8800,7578,86.113636
2022,RE+3_R2_CH04_B,8157,7245,88.819419
2022,RE+3_R2_CH04_C,7707,6954,90.229661
2022,RE+3_R2_CH05_A,9219,8791,95.357414
2022,RE+3_R2_CH05_B,7974,7854,98.495109
2022,RE+3_R2_CH05_C,7552,7338,97.166314
2022,RE+3_R2_CH06_A,9002,8758,97.289491
2022,RE+3_R2_CH06_B,8636,8288,95.970357
2022,RE+3_R2_CH06_C,7614,7099,93.236144
2022,RE+3_R2_CH07_A,8941,8379,93.714350
2022,RE+3_R2_CH07_B,8135,7543,92.722803
2022,RE+3_R2_CH07_C,7914,7277,91.950973
2022,RE+3_R2_CH08_A,8792,8156,92.766151
2022,RE+3_R2_CH08_B,8328,7359,88.364553
2022,RE+3_R2_CH08_C,7748,7443,96.063500
2022,RE+3_R2_CH09_A,9011,8729,96.870492
2022,RE+3_R2_CH09_B,8320,8053,96.790865
2022,RE+3_R2_CH09_C,8037,7456,92.770934
2022,RE+3_R2_CH10_A,10601,10368,97.802094
2022,RE+3_R2_CH10_B,9088,8845,97.326144
2022,RE+3_R2_CH10_C,7834,7643,97.561910
2022,RE+3_R2_CH11_A,9005,8634,95.880067
2022,RE+3_R2_CH11_B,8061,7660,95.025431
2022,RE+3_R2_CH11_C,8348,7687,92.081936
2022,RE+3_R2_CH12_A,9091,8683,95.512045
2022,RE+3_R2_CH12_B,8305,7934,95.532812
2022,RE+3_R2_CH12_C,7995,7317,91.519700
2022,RE+3_R2_CH13_A,8969,8585,95.718586
2022,RE+3_R2_CH13_B,8148,7759,95.225822
2022,RE+3_R2_CH13_C,7419,7107,95.794581
2022,RE+3_R2_CH14_A,8914,8232,92.349114
2022,RE+3_R2_CH14_B,7820,7595,97.122762
2022,RE+3_R2_CH14_C,7225,7053,97.619377
2022,RE+3_R2_CH15_A,9200,8936,97.130435
2022,RE+3_R2_CH15_B,8147,7946,97.532834
2022,RE+3_R2_CH15_C,8144,7879,96.746071
2022,RE+3_R2_CH16_A,9070,8474,93.428886
2022,RE+3_R2_CH16_B,8268,8113,98.125302
2022,RE+3_R2_CH16_C,7882,7759,98.439482
2022,RE+3_R2_CH17_A,9076,8749,96.397091
2022,RE+3_R2_CH17_B,8307,8143,98.025761
2022,RE+3_R2_CH17_C,7500,7362,98.160000
2022,RE+3_R2_CH18_A,8781,8132,92.609042
2022,RE+3_R2_CH18_B,8325,8117,97.501502
2022,RE+3_R2_CH18_C,7827,7463,95.349431
2022,RE+3_R2_CH19_A,8867,8048,90.763505
2022,RE+3_R2_CH19_B,8175,7499,91.730887
2022,RE+3_R2_CH19_C,7877,7161,90.910245
2022,RE+3_R2_CH20_A,8676,7303,84.174735
2022,RE+3_R2_CH20_B,7964,7147,89.741336
2022,RE+3_R2_CH20_C,7644,6963,91.091052
2022,RE+3_R2_CH21_A,10592,9111,86.017749
2022,RE+3_R2_CH21_B,9379,7961,84.881117
2022,RE+3_R2_CH21_C,7590,5990,78.919631
2022,RE+3_R2_CH22_A,9038,7619,84.299624
2022,RE+3_R2_CH22_B,8083,7307,90.399604
2022,RE+3_R2_CH22_C,7604,6816,89.637033
2022,RE+3_R2_CH23_A,9090,8235,90.594059
2022,RE+3_R2_CH23_B,8052,7363,91.443120
2022,RE+3_R2_CH23_C,8119,7390,91.021062
2022,RE+3_R2_CH24_A,9087,7712,84.868493
2022,RE+3_R2_CH24_B,8519,6300,73.952342
2022,RE+3_R2_CH24_C,7804,6200,79.446438
2022,RE+3_R2_CH25_A,8841,8359,94.548128
2022,RE+3_R2_CH25_B,7916,7754,97.953512
2022,RE+3_R2_CH25_C,7399,7213,97.486147
2022,RE+3_R2_CH26_A,8436,8070,95.661451
2022,RE+3_R2_CH26_B,7927,7760,97.893276
2022,RE+3_R2_CH26_C,7284,7107,97.570016
2022,RE+3_R2_CH27_A,8638,8416,97.429961
2022,RE+3_R2_CH27_B,7808,7582,97.105533
2022,RE+3_R2_CH27_C,7673,6766,88.179330
2022,RE+3_R2_CH28_A,8506,8377,98.483423
2022,RE+3_R2_CH28_B,7704,7576,98.338525
2022,RE+3_R2_CH28_C,7382,7259,98.333785
2022,RE+3_R2_CH29_A,8750,8423,96.262857
2022,RE+3_R2_CH29_B,8196,7981,97.376769
2022,RE+3_R2_CH29_C,7211,7069,98.030786
2022,RE+3_R2_CH30_A,8910,7758,87.070707
2022,RE+3_R2_CH30_B,7967,7713,96.811849
2022,RE+3_R2_CH30_C,7239,6269,86.600359
2022,RE+3_R2_CH31_A,9316,9151,98.228854
2022,RE+3_R2_CH31_B,8026,7749,96.548717
2022,RE+3_R2_CH31_C,7770,7409,95.353925
2022,RE+3_R2_CH32_A,8690,7799,89.746835
2022,RE+3_R2_CH32_B,7965,7499,94.149404
2022,RE+3_R2_CH32_C,7549,7119,94.303881
2022,RE+3_R2_CH33_A,8894,8690,97.706319
2022,RE+3_R2_CH33_B,8015,7864,98.116032
2022,RE+3_R2_CH33_C,7886,7668,97.235607
2022,RE+3_R2_CH34_A,8680,8267,95.241935
2022,RE+3_R2_CH34_B,8193,7999,97.632125
2022,RE+3_R2_CH34_C,7507,7371,98.188358
2022,RE+3_R2_CH35_A,8680,8383,96.578341
2022,RE+3_R2_CH35_B,8185,8038,98.204032
2022,RE+3_R2_CH35_C,8219,8065,98.126293
2022,RE+3_R2_CH36_A,8658,7840,90.552091
2022,RE+3_R2_CH36_B,7993,7718,96.559490
2022,RE+3_R2_CH36_C,7821,7511,96.036312
2022,RE+3_R3_CH01_A,5350,5037,94.149533
2022,RE+3_R3_CH01_B,9477,9315,98.290598
2022,RE+3_R3_CH01_C,7845,7676,97.845762
2022,RE+3_R3_CH02_A,5414,5157,95.253048
2022,RE+3_R3_CH02_B,9382,9178,97.825624
2022,RE+3_R3_CH02_C,7681,7580,98.685067
2022,RE+3_R3_CH03_A,5804,5504,94.831151
2022,RE+3_R3_CH03_B,9841,9494,96.473936
2022,RE+3_R3_CH03_C,7753,7637,98.503805
2022,RE+3_R3_CH04_A,5486,5180,94.422166
2022,RE+3_R3_CH04_B,9620,9306,96.735967
2022,RE+3_R3_CH04_C,7692,7508,97.607904
2022,RE+3_R3_CH05_A,5508,5333,96.822803
2022,RE+3_R3_CH05_B,10063,9805,97.436152
2022,RE+3_R3_CH05_C,7954,6478,81.443299
2022,RE+3_R3_CH06_A,5839,5570,95.393047
2022,RE+3_R3_CH06_B,9568,9218,96.341973
2022,RE+3_R3_CH06_C,7823,7534,96.305765
2022,RE+3_R3_CH07_A,5367,4720,87.944848
2022,RE+3_R3_CH07_B,9373,9139,97.503467
2022,RE+3_R3_CH07_C,7560,7378,97.592593
2022,RE+3_R3_CH08_A,5418,5191,95.810262
2022,RE+3_R3_CH08_B,9665,9194,95.126746
2022,RE+3_R3_CH08_C,7678,7511,97.824954
2022,RE+3_R3_CH09_A,5692,5522,97.013352
2022,RE+3_R3_CH09_B,9918,9630,97.096189
2022,RE+3_R3_CH09_C,7686,7484,97.371845
2022,RE+3_R3_CH10_A,5409,5157,95.341098
2022,RE+3_R3_CH10_B,12020,11610,96.589018
2022,RE+3_R3_CH10_C,9981,9871,98.897906
2022,RE+3_R3_CH11_A,5275,5080,96.303318
2022,RE+3_R3_CH11_B,9821,9243,94.114652
2022,RE+3_R3_CH11_C,8067,7932,98.326515
2022,RE+3_R3_CH12_A,6058,5757,95.031363
2022,RE+3_R3_CH12_B,9552,9070,94.953936
2022,RE+3_R3_CH12_C,7699,7534,97.856865
2022,RE+3_R3_CH13_A,5956,5832,97.918066
2022,RE+3_R3_CH13_B,9978,8118,81.358990
2022,RE+3_R3_CH13_C,7822,7528,96.241370
2022,RE+3_R3_CH14_A,6190,5943,96.009693
2022,RE+3_R3_CH14_B,9393,8867,94.400085
2022,RE+3_R3_CH14_C,7624,7383,96.838930
2022,RE+3_R3_CH15_A,6028,5358,88.885202
2022,RE+3_R3_CH15_B,10364,8921,86.076804
2022,RE+3_R3_CH15_C,8117,7071,87.113466
2022,RE+3_R3_CH16_A,5271,4958,94.061848
2022,RE+3_R3_CH16_B,9628,9320,96.800997
2022,RE+3_R3_CH16_C,7763,5004,64.459616
2022,RE+3_R3_CH17_A,5412,5321,98.318551
2022,RE+3_R3_CH17_B,9639,9537,98.941799
2022,RE+3_R3_CH17_C,8000,7888,98.600000
2022,RE+3_R3_CH18_A,6004,5592,93.137908
2022,RE+3_R3_CH18_B,9491,9120,96.091034
2022,RE+3_R3_CH18_C,7633,7436,97.419101
2022,RE+3_R3_CH19_A,5625,5038,89.564444
2022,RE+3_R3_CH19_B,10007,8767,87.608674
2022,RE+3_R3_CH19_C,8078,6894,85.342907
2022,RE+3_R3_CH20_A,5570,4604,82.657092
2022,RE+3_R3_CH20_B,9659,8565,88.673776
2022,RE+3_R3_CH20_C,7739,6874,88.822845
2022,RE+3_R3_CH21_A,6026,5309,88.101560
2022,RE+3_R3_CH21_B,10881,6155,56.566492
2022,RE+3_R3_CH21_C,8869,5944,67.019957
2022,RE+3_R3_CH22_A,5482,4480,81.721999
2022,RE+3_R3_CH22_B,9741,8799,90.329535
2022,RE+3_R3_CH22_C,7879,7225,91.699454
2022,RE+3_R3_CH23_A,5503,5117,92.985644
2022,RE+3_R3_CH23_B,9811,8987,91.601264
2022,RE+3_R3_CH23_C,7840,7138,91.045918
2022,RE+3_R3_CH24_A,6347,4804,75.689302
2022,RE+3_R3_CH24_B,9551,8621,90.262800
2022,RE+3_R3_CH24_C,7860,7194,91.526718
2022,RE+3_R3_CH25_A,5224,5094,97.511485
2022,RE+3_R3_CH25_B,9090,8970,98.679868
2022,RE+3_R3_CH25_C,7487,7350,98.170162
2022,RE+3_R3_CH26_A,5139,4781,93.033664
2022,RE+3_R3_CH26_B,9045,8881,98.186844
2022,RE+3_R3_CH26_C,7345,7266,98.924438
2022,RE+3_R3_CH27_A,5666,5555,98.040946
2022,RE+3_R3_CH27_B,9500,9215,97.000000
2022,RE+3_R3_CH27_C,7532,7376,97.928837
2022,RE+3_R3_CH28_A,5189,4235,81.614955
2022,RE+3_R3_CH28_B,9048,8684,95.977011
2022,RE+3_R3_CH28_C,7373,7263,98.508070
2022,RE+3_R3_CH29_A,5302,4591,86.589966
2022,RE+3_R3_CH29_B,9545,8213,86.045050
2022,RE+3_R3_CH29_C,7571,6362,84.031172
2022,RE+3_R3_CH30_A,5639,5179,91.842525
2022,RE+3_R3_CH30_B,9463,8951,94.589454
2022,RE+3_R3_CH30_C,7618,7470,98.057233
2022,RE+3_R3_CH31_A,5375,4977,92.595349
2022,RE+3_R3_CH31_B,10196,8663,84.964692
2022,RE+3_R3_CH31_C,8297,6217,74.930698
2022,RE+3_R3_CH32_A,5363,4633,86.388216
2022,RE+3_R3_CH32_B,9201,8751,95.109227
2022,RE+3_R3_CH32_C,7419,7281,98.139911
2022,RE+3_R3_CH33_A,5901,5843,99.017116
2022,RE+3_R3_CH33_B,9977,9752,97.744813
2022,RE+3_R3_CH33_C,7772,7666,98.636130
2022,RE+3_R3_CH34_A,5250,4458,84.914286
2022,RE+3_R3_CH34_B,9499,9257,97.452363
2022,RE+3_R3_CH34_C,7587,7488,98.695136
2022,RE+3_R3_CH35_A,5398,5297,98.128937
2022,RE+3_R3_CH35_B,9739,9644,99.024541
2022,RE+3_R3_CH35_C,7687,7603,98.907246
2022,RE+3_R3_CH36_A,5822,5708,98.041910
2022,RE+3_R3_CH36_B,9293,9129,98.235231
2022,RE+3_R3_CH36_C,7451,7346,98.590793
2022,RE+4_R1_CH15_A,0,0,
2022,RE+4_R1_CH16_A,0,0,
2022,RE+4_R2_CH01_A,8884,8542,96.150383
2022,RE+4_R2_CH01_B,8458,8167,96.559470
2022,RE+4_R2_CH01_C,7754,7489,96.582409
2022,RE+4_R2_CH02_A,8987,8301,92.366752
2022,RE+4_R2_CH02_B,8122,7834,96.454075
2022,RE+4_R2_CH02_C,7219,6909,95.705776
2022,RE+4_R2_CH03_A,8750,8050,92.000000
2022,RE+4_R2_CH03_B,8172,7440,91.042584
2022,RE+4_R2_CH03_C,7895,6802,86.155795
2022,RE+4_R2_CH04_A,9014,8504,94.342134
2022,RE+4_R2_CH04_B,7740,7344,94.883721
2022,RE+4_R2_CH04_C,7885,7321,92.847178
2022,RE+4_R2_CH05_A,8936,8109,90.745300
2022,RE+4_R2_CH05_B,8234,7745,94.061210
2022,RE+4_R2_CH05_C,7410,6333,85.465587
2022,RE+4_R2_CH06_A,9523,8849,92.922398
2022,RE+4_R2_CH06_B,8246,7710,93.499879
2022,RE+4_R2_CH06_C,7500,6449,85.986667
2022,RE+4_R2_CH07_A,8894,8505,95.626265
2022,RE+4_R2_CH07_B,7879,7445,94.491687
2022,RE+4_R2_CH07_C,7702,6932,90.002597
2022,RE+4_R2_CH08_A,9145,8796,96.183707
2022,RE+4_R2_CH08_B,8037,7902,98.320269
2022,RE+4_R2_CH08_C,7846,7703,98.177415
2022,RE+4_R2_CH09_A,9016,8578,95.141970
2022,RE+4_R2_CH09_B,8517,8113,95.256546
2022,RE+4_R2_CH09_C,8031,7634,95.056655
2022,RE+4_R2_CH10_A,11587,11027,95.166997
2022,RE+4_R2_CH10_B,8252,7827,94.849733
2022,RE+4_R2_CH10_C,7889,7496,95.018380
2022,RE+4_R2_CH11_A,9033,8647,95.726780
2022,RE+4_R2_CH11_B,8229,7750,94.179123
2022,RE+4_R2_CH11_C,8155,7664,93.979154
2022,RE+4_R2_CH12_A,9145,8838,96.642974
2022,RE+4_R2_CH12_B,8084,7871,97.365166
2022,RE+4_R2_CH12_C,8189,8042,98.204909
2022,RE+4_R2_CH13_A,8901,8649,97.168857
2022,RE+4_R2_CH13_B,8046,7886,98.011434
2022,RE+4_R2_CH13_C,7093,6936,97.786550
2022,RE+4_R2_CH14_A,8679,8261,95.183777
2022,RE+4_R2_CH14_B,7926,7757,97.867777
2022,RE+4_R2_CH14_C,7228,7093,98.132263
2022,RE+4_R2_CH15_A,8926,8383,93.916648
2022,RE+4_R2_CH15_B,8274,7728,93.401015
2022,RE+4_R2_CH15_C,7855,7232,92.068746
2022,RE+4_R2_CH16_A,9126,8439,92.472058
2022,RE+4_R2_CH16_B,8070,7552,93.581165
2022,RE+4_R2_CH16_C,7814,7268,93.012542
2022,RE+4_R2_CH17_A,9111,8475,93.019427
2022,RE+4_R2_CH17_B,8096,7372,91.057312
2022,RE+4_R2_CH17_C,7474,6705,89.710998
2022,RE+4_R2_CH18_A,9080,8850,97.466960
2022,RE+4_R2_CH18_B,8455,8266,97.764636
2022,RE+4_R2_CH18_C,7822,7668,98.031194
2022,RE+4_R2_CH19_A,8939,8817,98.635194
2022,RE+4_R2_CH19_B,7844,7712,98.317185
2022,RE+4_R2_CH19_C,7903,7630,96.545616
2022,RE+4_R2_CH20_A,8874,8323,93.790850
2022,RE+4_R2_CH20_B,7760,7619,98.182990
2022,RE+4_R2_CH20_C,7890,7780,98.605830
2022,RE+4_R2_CH21_A,10701,10533,98.430053
2022,RE+4_R2_CH21_B,8252,8146,98.715463
2022,RE+4_R2_CH21_C,7427,7258,97.724519
2022,RE+4_R2_CH22_A,9005,7671,85.186008
2022,RE+4_R2_CH22_B,8164,7409,90.752082
2022,RE+4_R2_CH22_C,7613,7335,96.348352
2022,RE+4_R2_CH23_A,8906,8717,97.877835
2022,RE+4_R2_CH23_B,8163,7953,97.427416
2022,RE+4_R2_CH23_C,8005,7067,88.282324
2022,RE+4_R2_CH24_A,9236,9029,97.758770
2022,RE+4_R2_CH24_B,8100,7952,98.172840
2022,RE+4_R2_CH24_C,8020,7903,98.541147
2022,RE+4_R2_CH25_A,8750,8596,98.240000
2022,RE+4_R2_CH25_B,7849,7747,98.700471
2022,RE+4_R2_CH25_C,7287,7179,98.517909
2022,RE+4_R2_CH26_A,8743,7496,85.737161
2022,RE+4_R2_CH26_B,7648,6511,85.133368
2022,RE+4_R2_CH26_C,7185,5925,82.463466
2022,RE+4_R2_CH27_A,8664,7818,90.235457
2022,RE+4_R2_CH27_B,7759,7065,91.055548
2022,RE+4_R2_CH27_C,7626,6977,91.489641
2022,RE+4_R2_CH28_A,8557,7686,89.821199
2022,RE+4_R2_CH28_B,7572,6721,88.761226
2022,RE+4_R2_CH28_C,7345,6601,89.870660
2022,RE+4_R2_CH29_A,8958,8102,90.444296
2022,RE+4_R2_CH29_B,7775,7003,90.070740
2022,RE+4_R2_CH29_C,7350,6670,90.748299
2022,RE+4_R2_CH30_A,8761,8452,96.473005
2022,RE+4_R2_CH30_B,7851,7728,98.433321
2022,RE+4_R2_CH30_C,7274,7138,98.130327
2022,RE+4_R2_CH31_A,9112,8832,96.927129
2022,RE+4_R2_CH31_B,7799,7656,98.166432
2022,RE+4_R2_CH31_C,7758,7625,98.285641
2022,RE+4_R2_CH32_A,8743,8537,97.643829
2022,RE+4_R2_CH32_B,7812,7645,97.862263
2022,RE+4_R2_CH32_C,7805,7638,97.860346
2022,RE+4_R2_CH33_A,8830,8495,96.206116
2022,RE+4_R2_CH33_B,8307,7971,95.955218
2022,RE+4_R2_CH33_C,7727,7406,95.845736
2022,RE+4_R2_CH34_A,8946,8456,94.522692
2022,RE+4_R2_CH34_B,8136,7745,95.194199
2022,RE+4_R2_CH34_C,7324,7031,95.999454
2022,RE+4_R2_CH35_A,8795,8502,96.668562
2022,RE+4_R2_CH35_B,8321,8098,97.320034
2022,RE+4_R2_CH35_C,7990,7783,97.409262
2022,RE+4_R2_CH36_A,8605,8229,95.630447
2022,RE+4_R2_CH36_B,7892,7567,95.881906
2022,RE+4_R2_CH36_C,7731,7311,94.567326
2022,RE+4_R3_CH01_A,5224,4945,94.659265
2022,RE+4_R3_CH01_B,9610,9074,94.422477
2022,RE+4_R3_CH01_C,7732,7612,98.448008
2022,RE+4_R3_CH02_A,5154,2932,56.887854
2022,RE+4_R3_CH02_B,9497,8833,93.008318
2022,RE+4_R3_CH02_C,7689,7151,93.002991
2022,RE+4_R3_CH03_A,5423,5228,96.404204
2022,RE+4_R3_CH03_B,9566,8974,93.811415
2022,RE+4_R3_CH03_C,7750,7560,97.548387
2022,RE+4_R3_CH04_A,5304,5080,95.776772
2022,RE+4_R3_CH04_B,9596,8848,92.205085
2022,RE+4_R3_CH04_C,7707,7429,96.392890
2022,RE+4_R3_CH05_A,5517,5150,93.347834
2022,RE+4_R3_CH05_B,9874,9676,97.994734
2022,RE+4_R3_CH05_C,7873,7679,97.535882
2022,RE+4_R3_CH06_A,5230,5115,97.801147
2022,RE+4_R3_CH06_B,9731,9451,97.122598
2022,RE+4_R3_CH06_C,7975,7796,97.755486
2022,RE+4_R3_CH07_A,5031,4820,95.806003
2022,RE+4_R3_CH07_B,9361,8947,95.577396
2022,RE+4_R3_CH07_C,7676,7422,96.690985
2022,RE+4_R3_CH08_A,5351,5135,95.963371
2022,RE+4_R3_CH08_B,9402,9063,96.394384
2022,RE+4_R3_CH08_C,7707,7210,93.551317
2022,RE+4_R3_CH09_A,5466,5061,92.590560
2022,RE+4_R3_CH09_B,9648,9364,97.056385
2022,RE+4_R3_CH09_C,7719,7590,98.328799
2022,RE+4_R3_CH10_A,6500,4913,75.584615
2022,RE+4_R3_CH10_B,12060,11440,94.859038
2022,RE+4_R3_CH10_C,9217,8878,96.322014
2022,RE+4_R3_CH11_A,5307,5079,95.703787
2022,RE+4_R3_CH11_B,9894,9575,96.775824
2022,RE+4_R3_CH11_C,7771,7445,95.804916
2022,RE+4_R3_CH12_A,5251,5019,95.581794
2022,RE+4_R3_CH12_B,9460,9048,95.644820
2022,RE+4_R3_CH12_C,7972,7680,96.337180
2022,RE+4_R3_CH13_A,5466,5305,97.054519
2022,RE+4_R3_CH13_B,9584,9270,96.723706
2022,RE+4_R3_CH13_C,7777,7290,93.737945
2022,RE+4_R3_CH14_A,5201,5084,97.750433
2022,RE+4_R3_CH14_B,9423,9141,97.007323
2022,RE+4_R3_CH14_C,7816,7671,98.144831
2022,RE+4_R3_CH15_A,5639,5453,96.701543
2022,RE+4_R3_CH15_B,9994,9702,97.078247
2022,RE+4_R3_CH15_C,8106,7938,97.927461
2022,RE+4_R3_CH16_A,5202,5107,98.173779
2022,RE+4_R3_CH16_B,9735,9562,98.222907
2022,RE+4_R3_CH16_C,8040,7910,98.383085
2022,RE+4_R3_CH17_A,5311,2750,51.779326
2022,RE+4_R3_CH17_B,9836,4852,49.328996
2022,RE+4_R3_CH17_C,7834,4633,59.139648
2022,RE+4_R3_CH18_A,5206,5110,98.155974
2022,RE+4_R3_CH18_B,9568,9379,98.024666
2022,RE+4_R3_CH18_C,7756,7610,98.117586
2022,RE+4_R3_CH19_A,5549,5380,96.954406
2022,RE+4_R3_CH19_B,9930,9784,98.529708
2022,RE+4_R3_CH19_C,7765,7545,97.166774
2022,RE+4_R3_CH20_A,5283,5146,97.406776
2022,RE+4_R3_CH20_B,9457,9186,97.134398
2022,RE+4_R3_CH20_C,7582,7410,97.731469
2022,RE+4_R3_CH21_A,5964,5476,91.817572
2022,RE+4_R3_CH21_B,11029,10754,97.506574
2022,RE+4_R3_CH21_C,9296,8393,90.286145
2022,RE+4_R3_CH22_A,5413,5060,93.478662
2022,RE+4_R3_CH22_B,9702,9265,95.495774
2022,RE+4_R3_CH22_C,7916,7665,96.829207
2022,RE+4_R3_CH23_A,5316,5065,95.278405
2022,RE+4_R3_CH23_B,9664,9381,97.071606
2022,RE+4_R3_CH23_C,7808,7580,97.079918
2022,RE+4_R3_CH24_A,5244,4652,88.710908
2022,RE+4_R3_CH24_B,9723,9518,97.891597
2022,RE+4_R3_CH24_C,7822,7518,96.113526
2022,RE+4_R3_CH25_A,5062,4835,95.515606
2022,RE+4_R3_CH25_B,9094,8780,96.547174
2022,RE+4_R3_CH25_C,7467,7340,98.299183
2022,RE+4_R3_CH26_A,4991,4854,97.255059
2022,RE+4_R3_CH26_B,8944,8617,96.343918
2022,RE+4_R3_CH26_C,7336,7100,96.782988
2022,RE+4_R3_CH27_A,5164,4988,96.591789
2022,RE+4_R3_CH27_B,9217,8875,96.289465
2022,RE+4_R3_CH27_C,7435,7269,97.767317
2022,RE+4_R3_CH28_A,4996,4814,96.357086
2022,RE+4_R3_CH28_B,9127,8865,97.129396
2022,RE+4_R3_CH28_C,7593,7438,97.958646
2022,RE+4_R3_CH29_A,5166,4845,93.786295
2022,RE+4_R3_CH29_B,9320,9101,97.650215
2022,RE+4_R3_CH29_C,7576,7423,97.980465
2022,RE+4_R3_CH30_A,5164,4986,96.553060
2022,RE+4_R3_CH30_B,9347,8938,95.624264
2022,RE+4_R3_CH30_C,7787,7579,97.328881
2022,RE+4_R3_CH31_A,5687,5235,92.052049
2022,RE+4_R3_CH31_B,10224,9968,97.496088
2022,RE+4_R3_CH31_C,8046,7815,97.129008
2022,RE+4_R3_CH32_A,5157,4853,94.105100
2022,RE+4_R3_CH32_B,9115,8673,95.150850
2022,RE+4_R3_CH32_C,7576,7444,98.257656
2022,RE+4_R3_CH33_A,5470,5292,96.745887
2022,RE+4_R3_CH33_B,9466,9068,95.795479
2022,RE+4_R3_CH33_C,7660,7397,96.566580
2022,RE+4_R3_CH34_A,5209,4943,94.893454
2022,RE+4_R3_CH34_B,9471,9137,96.473445
2022,RE+4_R3_CH34_C,7640,7447,97.473822
2022,RE+4_R3_CH35_A,5387,4735,87.896789
2022,RE+4_R3_CH35_B,9562,8532,89.228195
2022,RE+4_R3_CH35_C,7325,6647,90.744027
2022,RE+4_R3_CH36_A,5118,4776,93.317702
2022,RE+4_R3_CH36_B,9294,8793,94.609425
2022,RE+4_R3_CH36_C,7650,7441,97.267974
2022,RE-1_R2_CH01_A,7677,7597,98.957926
2022,RE-1_R2_CH01_B,7495,7295,97.331554
2022,RE-1_R2_CH01_C,16078,14852,92.374673
2022,RE-1_R2_CH02_A,7736,7485,96.755429
2022,RE-1_R2_CH02_B,7580,7124,93.984169
2022,RE-1_R2_CH02_C,16339,15339,93.879674
2022,RE-1_R2_CH03_A,7975,7877,98.771160
2022,RE-1_R2_CH03_B,7428,7274,97.926764
2022,RE-1_R2_CH03_C,16507,15722,95.244442
2022,RE-1_R2_CH04_A,7880,7770,98.604061
2022,RE-1_R2_CH04_B,7590,7407,97.588933
2022,RE-1_R2_CH04_C,18963,18640,98.296683
2022,RE-1_R2_CH05_A,7491,7339,97.970898
2022,RE-1_R2_CH05_B,7214,7003,97.075132
2022,RE-1_R2_CH05_C,16347,15877,97.124855
2022,RE-1_R2_CH06_A,8019,7641,95.286195
2022,RE-1_R2_CH06_B,7557,6987,92.457324
2022,RE-1_R2_CH06_C,16819,16532,98.293597
2022,RE-1_R2_CH07_A,7832,7717,98.531665
2022,RE-1_R2_CH07_B,7562,7340,97.064269
2022,RE-1_R2_CH07_C,16115,15463,95.954080
2022,RE-1_R2_CH08_A,7727,7496,97.010483
2022,RE-1_R2_CH08_B,7366,6889,93.524301
2022,RE-1_R2_CH08_C,16158,15211,94.139126
2022,RE-1_R2_CH09_A,7999,7773,97.174647
2022,RE-1_R2_CH09_B,7565,7420,98.083278
2022,RE-1_R2_CH09_C,16388,15954,97.351721
2022,RE-1_R2_CH10_A,7907,7784,98.444416
2022,RE-1_R2_CH10_B,7550,7441,98.556291
2022,RE-1_R2_CH10_C,16494,15724,95.331636
2022,RE-1_R2_CH11_A,7970,5718,71.744040
2022,RE-1_R2_CH11_B,7667,5415,70.627364
2022,RE-1_R2_CH11_C,16701,10312,61.744806
2022,RE-1_R2_CH12_A,7860,7526,95.750636
2022,RE-1_R2_CH12_B,7555,6751,89.358041
2022,RE-1_R2_CH12_C,16387,15829,96.594862
2022,RE-1_R2_CH13_A,7910,7694,97.269279
2022,RE-1_R2_CH13_B,7472,7264,97.216274
2022,RE-1_R2_CH13_C,16160,15615,96.627475
2022,RE-1_R2_CH14_A,7792,7687,98.652464
2022,RE-1_R2_CH14_B,7458,7362,98.712792
2022,RE-1_R2_CH14_C,16445,16133,98.102767
2022,RE-1_R2_CH15_A,8081,7664,94.839748
2022,RE-1_R2_CH15_B,7521,7258,96.503125
2022,RE-1_R2_CH15_C,16647,16181,97.200697
2022,RE-1_R2_CH16_A,7838,7742,98.775198
2022,RE-1_R2_CH16_B,7543,7389,97.958372
2022,RE-1_R2_CH16_C,16529,16153,97.725210
2022,RE-1_R2_CH17_A,7647,7534,98.522296
2022,RE-1_R2_CH17_B,7721,7563,97.953633
2022,RE-1_R2_CH17_C,16683,16217,97.206737
2022,RE-1_R2_CH18_A,7864,7754,98.601221
2022,RE-1_R2_CH18_B,7515,7413,98.642715
2022,RE-1_R2_CH18_C,16816,16562,98.489534
2022,RE-1_R2_CH19_A,8507,8422,99.000823
2022,RE-1_R2_CH19_B,8351,8232,98.575021
2022,RE-1_R2_CH19_C,17781,17523,98.549013
2022,RE-1_R2_CH20_A,7987,6909,86.503067
2022,RE-1_R2_CH20_B,7476,5718,76.484751
2022,RE-1_R2_CH20_C,16584,14154,85.347323
2022,RE-1_R2_CH21_A,7997,7848,98.136801
2022,RE-1_R2_CH21_B,7514,7138,94.996007
2022,RE-1_R2_CH21_C,16214,15414,95.065992
2022,RE-1_R2_CH22_A,7811,7600,97.298681
2022,RE-1_R2_CH22_B,7516,7413,98.629590
2022,RE-1_R2_CH22_C,16294,16127,98.975083
2022,RE-1_R2_CH23_A,7602,7475,98.329387
2022,RE-1_R2_CH23_B,7303,7219,98.849788
2022,RE-1_R2_CH23_C,16124,15895,98.579757
2022,RE-1_R2_CH24_A,7582,7346,96.887365
2022,RE-1_R2_CH24_B,7422,7324,98.679601
2022,RE-1_R2_CH24_C,16558,16270,98.260659
2022,RE-1_R2_CH25_A,7438,7353,98.857220
2022,RE-1_R2_CH25_B,7124,7027,98.638405
2022,RE-1_R2_CH25_C,15776,15376,97.464503
2022,RE-1_R2_CH26_A,7475,7184,96.107023
2022,RE-1_R2_CH26_B,7109,6547,92.094528
2022,RE-1_R2_CH26_C,16052,15097,94.050586
2022,RE-1_R2_CH27_A,7939,7854,98.929336
2022,RE-1_R2_CH27_B,7464,7392,99.035370
2022,RE-1_R2_CH27_C,16568,16354,98.708353
2022,RE-1_R2_CH28_A,7674,7135,92.976284
2022,RE-1_R2_CH28_B,6937,6325,91.177743
2022,RE-1_R2_CH28_C,15973,15133,94.741126
2022,RE-1_R2_CH29_A,7555,7529,99.655857
2022,RE-1_R2_CH29_B,7304,7274,99.589266
2022,RE-1_R2_CH29_C,16268,16123,99.108680
2022,RE-1_R2_CH30_A,7718,7631,98.872765
2022,RE-1_R2_CH30_B,7313,7234,98.919732
2022,RE-1_R2_CH30_C,16996,16837,99.064486
2022,RE-1_R2_CH31_A,7631,7106,93.120168
2022,RE-1_R2_CH31_B,7439,6735,90.536362
2022,RE-1_R2_CH31_C,16300,14850,91.104294
2022,RE-1_R2_CH32_A,7840,7713,98.380102
2022,RE-1_R2_CH32_B,7476,7352,98.341359
2022,RE-1_R2_CH32_C,16360,16159,98.771394
2022,RE-1_R2_CH33_A,8047,7946,98.744874
2022,RE-1_R2_CH33_B,7666,7544,98.408557
2022,RE-1_R2_CH33_C,16451,16192,98.425628
2022,RE-1_R2_CH34_A,7867,7797,99.110207
2022,RE-1_R2_CH34_B,7498,7432,99.119765
2022,RE-1_R2_CH34_C,16571,16385,98.877557
2022,RE-1_R2_CH35_A,7892,7756,98.276736
2022,RE-1_R2_CH35_B,7351,7228,98.326758
2022,RE-1_R2_CH35_C,16356,16055,98.159697
2022,RE-1_R2_CH36_A,8043,7900,98.222056
2022,RE-1_R2_CH36_B,7582,7329,96.663150
2022,RE-1_R2_CH36_C,16356,15771,96.423331
2022,RE-1_R3_CH01_A,3558,3152,88.589095
2022,RE-1_R3_CH01_B,9415,8954,95.103558
2022,RE-1_R3_CH01_C,7062,5761,81.577457
2022,RE-1_R3_CH02_A,3762,3410,90.643275
2022,RE-1_R3_CH02_B,9539,6717,70.416186
2022,RE-1_R3_CH02_C,7191,5637,78.389654
2022,RE-1_R3_CH03_A,3707,3602,97.167521
2022,RE-1_R3_CH03_B,9744,9415,96.623563
2022,RE-1_R3_CH03_C,8020,7812,97.406484
2022,RE-1_R3_CH04_A,3463,3105,89.662143
2022,RE-1_R3_CH04_B,9283,8907,95.949585
2022,RE-1_R3_CH04_C,6840,6536,95.555556
2022,RE-1_R3_CH05_A,3800,3533,92.973684
2022,RE-1_R3_CH05_B,9899,9587,96.848166
2022,RE-1_R3_CH05_C,6910,6294,91.085384
2022,RE-1_R3_CH06_A,3639,3557,97.746634
2022,RE-1_R3_CH06_B,9869,9685,98.135576
2022,RE-1_R3_CH06_C,7691,7258,94.370043
2022,RE-1_R3_CH07_A,3528,3148,89.229025
2022,RE-1_R3_CH07_B,9471,8753,92.418963
2022,RE-1_R3_CH07_C,6977,6537,93.693565
2022,RE-1_R3_CH08_A,3685,3554,96.445047
2022,RE-1_R3_CH08_B,9651,9431,97.720443
2022,RE-1_R3_CH08_C,7088,6863,96.825621
2022,RE-1_R3_CH09_A,3841,3632,94.558709
2022,RE-1_R3_CH09_B,10060,9668,96.103380
2022,RE-1_R3_CH09_C,7596,7105,93.536072
2022,RE-1_R3_CH10_A,3460,2657,76.791908
2022,RE-1_R3_CH10_B,9457,9101,96.235593
2022,RE-1_R3_CH10_C,7254,6846,94.375517
2022,RE-1_R3_CH11_A,3772,2924,77.518558
2022,RE-1_R3_CH11_B,9721,8298,85.361588
2022,RE-1_R3_CH11_C,7173,5669,79.032483
2022,RE-1_R3_CH12_A,3727,3478,93.319023
2022,RE-1_R3_CH12_B,9671,9055,93.630442
2022,RE-1_R3_CH12_C,7892,5674,71.895590
2022,RE-1_R3_CH13_A,3477,3104,89.272361
2022,RE-1_R3_CH13_B,9431,8854,93.881879
2022,RE-1_R3_CH13_C,7182,5603,78.014481
2022,RE-1_R3_CH14_A,3708,3232,87.162891
2022,RE-1_R3_CH14_B,9969,9687,97.171231
2022,RE-1_R3_CH14_C,7090,6126,86.403385
2022,RE-1_R3_CH15_A,3795,3423,90.197628
2022,RE-1_R3_CH15_B,10304,9555,92.730978
2022,RE-1_R3_CH15_C,7792,6902,88.578029
2022,RE-1_R3_CH16_A,3496,3171,90.703661
2022,RE-1_R3_CH16_B,9459,9007,95.221482
2022,RE-1_R3_CH16_C,7149,6731,94.153028
2022,RE-1_R3_CH17_A,3768,3023,80.228238
2022,RE-1_R3_CH17_B,9832,6788,69.039870
2022,RE-1_R3_CH17_C,7169,5567,77.653787
2022,RE-1_R3_CH18_A,3692,3582,97.020585
2022,RE-1_R3_CH18_B,9835,9635,97.966446
2022,RE-1_R3_CH18_C,8080,7357,91.051980
2022,RE-1_R3_CH19_A,3486,3407,97.733792
2022,RE-1_R3_CH19_B,9586,9244,96.432297
2022,RE-1_R3_CH19_C,7165,6611,92.267969
2022,RE-1_R3_CH20_A,3849,3724,96.752403
2022,RE-1_R3_CH20_B,9755,9632,98.739108
2022,RE-1_R3_CH20_C,7218,7056,97.755611
2022,RE-1_R3_CH21_A,3665,3525,96.180082
2022,RE-1_R3_CH21_B,9660,9503,98.374741
2022,RE-1_R3_CH21_C,7558,7144,94.522360
2022,RE-1_R3_CH22_A,3519,3412,96.959363
2022,RE-1_R3_CH22_B,9254,8989,97.136373
2022,RE-1_R3_CH22_C,7044,6696,95.059625
2022,RE-1_R3_CH23_A,3626,3529,97.324876
2022,RE-1_R3_CH23_B,9661,9364,96.925784
2022,RE-1_R3_CH23_C,7043,6374,90.501207
2022,RE-1_R3_CH24_A,3496,3331,95.280320
2022,RE-1_R3_CH24_B,9338,9101,97.461983
2022,RE-1_R3_CH24_C,7693,6680,86.832185
2022,RE-1_R3_CH25_A,3433,3295,95.980192
2022,RE-1_R3_CH25_B,8997,8830,98.143826
2022,RE-1_R3_CH25_C,6850,6289,91.810219
2022,RE-1_R3_CH26_A,3533,3479,98.471554
2022,RE-1_R3_CH26_B,9452,9246,97.820567
2022,RE-1_R3_CH26_C,6874,6615,96.232179
2022,RE-1_R3_CH27_A,3559,3511,98.651307
2022,RE-1_R3_CH27_B,9327,9196,98.595476
2022,RE-1_R3_CH27_C,7399,7320,98.932288
2022,RE-1_R3_CH28_A,3505,3312,94.493581
2022,RE-1_R3_CH28_B,9322,9213,98.830723
2022,RE-1_R3_CH28_C,6928,6498,93.793303
2022,RE-1_R3_CH29_A,3558,3492,98.145025
2022,RE-1_R3_CH29_B,9416,9140,97.068819
2022,RE-1_R3_CH29_C,6998,6891,98.470992
2022,RE-1_R3_CH30_A,3509,3189,90.880593
2022,RE-1_R3_CH30_B,9408,9210,97.895408
2022,RE-1_R3_CH30_C,7747,7354,94.927069
2022,RE-1_R3_CH31_A,3441,3083,89.596048
2022,RE-1_R3_CH31_B,9385,9236,98.412360
2022,RE-1_R3_CH31_C,7053,6880,97.547143
2022,RE-1_R3_CH32_A,3699,3204,86.618005
2022,RE-1_R3_CH32_B,9726,8927,91.784906
2022,RE-1_R3_CH32_C,7168,6792,94.754464
2022,RE-1_R3_CH33_A,3664,3508,95.742358
2022,RE-1_R3_CH33_B,9616,9468,98.460899
2022,RE-1_R3_CH33_C,7524,7091,94.245082
2022,RE-1_R3_CH34_A,3627,3300,90.984285
2022,RE-1_R3_CH34_B,9337,8680,92.963479
2022,RE-1_R3_CH34_C,7170,5157,71.924686
2022,RE-1_R3_CH35_A,3687,3353,90.941145
2022,RE-1_R3_CH35_B,9703,9483,97.732660
2022,RE-1_R3_CH35_C,7243,6913,95.443877
2022,RE-1_R3_CH36_A,3712,3640,98.060345
2022,RE-1_R3_CH36_B,9921,9584,96.603165
2022,RE-1_R3_CH36_C,8017,7169,89.422477
2022,RE-2_R2_CH01_A,9006,8821,97.945814
2022,RE-2_R2_CH01_B,8152,7935,97.338077
2022,RE-2_R2_CH01_C,7440,7297,98.077957
2022,RE-2_R2_CH02_A,9159,8909,97.270444
2022,RE-2_R2_CH02_B,8190,7928,96.800977
2022,RE-2_R2_CH02_C,7536,7376,97.876858
2022,RE-2_R2_CH03_A,9233,9094,98.494530
2022,RE-2_R2_CH03_B,8159,8012,98.198309
2022,RE-2_R2_CH03_C,7604,7504,98.684903
2022,RE-2_R2_CH04_A,9162,8838,96.463654
2022,RE-2_R2_CH04_B,8217,7794,94.852136
2022,RE-2_R2_CH04_C,9095,8947,98.372732
2022,RE-2_R2_CH05_A,8810,8454,95.959137
2022,RE-2_R2_CH05_B,7991,7626,95.432361
2022,RE-2_R2_CH05_C,7687,6970,90.672564
2022,RE-2_R2_CH06_A,9144,8383,91.677603
2022,RE-2_R2_CH06_B,8285,7783,93.940857
2022,RE-2_R2_CH06_C,7911,7367,93.123499
2022,RE-2_R2_CH07_A,9000,8574,95.266667
2022,RE-2_R2_CH07_B,8213,7677,93.473761
2022,RE-2_R2_CH07_C,7572,7213,95.258848
2022,RE-2_R2_CH08_A,8801,8630,98.057039
2022,RE-2_R2_CH08_B,8004,7812,97.601199
2022,RE-2_R2_CH08_C,7594,7417,97.669213
2022,RE-2_R2_CH09_A,9232,9092,98.483536
2022,RE-2_R2_CH09_B,8353,8197,98.132408
2022,RE-2_R2_CH09_C,7591,7407,97.576077
2022,RE-2_R2_CH10_A,9206,8492,92.244189
2022,RE-2_R2_CH10_B,8205,7800,95.063985
2022,RE-2_R2_CH10_C,7766,7621,98.132887
2022,RE-2_R2_CH11_A,9342,9053,96.906444
2022,RE-2_R2_CH11_B,8527,8246,96.704585
2022,RE-2_R2_CH11_C,7724,7530,97.488348
2022,RE-2_R2_CH12_A,9086,8104,89.192164
2022,RE-2_R2_CH12_B,8233,7690,93.404591
2022,RE-2_R2_CH12_C,7637,7425,97.224041
2022,RE-2_R2_CH13_A,9162,8867,96.780179
2022,RE-2_R2_CH13_B,8111,7910,97.521884
2022,RE-2_R2_CH13_C,7488,7145,95.419338
2022,RE-2_R2_CH14_A,9190,8971,97.616975
2022,RE-2_R2_CH14_B,8192,7900,96.435547
2022,RE-2_R2_CH14_C,7762,7614,98.093275
2022,RE-2_R2_CH15_A,9422,8962,95.117809
2022,RE-2_R2_CH15_B,8357,7449,89.134857
2022,RE-2_R2_CH15_C,7719,6984,90.478041
2022,RE-2_R2_CH16_A,9253,8810,95.212364
2022,RE-2_R2_CH16_B,8283,7980,96.341905
2022,RE-2_R2_CH16_C,7691,7590,98.686777
2022,RE-2_R2_CH17_A,8885,8698,97.895329
2022,RE-2_R2_CH17_B,8405,8241,98.048780
2022,RE-2_R2_CH17_C,7813,7265,92.986049
2022,RE-2_R2_CH18_A,9018,8257,91.561322
2022,RE-2_R2_CH18_B,8168,7951,97.343291
2022,RE-2_R2_CH18_C,7790,7586,97.381258
2022,RE-2_R2_CH19_A,9862,9649,97.840195
2022,RE-2_R2_CH19_B,9100,8873,97.505495
2022,RE-2_R2_CH19_C,8152,7997,98.098626
2022,RE-2_R2_CH20_A,9078,8727,96.133510
2022,RE-2_R2_CH20_B,8250,7930,96.121212
2022,RE-2_R2_CH20_C,7851,7649,97.427079
2022,RE-2_R2_CH21_A,9144,8837,96.642607
2022,RE-2_R2_CH21_B,8176,7909,96.734344
2022,RE-2_R2_CH21_C,7614,7473,98.148148
2022,RE-2_R2_CH22_A,8776,8504,96.900638
2022,RE-2_R2_CH22_B,8152,7856,96.368989
2022,RE-2_R2_CH22_C,7635,7503,98.271120
2022,RE-2_R2_CH23_A,8814,8640,98.025868
2022,RE-2_R2_CH23_B,7928,7684,96.922301
2022,RE-2_R2_CH23_C,7468,6932,92.822710
2022,RE-2_R2_CH24_A,8860,8619,97.279910
2022,RE-2_R2_CH24_B,8267,8035,97.193662
2022,RE-2_R2_CH24_C,7777,7660,98.495564
2022,RE-2_R2_CH25_A,8657,8423,97.296985
2022,RE-2_R2_CH25_B,7821,7660,97.941440
2022,RE-2_R2_CH25_C,7354,7056,95.947784
2022,RE-2_R2_CH26_A,8499,8162,96.034828
2022,RE-2_R2_CH26_B,7803,7492,96.014353
2022,RE-2_R2_CH26_C,7458,7323,98.189863
2022,RE-2_R2_CH27_A,9339,8828,94.528322
2022,RE-2_R2_CH27_B,8311,7794,93.779329
2022,RE-2_R2_CH27_C,7808,7692,98.514344
2022,RE-2_R2_CH28_A,8611,8300,96.388340
2022,RE-2_R2_CH28_B,7826,7547,96.434960
2022,RE-2_R2_CH28_C,7636,7541,98.755893
2022,RE-2_R2_CH29_A,8764,8613,98.277042
2022,RE-2_R2_CH29_B,7940,7805,98.299748
2022,RE-2_R2_CH29_C,7431,7310,98.371686
2022,RE-2_R2_CH30_A,8890,4258,47.896513
2022,RE-2_R2_CH30_B,7994,3581,44.796097
2022,RE-2_R2_CH30_C,8021,7717,96.209949
2022,RE-2_R2_CH31_A,8804,8614,97.841890
2022,RE-2_R2_CH31_B,8147,7929,97.324168
2022,RE-2_R2_CH31_C,7529,7374,97.941294
2022,RE-2_R2_CH32_A,9002,8394,93.245945
2022,RE-2_R2_CH32_B,8144,4186,51.399804
2022,RE-2_R2_CH32_C,7735,7564,97.789270
2022,RE-2_R2_CH33_A,9391,9131,97.231392
2022,RE-2_R2_CH33_B,8514,8256,96.969697
2022,RE-2_R2_CH33_C,7789,7328,94.081397
2022,RE-2_R2_CH34_A,8895,8049,90.489039
2022,RE-2_R2_CH34_B,8260,7434,90.000000
2022,RE-2_R2_CH34_C,7716,7508,97.304303
2022,RE-2_R2_CH35_A,9074,8852,97.553449
2022,RE-2_R2_CH35_B,8161,7937,97.255238
2022,RE-2_R2_CH35_C,7645,7381,96.546763
2022,RE-2_R2_CH36_A,9103,8140,89.421070
2022,RE-2_R2_CH36_B,8283,8048,97.162864
2022,RE-2_R2_CH36_C,7600,7005,92.171053
2022,RE-2_R3_CH01_A,5175,5072,98.009662
2022,RE-2_R3_CH01_B,9636,9423,97.789539
2022,RE-2_R3_CH01_C,8177,7970,97.468509
2022,RE-2_R3_CH02_A,5220,4963,95.076628
2022,RE-2_R3_CH02_B,9662,9358,96.853653
2022,RE-2_R3_CH02_C,8245,8050,97.634930
2022,RE-2_R3_CH03_A,5314,5165,97.196086
2022,RE-2_R3_CH03_B,10610,10380,97.832234
2022,RE-2_R3_CH03_C,9055,8918,98.487024
2022,RE-2_R3_CH04_A,5194,5052,97.266076
2022,RE-2_R3_CH04_B,9172,8892,96.947231
2022,RE-2_R3_CH04_C,7874,7667,97.371095
2022,RE-2_R3_CH05_A,5638,5490,97.374956
2022,RE-2_R3_CH05_B,9406,9108,96.831809
2022,RE-2_R3_CH05_C,8145,7958,97.704113
2022,RE-2_R3_CH06_A,5288,5165,97.673979
2022,RE-2_R3_CH06_B,10228,9978,97.555729
2022,RE-2_R3_CH06_C,8540,8322,97.447307
2022,RE-2_R3_CH07_A,5220,5083,97.375479
2022,RE-2_R3_CH07_B,9507,9151,96.255391
2022,RE-2_R3_CH07_C,7948,7785,97.949170
2022,RE-2_R3_CH08_A,5321,4785,89.926706
2022,RE-2_R3_CH08_B,9629,9426,97.891785
2022,RE-2_R3_CH08_C,8114,7998,98.570372
2022,RE-2_R3_CH09_A,5547,5437,98.016946
2022,RE-2_R3_CH09_B,10213,9822,96.171546
2022,RE-2_R3_CH09_C,9147,9005,98.447578
2022,RE-2_R3_CH10_A,5130,4999,97.446394
2022,RE-2_R3_CH10_B,9847,9508,96.557327
2022,RE-2_R3_CH10_C,8018,7863,98.066850
2022,RE-2_R3_CH11_A,5348,5169,96.652954
2022,RE-2_R3_CH11_B,9819,9690,98.686221
2022,RE-2_R3_CH11_C,8080,7948,98.366337
2022,RE-2_R3_CH12_A,5224,4938,94.525268
2022,RE-2_R3_CH12_B,10448,10070,96.382083
2022,RE-2_R3_CH12_C,8608,8452,98.187732
2022,RE-2_R3_CH13_A,5200,4814,92.576923
2022,RE-2_R3_CH13_B,9773,8436,86.319452
2022,RE-2_R3_CH13_C,8284,7359,88.833897
2022,RE-2_R3_CH14_A,5429,4550,83.809173
2022,RE-2_R3_CH14_B,9637,8640,89.654457
2022,RE-2_R3_CH14_C,8150,7619,93.484663
2022,RE-2_R3_CH15_A,5679,5479,96.478253
2022,RE-2_R3_CH15_B,10415,10142,97.378781
2022,RE-2_R3_CH15_C,9050,8695,96.077348
2022,RE-2_R3_CH16_A,5184,4614,89.004630
2022,RE-2_R3_CH16_B,9804,8839,90.157079
2022,RE-2_R3_CH16_C,8018,7621,95.048641
2022,RE-2_R3_CH17_A,5448,5296,97.209985
2022,RE-2_R3_CH17_B,9650,9523,98.683938
2022,RE-2_R3_CH17_C,8216,8058,98.076923
2022,RE-2_R3_CH18_A,5365,4923,91.761417
2022,RE-2_R3_CH18_B,10636,10148,95.411809
2022,RE-2_R3_CH18_C,8844,8657,97.885572
2022,RE-2_R3_CH19_A,5314,5175,97.384268
2022,RE-2_R3_CH19_B,9685,9369,96.737223
2022,RE-2_R3_CH19_C,8797,8580,97.533250
2022,RE-2_R3_CH20_A,5261,5073,96.426535
2022,RE-2_R3_CH20_B,9779,9517,97.320789
2022,RE-2_R3_CH20_C,8333,8165,97.983919
2022,RE-2_R3_CH21_A,5299,5153,97.244763
2022,RE-2_R3_CH21_B,10161,10053,98.937112
2022,RE-2_R3_CH21_C,8914,8738,98.025578
2022,RE-2_R3_CH22_A,5060,4714,93.162055
2022,RE-2_R3_CH22_B,9604,9301,96.845065
2022,RE-2_R3_CH22_C,7873,7721,98.069351
2022,RE-2_R3_CH23_A,5402,5290,97.926694
2022,RE-2_R3_CH23_B,9412,9264,98.427539
2022,RE-2_R3_CH23_C,8025,7854,97.869159
2022,RE-2_R3_CH24_A,5162,4674,90.546300
2022,RE-2_R3_CH24_B,10149,9793,96.492265
2022,RE-2_R3_CH24_C,8446,8271,97.928013
2022,RE-2_R3_CH25_A,4843,4647,95.952922
2022,RE-2_R3_CH25_B,9250,8882,96.021622
2022,RE-2_R3_CH25_C,7814,7644,97.824418
2022,RE-2_R3_CH26_A,5207,5065,97.272902
2022,RE-2_R3_CH26_B,9332,9142,97.963995
2022,RE-2_R3_CH26_C,7868,7648,97.203864
2022,RE-2_R3_CH27_A,5134,5070,98.753409
2022,RE-2_R3_CH27_B,10016,9951,99.351038
2022,RE-2_R3_CH27_C,8999,8938,99.322147
2022,RE-2_R3_CH28_A,5165,4799,92.913843
2022,RE-2_R3_CH28_B,9397,9024,96.030648
2022,RE-2_R3_CH28_C,7854,7561,96.269417
2022,RE-2_R3_CH29_A,5098,5020,98.469988
2022,RE-2_R3_CH29_B,9506,9398,98.863875
2022,RE-2_R3_CH29_C,7976,7900,99.047141
2022,RE-2_R3_CH30_A,5075,4928,97.103448
2022,RE-2_R3_CH30_B,10220,9949,97.348337
2022,RE-2_R3_CH30_C,8561,8426,98.423081
2022,RE-2_R3_CH31_A,5200,5059,97.288462
2022,RE-2_R3_CH31_B,9542,9148,95.870887
2022,RE-2_R3_CH31_C,8064,7858,97.445437
2022,RE-2_R3_CH32_A,5399,4938,91.461382
2022,RE-2_R3_CH32_B,9824,7863,80.038681
2022,RE-2_R3_CH32_C,8027,7734,96.349819
2022,RE-2_R3_CH33_A,5205,4979,95.658021
2022,RE-2_R3_CH33_B,10085,9752,96.698066
2022,RE-2_R3_CH33_C,8900,7426,83.438202
2022,RE-2_R3_CH34_A,5103,4958,97.158534
2022,RE-2_R3_CH34_B,9623,9374,97.412449
2022,RE-2_R3_CH34_C,7943,7788,98.048596
2022,RE-2_R3_CH35_A,5379,5300,98.531326
2022,RE-2_R3_CH35_B,9889,9740,98.493275
2022,RE-2_R3_CH35_C,8396,8257,98.344450
2022,RE-2_R3_CH36_A,5479,5329,97.262274
2022,RE-2_R3_CH36_B,10458,9933,94.979920
2022,RE-2_R3_CH36_C,8528,8171,95.813790
2022,RE-3_R1_CH01_A,0,0,
2022,RE-3_R1_CH02_A,0,0,
2022,RE-3_R1_CH03_A,0,0,
2022,RE-3_R1_CH04_A,0,0,
2022,RE-3_R1_CH05_A,0,0,
2022,RE-3_R1_CH06_A,0,0,
2022,RE-3_R1_CH07_A,0,0,
2022,RE-3_R1_CH08_A,0,0,
2022,RE-3_R1_CH09_A,0,0,
2022,RE-3_R1_CH10_A,0,0,
2022,RE-3_R1_CH11_A,0,0,
2022,RE-3_R1_CH12_A,0,0,
2022,RE-3_R1_CH13_A,0,0,
2022,RE-3_R1_CH14_A,0,0,
2022,RE-3_R1_CH15_A,0,0,
2022,RE-3_R1_CH16_A,0,0,
2022,RE-3_R1_CH17_A,0,0,
2022,RE-3_R1_CH18_A,0,0,
2022,RE-3_R2_CH01_A,8993,8639,96.063605
2022,RE-3_R2_CH01_B,8159,7989,97.916411
2022,RE-3_R2_CH01_C,7644,7495,98.050759
2022,RE-3_R2_CH02_A,8736,8380,95.924908
2022,RE-3_R2_CH02_B,8420,8236,97.814727
2022,RE-3_R2_CH02_C,7263,7152,98.471706
2022,RE-3_R2_CH03_A,9068,8678,95.699162
2022,RE-3_R2_CH03_B,8459,8178,96.678094
2022,RE-3_R2_CH03_C,8100,7929,97.888889
2022,RE-3_R2_CH04_A,9221,8710,94.458302
2022,RE-3_R2_CH04_B,10256,9843,95.973089
2022,RE-3_R2_CH04_C,9049,8820,97.469334
2022,RE-3_R2_CH05_A,9006,8774,97.423940
2022,RE-3_R2_CH05_B,8241,8022,97.342556
2022,RE-3_R2_CH05_C,7512,7364,98.029819
2022,RE-3_R2_CH06_A,9177,8871,96.665577
2022,RE-3_R2_CH06_B,8374,8050,96.130881
2022,RE-3_R2_CH06_C,7494,7315,97.611422
2022,RE-3_R2_CH07_A,8899,8353,93.864479
2022,RE-3_R2_CH07_B,8232,7811,94.885811
2022,RE-3_R2_CH07_C,8114,7730,95.267439
2022,RE-3_R2_CH08_A,8802,8494,96.500795
2022,RE-3_R2_CH08_B,8330,8159,97.947179
2022,RE-3_R2_CH08_C,7792,7654,98.228953
2022,RE-3_R2_CH09_A,9193,8947,97.324051
2022,RE-3_R2_CH09_B,8182,8041,98.276705
2022,RE-3_R2_CH09_C,7739,7642,98.746608
2022,RE-3_R2_CH10_A,9043,8209,90.777397
2022,RE-3_R2_CH10_B,8321,6978,83.860113
2022,RE-3_R2_CH10_C,7578,6923,91.356558
2022,RE-3_R2_CH11_A,9426,8905,94.472735
2022,RE-3_R2_CH11_B,8367,7983,95.410541
2022,RE-3_R2_CH11_C,7939,7747,97.581559
2022,RE-3_R2_CH12_A,8815,8362,94.861032
2022,RE-3_R2_CH12_B,8555,8354,97.650497
2022,RE-3_R2_CH12_C,8160,8038,98.504902
2022,RE-3_R2_CH13_A,8973,8464,94.327427
2022,RE-3_R2_CH13_B,8283,8109,97.899312
2022,RE-3_R2_CH13_C,7342,7223,98.379188
2022,RE-3_R2_CH14_A,8858,8499,95.947166
2022,RE-3_R2_CH14_B,8456,8202,96.996216
2022,RE-3_R2_CH14_C,7459,7291,97.747687
2022,RE-3_R2_CH15_A,9362,9061,96.784875
2022,RE-3_R2_CH15_B,8486,8162,96.181947
2022,RE-3_R2_CH15_C,8160,7944,97.352941
2022,RE-3_R2_CH16_A,9059,8849,97.681863
2022,RE-3_R2_CH16_B,8439,8189,97.037564
2022,RE-3_R2_CH16_C,7752,7512,96.904025
2022,RE-3_R2_CH17_A,9135,7768,85.035577
2022,RE-3_R2_CH17_B,8489,7955,93.709506
2022,RE-3_R2_CH17_C,7584,6894,90.901899
2022,RE-3_R2_CH18_A,9179,7140,77.786251
2022,RE-3_R2_CH18_B,8361,6370,76.187059
2022,RE-3_R2_CH18_C,7617,5788,75.987922
2022,RE-3_R2_CH19_A,9816,6257,63.742869
2022,RE-3_R2_CH19_B,9041,5925,65.534786
2022,RE-3_R2_CH19_C,8261,6000,72.630432
2022,RE-3_R2_CH20_A,9057,8876,98.001546
2022,RE-3_R2_CH20_B,8433,8068,95.671766
2022,RE-3_R2_CH20_C,7558,7431,98.319661
2022,RE-3_R2_CH21_A,9067,8920,98.378736
2022,RE-3_R2_CH21_B,8108,7891,97.323631
2022,RE-3_R2_CH21_C,7504,7373,98.254264
2022,RE-3_R2_CH22_A,8739,8275,94.690468
2022,RE-3_R2_CH22_B,8357,8136,97.355510
2022,RE-3_R2_CH22_C,7309,7206,98.590778
2022,RE-3_R2_CH23_A,8842,8623,97.523185
2022,RE-3_R2_CH23_B,8272,8112,98.065764
2022,RE-3_R2_CH23_C,8153,8044,98.663069
2022,RE-3_R2_CH24_A,8920,8085,90.639013
2022,RE-3_R2_CH24_B,8499,8309,97.764443
2022,RE-3_R2_CH24_C,7751,7525,97.084247
2022,RE-3_R2_CH25_A,8724,8317,95.334709
2022,RE-3_R2_CH25_B,8198,7909,96.474750
2022,RE-3_R2_CH25_C,7096,6910,97.378805
2022,RE-3_R2_CH26_A,8617,7685,89.184171
2022,RE-3_R2_CH26_B,8281,8095,97.753894
2022,RE-3_R2_CH26_C,7135,6989,97.953749
2022,RE-3_R2_CH27_A,9456,9085,96.076565
2022,RE-3_R2_CH27_B,8497,8254,97.140167
2022,RE-3_R2_CH27_C,8044,7820,97.215316
2022,RE-3_R2_CH28_A,8627,8220,95.282253
2022,RE-3_R2_CH28_B,8056,7851,97.455313
2022,RE-3_R2_CH28_C,7667,7551,98.487022
2022,RE-3_R2_CH29_A,8818,8564,97.119528
2022,RE-3_R2_CH29_B,8312,7956,95.717036
2022,RE-3_R2_CH29_C,8232,7930,96.331390
2022,RE-3_R2_CH30_A,8978,7442,82.891513
2022,RE-3_R2_CH30_B,8921,7576,84.923215
2022,RE-3_R2_CH30_C,8210,7670,93.422655
2022,RE-3_R2_CH31_A,9039,8831,97.698860
2022,RE-3_R2_CH31_B,8296,8151,98.252170
2022,RE-3_R2_CH31_C,8053,7943,98.634049
2022,RE-3_R2_CH32_A,8811,7997,90.761548
2022,RE-3_R2_CH32_B,8308,8173,98.375060
2022,RE-3_R2_CH32_C,8064,7919,98.201885
2022,RE-3_R2_CH33_A,9581,9123,95.219706
2022,RE-3_R2_CH33_B,8296,8152,98.264224
2022,RE-3_R2_CH33_C,7402,7240,97.811402
2022,RE-3_R2_CH34_A,9074,8856,97.597531
2022,RE-3_R2_CH34_B,8300,8007,96.469880
2022,RE-3_R2_CH34_C,7665,7512,98.003914
2022,RE-3_R2_CH35_A,9243,8933,96.646111
2022,RE-3_R2_CH35_B,8264,8092,97.918683
2022,RE-3_R2_CH35_C,8175,8013,98.018349
2022,RE-3_R2_CH36_A,9035,8082,89.452131
2022,RE-3_R2_CH36_B,8021,7791,97.132527
2022,RE-3_R2_CH36_C,7834,6684,85.320398
2022,RE-3_R3_CH01_A,5425,4856,89.511521
2022,RE-3_R3_CH01_B,9605,9036,94.076002
2022,RE-3_R3_CH01_C,8005,7649,95.552780
2022,RE-3_R3_CH02_A,5580,5218,93.512545
2022,RE-3_R3_CH02_B,9586,9141,95.357813
2022,RE-3_R3_CH02_C,7949,7730,97.244936
2022,RE-3_R3_CH03_A,5913,5665,95.805852
2022,RE-3_R3_CH03_B,9988,9804,98.157789
2022,RE-3_R3_CH03_C,7993,7839,98.073314
2022,RE-3_R3_CH04_A,5224,4711,90.179939
2022,RE-3_R3_CH04_B,9747,9451,96.963168
2022,RE-3_R3_CH04_C,7952,7827,98.428068
2022,RE-3_R3_CH05_A,5338,5046,94.529786
2022,RE-3_R3_CH05_B,9409,9190,97.672441
2022,RE-3_R3_CH05_C,7739,7333,94.753844
2022,RE-3_R3_CH06_A,5854,5415,92.500854
2022,RE-3_R3_CH06_B,9928,9701,97.713537
2022,RE-3_R3_CH06_C,7915,7820,98.799747
2022,RE-3_R3_CH07_A,5323,5075,95.340973
2022,RE-3_R3_CH07_B,9740,9637,98.942505
2022,RE-3_R3_CH07_C,7877,7691,97.638695
2022,RE-3_R3_CH08_A,5562,4444,79.899317
2022,RE-3_R3_CH08_B,9447,8842,93.595851
2022,RE-3_R3_CH08_C,7727,7511,97.204607
2022,RE-3_R3_CH09_A,5988,5723,95.574482
2022,RE-3_R3_CH09_B,10112,9716,96.083861
2022,RE-3_R3_CH09_C,7954,7759,97.548403
2022,RE-3_R3_CH10_A,5375,4868,90.567442
2022,RE-3_R3_CH10_B,9759,9138,93.636643
2022,RE-3_R3_CH10_C,7891,7658,97.047269
2022,RE-3_R3_CH11_A,5384,5135,95.375186
2022,RE-3_R3_CH11_B,9941,9679,97.364450
2022,RE-3_R3_CH11_C,8096,7861,97.097332
2022,RE-3_R3_CH12_A,5942,5500,92.561427
2022,RE-3_R3_CH12_B,9749,9265,95.035388
2022,RE-3_R3_CH12_C,7965,7805,97.991212
2022,RE-3_R3_CH13_A,5540,5097,92.003610
2022,RE-3_R3_CH13_B,9755,9504,97.426961
2022,RE-3_R3_CH13_C,8025,7513,93.619938
2022,RE-3_R3_CH14_A,5564,4911,88.263839
2022,RE-3_R3_CH14_B,9576,9304,97.159566
2022,RE-3_R3_CH14_C,7789,7675,98.536397
2022,RE-3_R3_CH15_A,5934,5493,92.568251
2022,RE-3_R3_CH15_B,10262,8534,83.161177
2022,RE-3_R3_CH15_C,8045,7323,91.025482
2022,RE-3_R3_CH16_A,5448,4585,84.159325
2022,RE-3_R3_CH16_B,9738,9481,97.360854
2022,RE-3_R3_CH16_C,7900,7769,98.341772
2022,RE-3_R3_CH17_A,5429,5077,93.516301
2022,RE-3_R3_CH17_B,9715,8973,92.362326
2022,RE-3_R3_CH17_C,8046,7438,92.443450
2022,RE-3_R3_CH18_A,6099,5969,97.868503
2022,RE-3_R3_CH18_B,9678,9506,98.222773
2022,RE-3_R3_CH18_C,7950,7832,98.515723
2022,RE-3_R3_CH19_A,5730,5357,93.490401
2022,RE-3_R3_CH19_B,10752,10478,97.451637
2022,RE-3_R3_CH19_C,8697,8353,96.044613
2022,RE-3_R3_CH20_A,5720,5009,87.569930
2022,RE-3_R3_CH20_B,9786,9235,94.369507
2022,RE-3_R3_CH20_C,7810,7634,97.746479
2022,RE-3_R3_CH21_A,5939,5636,94.898131
2022,RE-3_R3_CH21_B,10000,9799,97.990000
2022,RE-3_R3_CH21_C,7964,7643,95.969362
2022,RE-3_R3_CH22_A,5350,4664,87.177570
2022,RE-3_R3_CH22_B,9604,9050,94.231570
2022,RE-3_R3_CH22_C,7836,7692,98.162328
2022,RE-3_R3_CH23_A,5384,5046,93.722140
2022,RE-3_R3_CH23_B,9646,9427,97.729629
2022,RE-3_R3_CH23_C,7844,7255,92.491076
2022,RE-3_R3_CH24_A,5832,4175,71.587791
2022,RE-3_R3_CH24_B,9323,8180,87.739998
2022,RE-3_R3_CH24_C,7765,6879,88.589826
2022,RE-3_R3_CH25_A,5184,4831,93.190586
2022,RE-3_R3_CH25_B,9402,9017,95.905127
2022,RE-3_R3_CH25_C,7591,7194,94.770123
2022,RE-3_R3_CH26_A,5289,4827,91.264889
2022,RE-3_R3_CH26_B,9257,8751,94.533866
2022,RE-3_R3_CH26_C,7427,7254,97.670661
2022,RE-3_R3_CH27_A,5930,5677,95.733558
2022,RE-3_R3_CH27_B,10051,9677,96.278977
2022,RE-3_R3_CH27_C,8169,7734,94.674991
2022,RE-3_R3_CH28_A,5249,4216,80.320061
2022,RE-3_R3_CH28_B,9404,7609,80.912378
2022,RE-3_R3_CH28_C,7248,6629,91.459713
2022,RE-3_R3_CH29_A,5311,5086,95.763510
2022,RE-3_R3_CH29_B,9409,9220,97.991285
2022,RE-3_R3_CH29_C,7655,7508,98.079686
2022,RE-3_R3_CH30_A,5849,5683,97.161908
2022,RE-3_R3_CH30_B,9492,8294,87.378845
2022,RE-3_R3_CH30_C,7681,7396,96.289546
2022,RE-3_R3_CH31_A,5491,5143,93.662357
2022,RE-3_R3_CH31_B,9622,9324,96.902931
2022,RE-3_R3_CH31_C,7821,7629,97.545071
2022,RE-3_R3_CH32_A,5419,4591,84.720428
2022,RE-3_R3_CH32_B,9701,8143,83.939800
2022,RE-3_R3_CH32_C,7898,7543,95.505191
2022,RE-3_R3_CH33_A,5920,5526,93.344595
2022,RE-3_R3_CH33_B,10317,10110,97.993603
2022,RE-3_R3_CH33_C,8239,8091,98.203665
2022,RE-3_R3_CH34_A,5408,4525,83.672337
2022,RE-3_R3_CH34_B,9627,9344,97.060351
2022,RE-3_R3_CH34_C,7862,7759,98.689901
2022,RE-3_R3_CH35_A,5624,5479,97.421764
2022,RE-3_R3_CH35_B,9939,9751,98.108462
2022,RE-3_R3_CH35_C,7816,7649,97.863357
2022,RE-3_R3_CH36_A,5823,5171,88.803022
2022,RE-3_R3_CH36_B,9913,9493,95.763139
2022,RE-3_R3_CH36_C,7896,7627,96.593212
2022,RE-4_R1_CH01_A,0,0,
2022,RE-4_R1_CH02_A,0,0,
2022,RE-4_R1_CH03_A,0,0,
2022,RE-4_R1_CH04_A,0,0,
2022,RE-4_R1_CH05_A,0,0,
2022,RE-4_R1_CH06_A,0,0,
2022,RE-4_R1_CH07_A,0,0,
2022,RE-4_R1_CH08_A,0,0,
2022,RE-4_R1_CH09_A,0,0,
2022,RE-4_R1_CH10_A,0,0,
2022,RE-4_R1_CH11_A,0,0,
2022,RE-4_R1_CH12_A,0,0,
2022,RE-4_R1_CH13_A,0,0,
2022,RE-4_R1_CH14_A,0,0,
2022,RE-4_R1_CH15_A,0,0,
2022,RE-4_R1_CH16_A,0,0,
2022,RE-4_R1_CH17_A,0,0,
2022,RE-4_R1_CH18_A,0,0,
2022,RE-4_R2_CH01_A,8843,8371,94.662445
2022,RE-4_R2_CH01_B,7996,7685,96.110555
2022,RE-4_R2_CH01_C,7320,7003,95.669399
2022,RE-4_R2_CH02_A,9253,8728,94.326164
2022,RE-4_R2_CH02_B,7817,7476,95.637713
2022,RE-4_R2_CH02_C,7191,6829,94.965930
2022,RE-4_R2_CH03_A,9219,8688,94.240156
2022,RE-4_R2_CH03_B,8047,7621,94.706102
2022,RE-4_R2_CH03_C,7832,7423,94.777835
2022,RE-4_R2_CH04_A,0,0,
2022,RE-4_R2_CH04_B,0,0,
2022,RE-4_R2_CH04_C,0,0,
2022,RE-4_R2_CH05_A,9027,8660,95.934419
2022,RE-4_R2_CH05_B,7960,7596,95.427136
2022,RE-4_R2_CH05_C,7635,7297,95.573019
2022,RE-4_R2_CH06_A,9368,9172,97.907771
2022,RE-4_R2_CH06_B,8150,7929,97.288344
2022,RE-4_R2_CH06_C,7503,7236,96.441423
2022,RE-4_R2_CH07_A,9004,8636,95.912928
2022,RE-4_R2_CH07_B,7969,7735,97.063622
2022,RE-4_R2_CH07_C,8230,8063,97.970838
2022,RE-4_R2_CH08_A,9175,8817,96.098093
2022,RE-4_R2_CH08_B,8085,7789,96.338899
2022,RE-4_R2_CH08_C,7779,7376,94.819386
2022,RE-4_R2_CH09_A,9105,8490,93.245470
2022,RE-4_R2_CH09_B,8301,7796,93.916396
2022,RE-4_R2_CH09_C,7510,6972,92.836218
2022,RE-4_R2_CH10_A,9196,8747,95.117442
2022,RE-4_R2_CH10_B,8112,7735,95.352564
2022,RE-4_R2_CH10_C,7596,7227,95.142180
2022,RE-4_R2_CH11_A,9266,8835,95.348586
2022,RE-4_R2_CH11_B,7975,7517,94.257053
2022,RE-4_R2_CH11_C,7816,7256,92.835210
2022,RE-4_R2_CH12_A,9282,9034,97.328162
2022,RE-4_R2_CH12_B,8319,8071,97.018872
2022,RE-4_R2_CH12_C,8121,7825,96.355129
2022,RE-4_R2_CH13_A,9052,8661,95.680513
2022,RE-4_R2_CH13_B,7964,7761,97.451030
2022,RE-4_R2_CH13_C,7333,7082,96.577117
2022,RE-4_R2_CH14_A,9403,9091,96.681910
2022,RE-4_R2_CH14_B,8087,7815,96.636577
2022,RE-4_R2_CH14_C,7211,6910,95.825822
2022,RE-4_R2_CH15_A,9338,9040,96.808738
2022,RE-4_R2_CH15_B,8051,7787,96.720904
2022,RE-4_R2_CH15_C,7895,7547,95.592147
2022,RE-4_R2_CH16_A,9340,9044,96.830835
2022,RE-4_R2_CH16_B,8034,7788,96.938013
2022,RE-4_R2_CH16_C,7640,7426,97.198953
2022,RE-4_R2_CH17_A,9363,8974,95.845349
2022,RE-4_R2_CH17_B,8161,7913,96.961157
2022,RE-4_R2_CH17_C,7394,7132,96.456586
2022,RE-4_R2_CH18_A,9261,8747,94.449843
2022,RE-4_R2_CH18_B,8139,7695,94.544784
2022,RE-4_R2_CH18_C,7496,7245,96.651547
2022,RE-4_R2_CH19_A,9992,9751,97.588070
2022,RE-4_R2_CH19_B,8391,8156,97.199380
2022,RE-4_R2_CH19_C,7979,7702,96.528387
2022,RE-4_R2_CH20_A,9429,9045,95.927458
2022,RE-4_R2_CH20_B,7905,7704,97.457306
2022,RE-4_R2_CH20_C,7859,7673,97.633287
2022,RE-4_R2_CH21_A,8952,8533,95.319482
2022,RE-4_R2_CH21_B,8160,7436,91.127451
2022,RE-4_R2_CH21_C,7342,6891,93.857260
2022,RE-4_R2_CH22_A,9340,8654,92.655246
2022,RE-4_R2_CH22_B,7884,7586,96.220193
2022,RE-4_R2_CH22_C,7396,7100,95.997837
2022,RE-4_R2_CH23_A,8984,8667,96.471505
2022,RE-4_R2_CH23_B,8007,7718,96.390658
2022,RE-4_R2_CH23_C,7839,7451,95.050389
2022,RE-4_R2_CH24_A,9433,9268,98.250822
2022,RE-4_R2_CH24_B,8092,7929,97.985665
2022,RE-4_R2_CH24_C,7853,7732,98.459188
2022,RE-4_R2_CH25_A,8863,8739,98.600925
2022,RE-4_R2_CH25_B,7694,7590,98.648297
2022,RE-4_R2_CH25_C,7357,7250,98.545603
2022,RE-4_R2_CH26_A,9050,8836,97.635359
2022,RE-4_R2_CH26_B,7811,7622,97.580335
2022,RE-4_R2_CH26_C,6980,6847,98.094556
2022,RE-4_R2_CH27_A,9567,9351,97.742239
2022,RE-4_R2_CH27_B,8120,7887,97.130542
2022,RE-4_R2_CH27_C,7806,7566,96.925442
2022,RE-4_R2_CH28_A,8948,8175,91.361198
2022,RE-4_R2_CH28_B,7983,7717,96.667919
2022,RE-4_R2_CH28_C,7687,7513,97.736438
2022,RE-4_R2_CH29_A,8932,8671,97.077922
2022,RE-4_R2_CH29_B,8907,8759,98.338386
2022,RE-4_R2_CH29_C,7816,7636,97.697032
2022,RE-4_R2_CH30_A,9795,8869,90.546197
2022,RE-4_R2_CH30_B,8453,7563,89.471194
2022,RE-4_R2_CH30_C,8179,7386,90.304438
2022,RE-4_R2_CH31_A,9098,8863,97.417015
2022,RE-4_R2_CH31_B,8259,8041,97.360455
2022,RE-4_R2_CH31_C,7822,7580,96.906162
2022,RE-4_R2_CH32_A,9287,8941,96.274362
2022,RE-4_R2_CH32_B,8029,7813,97.309752
2022,RE-4_R2_CH32_C,7810,7609,97.426376
2022,RE-4_R2_CH33_A,9302,8772,94.302301
2022,RE-4_R2_CH33_B,7930,7815,98.549811
2022,RE-4_R2_CH33_C,7608,7464,98.107256
2022,RE-4_R2_CH34_A,9171,8703,94.896958
2022,RE-4_R2_CH34_B,8338,8130,97.505397
2022,RE-4_R2_CH34_C,7745,7517,97.056165
2022,RE-4_R2_CH35_A,9033,8561,94.774715
2022,RE-4_R2_CH35_B,8183,7390,90.309178
2022,RE-4_R2_CH35_C,8053,7830,97.230846
2022,RE-4_R2_CH36_A,8908,8130,91.266278
2022,RE-4_R2_CH36_B,7952,7545,94.881791
2022,RE-4_R2_CH36_C,7810,7447,95.352113
2022,RE-4_R3_CH01_A,5281,5052,95.663700
2022,RE-4_R3_CH01_B,9671,8932,92.358598
2022,RE-4_R3_CH01_C,7749,7574,97.741644
2022,RE-4_R3_CH02_A,5194,4812,92.645360
2022,RE-4_R3_CH02_B,9798,9559,97.560727
2022,RE-4_R3_CH02_C,7732,7582,98.060010
2022,RE-4_R3_CH03_A,5362,5233,97.594181
2022,RE-4_R3_CH03_B,9812,9558,97.411333
2022,RE-4_R3_CH03_C,7784,7680,98.663926
2022,RE-4_R3_CH04_A,0,0,
2022,RE-4_R3_CH04_B,0,0,
2022,RE-4_R3_CH04_C,0,0,
2022,RE-4_R3_CH05_A,5091,4796,94.205461
2022,RE-4_R3_CH05_B,9492,9286,97.829751
2022,RE-4_R3_CH05_C,7756,7525,97.021661
2022,RE-4_R3_CH06_A,5438,5226,96.101508
2022,RE-4_R3_CH06_B,9636,8945,92.828975
2022,RE-4_R3_CH06_C,7974,7587,95.146727
2022,RE-4_R3_CH07_A,5390,5268,97.736549
2022,RE-4_R3_CH07_B,9577,9110,95.123734
2022,RE-4_R3_CH07_C,7829,7696,98.301188
2022,RE-4_R3_CH08_A,5221,4977,95.326566
2022,RE-4_R3_CH08_B,9492,9096,95.828066
2022,RE-4_R3_CH08_C,7710,7437,96.459144
2022,RE-4_R3_CH09_A,5386,5132,95.284070
2022,RE-4_R3_CH09_B,9799,9614,98.112052
2022,RE-4_R3_CH09_C,7957,7702,96.795275
2022,RE-4_R3_CH10_A,5325,4956,93.070423
2022,RE-4_R3_CH10_B,9779,9404,96.165252
2022,RE-4_R3_CH10_C,7829,7553,96.474646
2022,RE-4_R3_CH11_A,5435,5202,95.712971
2022,RE-4_R3_CH11_B,9924,9653,97.269246
2022,RE-4_R3_CH11_C,8138,7843,96.375031
2022,RE-4_R3_CH12_A,5420,5147,94.963100
2022,RE-4_R3_CH12_B,9755,9295,95.284470
2022,RE-4_R3_CH12_C,7783,7498,96.338173
2022,RE-4_R3_CH13_A,5301,4824,91.001698
2022,RE-4_R3_CH13_B,9895,9448,95.482567
2022,RE-4_R3_CH13_C,7781,7530,96.774194
2022,RE-4_R3_CH14_A,5262,5012,95.248955
2022,RE-4_R3_CH14_B,9721,9346,96.142372
2022,RE-4_R3_CH14_C,7711,7513,97.432240
2022,RE-4_R3_CH15_A,5602,5218,93.145305
2022,RE-4_R3_CH15_B,9891,9472,95.763826
2022,RE-4_R3_CH15_C,8074,7649,94.736190
2022,RE-4_R3_CH16_A,5342,5108,95.619618
2022,RE-4_R3_CH16_B,9937,8963,90.198249
2022,RE-4_R3_CH16_C,8056,7750,96.201589
2022,RE-4_R3_CH17_A,5389,5156,95.676378
2022,RE-4_R3_CH17_B,9744,9519,97.690887
2022,RE-4_R3_CH17_C,8022,7848,97.830965
2022,RE-4_R3_CH18_A,5401,4813,89.113127
2022,RE-4_R3_CH18_B,9686,8590,88.684700
2022,RE-4_R3_CH18_C,7951,7535,94.767954
2022,RE-4_R3_CH19_A,5860,5579,95.204778
2022,RE-4_R3_CH19_B,10448,9864,94.410413
2022,RE-4_R3_CH19_C,8549,8095,94.689437
2022,RE-4_R3_CH20_A,5347,4887,91.397045
2022,RE-4_R3_CH20_B,9596,9040,94.205919
2022,RE-4_R3_CH20_C,7905,7515,95.066414
2022,RE-4_R3_CH21_A,5455,4756,87.186068
2022,RE-4_R3_CH21_B,9755,8811,90.322911
2022,RE-4_R3_CH21_C,7900,7419,93.911392
2022,RE-4_R3_CH22_A,5394,5045,93.529848
2022,RE-4_R3_CH22_B,9650,9254,95.896373
2022,RE-4_R3_CH22_C,7910,7675,97.029077
2022,RE-4_R3_CH23_A,5299,4614,87.073033
2022,RE-4_R3_CH23_B,9511,8762,92.124908
2022,RE-4_R3_CH23_C,7657,7483,97.727570
2022,RE-4_R3_CH24_A,5130,4839,94.327485
2022,RE-4_R3_CH24_B,9519,9211,96.764366
2022,RE-4_R3_CH24_C,7963,7874,98.882331
2022,RE-4_R3_CH25_A,5240,4727,90.209924
2022,RE-4_R3_CH25_B,9164,8977,97.959406
2022,RE-4_R3_CH25_C,7573,7421,97.992869
2022,RE-4_R3_CH26_A,5103,4929,96.590241
2022,RE-4_R3_CH26_B,9243,9023,97.619820
2022,RE-4_R3_CH26_C,7596,7449,98.064771
2022,RE-4_R3_CH27_A,5486,5231,95.351805
2022,RE-4_R3_CH27_B,9932,9646,97.120419
2022,RE-4_R3_CH27_C,8119,7929,97.659810
2022,RE-4_R3_CH28_A,5186,4957,95.584265
2022,RE-4_R3_CH28_B,9183,9043,98.475444
2022,RE-4_R3_CH28_C,7621,7459,97.874295
2022,RE-4_R3_CH29_A,5230,4965,94.933078
2022,RE-4_R3_CH29_B,9333,9078,97.267760
2022,RE-4_R3_CH29_C,7679,7476,97.356427
2022,RE-4_R3_CH30_A,5218,4349,83.346110
2022,RE-4_R3_CH30_B,9404,8854,94.151425
2022,RE-4_R3_CH30_C,7724,7519,97.345935
2022,RE-4_R3_CH31_A,5350,5186,96.934579
2022,RE-4_R3_CH31_B,9476,9045,95.451667
2022,RE-4_R3_CH31_C,7774,7667,98.623617
2022,RE-4_R3_CH32_A,5316,5215,98.100075
2022,RE-4_R3_CH32_B,9598,9425,98.197541
2022,RE-4_R3_CH32_C,7758,7617,98.182521
2022,RE-4_R3_CH33_A,5642,5537,98.138958
2022,RE-4_R3_CH33_B,10121,9807,96.897540
2022,RE-4_R3_CH33_C,8319,8192,98.473374
2022,RE-4_R3_CH34_A,5360,5146,96.007463
2022,RE-4_R3_CH34_B,9539,9354,98.060593
2022,RE-4_R3_CH34_C,8025,7803,97.233645
2022,RE-4_R3_CH35_A,5491,5238,95.392460
2022,RE-4_R3_CH35_B,9644,9355,97.003318
2022,RE-4_R3_CH35_C,7861,7728,98.308103
2022,RE-4_R3_CH36_A,5473,5179,94.628175
2022,RE-4_R3_CH36_B,9615,8778,91.294852
2022,RE-4_R3_CH36_C,8011,7871,98.252403
2022,W+0_RB1in_S01_Backward,105349,100309,95.215901
2022,W+0_RB1in_S01_Forward,114425,113021,98.772995
2022,W+0_RB1in_S02_Backward,0,0,
2022,W+0_RB1in_S02_Forward,0,0,
2022,W+0_RB1in_S03_Backward,121637,116323,95.631264
2022,W+0_RB1in_S03_Forward,125847,121414,96.477469
2022,W+0_RB1in_S04_Backward,116621,112113,96.134487
2022,W+0_RB1in_S04_Forward,114840,110684,96.381052
2022,W+0_RB1in_S05_Backward,0,0,
2022,W+0_RB1in_S05_Forward,0,0,
2022,W+0_RB1in_S06_Backward,108007,105313,97.505717
2022,W+0_RB1in_S06_Forward,115090,111213,96.631332
2022,W+0_RB1in_S07_Backward,107192,104489,97.478357
2022,W+0_RB1in_S07_Forward,115183,110459,95.898700
2022,W+0_RB1in_S08_Backward,108071,101186,93.629188
2022,W+0_RB1in_S08_Forward,116370,110073,94.588812
2022,W+0_RB1in_S09_Backward,104471,100810,96.495678
2022,W+0_RB1in_S09_Forward,113127,106571,94.204743
2022,W+0_RB1in_S10_Backward,0,0,
2022,W+0_RB1in_S10_Forward,0,0,
2022,W+0_RB1in_S11_Backward,106835,102931,96.345767
2022,W+0_RB1in_S11_Forward,115424,108574,94.065359
2022,W+0_RB1in_S12_Backward,106648,102341,95.961481
2022,W+0_RB1in_S12_Forward,116032,88499,76.271201
2022,W+0_RB1out_S01_Backward,89962,76184,84.684645
2022,W+0_RB1out_S01_Forward,97903,76957,78.605354
2022,W+0_RB1out_S02_Backward,0,0,
2022,W+0_RB1out_S02_Forward,0,0,
2022,W+0_RB1out_S03_Backward,0,0,
2022,W+0_RB1out_S03_Forward,0,0,
2022,W+0_RB1out_S04_Backward,97057,93192,96.017804
2022,W+0_RB1out_S04_Forward,98041,94668,96.559603
2022,W+0_RB1out_S05_Backward,0,0,
2022,W+0_RB1out_S05_Forward,0,0,
2022,W+0_RB1out_S06_Backward,0,0,
2022,W+0_RB1out_S06_Forward,0,0,
2022,W+0_RB1out_S07_Backward,91716,90830,99.033974
2022,W+0_RB1out_S07_Forward,98551,93035,94.402898
2022,W+0_RB1out_S08_Backward,92532,90075,97.344702
2022,W+0_RB1out_S08_Forward,99972,96760,96.787100
2022,W+0_RB1out_S09_Backward,88906,85401,96.057634
2022,W+0_RB1out_S09_Forward,96579,88160,91.282784
2022,W+0_RB1out_S10_Backward,0,0,
2022,W+0_RB1out_S10_Forward,0,0,
2022,W+0_RB1out_S11_Backward,91163,88699,97.297149
2022,W+0_RB1out_S11_Forward,98636,94267,95.570583
2022,W+0_RB1out_S12_Backward,91078,88084,96.712708
2022,W+0_RB1out_S12_Forward,99326,96635,97.290740
2022,W+0_RB2in_S01_Backward,55215,54223,98.203387
2022,W+0_RB2in_S01_Forward,62847,61911,98.510669
2022,W+0_RB2in_S01_Middle,56993,54901,96.329374
2022,W+0_RB2in_S02_Backward,56341,54428,96.604604
2022,W+0_RB2in_S02_Forward,63198,61746,97.702459
2022,W+0_RB2in_S02_Middle,57683,56332,97.657889
2022,W+0_RB2in_S03_Backward,63777,59138,92.726218
2022,W+0_RB2in_S03_Forward,68560,62705,91.460035
2022,W+0_RB2in_S03_Middle,58273,57687,98.994388
2022,W+0_RB2in_S04_Backward,57236,55809,97.506814
2022,W+0_RB2in_S04_Forward,0,0,
2022,W+0_RB2in_S04_Middle,56796,55094,97.003310
2022,W+0_RB2in_S05_Backward,56436,53963,95.618045
2022,W+0_RB2in_S05_Forward,0,0,
2022,W+0_RB2in_S05_Middle,57141,55332,96.834147
2022,W+0_RB2in_S06_Backward,0,0,
2022,W+0_RB2in_S06_Forward,0,0,
2022,W+0_RB2in_S06_Middle,0,0,
2022,W+0_RB2in_S07_Backward,0,0,
2022,W+0_RB2in_S07_Forward,0,0,
2022,W+0_RB2in_S07_Middle,0,0,
2022,W+0_RB2in_S08_Backward,57484,56005,97.427110
2022,W+0_RB2in_S08_Forward,64795,63771,98.419631
2022,W+0_RB2in_S08_Middle,57782,56149,97.173860
2022,W+0_RB2in_S09_Backward,54719,48635,88.881376
2022,W+0_RB2in_S09_Forward,62369,55096,88.338758
2022,W+0_RB2in_S09_Middle,56076,49367,88.035880
2022,W+0_RB2in_S10_Backward,54540,52613,96.466813
2022,W+0_RB2in_S10_Forward,62147,56660,91.170933
2022,W+0_RB2in_S10_Middle,55310,53419,96.581088
2022,W+0_RB2in_S11_Backward,55559,42297,76.129880
2022,W+0_RB2in_S11_Forward,63444,56619,89.242482
2022,W+0_RB2in_S11_Middle,56885,45282,79.602707
2022,W+0_RB2in_S12_Backward,55961,53756,96.059756
2022,W+0_RB2in_S12_Forward,63580,62349,98.063857
2022,W+0_RB2in_S12_Middle,57722,55431,96.030976
2022,W+0_RB2out_S01_Backward,79755,78730,98.714814
2022,W+0_RB2out_S01_Forward,86264,84841,98.350413
2022,W+0_RB2out_S02_Backward,81025,78397,96.756557
2022,W+0_RB2out_S02_Forward,86862,84409,97.175980
2022,W+0_RB2out_S03_Backward,86315,84865,98.320107
2022,W+0_RB2out_S03_Forward,92340,81887,88.679879
2022,W+0_RB2out_S04_Backward,0,0,
2022,W+0_RB2out_S04_Forward,0,0,
2022,W+0_RB2out_S05_Backward,80767,79753,98.744537
2022,W+0_RB2out_S05_Forward,86173,84428,97.975004
2022,W+0_RB2out_S06_Backward,81345,77260,94.978179
2022,W+0_RB2out_S06_Forward,87130,83919,96.314702
2022,W+0_RB2out_S07_Backward,80594,78962,97.975035
2022,W+0_RB2out_S07_Forward,86961,81009,93.155552
2022,W+0_RB2out_S08_Backward,0,0,
2022,W+0_RB2out_S08_Forward,0,0,
2022,W+0_RB2out_S09_Backward,78475,75442,96.135075
2022,W+0_RB2out_S09_Forward,85800,82909,96.630536
2022,W+0_RB2out_S10_Backward,78336,75429,96.289062
2022,W+0_RB2out_S10_Forward,85130,79799,93.737813
2022,W+0_RB2out_S11_Backward,80195,76991,96.004738
2022,W+0_RB2out_S11_Forward,86700,80951,93.369089
2022,W+0_RB2out_S12_Backward,80658,77568,96.169010
2022,W+0_RB2out_S12_Forward,87590,84628,96.618335
2022,W+0_RB3+_S01_Backward,34021,33112,97.328121
2022,W+0_RB3+_S01_Forward,37124,36569,98.505010
2022,W+0_RB3+_S02_Backward,0,0,
2022,W+0_RB3+_S02_Forward,0,0,
2022,W+0_RB3+_S03_Backward,34863,34111,97.842985
2022,W+0_RB3+_S03_Forward,38094,37250,97.784428
2022,W+0_RB3+_S04_Backward,0,0,
2022,W+0_RB3+_S04_Forward,0,0,
2022,W+0_RB3+_S05_Backward,0,0,
2022,W+0_RB3+_S05_Forward,0,0,
2022,W+0_RB3+_S06_Backward,0,0,
2022,W+0_RB3+_S06_Forward,0,0,
2022,W+0_RB3+_S07_Backward,34693,33901,97.717119
2022,W+0_RB3+_S07_Forward,37238,36667,98.466620
2022,W+0_RB3+_S08_Backward,0,0,
2022,W+0_RB3+_S08_Forward,0,0,
2022,W+0_RB3+_S09_Backward,33735,32956,97.690826
2022,W+0_RB3+_S09_Forward,36628,33579,91.675767
2022,W+0_RB3+_S10_Backward,33444,32278,96.513575
2022,W+0_RB3+_S10_Forward,36255,35165,96.993518
2022,W+0_RB3+_S11_Backward,0,0,
2022,W+0_RB3+_S11_Forward,0,0,
2022,W+0_RB3+_S12_Backward,0,0,
2022,W+0_RB3+_S12_Forward,0,0,
2022,W+0_RB3-_S01_Backward,35184,34257,97.365280
2022,W+0_RB3-_S01_Forward,37800,36873,97.547619
2022,W+0_RB3-_S02_Backward,35668,34972,98.048671
2022,W+0_RB3-_S02_Forward,38225,29491,77.151079
2022,W+0_RB3-_S03_Backward,36425,35741,98.122169
2022,W+0_RB3-_S03_Forward,38954,24514,62.930636
2022,W+0_RB3-_S04_Backward,0,0,
2022,W+0_RB3-_S04_Forward,0,0,
2022,W+0_RB3-_S05_Backward,0,0,
2022,W+0_RB3-_S05_Forward,0,0,
2022,W+0_RB3-_S06_Backward,0,0,
2022,W+0_RB3-_S06_Forward,0,0,
2022,W+0_RB3-_S07_Backward,35544,34833,97.999662
2022,W+0_RB3-_S07_Forward,38327,37181,97.009941
2022,W+0_RB3-_S08_Backward,0,0,
2022,W+0_RB3-_S08_Forward,0,0,
2022,W+0_RB3-_S09_Backward,34463,33979,98.595595
2022,W+0_RB3-_S09_Forward,37751,37139,98.378851
2022,W+0_RB3-_S10_Backward,34279,32403,94.527262
2022,W+0_RB3-_S10_Forward,37222,30994,83.267960
2022,W+0_RB3-_S11_Backward,0,0,
2022,W+0_RB3-_S11_Forward,0,0,
2022,W+0_RB3-_S12_Backward,0,0,
2022,W+0_RB3-_S12_Forward,0,0,
2022,W+0_RB4++_S04_Backward,22342,21795,97.551696
2022,W+0_RB4++_S04_Forward,24195,23318,96.375284
2022,W+0_RB4+_S01_Backward,35308,34566,97.898493
2022,W+0_RB4+_S01_Forward,38016,36809,96.825021
2022,W+0_RB4+_S02_Backward,35976,30005,83.402824
2022,W+0_RB4+_S02_Forward,38505,36731,95.392806
2022,W+0_RB4+_S03_Backward,36724,35681,97.159895
2022,W+0_RB4+_S03_Forward,39445,37982,96.291038
2022,W+0_RB4+_S04_Backward,25189,24714,98.114256
2022,W+0_RB4+_S04_Forward,27208,26055,95.762276
2022,W+0_RB4+_S05_Backward,32882,31848,96.855422
2022,W+0_RB4+_S05_Forward,35389,33898,95.786826
2022,W+0_RB4+_S06_Backward,32845,31840,96.940174
2022,W+0_RB4+_S06_Forward,35360,33884,95.825792
2022,W+0_RB4+_S07_Backward,0,0,
2022,W+0_RB4+_S07_Forward,0,0,
2022,W+0_RB4+_S08_Backward,24284,20547,84.611267
2022,W+0_RB4+_S08_Forward,25828,24607,95.272572
2022,W+0_RB4+_S10_Backward,42185,41060,97.333175
2022,W+0_RB4+_S10_Forward,45657,36111,79.091925
2022,W+0_RB4+_S12_Backward,36087,35162,97.436750
2022,W+0_RB4+_S12_Forward,39120,37915,96.919734
2022,W+0_RB4--_S04_Backward,22819,22087,96.792147
2022,W+0_RB4--_S04_Forward,23893,23188,97.049345
2022,W+0_RB4-_S01_Backward,0,0,
2022,W+0_RB4-_S01_Forward,0,0,
2022,W+0_RB4-_S02_Backward,32682,31909,97.634784
2022,W+0_RB4-_S02_Forward,35215,33115,94.036632
2022,W+0_RB4-_S03_Backward,32504,31975,98.372508
2022,W+0_RB4-_S03_Forward,35381,34083,96.331364
2022,W+0_RB4-_S04_Backward,25689,24842,96.702869
2022,W+0_RB4-_S04_Forward,27081,26377,97.400391
2022,W+0_RB4-_S05_Backward,35548,34284,96.444244
2022,W+0_RB4-_S05_Forward,38090,36082,94.728275
2022,W+0_RB4-_S06_Backward,36231,35306,97.446938
2022,W+0_RB4-_S06_Forward,38541,37272,96.707403
2022,W+0_RB4-_S07_Backward,0,0,
2022,W+0_RB4-_S07_Forward,0,0,
2022,W+0_RB4-_S08_Backward,35806,35041,97.863487
2022,W+0_RB4-_S08_Forward,38880,36524,93.940329
2022,W+0_RB4-_S10_Backward,42024,40793,97.070721
2022,W+0_RB4-_S10_Forward,46004,44865,97.524128
2022,W+0_RB4-_S12_Backward,24597,24301,98.796601
2022,W+0_RB4-_S12_Forward,26349,24467,92.857414
2022,W+0_RB4_S09_Backward,34598,32562,94.115267
2022,W+0_RB4_S09_Forward,37728,36098,95.679601
2022,W+0_RB4_S11_Backward,35501,31494,88.712994
2022,W+0_RB4_S11_Forward,37931,35933,94.732541
2022,W+1_RB1in_S01_Backward,91278,90002,98.602073
2022,W+1_RB1in_S01_Forward,83619,78959,94.427104
2022,W+1_RB1in_S02_Backward,91821,88901,96.819900
2022,W+1_RB1in_S02_Forward,84142,81278,96.596230
2022,W+1_RB1in_S03_Backward,92852,89783,96.694740
2022,W+1_RB1in_S03_Forward,84135,82061,97.534914
2022,W+1_RB1in_S04_Backward,71593,67608,94.433813
2022,W+1_RB1in_S04_Forward,68144,66177,97.113466
2022,W+1_RB1in_S05_Backward,91410,87741,95.986216
2022,W+1_RB1in_S05_Forward,83650,80455,96.180514
2022,W+1_RB1in_S06_Backward,92097,88657,96.264808
2022,W+1_RB1in_S06_Forward,84497,77095,91.239926
2022,W+1_RB1in_S07_Backward,0,0,
2022,W+1_RB1in_S07_Forward,0,0,
2022,W+1_RB1in_S08_Backward,92112,89067,96.694242
2022,W+1_RB1in_S08_Forward,84390,77766,92.150729
2022,W+1_RB1in_S09_Backward,90181,80836,89.637507
2022,W+1_RB1in_S09_Forward,82703,74388,89.945951
2022,W+1_RB1in_S10_Backward,88961,85918,96.579400
2022,W+1_RB1in_S10_Forward,81092,79058,97.491738
2022,W+1_RB1in_S11_Backward,91423,87645,95.867561
2022,W+1_RB1in_S11_Forward,84438,82110,97.242947
2022,W+1_RB1in_S12_Backward,92258,78900,85.521039
2022,W+1_RB1in_S12_Forward,84222,82091,97.469782
2022,W+1_RB1out_S01_Backward,79545,67267,84.564712
2022,W+1_RB1out_S01_Forward,73751,72084,97.739692
2022,W+1_RB1out_S02_Backward,80369,66704,82.997176
2022,W+1_RB1out_S02_Forward,74101,68290,92.158001
2022,W+1_RB1out_S03_Backward,81388,65802,80.849757
2022,W+1_RB1out_S03_Forward,74355,73108,98.322910
2022,W+1_RB1out_S04_Backward,62519,60323,96.487468
2022,W+1_RB1out_S04_Forward,60452,58459,96.703169
2022,W+1_RB1out_S05_Backward,0,0,
2022,W+1_RB1out_S05_Forward,0,0,
2022,W+1_RB1out_S06_Backward,80182,77972,97.243770
2022,W+1_RB1out_S06_Forward,74637,74032,99.189410
2022,W+1_RB1out_S07_Backward,80810,77874,96.366786
2022,W+1_RB1out_S07_Forward,75752,73965,97.640986
2022,W+1_RB1out_S08_Backward,80561,77305,95.958342
2022,W+1_RB1out_S08_Forward,74635,73222,98.106786
2022,W+1_RB1out_S09_Backward,78749,69183,87.852544
2022,W+1_RB1out_S09_Forward,72839,66561,91.380991
2022,W+1_RB1out_S10_Backward,77422,61542,79.489034
2022,W+1_RB1out_S10_Forward,71996,59707,82.930996
2022,W+1_RB1out_S11_Backward,79857,73009,91.424672
2022,W+1_RB1out_S11_Forward,74059,73631,99.422082
2022,W+1_RB1out_S12_Backward,80241,78245,97.512494
2022,W+1_RB1out_S12_Forward,74469,73052,98.097195
2022,W+1_RB2in_S01_Backward,50432,42866,84.997621
2022,W+1_RB2in_S01_Forward,47938,46374,96.737453
2022,W+1_RB2in_S01_Middle,49022,47791,97.488883
2022,W+1_RB2in_S02_Backward,50974,47731,93.637933
2022,W+1_RB2in_S02_Forward,47933,47104,98.270503
2022,W+1_RB2in_S02_Middle,48735,47235,96.922130
2022,W+1_RB2in_S03_Backward,51710,50772,98.186038
2022,W+1_RB2in_S03_Forward,48683,46031,94.552513
2022,W+1_RB2in_S03_Middle,49189,48180,97.948728
2022,W+1_RB2in_S04_Backward,33609,32290,96.075456
2022,W+1_RB2in_S04_Forward,34238,33845,98.852153
2022,W+1_RB2in_S04_Middle,47871,47217,98.633828
2022,W+1_RB2in_S05_Backward,50586,49769,98.384929
2022,W+1_RB2in_S05_Forward,48227,46457,96.329857
2022,W+1_RB2in_S05_Middle,49039,48251,98.393116
2022,W+1_RB2in_S06_Backward,51133,50198,98.171435
2022,W+1_RB2in_S06_Forward,48400,46708,96.504132
2022,W+1_RB2in_S06_Middle,48833,48227,98.759036
2022,W+1_RB2in_S07_Backward,51172,49854,97.424373
2022,W+1_RB2in_S07_Forward,49165,48114,97.862300
2022,W+1_RB2in_S07_Middle,49139,47511,96.686949
2022,W+1_RB2in_S08_Backward,51076,49586,97.082779
2022,W+1_RB2in_S08_Forward,48933,47849,97.784726
2022,W+1_RB2in_S08_Middle,49374,48351,97.928059
2022,W+1_RB2in_S09_Backward,50203,39725,79.128737
2022,W+1_RB2in_S09_Forward,47898,43679,91.191699
2022,W+1_RB2in_S09_Middle,48129,43527,90.438197
2022,W+1_RB2in_S10_Backward,49606,48003,96.768536
2022,W+1_RB2in_S10_Forward,46536,45428,97.619048
2022,W+1_RB2in_S10_Middle,47023,45815,97.431044
2022,W+1_RB2in_S11_Backward,50751,48603,95.767571
2022,W+1_RB2in_S11_Forward,48369,46279,95.679051
2022,W+1_RB2in_S11_Middle,48759,47578,97.577883
2022,W+1_RB2in_S12_Backward,50946,45592,89.490833
2022,W+1_RB2in_S12_Forward,48356,36513,75.508727
2022,W+1_RB2in_S12_Middle,49057,43344,88.354363
2022,W+1_RB2out_S01_Backward,72809,69999,96.140587
2022,W+1_RB2out_S01_Forward,70083,68849,98.239231
2022,W+1_RB2out_S02_Backward,73352,71388,97.322500
2022,W+1_RB2out_S02_Forward,69838,65815,94.239526
2022,W+1_RB2out_S03_Backward,0,0,
2022,W+1_RB2out_S03_Forward,0,0,
2022,W+1_RB2out_S04_Backward,58032,55671,95.931555
2022,W+1_RB2out_S04_Forward,57068,54310,95.167169
2022,W+1_RB2out_S05_Backward,73058,70054,95.888198
2022,W+1_RB2out_S05_Forward,0,0,
2022,W+1_RB2out_S06_Backward,73456,71140,96.847092
2022,W+1_RB2out_S06_Forward,70539,68411,96.983229
2022,W+1_RB2out_S07_Backward,73800,71218,96.501355
2022,W+1_RB2out_S07_Forward,71061,69843,98.285980
2022,W+1_RB2out_S08_Backward,73849,71354,96.621484
2022,W+1_RB2out_S08_Forward,71083,65919,92.735253
2022,W+1_RB2out_S09_Backward,72670,62959,86.636852
2022,W+1_RB2out_S09_Forward,69306,63281,91.306669
2022,W+1_RB2out_S10_Backward,71686,70037,97.699690
2022,W+1_RB2out_S10_Forward,67649,65186,96.359148
2022,W+1_RB2out_S11_Backward,73663,72311,98.164615
2022,W+1_RB2out_S11_Forward,69810,63523,90.994127
2022,W+1_RB2out_S12_Backward,0,0,
2022,W+1_RB2out_S12_Forward,70656,62535,88.506284
2022,W+1_RB3+_S01_Backward,32680,31964,97.809058
2022,W+1_RB3+_S01_Forward,31465,30922,98.274273
2022,W+1_RB3+_S02_Backward,33700,29448,87.382789
2022,W+1_RB3+_S02_Forward,32064,20757,64.736153
2022,W+1_RB3+_S03_Backward,33919,33096,97.573631
2022,W+1_RB3+_S03_Forward,32067,31273,97.523934
2022,W+1_RB3+_S04_Backward,27204,26657,97.989266
2022,W+1_RB3+_S04_Forward,25827,25120,97.262555
2022,W+1_RB3+_S05_Backward,32956,32155,97.569487
2022,W+1_RB3+_S05_Forward,31614,31230,98.785348
2022,W+1_RB3+_S06_Backward,33293,32343,97.146547
2022,W+1_RB3+_S06_Forward,31895,30379,95.246904
2022,W+1_RB3+_S07_Backward,0,0,
2022,W+1_RB3+_S07_Forward,0,0,
2022,W+1_RB3+_S08_Backward,0,0,
2022,W+1_RB3+_S08_Forward,0,0,
2022,W+1_RB3+_S09_Backward,33095,25150,75.993352
2022,W+1_RB3+_S09_Forward,31133,28337,91.019176
2022,W+1_RB3+_S10_Backward,32288,31341,97.067022
2022,W+1_RB3+_S10_Forward,30892,30046,97.261427
2022,W+1_RB3+_S11_Backward,34035,33204,97.558396
2022,W+1_RB3+_S11_Forward,31736,30823,97.123141
2022,W+1_RB3+_S12_Backward,33217,29816,89.761267
2022,W+1_RB3+_S12_Forward,31818,27510,86.460494
2022,W+1_RB3-_S01_Backward,33222,30283,91.153453
2022,W+1_RB3-_S01_Forward,32661,32155,98.450752
2022,W+1_RB3-_S02_Backward,33527,32706,97.551227
2022,W+1_RB3-_S02_Forward,31792,30904,97.206844
2022,W+1_RB3-_S03_Backward,34367,33662,97.948613
2022,W+1_RB3-_S03_Forward,32521,31493,96.838966
2022,W+1_RB3-_S04_Backward,28321,27367,96.631475
2022,W+1_RB3-_S04_Forward,26450,25781,97.470699
2022,W+1_RB3-_S05_Backward,33465,32175,96.145226
2022,W+1_RB3-_S05_Forward,32382,32022,98.888271
2022,W+1_RB3-_S06_Backward,33707,32968,97.807577
2022,W+1_RB3-_S06_Forward,32501,30574,94.070952
2022,W+1_RB3-_S07_Backward,33727,32752,97.109141
2022,W+1_RB3-_S07_Forward,32553,31596,97.060179
2022,W+1_RB3-_S08_Backward,33846,33272,98.304083
2022,W+1_RB3-_S08_Forward,32440,28484,87.805179
2022,W+1_RB3-_S09_Backward,33945,30791,90.708499
2022,W+1_RB3-_S09_Forward,31885,20176,63.277403
2022,W+1_RB3-_S10_Backward,33199,31277,94.210669
2022,W+1_RB3-_S10_Forward,31139,30268,97.202865
2022,W+1_RB3-_S11_Backward,34190,31862,93.190992
2022,W+1_RB3-_S11_Forward,32447,31232,96.255432
2022,W+1_RB3-_S12_Backward,33743,30140,89.322230
2022,W+1_RB3-_S12_Forward,32793,29705,90.583356
2022,W+1_RB4++_S04_Backward,0,0,
2022,W+1_RB4++_S04_Forward,0,0,
2022,W+1_RB4+_S01_Backward,34752,33851,97.407343
2022,W+1_RB4+_S01_Forward,33821,32138,95.023802
2022,W+1_RB4+_S02_Backward,35342,34356,97.210118
2022,W+1_RB4+_S02_Forward,34054,32758,96.194280
2022,W+1_RB4+_S03_Backward,38121,36755,96.416673
2022,W+1_RB4+_S03_Forward,34512,33523,97.134330
2022,W+1_RB4+_S04_Backward,0,0,
2022,W+1_RB4+_S04_Forward,0,0,
2022,W+1_RB4+_S05_Backward,34205,33582,98.178629
2022,W+1_RB4+_S05_Forward,31201,30077,96.397551
2022,W+1_RB4+_S06_Backward,34361,33351,97.060621
2022,W+1_RB4+_S06_Forward,31393,30627,97.559966
2022,W+1_RB4+_S07_Backward,34759,33306,95.819788
2022,W+1_RB4+_S07_Forward,31915,31133,97.549742
2022,W+1_RB4+_S08_Backward,25168,24531,97.469008
2022,W+1_RB4+_S08_Forward,23134,22458,97.077894
2022,W+1_RB4+_S10_Backward,43697,42922,98.226423
2022,W+1_RB4+_S10_Forward,40625,39685,97.686154
2022,W+1_RB4+_S12_Backward,34986,31383,89.701595
2022,W+1_RB4+_S12_Forward,34243,31061,90.707590
2022,W+1_RB4--_S04_Backward,0,0,
2022,W+1_RB4--_S04_Forward,0,0,
2022,W+1_RB4-_S01_Backward,34523,30783,89.166643
2022,W+1_RB4-_S01_Forward,31254,17232,55.135343
2022,W+1_RB4-_S02_Backward,33903,32742,96.575524
2022,W+1_RB4-_S02_Forward,31051,29682,95.591124
2022,W+1_RB4-_S03_Backward,34487,33546,97.271436
2022,W+1_RB4-_S03_Forward,31709,30772,97.045003
2022,W+1_RB4-_S04_Backward,0,0,
2022,W+1_RB4-_S04_Forward,0,0,
2022,W+1_RB4-_S05_Backward,35121,34101,97.095755
2022,W+1_RB4-_S05_Forward,33733,32510,96.374470
2022,W+1_RB4-_S06_Backward,35426,33700,95.127872
2022,W+1_RB4-_S06_Forward,34164,33742,98.764782
2022,W+1_RB4-_S07_Backward,35242,34793,98.725952
2022,W+1_RB4-_S07_Forward,34275,32177,93.878920
2022,W+1_RB4-_S08_Backward,35507,34763,97.904639
2022,W+1_RB4-_S08_Forward,34401,32864,95.532107
2022,W+1_RB4-_S10_Backward,0,0,
2022,W+1_RB4-_S10_Forward,0,0,
2022,W+1_RB4-_S12_Backward,25968,23365,89.976124
2022,W+1_RB4-_S12_Forward,23518,21232,90.279786
2022,W+1_RB4_S09_Backward,34573,33713,97.512510
2022,W+1_RB4_S09_Forward,33161,32455,97.870993
2022,W+1_RB4_S11_Backward,35151,33538,95.411226
2022,W+1_RB4_S11_Forward,33644,32749,97.339793
2022,W+2_RB1in_S01_Backward,61686,60937,98.785786
2022,W+2_RB1in_S01_Forward,54324,53981,99.368603
2022,W+2_RB1in_S02_Backward,62703,60593,96.634930
2022,W+2_RB1in_S02_Forward,55712,53641,96.282668
2022,W+2_RB1in_S03_Backward,62527,60329,96.484719
2022,W+2_RB1in_S03_Forward,55531,54235,97.666168
2022,W+2_RB1in_S04_Backward,62111,60522,97.441677
2022,W+2_RB1in_S04_Forward,55278,54519,98.626940
2022,W+2_RB1in_S05_Backward,0,0,
2022,W+2_RB1in_S05_Forward,0,0,
2022,W+2_RB1in_S06_Backward,61774,60127,97.333830
2022,W+2_RB1in_S06_Forward,55021,52114,94.716563
2022,W+2_RB1in_S07_Backward,0,0,
2022,W+2_RB1in_S07_Forward,0,0,
2022,W+2_RB1in_S08_Backward,62492,59386,95.029764
2022,W+2_RB1in_S08_Forward,55276,50471,91.307258
2022,W+2_RB1in_S09_Backward,60757,55873,91.961420
2022,W+2_RB1in_S09_Forward,53142,52250,98.321478
2022,W+2_RB1in_S10_Backward,59970,57358,95.644489
2022,W+2_RB1in_S10_Forward,52611,51119,97.164091
2022,W+2_RB1in_S11_Backward,61627,58545,94.998945
2022,W+2_RB1in_S11_Forward,55040,54185,98.446584
2022,W+2_RB1in_S12_Backward,0,0,
2022,W+2_RB1in_S12_Forward,54341,53320,98.121124
2022,W+2_RB1out_S01_Backward,56983,51296,90.019830
2022,W+2_RB1out_S01_Forward,0,0,
2022,W+2_RB1out_S02_Backward,57076,46650,81.733128
2022,W+2_RB1out_S02_Forward,51055,50053,98.037411
2022,W+2_RB1out_S03_Backward,57785,56087,97.061521
2022,W+2_RB1out_S03_Forward,50677,49584,97.843203
2022,W+2_RB1out_S04_Backward,0,0,
2022,W+2_RB1out_S04_Forward,0,0,
2022,W+2_RB1out_S05_Backward,61217,59904,97.855171
2022,W+2_RB1out_S05_Forward,52365,51757,98.838919
2022,W+2_RB1out_S06_Backward,56978,55177,96.839131
2022,W+2_RB1out_S06_Forward,50508,49164,97.339035
2022,W+2_RB1out_S07_Backward,0,0,
2022,W+2_RB1out_S07_Forward,0,0,
2022,W+2_RB1out_S08_Backward,57599,53714,93.255091
2022,W+2_RB1out_S08_Forward,50464,48356,95.822765
2022,W+2_RB1out_S09_Backward,55915,45310,81.033712
2022,W+2_RB1out_S09_Forward,48945,48581,99.256308
2022,W+2_RB1out_S10_Backward,54923,53458,97.332629
2022,W+2_RB1out_S10_Forward,48296,47086,97.494617
2022,W+2_RB1out_S11_Backward,56863,51944,91.349384
2022,W+2_RB1out_S11_Forward,50384,48892,97.038742
2022,W+2_RB1out_S12_Backward,57203,53968,94.344702
2022,W+2_RB1out_S12_Forward,0,0,
2022,W+2_RB2in_S01_Backward,62511,60572,96.898146
2022,W+2_RB2in_S01_Forward,55343,53968,97.515494
2022,W+2_RB2in_S02_Backward,61465,59944,97.525421
2022,W+2_RB2in_S02_Forward,55592,54199,97.494244
2022,W+2_RB2in_S03_Backward,62155,59990,96.516773
2022,W+2_RB2in_S03_Forward,0,0,
2022,W+2_RB2in_S04_Backward,62072,59522,95.891868
2022,W+2_RB2in_S04_Forward,55387,54275,97.992309
2022,W+2_RB2in_S05_Backward,0,0,
2022,W+2_RB2in_S05_Forward,0,0,
2022,W+2_RB2in_S06_Backward,63115,61285,97.100531
2022,W+2_RB2in_S06_Forward,55669,53677,96.421707
2022,W+2_RB2in_S07_Backward,61819,59851,96.816513
2022,W+2_RB2in_S07_Forward,55075,54018,98.080799
2022,W+2_RB2in_S08_Backward,0,0,
2022,W+2_RB2in_S08_Forward,0,0,
2022,W+2_RB2in_S09_Backward,61317,59591,97.185120
2022,W+2_RB2in_S09_Forward,54405,53207,97.797997
2022,W+2_RB2in_S10_Backward,59550,57779,97.026029
2022,W+2_RB2in_S10_Forward,53283,52478,98.489199
2022,W+2_RB2in_S11_Backward,61948,60853,98.232388
2022,W+2_RB2in_S11_Forward,54551,52856,96.892816
2022,W+2_RB2in_S12_Backward,61908,60758,98.142405
2022,W+2_RB2in_S12_Forward,55123,53878,97.741415
2022,W+2_RB2out_S01_Backward,33857,32954,97.332900
2022,W+2_RB2out_S01_Forward,31433,30921,98.371139
2022,W+2_RB2out_S01_Middle,33437,27979,83.676765
2022,W+2_RB2out_S02_Backward,33508,32910,98.215352
2022,W+2_RB2out_S02_Forward,31531,31133,98.737750
2022,W+2_RB2out_S02_Middle,32752,31867,97.297875
2022,W+2_RB2out_S03_Backward,33838,27454,81.133637
2022,W+2_RB2out_S03_Forward,31687,30739,97.008237
2022,W+2_RB2out_S03_Middle,33138,32414,97.815197
2022,W+2_RB2out_S04_Backward,34016,28908,84.983537
2022,W+2_RB2out_S04_Forward,31640,26023,82.247155
2022,W+2_RB2out_S04_Middle,33139,26888,81.137029
2022,W+2_RB2out_S05_Backward,33939,32286,95.129497
2022,W+2_RB2out_S05_Forward,32715,31827,97.285649
2022,W+2_RB2out_S05_Middle,33699,32573,96.658655
2022,W+2_RB2out_S06_Backward,34074,33227,97.514234
2022,W+2_RB2out_S06_Forward,31650,29424,92.966825
2022,W+2_RB2out_S06_Middle,33864,32762,96.745807
2022,W+2_RB2out_S07_Backward,33911,32675,96.355165
2022,W+2_RB2out_S07_Forward,31423,30724,97.775515
2022,W+2_RB2out_S07_Middle,32738,31989,97.712139
2022,W+2_RB2out_S08_Backward,34449,33528,97.326483
2022,W+2_RB2out_S08_Forward,31660,30792,97.258370
2022,W+2_RB2out_S08_Middle,33386,28312,84.802013
2022,W+2_RB2out_S09_Backward,33875,32734,96.631734
2022,W+2_RB2out_S09_Forward,31009,30454,98.210197
2022,W+2_RB2out_S09_Middle,32329,31628,97.831668
2022,W+2_RB2out_S10_Backward,32489,31606,97.282157
2022,W+2_RB2out_S10_Forward,30404,28036,92.211551
2022,W+2_RB2out_S10_Middle,31642,31066,98.179635
2022,W+2_RB2out_S11_Backward,34139,33473,98.049152
2022,W+2_RB2out_S11_Forward,30933,29969,96.883587
2022,W+2_RB2out_S11_Middle,32877,31896,97.016151
2022,W+2_RB2out_S12_Backward,33540,33126,98.765653
2022,W+2_RB2out_S12_Forward,31399,28297,90.120704
2022,W+2_RB2out_S12_Middle,33254,32735,98.439285
2022,W+2_RB3+_S01_Backward,25137,23868,94.951665
2022,W+2_RB3+_S01_Forward,25364,24788,97.729065
2022,W+2_RB3+_S02_Backward,25366,24503,96.597808
2022,W+2_RB3+_S02_Forward,25533,24949,97.712764
2022,W+2_RB3+_S03_Backward,25539,24134,94.498610
2022,W+2_RB3+_S03_Forward,25661,25357,98.815323
2022,W+2_RB3+_S04_Backward,24991,24288,97.186987
2022,W+2_RB3+_S04_Forward,25290,24722,97.754053
2022,W+2_RB3+_S05_Backward,25430,24583,96.669288
2022,W+2_RB3+_S05_Forward,26335,25709,97.622935
2022,W+2_RB3+_S06_Backward,25455,24905,97.839324
2022,W+2_RB3+_S06_Forward,25210,24788,98.326061
2022,W+2_RB3+_S07_Backward,25829,25304,97.967401
2022,W+2_RB3+_S07_Forward,26056,25619,98.322843
2022,W+2_RB3+_S08_Backward,25267,24732,97.882614
2022,W+2_RB3+_S08_Forward,25506,25149,98.600329
2022,W+2_RB3+_S09_Backward,24804,24202,97.572972
2022,W+2_RB3+_S09_Forward,25048,24514,97.868093
2022,W+2_RB3+_S10_Backward,0,0,
2022,W+2_RB3+_S10_Forward,0,0,
2022,W+2_RB3+_S11_Backward,25434,24110,94.794370
2022,W+2_RB3+_S11_Forward,25657,25423,99.087968
2022,W+2_RB3+_S12_Backward,0,0,
2022,W+2_RB3+_S12_Forward,0,0,
2022,W+2_RB3-_S01_Backward,0,0,
2022,W+2_RB3-_S01_Forward,0,0,
2022,W+2_RB3-_S02_Backward,25450,25067,98.495088
2022,W+2_RB3-_S02_Forward,25054,23736,94.739363
2022,W+2_RB3-_S03_Backward,25840,25163,97.380031
2022,W+2_RB3-_S03_Forward,25611,24838,96.981766
2022,W+2_RB3-_S04_Backward,26573,23445,88.228653
2022,W+2_RB3-_S04_Forward,25223,24880,98.640130
2022,W+2_RB3-_S05_Backward,25691,24747,96.325561
2022,W+2_RB3-_S05_Forward,25821,25272,97.873824
2022,W+2_RB3-_S06_Backward,0,0,
2022,W+2_RB3-_S06_Forward,0,0,
2022,W+2_RB3-_S07_Backward,26125,25646,98.166507
2022,W+2_RB3-_S07_Forward,24963,24249,97.139767
2022,W+2_RB3-_S08_Backward,26318,25957,98.628315
2022,W+2_RB3-_S08_Forward,25652,24183,94.273351
2022,W+2_RB3-_S09_Backward,0,0,
2022,W+2_RB3-_S09_Forward,0,0,
2022,W+2_RB3-_S10_Backward,24899,23993,96.361300
2022,W+2_RB3-_S10_Forward,24041,23287,96.863691
2022,W+2_RB3-_S11_Backward,0,0,
2022,W+2_RB3-_S11_Forward,0,0,
2022,W+2_RB3-_S12_Backward,0,0,
2022,W+2_RB3-_S12_Forward,0,0,
2022,W+2_RB4++_S04_Backward,18315,17620,96.205296
2022,W+2_RB4++_S04_Forward,18089,17468,96.566974
2022,W+2_RB4+_S01_Backward,0,0,
2022,W+2_RB4+_S01_Forward,27265,26655,97.762699
2022,W+2_RB4+_S02_Backward,27807,26802,96.385802
2022,W+2_RB4+_S02_Forward,27181,26527,97.593908
2022,W+2_RB4+_S03_Backward,28094,27232,96.931729
2022,W+2_RB4+_S03_Forward,27200,26271,96.584559
2022,W+2_RB4+_S04_Backward,20020,19478,97.292707
2022,W+2_RB4+_S04_Forward,19232,18719,97.332571
2022,W+2_RB4+_S05_Backward,25724,25066,97.442077
2022,W+2_RB4+_S05_Forward,26073,25528,97.909715
2022,W+2_RB4+_S06_Backward,26124,24663,94.407441
2022,W+2_RB4+_S06_Forward,25996,24728,95.122327
2022,W+2_RB4+_S07_Backward,26974,26476,98.153778
2022,W+2_RB4+_S07_Forward,26235,25103,95.685153
2022,W+2_RB4+_S08_Backward,0,0,
2022,W+2_RB4+_S08_Forward,0,0,
2022,W+2_RB4+_S10_Backward,33482,32889,98.228899
2022,W+2_RB4+_S10_Forward,32744,31124,95.052529
2022,W+2_RB4+_S12_Backward,28161,27737,98.494372
2022,W+2_RB4+_S12_Forward,27126,25930,95.590946
2022,W+2_RB4--_S04_Backward,18176,17319,95.284991
2022,W+2_RB4--_S04_Forward,17853,17358,97.227357
2022,W+2_RB4-_S01_Backward,26209,25089,95.726659
2022,W+2_RB4-_S01_Forward,26105,24978,95.682819
2022,W+2_RB4-_S02_Backward,25848,25277,97.790932
2022,W+2_RB4-_S02_Forward,25526,22895,89.692862
2022,W+2_RB4-_S03_Backward,26400,23694,89.750000
2022,W+2_RB4-_S03_Forward,26239,23405,89.199284
2022,W+2_RB4-_S04_Backward,20242,19579,96.724632
2022,W+2_RB4-_S04_Forward,20197,19683,97.455068
2022,W+2_RB4-_S05_Backward,27992,26645,95.187911
2022,W+2_RB4-_S05_Forward,27067,26181,96.726641
2022,W+2_RB4-_S06_Backward,28383,27206,95.853152
2022,W+2_RB4-_S06_Forward,27209,26160,96.144658
2022,W+2_RB4-_S07_Backward,28595,26976,94.338171
2022,W+2_RB4-_S07_Forward,27398,26743,97.609315
2022,W+2_RB4-_S08_Backward,28213,27441,97.263673
2022,W+2_RB4-_S08_Forward,27590,26953,97.691192
2022,W+2_RB4-_S10_Backward,33491,27888,83.270132
2022,W+2_RB4-_S10_Forward,32800,32155,98.033537
2022,W+2_RB4-_S12_Backward,19723,19368,98.200071
2022,W+2_RB4-_S12_Forward,19442,17471,89.862154
2022,W+2_RB4_S09_Backward,27265,26105,95.745461
2022,W+2_RB4_S09_Forward,26488,25693,96.998641
2022,W+2_RB4_S11_Backward,27472,26912,97.961561
2022,W+2_RB4_S11_Forward,26986,22809,84.521604
2022,W-1_RB1in_S01_Backward,92212,90136,97.748666
2022,W-1_RB1in_S01_Forward,84365,81835,97.001126
2022,W-1_RB1in_S02_Backward,0,0,
2022,W-1_RB1in_S02_Forward,0,0,
2022,W-1_RB1in_S03_Backward,0,0,
2022,W-1_RB1in_S03_Forward,0,0,
2022,W-1_RB1in_S04_Backward,92112,89598,97.270714
2022,W-1_RB1in_S04_Forward,84057,81393,96.830722
2022,W-1_RB1in_S05_Backward,92064,89780,97.519117
2022,W-1_RB1in_S05_Forward,84755,81197,95.802018
2022,W-1_RB1in_S06_Backward,92631,89457,96.573501
2022,W-1_RB1in_S06_Forward,85035,83168,97.804433
2022,W-1_RB1in_S07_Backward,93230,90754,97.344203
2022,W-1_RB1in_S07_Forward,84851,83240,98.101378
2022,W-1_RB1in_S08_Backward,0,0,
2022,W-1_RB1in_S08_Forward,0,0,
2022,W-1_RB1in_S09_Backward,91986,89008,96.762551
2022,W-1_RB1in_S09_Forward,82354,79398,96.410618
2022,W-1_RB1in_S10_Backward,0,0,
2022,W-1_RB1in_S10_Forward,0,0,
2022,W-1_RB1in_S11_Backward,0,0,
2022,W-1_RB1in_S11_Forward,0,0,
2022,W-1_RB1in_S12_Backward,92604,88363,95.420284
2022,W-1_RB1in_S12_Forward,85357,83128,97.388615
2022,W-1_RB1out_S01_Backward,81044,79070,97.564286
2022,W-1_RB1out_S01_Forward,74026,72743,98.266825
2022,W-1_RB1out_S02_Backward,0,0,
2022,W-1_RB1out_S02_Forward,0,0,
2022,W-1_RB1out_S03_Backward,0,0,
2022,W-1_RB1out_S03_Forward,0,0,
2022,W-1_RB1out_S04_Backward,0,0,
2022,W-1_RB1out_S04_Forward,74414,70117,94.225549
2022,W-1_RB1out_S05_Backward,80332,78429,97.631081
2022,W-1_RB1out_S05_Forward,74336,69222,93.120426
2022,W-1_RB1out_S06_Backward,80657,77908,96.591740
2022,W-1_RB1out_S06_Forward,75083,73652,98.094109
2022,W-1_RB1out_S07_Backward,81270,78831,96.998893
2022,W-1_RB1out_S07_Forward,75262,73833,98.101299
2022,W-1_RB1out_S08_Backward,0,0,
2022,W-1_RB1out_S08_Forward,0,0,
2022,W-1_RB1out_S09_Backward,80405,77976,96.979044
2022,W-1_RB1out_S09_Forward,72811,71382,98.037384
2022,W-1_RB1out_S10_Backward,0,0,
2022,W-1_RB1out_S10_Forward,0,0,
2022,W-1_RB1out_S11_Backward,0,0,
2022,W-1_RB1out_S11_Forward,0,0,
2022,W-1_RB1out_S12_Backward,80898,78245,96.720562
2022,W-1_RB1out_S12_Forward,75209,71266,94.757276
2022,W-1_RB2in_S01_Backward,0,0,
2022,W-1_RB2in_S01_Forward,0,0,
2022,W-1_RB2in_S01_Middle,0,0,
2022,W-1_RB2in_S02_Backward,50792,49525,97.505513
2022,W-1_RB2in_S02_Forward,48574,47709,98.219212
2022,W-1_RB2in_S02_Middle,48961,48242,98.531484
2022,W-1_RB2in_S03_Backward,33848,33210,98.115103
2022,W-1_RB2in_S03_Forward,34249,33286,97.188239
2022,W-1_RB2in_S03_Middle,47835,46091,96.354134
2022,W-1_RB2in_S04_Backward,51150,45074,88.121212
2022,W-1_RB2in_S04_Forward,48645,47716,98.090246
2022,W-1_RB2in_S04_Middle,49147,47837,97.334527
2022,W-1_RB2in_S05_Backward,50617,49060,96.923958
2022,W-1_RB2in_S05_Forward,48356,47086,97.373645
2022,W-1_RB2in_S05_Middle,48950,47897,97.848825
2022,W-1_RB2in_S06_Backward,51671,41378,80.079735
2022,W-1_RB2in_S06_Forward,48771,43968,90.151935
2022,W-1_RB2in_S06_Middle,49352,40232,81.520506
2022,W-1_RB2in_S07_Backward,51828,40345,77.844023
2022,W-1_RB2in_S07_Forward,49138,36459,74.197159
2022,W-1_RB2in_S07_Middle,49721,41470,83.405402
2022,W-1_RB2in_S08_Backward,51523,49528,96.127943
2022,W-1_RB2in_S08_Forward,48434,47302,97.662799
2022,W-1_RB2in_S08_Middle,48648,47531,97.703914
2022,W-1_RB2in_S09_Backward,50931,49411,97.015570
2022,W-1_RB2in_S09_Forward,47713,46717,97.912519
2022,W-1_RB2in_S09_Middle,48309,46177,95.586744
2022,W-1_RB2in_S10_Backward,50018,49059,98.082690
2022,W-1_RB2in_S10_Forward,47393,46450,98.010255
2022,W-1_RB2in_S10_Middle,48188,46826,97.173570
2022,W-1_RB2in_S11_Backward,51135,25272,49.422118
2022,W-1_RB2in_S11_Forward,49273,43706,88.701723
2022,W-1_RB2in_S11_Middle,48833,41780,85.556898
2022,W-1_RB2in_S12_Backward,51202,49469,96.615367
2022,W-1_RB2in_S12_Forward,48845,47436,97.115365
2022,W-1_RB2in_S12_Middle,49456,48337,97.737383
2022,W-1_RB2out_S01_Backward,0,0,
2022,W-1_RB2out_S01_Forward,0,0,
2022,W-1_RB2out_S02_Backward,73634,71843,97.567700
2022,W-1_RB2out_S02_Forward,70392,67861,96.404421
2022,W-1_RB2out_S03_Backward,57888,55648,96.130459
2022,W-1_RB2out_S03_Forward,57159,55475,97.053832
2022,W-1_RB2out_S04_Backward,0,0,
2022,W-1_RB2out_S04_Forward,70684,69034,97.665667
2022,W-1_RB2out_S05_Backward,73141,71372,97.581384
2022,W-1_RB2out_S05_Forward,70121,68527,97.726787
2022,W-1_RB2out_S06_Backward,74450,72267,97.067831
2022,W-1_RB2out_S06_Forward,71341,68497,96.013513
2022,W-1_RB2out_S07_Backward,0,0,
2022,W-1_RB2out_S07_Forward,0,0,
2022,W-1_RB2out_S08_Backward,74666,70001,93.752176
2022,W-1_RB2out_S08_Forward,69631,67862,97.459465
2022,W-1_RB2out_S09_Backward,73553,71246,96.863486
2022,W-1_RB2out_S09_Forward,69519,49075,70.592212
2022,W-1_RB2out_S10_Backward,72290,69695,96.410292
2022,W-1_RB2out_S10_Forward,68930,67823,98.394023
2022,W-1_RB2out_S11_Backward,73831,71980,97.492923
2022,W-1_RB2out_S11_Forward,71232,69418,97.453392
2022,W-1_RB2out_S12_Backward,73869,68878,93.243444
2022,W-1_RB2out_S12_Forward,71113,60251,84.725718
2022,W-1_RB3+_S01_Backward,33247,30035,90.338978
2022,W-1_RB3+_S01_Forward,31522,27581,87.497621
2022,W-1_RB3+_S02_Backward,0,0,
2022,W-1_RB3+_S02_Forward,0,0,
2022,W-1_RB3+_S03_Backward,0,0,
2022,W-1_RB3+_S03_Forward,0,0,
2022,W-1_RB3+_S04_Backward,0,0,
2022,W-1_RB3+_S04_Forward,0,0,
2022,W-1_RB3+_S05_Backward,0,0,
2022,W-1_RB3+_S05_Forward,0,0,
2022,W-1_RB3+_S06_Backward,0,0,
2022,W-1_RB3+_S06_Forward,0,0,
2022,W-1_RB3+_S07_Backward,33538,32416,96.654541
2022,W-1_RB3+_S07_Forward,32175,31532,98.001554
2022,W-1_RB3+_S08_Backward,33330,29004,87.020702
2022,W-1_RB3+_S08_Forward,31735,31054,97.854104
2022,W-1_RB3+_S09_Backward,0,0,
2022,W-1_RB3+_S09_Forward,0,0,
2022,W-1_RB3+_S10_Backward,0,0,
2022,W-1_RB3+_S10_Forward,0,0,
2022,W-1_RB3+_S11_Backward,33830,18755,55.438960
2022,W-1_RB3+_S11_Forward,32221,28304,87.843332
2022,W-1_RB3+_S12_Backward,0,0,
2022,W-1_RB3+_S12_Forward,0,0,
2022,W-1_RB3-_S01_Backward,34182,33371,97.627406
2022,W-1_RB3-_S01_Forward,32625,27213,83.411494
2022,W-1_RB3-_S02_Backward,0,0,
2022,W-1_RB3-_S02_Forward,0,0,
2022,W-1_RB3-_S03_Backward,0,0,
2022,W-1_RB3-_S03_Forward,0,0,
2022,W-1_RB3-_S04_Backward,0,0,
2022,W-1_RB3-_S04_Forward,0,0,
2022,W-1_RB3-_S05_Backward,0,0,
2022,W-1_RB3-_S05_Forward,0,0,
2022,W-1_RB3-_S06_Backward,0,0,
2022,W-1_RB3-_S06_Forward,0,0,
2022,W-1_RB3-_S07_Backward,34068,33217,97.502055
2022,W-1_RB3-_S07_Forward,32920,32169,97.718712
2022,W-1_RB3-_S08_Backward,34164,33101,96.888538
2022,W-1_RB3-_S08_Forward,32332,31369,97.021527
2022,W-1_RB3-_S09_Backward,0,0,
2022,W-1_RB3-_S09_Forward,0,0,
2022,W-1_RB3-_S10_Backward,0,0,
2022,W-1_RB3-_S10_Forward,0,0,
2022,W-1_RB3-_S11_Backward,0,0,
2022,W-1_RB3-_S11_Forward,0,0,
2022,W-1_RB3-_S12_Backward,33970,32467,95.575508
2022,W-1_RB3-_S12_Forward,32740,31797,97.119731
2022,W-1_RB4++_S04_Backward,23698,23100,97.476580
2022,W-1_RB4++_S04_Forward,21698,20445,94.225274
2022,W-1_RB4+_S01_Backward,0,0,
2022,W-1_RB4+_S01_Forward,0,0,
2022,W-1_RB4+_S02_Backward,0,0,
2022,W-1_RB4+_S02_Forward,0,0,
2022,W-1_RB4+_S03_Backward,0,0,
2022,W-1_RB4+_S03_Forward,0,0,
2022,W-1_RB4+_S04_Backward,25312,24839,98.131321
2022,W-1_RB4+_S04_Forward,24182,23654,97.816558
2022,W-1_RB4+_S05_Backward,34491,29572,85.738309
2022,W-1_RB4+_S05_Forward,0,0,
2022,W-1_RB4+_S06_Backward,34997,33774,96.505415
2022,W-1_RB4+_S06_Forward,31662,30523,96.402628
2022,W-1_RB4+_S07_Backward,34425,32690,94.960058
2022,W-1_RB4+_S07_Forward,31827,30781,96.713482
2022,W-1_RB4+_S08_Backward,24900,23393,93.947791
2022,W-1_RB4+_S08_Forward,23118,22464,97.171036
2022,W-1_RB4+_S10_Backward,0,0,
2022,W-1_RB4+_S10_Forward,0,0,
2022,W-1_RB4+_S12_Backward,0,0,
2022,W-1_RB4+_S12_Forward,34299,33483,97.620922
2022,W-1_RB4--_S04_Backward,0,0,
2022,W-1_RB4--_S04_Forward,0,0,
2022,W-1_RB4-_S01_Backward,0,0,
2022,W-1_RB4-_S01_Forward,0,0,
2022,W-1_RB4-_S02_Backward,0,0,
2022,W-1_RB4-_S02_Forward,0,0,
2022,W-1_RB4-_S03_Backward,0,0,
2022,W-1_RB4-_S03_Forward,0,0,
2022,W-1_RB4-_S04_Backward,0,0,
2022,W-1_RB4-_S04_Forward,0,0,
2022,W-1_RB4-_S05_Backward,35192,30334,86.195726
2022,W-1_RB4-_S05_Forward,34261,27721,80.911240
2022,W-1_RB4-_S06_Backward,35445,30216,85.247567
2022,W-1_RB4-_S06_Forward,34447,25236,73.260371
2022,W-1_RB4-_S07_Backward,35751,35104,98.190260
2022,W-1_RB4-_S07_Forward,34601,33626,97.182162
2022,W-1_RB4-_S08_Backward,35907,34478,96.020275
2022,W-1_RB4-_S08_Forward,34428,33508,97.327756
2022,W-1_RB4-_S10_Backward,46176,42507,92.054314
2022,W-1_RB4-_S10_Forward,41475,39606,95.493671
2022,W-1_RB4-_S12_Backward,0,0,
2022,W-1_RB4-_S12_Forward,0,0,
2022,W-1_RB4_S09_Backward,34224,32929,96.216106
2022,W-1_RB4_S09_Forward,33272,31903,95.885429
2022,W-1_RB4_S11_Backward,35073,34124,97.294215
2022,W-1_RB4_S11_Forward,33592,32471,96.662896
2022,W-2_RB1in_S01_Backward,62646,60580,96.702104
2022,W-2_RB1in_S01_Forward,55188,53746,97.387113
2022,W-2_RB1in_S02_Backward,62273,59496,95.540603
2022,W-2_RB1in_S02_Forward,53950,52818,97.901761
2022,W-2_RB1in_S03_Backward,63026,61187,97.082157
2022,W-2_RB1in_S03_Forward,54939,53834,97.988678
2022,W-2_RB1in_S04_Backward,62408,60346,96.695936
2022,W-2_RB1in_S04_Forward,55074,53730,97.559647
2022,W-2_RB1in_S05_Backward,62527,59253,94.763862
2022,W-2_RB1in_S05_Forward,55545,54923,98.880187
2022,W-2_RB1in_S06_Backward,64006,62025,96.904978
2022,W-2_RB1in_S06_Forward,55212,54348,98.435123
2022,W-2_RB1in_S07_Backward,0,0,
2022,W-2_RB1in_S07_Forward,0,0,
2022,W-2_RB1in_S08_Backward,61673,58888,95.484248
2022,W-2_RB1in_S08_Forward,54320,52070,95.857879
2022,W-2_RB1in_S09_Backward,60842,59574,97.915913
2022,W-2_RB1in_S09_Forward,54053,53343,98.686474
2022,W-2_RB1in_S10_Backward,61165,58572,95.760647
2022,W-2_RB1in_S10_Forward,54067,53469,98.893965
2022,W-2_RB1in_S11_Backward,62370,48052,77.043450
2022,W-2_RB1in_S11_Forward,54590,53732,98.428284
2022,W-2_RB1in_S12_Backward,62239,60511,97.223606
2022,W-2_RB1in_S12_Forward,55454,54402,98.102932
2022,W-2_RB1out_S01_Backward,57561,55436,96.308264
2022,W-2_RB1out_S01_Forward,49963,49029,98.130617
2022,W-2_RB1out_S02_Backward,57203,55257,96.598081
2022,W-2_RB1out_S02_Forward,49054,48296,98.454764
2022,W-2_RB1out_S03_Backward,58337,56680,97.159607
2022,W-2_RB1out_S03_Forward,50426,49639,98.439297
2022,W-2_RB1out_S04_Backward,57839,48937,84.609001
2022,W-2_RB1out_S04_Forward,50452,48559,96.247919
2022,W-2_RB1out_S05_Backward,57480,55651,96.818024
2022,W-2_RB1out_S05_Forward,50798,49061,96.580574
2022,W-2_RB1out_S06_Backward,59035,58364,98.863386
2022,W-2_RB1out_S06_Forward,51140,48854,95.529918
2022,W-2_RB1out_S07_Backward,58029,56547,97.446105
2022,W-2_RB1out_S07_Forward,50938,48328,94.876124
2022,W-2_RB1out_S08_Backward,0,0,
2022,W-2_RB1out_S08_Forward,0,0,
2022,W-2_RB1out_S09_Backward,0,0,
2022,W-2_RB1out_S09_Forward,0,0,
2022,W-2_RB1out_S10_Backward,56893,51897,91.218603
2022,W-2_RB1out_S10_Forward,49297,48172,97.717914
2022,W-2_RB1out_S11_Backward,57153,53111,92.927755
2022,W-2_RB1out_S11_Forward,50184,49193,98.025267
2022,W-2_RB1out_S12_Backward,57130,55601,97.323648
2022,W-2_RB1out_S12_Forward,50612,42628,84.225085
2022,W-2_RB2in_S01_Backward,0,0,
2022,W-2_RB2in_S01_Forward,0,0,
2022,W-2_RB2in_S02_Backward,61940,60854,98.246690
2022,W-2_RB2in_S02_Forward,54587,52347,95.896459
2022,W-2_RB2in_S03_Backward,62480,61469,98.381882
2022,W-2_RB2in_S03_Forward,55314,50085,90.546697
2022,W-2_RB2in_S04_Backward,0,0,
2022,W-2_RB2in_S04_Forward,0,0,
2022,W-2_RB2in_S05_Backward,62364,58025,93.042460
2022,W-2_RB2in_S05_Forward,55277,53933,97.568609
2022,W-2_RB2in_S06_Backward,0,0,
2022,W-2_RB2in_S06_Forward,0,0,
2022,W-2_RB2in_S07_Backward,62894,62076,98.699399
2022,W-2_RB2in_S07_Forward,55955,45222,80.818515
2022,W-2_RB2in_S08_Backward,62306,60551,97.183257
2022,W-2_RB2in_S08_Forward,54506,52996,97.229663
2022,W-2_RB2in_S09_Backward,61242,60727,99.159074
2022,W-2_RB2in_S09_Forward,53315,52137,97.790490
2022,W-2_RB2in_S10_Backward,62038,61033,98.380025
2022,W-2_RB2in_S10_Forward,54067,52866,97.778682
2022,W-2_RB2in_S11_Backward,61932,59897,96.714138
2022,W-2_RB2in_S11_Forward,54528,53339,97.819469
2022,W-2_RB2in_S12_Backward,62381,57906,92.826341
2022,W-2_RB2in_S12_Forward,55062,54283,98.585231
2022,W-2_RB2out_S01_Backward,0,0,
2022,W-2_RB2out_S01_Forward,0,0,
2022,W-2_RB2out_S01_Middle,0,0,
2022,W-2_RB2out_S02_Backward,33996,33535,98.643958
2022,W-2_RB2out_S02_Forward,31358,30962,98.737164
2022,W-2_RB2out_S02_Middle,32973,31849,96.591150
2022,W-2_RB2out_S03_Backward,33998,32894,96.752750
2022,W-2_RB2out_S03_Forward,31398,30760,97.968023
2022,W-2_RB2out_S03_Middle,33565,30173,89.894235
2022,W-2_RB2out_S04_Backward,0,0,
2022,W-2_RB2out_S04_Forward,0,0,
2022,W-2_RB2out_S04_Middle,0,0,
2022,W-2_RB2out_S05_Backward,34366,33291,96.871908
2022,W-2_RB2out_S05_Forward,31292,30645,97.932379
2022,W-2_RB2out_S05_Middle,32897,32103,97.586406
2022,W-2_RB2out_S06_Backward,34384,33388,97.103304
2022,W-2_RB2out_S06_Forward,32524,31907,98.102939
2022,W-2_RB2out_S06_Middle,34161,33147,97.031703
2022,W-2_RB2out_S07_Backward,34371,31649,92.080533
2022,W-2_RB2out_S07_Forward,31846,30975,97.264963
2022,W-2_RB2out_S07_Middle,33246,32496,97.744090
2022,W-2_RB2out_S08_Backward,33821,32863,97.167440
2022,W-2_RB2out_S08_Forward,31035,30412,97.992589
2022,W-2_RB2out_S08_Middle,33006,31968,96.855117
2022,W-2_RB2out_S09_Backward,33423,32967,98.635670
2022,W-2_RB2out_S09_Forward,30385,29224,96.179036
2022,W-2_RB2out_S09_Middle,32683,32007,97.931646
2022,W-2_RB2out_S10_Backward,33323,32675,98.055397
2022,W-2_RB2out_S10_Forward,30818,30467,98.861055
2022,W-2_RB2out_S10_Middle,33174,31890,96.129499
2022,W-2_RB2out_S11_Backward,34042,33428,98.196346
2022,W-2_RB2out_S11_Forward,31053,30365,97.784433
2022,W-2_RB2out_S11_Middle,32798,32064,97.762059
2022,W-2_RB2out_S12_Backward,34363,33228,96.697029
2022,W-2_RB2out_S12_Forward,31265,30508,97.578762
2022,W-2_RB2out_S12_Middle,33338,32438,97.300378
2022,W-2_RB3+_S01_Backward,25233,20964,83.081679
2022,W-2_RB3+_S01_Forward,25629,21539,84.041515
2022,W-2_RB3+_S02_Backward,25423,23306,91.672895
2022,W-2_RB3+_S02_Forward,25622,24908,97.213332
2022,W-2_RB3+_S03_Backward,0,0,
2022,W-2_RB3+_S03_Forward,0,0,
2022,W-2_RB3+_S04_Backward,25055,24759,98.818599
2022,W-2_RB3+_S04_Forward,25416,25061,98.603242
2022,W-2_RB3+_S05_Backward,25618,24566,95.893512
2022,W-2_RB3+_S05_Forward,25690,25342,98.645387
2022,W-2_RB3+_S06_Backward,0,0,
2022,W-2_RB3+_S06_Forward,0,0,
2022,W-2_RB3+_S07_Backward,25575,23800,93.059629
2022,W-2_RB3+_S07_Forward,25708,24303,94.534775
2022,W-2_RB3+_S08_Backward,0,0,
2022,W-2_RB3+_S08_Forward,0,0,
2022,W-2_RB3+_S09_Backward,24670,23757,96.299149
2022,W-2_RB3+_S09_Forward,25755,24538,95.274704
2022,W-2_RB3+_S10_Backward,0,0,
2022,W-2_RB3+_S10_Forward,0,0,
2022,W-2_RB3+_S11_Backward,25732,25165,97.796518
2022,W-2_RB3+_S11_Forward,25979,24899,95.842796
2022,W-2_RB3+_S12_Backward,25709,25262,98.261309
2022,W-2_RB3+_S12_Forward,25777,25089,97.330954
2022,W-2_RB3-_S01_Backward,26010,21711,83.471742
2022,W-2_RB3-_S01_Forward,25476,21395,83.981002
2022,W-2_RB3-_S02_Backward,26231,25081,95.615874
2022,W-2_RB3-_S02_Forward,25115,23986,95.504678
2022,W-2_RB3-_S03_Backward,26438,25451,96.266737
2022,W-2_RB3-_S03_Forward,25252,24406,96.649770
2022,W-2_RB3-_S04_Backward,26220,25725,98.112128
2022,W-2_RB3-_S04_Forward,26257,24711,94.112046
2022,W-2_RB3-_S05_Backward,25807,21956,85.077692
2022,W-2_RB3-_S05_Forward,25141,24461,97.295255
2022,W-2_RB3-_S06_Backward,0,0,
2022,W-2_RB3-_S06_Forward,0,0,
2022,W-2_RB3-_S07_Backward,26365,18158,68.871610
2022,W-2_RB3-_S07_Forward,25795,20427,79.189765
2022,W-2_RB3-_S08_Backward,26224,22698,86.554301
2022,W-2_RB3-_S08_Forward,25208,24698,97.976833
2022,W-2_RB3-_S09_Backward,25643,25276,98.568810
2022,W-2_RB3-_S09_Forward,24972,24744,99.086977
2022,W-2_RB3-_S10_Backward,0,0,
2022,W-2_RB3-_S10_Forward,0,0,
2022,W-2_RB3-_S11_Backward,0,0,
2022,W-2_RB3-_S11_Forward,0,0,
2022,W-2_RB3-_S12_Backward,26372,26184,99.287123
2022,W-2_RB3-_S12_Forward,25219,25034,99.266426
2022,W-2_RB4++_S04_Backward,0,0,
2022,W-2_RB4++_S04_Forward,0,0,
2022,W-2_RB4+_S01_Backward,28086,26513,94.399345
2022,W-2_RB4+_S01_Forward,27274,26786,98.210750
2022,W-2_RB4+_S02_Backward,28216,27088,96.002268
2022,W-2_RB4+_S02_Forward,27240,26703,98.028634
2022,W-2_RB4+_S03_Backward,28229,27309,96.740940
2022,W-2_RB4+_S03_Forward,27362,26712,97.624443
2022,W-2_RB4+_S04_Backward,0,0,
2022,W-2_RB4+_S04_Forward,0,0,
2022,W-2_RB4+_S05_Backward,0,0,
2022,W-2_RB4+_S05_Forward,0,0,
2022,W-2_RB4+_S06_Backward,26491,25913,97.818127
2022,W-2_RB4+_S06_Forward,26253,24710,94.122576
2022,W-2_RB4+_S07_Backward,0,0,
2022,W-2_RB4+_S07_Forward,0,0,
2022,W-2_RB4+_S08_Backward,19273,17639,91.521818
2022,W-2_RB4+_S08_Forward,18899,18305,96.856977
2022,W-2_RB4+_S10_Backward,34131,32468,95.127597
2022,W-2_RB4+_S10_Forward,33462,33059,98.795649
2022,W-2_RB4+_S12_Backward,28144,27411,97.395537
2022,W-2_RB4+_S12_Forward,27775,27223,98.012601
2022,W-2_RB4--_S04_Backward,0,0,
2022,W-2_RB4--_S04_Forward,0,0,
2022,W-2_RB4-_S01_Backward,26379,25579,96.967285
2022,W-2_RB4-_S01_Forward,26320,25876,98.313070
2022,W-2_RB4-_S02_Backward,25860,25088,97.014695
2022,W-2_RB4-_S02_Forward,25806,24969,96.756568
2022,W-2_RB4-_S03_Backward,26129,25607,98.002220
2022,W-2_RB4-_S03_Forward,26206,23235,88.662902
2022,W-2_RB4-_S04_Backward,0,0,
2022,W-2_RB4-_S04_Forward,0,0,
2022,W-2_RB4-_S05_Backward,27995,27493,98.206823
2022,W-2_RB4-_S05_Forward,27327,26913,98.485015
2022,W-2_RB4-_S06_Backward,28512,27687,97.106481
2022,W-2_RB4-_S06_Forward,27526,22025,80.015258
2022,W-2_RB4-_S07_Backward,0,0,
2022,W-2_RB4-_S07_Forward,0,0,
2022,W-2_RB4-_S08_Backward,28047,22125,78.885442
2022,W-2_RB4-_S08_Forward,27419,25104,91.556950
2022,W-2_RB4-_S10_Backward,33746,32642,96.728501
2022,W-2_RB4-_S10_Forward,33684,32864,97.565610
2022,W-2_RB4-_S12_Backward,19988,17180,85.951571
2022,W-2_RB4-_S12_Forward,19808,19527,98.581381
2022,W-2_RB4_S09_Backward,27342,26272,96.086607
2022,W-2_RB4_S09_Forward,26326,25161,95.574717
2022,W-2_RB4_S11_Backward,28028,27303,97.413301
2022,W-2_RB4_S11_Forward,26668,26051,97.686366
