year,roll_name,total,passed,efficiency
2026,RE+1_R2_CH01_A,4015,3966,98.779577
2026,RE+1_R2_CH01_B,3994,3842,96.194291
2026,RE+1_R2_CH01_C,9354,5570,59.546718
2026,RE+1_R2_CH02_A,4193,4058,96.780348
2026,RE+1_R2_CH02_B,3829,3774,98.563594
2026,RE+1_R2_CH02_C,9082,8899,97.985025
2026,RE+1_R2_CH03_A,3920,3812,97.244898
2026,RE+1_R2_CH03_B,3662,3535,96.531950
2026,RE+1_R2_CH03_C,9288,9077,97.728252
2026,RE+1_R2_CH04_A,4040,3986,98.663366
2026,RE+1_R2_CH04_B,3950,3573,90.455696
2026,RE+1_R2_CH04_C,9192,9007,97.987380
2026,RE+1_R2_CH05_A,3995,3792,94.918648
2026,RE+1_R2_CH05_B,3808,3633,95.404412
2026,RE+1_R2_CH05_C,8946,8465,94.623295
2026,RE+1_R2_CH06_A,3774,3461,91.706412
2026,RE+1_R2_CH06_B,3592,2900,80.734967
2026,RE+1_R2_CH06_C,9013,8386,93.043382
2026,RE+1_R2_CH07_A,3821,3604,94.320858
2026,RE+1_R2_CH07_B,3521,3280,93.155354
2026,RE+1_R2_CH07_C,8607,7888,91.646334
2026,RE+1_R2_CH08_A,4102,3816,93.027791
2026,RE+1_R2_CH08_B,4039,3701,91.631592
2026,RE+1_R2_CH08_C,8734,7919,90.668651
2026,RE+1_R2_CH09_A,4149,4113,99.132321
2026,RE+1_R2_CH09_B,3765,3652,96.998672
2026,RE+1_R2_CH09_C,8481,8223,96.957906
2026,RE+1_R2_CH10_A,4169,3946,94.650995
2026,RE+1_R2_CH10_B,3887,3576,91.998971
2026,RE+1_R2_CH10_C,8570,8395,97.957993
2026,RE+1_R2_CH11_A,4142,2172,52.438436
2026,RE+1_R2_CH11_B,3802,1575,41.425565
2026,RE+1_R2_CH11_C,8881,3967,44.668393
2026,RE+1_R2_CH12_A,4207,4116,97.836938
2026,RE+1_R2_CH12_B,4067,3889,95.623310
2026,RE+1_R2_CH12_C,9295,8885,95.589026
2026,RE+1_R2_CH13_A,4207,4152,98.692655
2026,RE+1_R2_CH13_B,4009,3946,98.428536
2026,RE+1_R2_CH13_C,9208,9078,98.588184
2026,RE+1_R2_CH14_A,4283,3410,79.617091
2026,RE+1_R2_CH14_B,4095,3701,90.378510
2026,RE+1_R2_CH14_C,9277,8714,93.931228
2026,RE+1_R2_CH15_A,4408,4335,98.343920
2026,RE+1_R2_CH15_B,4208,4141,98.407795
2026,RE+1_R2_CH15_C,9523,9138,95.957156
2026,RE+1_R2_CH16_A,4244,3908,92.082941
2026,RE+1_R2_CH16_B,4068,3581,88.028515
2026,RE+1_R2_CH16_C,9233,8938,96.804939
2026,RE+1_R2_CH17_A,4143,3573,86.241854
2026,RE+1_R2_CH17_B,3715,3651,98.277254
2026,RE+1_R2_CH17_C,9094,8060,88.629866
2026,RE+1_R2_CH18_A,3956,3901,98.609707
2026,RE+1_R2_CH18_B,3669,3536,96.375034
2026,RE+1_R2_CH18_C,8816,8513,96.563067
2026,RE+1_R2_CH19_A,4310,4225,98.027842
2026,RE+1_R2_CH19_B,4234,4131,97.567312
2026,RE+1_R2_CH19_C,9299,8781,94.429509
2026,RE+1_R2_CH20_A,4256,4131,97.062970
2026,RE+1_R2_CH20_B,4066,3881,95.450074
2026,RE+1_R2_CH20_C,9145,8857,96.850738
2026,RE+1_R2_CH21_A,5297,4640,87.596753
2026,RE+1_R2_CH21_B,4855,4649,95.756952
2026,RE+1_R2_CH21_C,10840,9359,86.337638
2026,RE+1_R2_CH22_A,4202,4108,97.762970
2026,RE+1_R2_CH22_B,4138,3895,94.127598
2026,RE+1_R2_CH22_C,9193,8568,93.201349
2026,RE+1_R2_CH23_A,4250,3796,89.317647
2026,RE+1_R2_CH23_B,4035,3856,95.563817
2026,RE+1_R2_CH23_C,9156,8323,90.902141
2026,RE+1_R2_CH24_A,4171,4090,98.058020
2026,RE+1_R2_CH24_B,3831,3785,98.799269
2026,RE+1_R2_CH24_C,8613,8269,96.006037
2026,RE+1_R2_CH25_A,4030,2032,50.421836
2026,RE+1_R2_CH25_B,3752,3516,93.710021
2026,RE+1_R2_CH25_C,8746,8602,98.353533
2026,RE+1_R2_CH26_A,4083,4017,98.383542
2026,RE+1_R2_CH26_B,3903,3781,96.874199
2026,RE+1_R2_CH26_C,9084,8973,98.778071
2026,RE+1_R2_CH27_A,4205,4076,96.932224
2026,RE+1_R2_CH27_B,3825,3699,96.705882
2026,RE+1_R2_CH27_C,8981,8749,97.416769
2026,RE+1_R2_CH28_A,3643,3522,96.678562
2026,RE+1_R2_CH28_B,3454,3409,98.697163
2026,RE+1_R2_CH28_C,8561,8365,97.710548
2026,RE+1_R2_CH29_A,3322,2330,70.138471
2026,RE+1_R2_CH29_B,3457,3417,98.842927
2026,RE+1_R2_CH29_C,8768,8608,98.175182
2026,RE+1_R2_CH30_A,3753,3683,98.134825
2026,RE+1_R2_CH30_B,3599,3513,97.610447
2026,RE+1_R2_CH30_C,8881,8594,96.768382
2026,RE+1_R2_CH31_A,3559,3523,98.988480
2026,RE+1_R2_CH31_B,3562,3455,96.996070
2026,RE+1_R2_CH31_C,9097,8961,98.505002
2026,RE+1_R2_CH32_A,3562,3409,95.704660
2026,RE+1_R2_CH32_B,3648,3522,96.546053
2026,RE+1_R2_CH32_C,8367,7844,93.749253
2026,RE+1_R2_CH33_A,3554,3369,94.794598
2026,RE+1_R2_CH33_B,3501,3317,94.744359
2026,RE+1_R2_CH33_C,8387,7960,94.908787
2026,RE+1_R2_CH34_A,3842,3752,97.657470
2026,RE+1_R2_CH34_B,3568,3511,98.402466
2026,RE+1_R2_CH34_C,8225,7849,95.428571
2026,RE+1_R2_CH35_A,0,0,
2026,RE+1_R2_CH35_B,0,0,
2026,RE+1_R2_CH35_C,0,0,
2026,RE+1_R2_CH36_A,3568,2909,81.530269
2026,RE+1_R2_CH36_B,3515,3209,91.294452
2026,RE+1_R2_CH36_C,8509,7793,91.585380
2026,RE+1_R3_CH01_A,1999,1929,96.498249
2026,RE+1_R3_CH01_B,5293,5097,96.296996
2026,RE+1_R3_CH01_C,3949,3882,98.303368
2026,RE+1_R3_CH02_A,2081,1961,94.233542
2026,RE+1_R3_CH02_B,5334,4861,91.132358
2026,RE+1_R3_CH02_C,4011,3846,95.886313
2026,RE+1_R3_CH03_A,2055,2013,97.956204
2026,RE+1_R3_CH03_B,5170,5002,96.750484
2026,RE+1_R3_CH03_C,3943,3847,97.565306
2026,RE+1_R3_CH04_A,1882,1848,98.193411
2026,RE+1_R3_CH04_B,5148,4949,96.134421
2026,RE+1_R3_CH04_C,3844,2690,69.979188
2026,RE+1_R3_CH05_A,2048,2006,97.949219
2026,RE+1_R3_CH05_B,5531,5416,97.920810
2026,RE+1_R3_CH05_C,4020,3931,97.786070
2026,RE+1_R3_CH06_A,1945,1889,97.120823
2026,RE+1_R3_CH06_B,5295,5058,95.524079
2026,RE+1_R3_CH06_C,3991,3849,96.441994
2026,RE+1_R3_CH07_A,1904,1876,98.529412
2026,RE+1_R3_CH07_B,4965,4869,98.066465
2026,RE+1_R3_CH07_C,3770,3694,97.984085
2026,RE+1_R3_CH08_A,2092,2046,97.801147
2026,RE+1_R3_CH08_B,5353,5261,98.281338
2026,RE+1_R3_CH08_C,3947,3797,96.199645
2026,RE+1_R3_CH09_A,2086,2030,97.315436
2026,RE+1_R3_CH09_B,5447,5339,98.017257
2026,RE+1_R3_CH09_C,4056,3954,97.485207
2026,RE+1_R3_CH10_A,2022,1880,92.977250
2026,RE+1_R3_CH10_B,5439,5070,93.215665
2026,RE+1_R3_CH10_C,4021,3852,95.797065
2026,RE+1_R3_CH11_A,2087,2014,96.502156
2026,RE+1_R3_CH11_B,5499,5151,93.671577
2026,RE+1_R3_CH11_C,3948,3773,95.567376
2026,RE+1_R3_CH12_A,2112,2058,97.443182
2026,RE+1_R3_CH12_B,5264,5152,97.872340
2026,RE+1_R3_CH12_C,4243,4047,95.380627
2026,RE+1_R3_CH13_A,2149,2082,96.882271
2026,RE+1_R3_CH13_B,5554,5275,94.976593
2026,RE+1_R3_CH13_C,4019,3858,95.994028
2026,RE+1_R3_CH14_A,2551,2314,90.709526
2026,RE+1_R3_CH14_B,6177,5823,94.269063
2026,RE+1_R3_CH14_C,4328,4054,93.669131
2026,RE+1_R3_CH15_A,0,0,
2026,RE+1_R3_CH15_B,0,0,
2026,RE+1_R3_CH15_C,0,0,
2026,RE+1_R3_CH16_A,2095,2013,96.085919
2026,RE+1_R3_CH16_B,5504,5381,97.765262
2026,RE+1_R3_CH16_C,4125,4047,98.109091
2026,RE+1_R3_CH17_A,2079,2021,97.210197
2026,RE+1_R3_CH17_B,5532,5134,92.805495
2026,RE+1_R3_CH17_C,3847,3685,95.788926
2026,RE+1_R3_CH18_A,2071,2018,97.440850
2026,RE+1_R3_CH18_B,5460,4347,79.615385
2026,RE+1_R3_CH18_C,4229,4125,97.540790
2026,RE+1_R3_CH19_A,2011,1900,94.480358
2026,RE+1_R3_CH19_B,5286,4991,94.419221
2026,RE+1_R3_CH19_C,4161,4017,96.539293
2026,RE+1_R3_CH20_A,2136,2095,98.080524
2026,RE+1_R3_CH20_B,5656,5300,93.705799
2026,RE+1_R3_CH20_C,4087,3887,95.106435
2026,RE+1_R3_CH21_A,2274,2172,95.514512
2026,RE+1_R3_CH21_B,5799,5299,91.377824
2026,RE+1_R3_CH21_C,4234,3860,91.166745
2026,RE+1_R3_CH22_A,2022,1787,88.377844
2026,RE+1_R3_CH22_B,5385,5144,95.524605
2026,RE+1_R3_CH22_C,4130,4004,96.949153
2026,RE+1_R3_CH23_A,2043,1961,95.986295
2026,RE+1_R3_CH23_B,5472,5320,97.222222
2026,RE+1_R3_CH23_C,3993,3929,98.397195
2026,RE+1_R3_CH24_A,2092,2035,97.275335
2026,RE+1_R3_CH24_B,5759,5341,92.741795
2026,RE+1_R3_CH24_C,4203,4057,96.526291
2026,RE+1_R3_CH25_A,1936,1342,69.318182
2026,RE+1_R3_CH25_B,5410,5058,93.493530
2026,RE+1_R3_CH25_C,3798,3648,96.050553
2026,RE+1_R3_CH26_A,2077,2019,97.207511
2026,RE+1_R3_CH26_B,5419,5045,93.098358
2026,RE+1_R3_CH26_C,3835,3768,98.252934
2026,RE+1_R3_CH27_A,2063,2021,97.964130
2026,RE+1_R3_CH27_B,5453,5323,97.615991
2026,RE+1_R3_CH27_C,4238,4138,97.640396
2026,RE+1_R3_CH28_A,1794,1681,93.701226
2026,RE+1_R3_CH28_B,4898,4647,94.875459
2026,RE+1_R3_CH28_C,3623,3331,91.940381
2026,RE+1_R3_CH29_A,1948,1865,95.739220
2026,RE+1_R3_CH29_B,5082,4962,97.638725
2026,RE+1_R3_CH29_C,3631,3530,97.218397
2026,RE+1_R3_CH30_A,2033,1779,87.506149
2026,RE+1_R3_CH30_B,5132,4997,97.369447
2026,RE+1_R3_CH30_C,4011,3856,96.135627
2026,RE+1_R3_CH31_A,1889,1722,91.159344
2026,RE+1_R3_CH31_B,5054,4939,97.724575
2026,RE+1_R3_CH31_C,3651,3460,94.768557
2026,RE+1_R3_CH32_A,2048,1993,97.314453
2026,RE+1_R3_CH32_B,5148,5008,97.280497
2026,RE+1_R3_CH32_C,3671,3613,98.420049
2026,RE+1_R3_CH33_A,1944,1789,92.026749
2026,RE+1_R3_CH33_B,5494,5177,94.230069
2026,RE+1_R3_CH33_C,3918,3752,95.763144
2026,RE+1_R3_CH34_A,1982,1941,97.931382
2026,RE+1_R3_CH34_B,5076,4966,97.832939
2026,RE+1_R3_CH34_C,3781,3713,98.201534
2026,RE+1_R3_CH35_A,2018,1987,98.463826
2026,RE+1_R3_CH35_B,5148,5084,98.756799
2026,RE+1_R3_CH35_C,3641,3565,97.912661
2026,RE+1_R3_CH36_A,2003,1972,98.452322
2026,RE+1_R3_CH36_B,5222,5009,95.921103
2026,RE+1_R3_CH36_C,4212,4032,95.726496
2026,RE+2_R2_CH01_A,4604,4314,93.701129
2026,RE+2_R2_CH01_B,4377,3572,81.608408
2026,RE+2_R2_CH01_C,4311,3769,87.427511
2026,RE+2_R2_CH02_A,4733,4481,94.675681
2026,RE+2_R2_CH02_B,4279,4056,94.788502
2026,RE+2_R2_CH02_C,4220,3859,91.445498
2026,RE+2_R2_CH03_A,4530,3173,70.044150
2026,RE+2_R2_CH03_B,4072,3866,94.941061
2026,RE+2_R2_CH03_C,4310,4142,96.102088
2026,RE+2_R2_CH04_A,4600,4262,92.652174
2026,RE+2_R2_CH04_B,4210,3990,94.774347
2026,RE+2_R2_CH04_C,4300,4036,93.860465
2026,RE+2_R2_CH05_A,4630,4313,93.153348
2026,RE+2_R2_CH05_B,4220,4067,96.374408
2026,RE+2_R2_CH05_C,4218,3960,93.883357
2026,RE+2_R2_CH06_A,4493,4329,96.349878
2026,RE+2_R2_CH06_B,4141,3984,96.208645
2026,RE+2_R2_CH06_C,4311,3922,90.976572
2026,RE+2_R2_CH07_A,4359,4044,92.773572
2026,RE+2_R2_CH07_B,3829,3702,96.683207
2026,RE+2_R2_CH07_C,3956,3808,96.258847
2026,RE+2_R2_CH08_A,4690,4608,98.251599
2026,RE+2_R2_CH08_B,4191,3918,93.486042
2026,RE+2_R2_CH08_C,4085,3979,97.405141
2026,RE+2_R2_CH09_A,4763,4552,95.570019
2026,RE+2_R2_CH09_B,4085,4022,98.457772
2026,RE+2_R2_CH09_C,3900,3836,98.358974
2026,RE+2_R2_CH10_A,4784,4705,98.348662
2026,RE+2_R2_CH10_B,4234,4122,97.354747
2026,RE+2_R2_CH10_C,3960,3840,96.969697
2026,RE+2_R2_CH11_A,0,0,
2026,RE+2_R2_CH11_B,0,0,
2026,RE+2_R2_CH11_C,0,0,
2026,RE+2_R2_CH12_A,4865,4627,95.107914
2026,RE+2_R2_CH12_B,4390,4252,96.856492
2026,RE+2_R2_CH12_C,4384,4282,97.673358
2026,RE+2_R2_CH13_A,4826,4639,96.125155
2026,RE+2_R2_CH13_B,4345,4200,96.662831
2026,RE+2_R2_CH13_C,4286,4123,96.196920
2026,RE+2_R2_CH14_A,4852,4584,94.476505
2026,RE+2_R2_CH14_B,4570,4465,97.702407
2026,RE+2_R2_CH14_C,4339,4224,97.349620
2026,RE+2_R2_CH15_A,5063,3482,68.773454
2026,RE+2_R2_CH15_B,4548,4364,95.954266
2026,RE+2_R2_CH15_C,4347,4161,95.721187
2026,RE+2_R2_CH16_A,4791,4561,95.199332
2026,RE+2_R2_CH16_B,4386,4190,95.531236
2026,RE+2_R2_CH16_C,4370,4209,96.315789
2026,RE+2_R2_CH17_A,4764,4641,97.418136
2026,RE+2_R2_CH17_B,4096,4016,98.046875
2026,RE+2_R2_CH17_C,4198,4066,96.855646
2026,RE+2_R2_CH18_A,4636,4343,93.679896
2026,RE+2_R2_CH18_B,4225,4061,96.118343
2026,RE+2_R2_CH18_C,4119,3855,93.590677
2026,RE+2_R2_CH19_A,5012,4669,93.156425
2026,RE+2_R2_CH19_B,4615,4488,97.248104
2026,RE+2_R2_CH19_C,4401,4244,96.432629
2026,RE+2_R2_CH20_A,4890,4666,95.419223
2026,RE+2_R2_CH20_B,4427,4349,98.238084
2026,RE+2_R2_CH20_C,4228,4044,95.648061
2026,RE+2_R2_CH21_A,6105,5986,98.050778
2026,RE+2_R2_CH21_B,5497,5408,98.380935
2026,RE+2_R2_CH21_C,5119,5023,98.124634
2026,RE+2_R2_CH22_A,0,0,
2026,RE+2_R2_CH22_B,0,0,
2026,RE+2_R2_CH22_C,0,0,
2026,RE+2_R2_CH23_A,0,0,
2026,RE+2_R2_CH23_B,4481,3345,74.648516
2026,RE+2_R2_CH23_C,4252,3379,79.468485
2026,RE+2_R2_CH24_A,4772,4588,96.144174
2026,RE+2_R2_CH24_B,4089,4005,97.945708
2026,RE+2_R2_CH24_C,4023,3892,96.743724
2026,RE+2_R2_CH25_A,4706,4108,87.292818
2026,RE+2_R2_CH25_B,4157,3869,93.071927
2026,RE+2_R2_CH25_C,4099,3434,83.776531
2026,RE+2_R2_CH26_A,4675,4417,94.481283
2026,RE+2_R2_CH26_B,4309,4238,98.352286
2026,RE+2_R2_CH26_C,4141,4037,97.488529
2026,RE+2_R2_CH27_A,4796,4700,97.998332
2026,RE+2_R2_CH27_B,4206,4012,95.387542
2026,RE+2_R2_CH27_C,4191,3936,93.915533
2026,RE+2_R2_CH28_A,4132,4028,97.483059
2026,RE+2_R2_CH28_B,4014,3876,96.562033
2026,RE+2_R2_CH28_C,3940,3798,96.395939
2026,RE+2_R2_CH29_A,3874,3719,95.998967
2026,RE+2_R2_CH29_B,3852,3722,96.625130
2026,RE+2_R2_CH29_C,3995,3758,94.067584
2026,RE+2_R2_CH30_A,4280,4148,96.915888
2026,RE+2_R2_CH30_B,4150,3988,96.096386
2026,RE+2_R2_CH30_C,4116,3860,93.780369
2026,RE+2_R2_CH31_A,4187,3990,95.294961
2026,RE+2_R2_CH31_B,3892,3836,98.561151
2026,RE+2_R2_CH31_C,4233,4142,97.850224
2026,RE+2_R2_CH32_A,4168,3978,95.441459
2026,RE+2_R2_CH32_B,3843,3747,97.501952
2026,RE+2_R2_CH32_C,3850,3717,96.545455
2026,RE+2_R2_CH33_A,4106,3868,94.203604
2026,RE+2_R2_CH33_B,3921,3865,98.571793
2026,RE+2_R2_CH33_C,3879,3816,98.375870
2026,RE+2_R2_CH34_A,4327,4172,96.417841
2026,RE+2_R2_CH34_B,3841,3714,96.693569
2026,RE+2_R2_CH34_C,3905,3787,96.978233
2026,RE+2_R2_CH35_A,4092,4014,98.093842
2026,RE+2_R2_CH35_B,3563,3510,98.512489
2026,RE+2_R2_CH35_C,3825,3755,98.169935
2026,RE+2_R2_CH36_A,4129,4019,97.335917
2026,RE+2_R2_CH36_B,3906,3283,84.050179
2026,RE+2_R2_CH36_C,3969,3363,84.731670
2026,RE+2_R3_CH01_A,2858,2654,92.862141
2026,RE+2_R3_CH01_B,5452,5326,97.688921
2026,RE+2_R3_CH01_C,4464,4309,96.527778
2026,RE+2_R3_CH02_A,2876,2599,90.368567
2026,RE+2_R3_CH02_B,5462,5147,94.232882
2026,RE+2_R3_CH02_C,4377,4249,97.075623
2026,RE+2_R3_CH03_A,2861,2774,96.959105
2026,RE+2_R3_CH03_B,5362,4240,79.074972
2026,RE+2_R3_CH03_C,4720,4516,95.677966
2026,RE+2_R3_CH04_A,2844,2565,90.189873
2026,RE+2_R3_CH04_B,5294,5098,96.297696
2026,RE+2_R3_CH04_C,4273,4175,97.706529
2026,RE+2_R3_CH05_A,3043,2786,91.554387
2026,RE+2_R3_CH05_B,5463,4810,88.046861
2026,RE+2_R3_CH05_C,4562,4380,96.010522
2026,RE+2_R3_CH06_A,2920,2738,93.767123
2026,RE+2_R3_CH06_B,5478,5257,95.965681
2026,RE+2_R3_CH06_C,4366,4205,96.312414
2026,RE+2_R3_CH07_A,2790,2260,81.003584
2026,RE+2_R3_CH07_B,5178,3469,66.994979
2026,RE+2_R3_CH07_C,4220,3207,75.995261
2026,RE+2_R3_CH08_A,2992,2560,85.561497
2026,RE+2_R3_CH08_B,5406,4761,88.068812
2026,RE+2_R3_CH08_C,4361,4245,97.340060
2026,RE+2_R3_CH09_A,3021,2771,91.724595
2026,RE+2_R3_CH09_B,5500,5380,97.818182
2026,RE+2_R3_CH09_C,4872,4670,95.853859
2026,RE+2_R3_CH10_A,2961,2635,88.990206
2026,RE+2_R3_CH10_B,5461,5299,97.033510
2026,RE+2_R3_CH10_C,4356,3653,83.861341
2026,RE+2_R3_CH11_A,2968,2644,89.083558
2026,RE+2_R3_CH11_B,5280,5004,94.772727
2026,RE+2_R3_CH11_C,4390,4153,94.601367
2026,RE+2_R3_CH12_A,2927,2731,93.303724
2026,RE+2_R3_CH12_B,5737,5623,98.012899
2026,RE+2_R3_CH12_C,4843,4765,98.389428
2026,RE+2_R3_CH13_A,3021,2809,92.982456
2026,RE+2_R3_CH13_B,5430,5320,97.974217
2026,RE+2_R3_CH13_C,4684,4601,98.228010
2026,RE+2_R3_CH14_A,3361,3026,90.032728
2026,RE+2_R3_CH14_B,5863,5526,94.252089
2026,RE+2_R3_CH14_C,4966,4836,97.382199
2026,RE+2_R3_CH15_A,3137,2546,81.160344
2026,RE+2_R3_CH15_B,6129,5709,93.147332
2026,RE+2_R3_CH15_C,5284,4667,88.323240
2026,RE+2_R3_CH16_A,3027,2819,93.128510
2026,RE+2_R3_CH16_B,5655,5451,96.392573
2026,RE+2_R3_CH16_C,4618,4493,97.293201
2026,RE+2_R3_CH17_A,3100,2780,89.677419
2026,RE+2_R3_CH17_B,5258,4218,80.220616
2026,RE+2_R3_CH17_C,4492,4331,96.415850
2026,RE+2_R3_CH18_A,2971,2822,94.984854
2026,RE+2_R3_CH18_B,5751,5476,95.218223
2026,RE+2_R3_CH18_C,4910,4742,96.578411
2026,RE+2_R3_CH19_A,2894,2572,88.873531
2026,RE+2_R3_CH19_B,5582,5092,91.221784
2026,RE+2_R3_CH19_C,4812,4673,97.111388
2026,RE+2_R3_CH20_A,3163,2914,92.127727
2026,RE+2_R3_CH20_B,5595,5439,97.211796
2026,RE+2_R3_CH20_C,4767,4638,97.293896
2026,RE+2_R3_CH21_A,3161,2690,85.099652
2026,RE+2_R3_CH21_B,5782,5566,96.264268
2026,RE+2_R3_CH21_C,5123,5023,98.048019
2026,RE+2_R3_CH22_A,3006,2509,83.466401
2026,RE+2_R3_CH22_B,5558,5335,95.987765
2026,RE+2_R3_CH22_C,4503,4394,97.579392
2026,RE+2_R3_CH23_A,2991,2802,93.681043
2026,RE+2_R3_CH23_B,5416,5135,94.811669
2026,RE+2_R3_CH23_C,4839,4582,94.688985
2026,RE+2_R3_CH24_A,3132,2834,90.485313
2026,RE+2_R3_CH24_B,5721,5535,96.748820
2026,RE+2_R3_CH24_C,4532,4427,97.683142
2026,RE+2_R3_CH25_A,3009,2780,92.389498
2026,RE+2_R3_CH25_B,5209,5054,97.024381
2026,RE+2_R3_CH25_C,4420,4336,98.099548
2026,RE+2_R3_CH26_A,2957,2659,89.922218
2026,RE+2_R3_CH26_B,5210,4909,94.222649
2026,RE+2_R3_CH26_C,4419,4000,90.518217
2026,RE+2_R3_CH27_A,2954,2768,93.703453
2026,RE+2_R3_CH27_B,5790,5670,97.927461
2026,RE+2_R3_CH27_C,4784,4707,98.390468
2026,RE+2_R3_CH28_A,2726,2512,92.149670
2026,RE+2_R3_CH28_B,4915,4696,95.544252
2026,RE+2_R3_CH28_C,4113,3965,96.401653
2026,RE+2_R3_CH29_A,2854,2411,84.477926
2026,RE+2_R3_CH29_B,4890,4259,87.096115
2026,RE+2_R3_CH29_C,3986,3877,97.265429
2026,RE+2_R3_CH30_A,2799,2207,78.849589
2026,RE+2_R3_CH30_B,5407,5274,97.540226
2026,RE+2_R3_CH30_C,4300,4235,98.488372
2026,RE+2_R3_CH31_A,2823,2347,83.138505
2026,RE+2_R3_CH31_B,4970,4738,95.331992
2026,RE+2_R3_CH31_C,4056,3891,95.931953
2026,RE+2_R3_CH32_A,2793,2119,75.868242
2026,RE+2_R3_CH32_B,5025,4918,97.870647
2026,RE+2_R3_CH32_C,4090,4007,97.970660
2026,RE+2_R3_CH33_A,0,0,
2026,RE+2_R3_CH33_B,0,0,
2026,RE+2_R3_CH33_C,0,0,
2026,RE+2_R3_CH34_A,2714,2606,96.020634
2026,RE+2_R3_CH34_B,5197,5076,97.671734
2026,RE+2_R3_CH34_C,4099,3992,97.389607
2026,RE+2_R3_CH35_A,2833,1981,69.925874
2026,RE+2_R3_CH35_B,4955,4855,97.981837
2026,RE+2_R3_CH35_C,4075,3939,96.662577
2026,RE+2_R3_CH36_A,2839,2735,96.336738
2026,RE+2_R3_CH36_B,5598,5347,95.516256
2026,RE+2_R3_CH36_C,4400,4210,95.681818
2026,RE+3_R1_CH15_A,0,0,
2026,RE+3_R1_CH16_A,0,0,
2026,RE+3_R2_CH01_A,5079,4663,91.809411
2026,RE+3_R2_CH01_B,4774,4368,91.495601
2026,RE+3_R2_CH01_C,4182,3554,84.983262
2026,RE+3_R2_CH02_A,5006,4671,93.308030
2026,RE+3_R2_CH02_B,4733,4511,95.309529
2026,RE+3_R2_CH02_C,4230,3807,90.000000
2026,RE+3_R2_CH03_A,5088,4936,97.012579
2026,RE+3_R2_CH03_B,4636,4526,97.627265
2026,RE+3_R2_CH03_C,4738,4569,96.433094
2026,RE+3_R2_CH04_A,5024,4618,91.918790
2026,RE+3_R2_CH04_B,4580,4199,91.681223
2026,RE+3_R2_CH04_C,4551,4137,90.903098
2026,RE+3_R2_CH05_A,4751,3893,81.940644
2026,RE+3_R2_CH05_B,4600,3711,80.673913
2026,RE+3_R2_CH05_C,4104,3125,76.145224
2026,RE+3_R2_CH06_A,4745,4546,95.806112
2026,RE+3_R2_CH06_B,4612,4434,96.140503
2026,RE+3_R2_CH06_C,4100,3670,89.512195
2026,RE+3_R2_CH07_A,4583,4350,94.915994
2026,RE+3_R2_CH07_B,4374,4210,96.250572
2026,RE+3_R2_CH07_C,4427,4230,95.550034
2026,RE+3_R2_CH08_A,4826,4612,95.565686
2026,RE+3_R2_CH08_B,4490,3973,88.485523
2026,RE+3_R2_CH08_C,4232,3938,93.052930
2026,RE+3_R2_CH09_A,4553,4276,93.916099
2026,RE+3_R2_CH09_B,4328,4092,94.547135
2026,RE+3_R2_CH09_C,4198,3793,90.352549
2026,RE+3_R2_CH10_A,4608,4397,95.421007
2026,RE+3_R2_CH10_B,4418,4233,95.812585
2026,RE+3_R2_CH10_C,3968,3794,95.614919
2026,RE+3_R2_CH11_A,4689,4323,92.194498
2026,RE+3_R2_CH11_B,4450,4084,91.775281
2026,RE+3_R2_CH11_C,4562,3955,86.694432
2026,RE+3_R2_CH12_A,4881,4675,95.779553
2026,RE+3_R2_CH12_B,4999,4782,95.659132
2026,RE+3_R2_CH12_C,5267,4885,92.747294
2026,RE+3_R2_CH13_A,5069,4685,92.424541
2026,RE+3_R2_CH13_B,4707,4306,91.480773
2026,RE+3_R2_CH13_C,4242,3916,92.314946
2026,RE+3_R2_CH14_A,5144,4820,93.701400
2026,RE+3_R2_CH14_B,4605,4355,94.571118
2026,RE+3_R2_CH14_C,4297,4077,94.880149
2026,RE+3_R2_CH15_A,5044,4820,95.559080
2026,RE+3_R2_CH15_B,4737,4593,96.960101
2026,RE+3_R2_CH15_C,6720,6439,95.818452
2026,RE+3_R2_CH16_A,5103,4897,95.963159
2026,RE+3_R2_CH16_B,4678,4575,97.798204
2026,RE+3_R2_CH16_C,4457,4331,97.172986
2026,RE+3_R2_CH17_A,4794,4519,94.263663
2026,RE+3_R2_CH17_B,4659,4552,97.703370
2026,RE+3_R2_CH17_C,5563,5475,98.418120
2026,RE+3_R2_CH18_A,4803,4418,91.984177
2026,RE+3_R2_CH18_B,4515,4242,93.953488
2026,RE+3_R2_CH18_C,4776,4319,90.431323
2026,RE+3_R2_CH19_A,5077,4445,87.551704
2026,RE+3_R2_CH19_B,4810,4337,90.166320
2026,RE+3_R2_CH19_C,4654,4201,90.266437
2026,RE+3_R2_CH20_A,4972,4323,86.946903
2026,RE+3_R2_CH20_B,4637,4116,88.764287
2026,RE+3_R2_CH20_C,4405,3903,88.603859
2026,RE+3_R2_CH21_A,6187,5112,82.624859
2026,RE+3_R2_CH21_B,5521,4447,80.547002
2026,RE+3_R2_CH21_C,4313,3213,74.495711
2026,RE+3_R2_CH22_A,5001,4526,90.501900
2026,RE+3_R2_CH22_B,4695,4273,91.011715
2026,RE+3_R2_CH22_C,4295,3928,91.455180
2026,RE+3_R2_CH23_A,0,0,
2026,RE+3_R2_CH23_B,0,0,
2026,RE+3_R2_CH23_C,0,0,
2026,RE+3_R2_CH24_A,4580,4054,88.515284
2026,RE+3_R2_CH24_B,4618,3155,68.319619
2026,RE+3_R2_CH24_C,4344,3085,71.017495
2026,RE+3_R2_CH25_A,4822,4524,93.819992
2026,RE+3_R2_CH25_B,4466,4366,97.760860
2026,RE+3_R2_CH25_C,4691,4534,96.653166
2026,RE+3_R2_CH26_A,4800,4614,96.125000
2026,RE+3_R2_CH26_B,5370,5214,97.094972
2026,RE+3_R2_CH26_C,6849,6584,96.130822
2026,RE+3_R2_CH27_A,4960,4716,95.080645
2026,RE+3_R2_CH27_B,4501,4153,92.268385
2026,RE+3_R2_CH27_C,4567,3676,80.490475
2026,RE+3_R2_CH28_A,4709,4592,97.515396
2026,RE+3_R2_CH28_B,4272,4160,97.378277
2026,RE+3_R2_CH28_C,4309,4177,96.936644
2026,RE+3_R2_CH29_A,4551,4299,94.462755
2026,RE+3_R2_CH29_B,4617,4462,96.642842
2026,RE+3_R2_CH29_C,4215,4110,97.508897
2026,RE+3_R2_CH30_A,4907,4523,92.174445
2026,RE+3_R2_CH30_B,4474,4291,95.909700
2026,RE+3_R2_CH30_C,4213,3598,85.402326
2026,RE+3_R2_CH31_A,4863,4756,97.799712
2026,RE+3_R2_CH31_B,4625,4484,96.951351
2026,RE+3_R2_CH31_C,4406,4155,94.303223
2026,RE+3_R2_CH32_A,4424,4190,94.710669
2026,RE+3_R2_CH32_B,4450,4326,97.213483
2026,RE+3_R2_CH32_C,4274,4130,96.630791
2026,RE+3_R2_CH33_A,4587,4347,94.767822
2026,RE+3_R2_CH33_B,4245,4073,95.948174
2026,RE+3_R2_CH33_C,3984,3791,95.155622
2026,RE+3_R2_CH34_A,4323,4137,95.697432
2026,RE+3_R2_CH34_B,4315,4211,97.589803
2026,RE+3_R2_CH34_C,4108,3992,97.176241
2026,RE+3_R2_CH35_A,4142,3863,93.264124
2026,RE+3_R2_CH35_B,4365,4262,97.640321
2026,RE+3_R2_CH35_C,4390,4260,97.038724
2026,RE+3_R2_CH36_A,4507,4213,93.476814
2026,RE+3_R2_CH36_B,4369,4187,95.834287
2026,RE+3_R2_CH36_C,4182,3980,95.169775
2026,RE+3_R3_CH01_A,2990,2687,89.866221
2026,RE+3_R3_CH01_B,5001,4849,96.960608
2026,RE+3_R3_CH01_C,4126,4011,97.212797
2026,RE+3_R3_CH02_A,2976,2874,96.572581
2026,RE+3_R3_CH02_B,5144,5019,97.569984
2026,RE+3_R3_CH02_C,4033,3940,97.694024
2026,RE+3_R3_CH03_A,3076,2442,79.388817
2026,RE+3_R3_CH03_B,5162,4645,89.984502
2026,RE+3_R3_CH03_C,4086,4021,98.409202
2026,RE+3_R3_CH04_A,2864,2684,93.715084
2026,RE+3_R3_CH04_B,4956,4781,96.468927
2026,RE+3_R3_CH04_C,4125,3939,95.490909
2026,RE+3_R3_CH05_A,3035,2920,96.210873
2026,RE+3_R3_CH05_B,5108,4978,97.454973
2026,RE+3_R3_CH05_C,3947,3216,81.479605
2026,RE+3_R3_CH06_A,3032,2940,96.965699
2026,RE+3_R3_CH06_B,4738,4608,97.256226
2026,RE+3_R3_CH06_C,3800,3653,96.131579
2026,RE+3_R3_CH07_A,2851,2395,84.005612
2026,RE+3_R3_CH07_B,4840,4680,96.694215
2026,RE+3_R3_CH07_C,3904,3793,97.156762
2026,RE+3_R3_CH08_A,2952,2826,95.731707
2026,RE+3_R3_CH08_B,5105,4883,95.651322
2026,RE+3_R3_CH08_C,4230,4114,97.257683
2026,RE+3_R3_CH09_A,3266,3060,93.692590
2026,RE+3_R3_CH09_B,5399,5190,96.128913
2026,RE+3_R3_CH09_C,4182,3987,95.337159
2026,RE+3_R3_CH10_A,2955,2702,91.438240
2026,RE+3_R3_CH10_B,5122,4395,85.806326
2026,RE+3_R3_CH10_C,4042,3589,88.792677
2026,RE+3_R3_CH11_A,2891,2713,93.842961
2026,RE+3_R3_CH11_B,5196,4902,94.341801
2026,RE+3_R3_CH11_C,4068,3936,96.755162
2026,RE+3_R3_CH12_A,3340,3090,92.514970
2026,RE+3_R3_CH12_B,5158,4885,94.707251
2026,RE+3_R3_CH12_C,4242,4084,96.275342
2026,RE+3_R3_CH13_A,3148,2991,95.012706
2026,RE+3_R3_CH13_B,5400,4496,83.259259
2026,RE+3_R3_CH13_C,4254,3884,91.302304
2026,RE+3_R3_CH14_A,3515,3354,95.419630
2026,RE+3_R3_CH14_B,5249,4983,94.932368
2026,RE+3_R3_CH14_C,4259,4046,94.998826
2026,RE+3_R3_CH15_A,3582,2918,81.462870
2026,RE+3_R3_CH15_B,5734,4601,80.240670
2026,RE+3_R3_CH15_C,4503,3760,83.499889
2026,RE+3_R3_CH16_A,3106,2943,94.752093
2026,RE+3_R3_CH16_B,5250,5161,98.304762
2026,RE+3_R3_CH16_C,4264,2770,64.962477
2026,RE+3_R3_CH17_A,3057,2972,97.219496
2026,RE+3_R3_CH17_B,5286,5204,98.448733
2026,RE+3_R3_CH17_C,4067,3984,97.959184
2026,RE+3_R3_CH18_A,3476,3314,95.339471
2026,RE+3_R3_CH18_B,4983,4790,96.126831
2026,RE+3_R3_CH18_C,3914,3755,95.937660
2026,RE+3_R3_CH19_A,3208,2720,84.788030
2026,RE+3_R3_CH19_B,5554,5009,90.187252
2026,RE+3_R3_CH19_C,4399,3991,90.725165
2026,RE+3_R3_CH20_A,3299,2872,87.056684
2026,RE+3_R3_CH20_B,5246,4757,90.678612
2026,RE+3_R3_CH20_C,4273,3729,87.268898
2026,RE+3_R3_CH21_A,3386,3106,91.730656
2026,RE+3_R3_CH21_B,6407,4709,73.497737
2026,RE+3_R3_CH21_C,5111,4167,81.530033
2026,RE+3_R3_CH22_A,3058,2818,92.151733
2026,RE+3_R3_CH22_B,5220,4820,92.337165
2026,RE+3_R3_CH22_C,4353,3974,91.293361
2026,RE+3_R3_CH23_A,0,0,
2026,RE+3_R3_CH23_B,0,0,
2026,RE+3_R3_CH23_C,0,0,
2026,RE+3_R3_CH24_A,3168,2525,79.703283
2026,RE+3_R3_CH24_B,5192,4806,92.565485
2026,RE+3_R3_CH24_C,4018,3736,92.981583
2026,RE+3_R3_CH25_A,2953,2826,95.699289
2026,RE+3_R3_CH25_B,4974,4859,97.687977
2026,RE+3_R3_CH25_C,4097,4006,97.778863
2026,RE+3_R3_CH26_A,3003,2772,92.307692
2026,RE+3_R3_CH26_B,5053,4973,98.416782
2026,RE+3_R3_CH26_C,4093,4044,98.802834
2026,RE+3_R3_CH27_A,3207,3116,97.162457
2026,RE+3_R3_CH27_B,5286,5115,96.765040
2026,RE+3_R3_CH27_C,3957,3831,96.815770
2026,RE+3_R3_CH28_A,2788,2426,87.015782
2026,RE+3_R3_CH28_B,4465,4302,96.349384
2026,RE+3_R3_CH28_C,3644,3557,97.612514
2026,RE+3_R3_CH29_A,2703,2341,86.607473
2026,RE+3_R3_CH29_B,4204,3597,85.561370
2026,RE+3_R3_CH29_C,3536,2980,84.276018
2026,RE+3_R3_CH30_A,2986,2850,95.445412
2026,RE+3_R3_CH30_B,4565,4446,97.393209
2026,RE+3_R3_CH30_C,3812,3773,98.976915
2026,RE+3_R3_CH31_A,2729,2582,94.613412
2026,RE+3_R3_CH31_B,4570,3977,87.024070
2026,RE+3_R3_CH31_C,3811,2993,78.535817
2026,RE+3_R3_CH32_A,2721,2482,91.216465
2026,RE+3_R3_CH32_B,4403,4251,96.547808
2026,RE+3_R3_CH32_C,3827,3772,98.562843
2026,RE+3_R3_CH33_A,3025,2959,97.818182
2026,RE+3_R3_CH33_B,4800,4488,93.500000
2026,RE+3_R3_CH33_C,3669,3597,98.037612
2026,RE+3_R3_CH34_A,2779,2526,90.896006
2026,RE+3_R3_CH34_B,4647,4571,98.364536
2026,RE+3_R3_CH34_C,3742,3681,98.369856
2026,RE+3_R3_CH35_A,2693,2626,97.512068
2026,RE+3_R3_CH35_B,4736,4670,98.606419
2026,RE+3_R3_CH35_C,3479,3436,98.764013
2026,RE+3_R3_CH36_A,3135,3047,97.192982
2026,RE+3_R3_CH36_B,4442,4259,95.880234
2026,RE+3_R3_CH36_C,3654,3557,97.345375
2026,RE+4_R1_CH15_A,0,0,
2026,RE+4_R1_CH16_A,0,0,
2026,RE+4_R2_CH01_A,0,0,
2026,RE+4_R2_CH01_B,0,0,
2026,RE+4_R2_CH01_C,0,0,
2026,RE+4_R2_CH02_A,5083,4732,93.094629
2026,RE+4_R2_CH02_B,4584,4316,94.153578
2026,RE+4_R2_CH02_C,4125,3866,93.721212
2026,RE+4_R2_CH03_A,5030,4711,93.658052
2026,RE+4_R2_CH03_B,4697,4401,93.698105
2026,RE+4_R2_CH03_C,4472,4001,89.467800
2026,RE+4_R2_CH04_A,5086,4866,95.674400
2026,RE+4_R2_CH04_B,4526,4345,96.000884
2026,RE+4_R2_CH04_C,4453,4219,94.745116
2026,RE+4_R2_CH05_A,5021,4669,92.989444
2026,RE+4_R2_CH05_B,4439,4210,94.841180
2026,RE+4_R2_CH05_C,4069,3707,91.103465
2026,RE+4_R2_CH06_A,5176,4985,96.309892
2026,RE+4_R2_CH06_B,4397,4259,96.861496
2026,RE+4_R2_CH06_C,3834,3458,90.193010
2026,RE+4_R2_CH07_A,4818,4727,98.111249
2026,RE+4_R2_CH07_B,4435,4325,97.519729
2026,RE+4_R2_CH07_C,4190,3989,95.202864
2026,RE+4_R2_CH08_A,4911,4755,96.823458
2026,RE+4_R2_CH08_B,4322,4235,97.987043
2026,RE+4_R2_CH08_C,4067,3960,97.369068
2026,RE+4_R2_CH09_A,4604,4475,97.198089
2026,RE+4_R2_CH09_B,4465,4322,96.797312
2026,RE+4_R2_CH09_C,4255,4121,96.850764
2026,RE+4_R2_CH10_A,4849,4709,97.112807
2026,RE+4_R2_CH10_B,4395,4275,97.269625
2026,RE+4_R2_CH10_C,4239,4096,96.626563
2026,RE+4_R2_CH11_A,5026,4908,97.652209
2026,RE+4_R2_CH11_B,4473,4333,96.870110
2026,RE+4_R2_CH11_C,4344,4179,96.201657
2026,RE+4_R2_CH12_A,5273,5158,97.819078
2026,RE+4_R2_CH12_B,5422,5304,97.823681
2026,RE+4_R2_CH12_C,5027,4928,98.030635
2026,RE+4_R2_CH13_A,5106,5033,98.570309
2026,RE+4_R2_CH13_B,4560,4478,98.201754
2026,RE+4_R2_CH13_C,4096,4001,97.680664
2026,RE+4_R2_CH14_A,5144,4894,95.139969
2026,RE+4_R2_CH14_B,4581,4475,97.686095
2026,RE+4_R2_CH14_C,4155,4074,98.050542
2026,RE+4_R2_CH15_A,5150,4879,94.737864
2026,RE+4_R2_CH15_B,6972,6576,94.320138
2026,RE+4_R2_CH15_C,6418,6007,93.596136
2026,RE+4_R2_CH16_A,5124,4750,92.701015
2026,RE+4_R2_CH16_B,4535,4202,92.657111
2026,RE+4_R2_CH16_C,4584,4222,92.102967
2026,RE+4_R2_CH17_A,5002,4669,93.342663
2026,RE+4_R2_CH17_B,5168,4767,92.240712
2026,RE+4_R2_CH17_C,6142,5599,91.159232
2026,RE+4_R2_CH18_A,4933,4771,96.715994
2026,RE+4_R2_CH18_B,4508,4381,97.182786
2026,RE+4_R2_CH18_C,4889,4766,97.484148
2026,RE+4_R2_CH19_A,5381,5291,98.327448
2026,RE+4_R2_CH19_B,4515,4413,97.740864
2026,RE+4_R2_CH19_C,4656,4494,96.520619
2026,RE+4_R2_CH20_A,4982,4735,95.042152
2026,RE+4_R2_CH20_B,4543,4447,97.886859
2026,RE+4_R2_CH20_C,4471,4375,97.852829
2026,RE+4_R2_CH21_A,6316,6225,98.559215
2026,RE+4_R2_CH21_B,4683,4596,98.142217
2026,RE+4_R2_CH21_C,4234,4124,97.401984
2026,RE+4_R2_CH22_A,5102,4439,87.005096
2026,RE+4_R2_CH22_B,4584,2783,60.711169
2026,RE+4_R2_CH22_C,4121,3987,96.748362
2026,RE+4_R2_CH23_A,5097,5012,98.332352
2026,RE+4_R2_CH23_B,5695,5574,97.875329
2026,RE+4_R2_CH23_C,5447,4893,89.829264
2026,RE+4_R2_CH24_A,4865,4641,95.395683
2026,RE+4_R2_CH24_B,4553,4238,93.081485
2026,RE+4_R2_CH24_C,4349,4258,97.907565
2026,RE+4_R2_CH25_A,4929,4854,98.478393
2026,RE+4_R2_CH25_B,4682,4615,98.568988
2026,RE+4_R2_CH25_C,4457,4370,98.048014
2026,RE+4_R2_CH26_A,4890,4687,95.848671
2026,RE+4_R2_CH26_B,6630,6362,95.957768
2026,RE+4_R2_CH26_C,6285,5952,94.701671
2026,RE+4_R2_CH27_A,4860,4433,91.213992
2026,RE+4_R2_CH27_B,4544,4103,90.294894
2026,RE+4_R2_CH27_C,4425,4026,90.983051
2026,RE+4_R2_CH28_A,4604,4135,89.813206
2026,RE+4_R2_CH28_B,4202,3798,90.385531
2026,RE+4_R2_CH28_C,4248,3816,89.830508
2026,RE+4_R2_CH29_A,4865,4435,91.161357
2026,RE+4_R2_CH29_B,4452,4029,90.498652
2026,RE+4_R2_CH29_C,4112,3751,91.220817
2026,RE+4_R2_CH30_A,4856,4655,95.860791
2026,RE+4_R2_CH30_B,4415,4323,97.916195
2026,RE+4_R2_CH30_C,4120,4025,97.694175
2026,RE+4_R2_CH31_A,5054,4955,98.041156
2026,RE+4_R2_CH31_B,4404,4326,98.228883
2026,RE+4_R2_CH31_C,4313,4214,97.704614
2026,RE+4_R2_CH32_A,4707,4608,97.896750
2026,RE+4_R2_CH32_B,4312,4223,97.935993
2026,RE+4_R2_CH32_C,4256,4167,97.908835
2026,RE+4_R2_CH33_A,4537,4388,96.715892
2026,RE+4_R2_CH33_B,4243,4099,96.606175
2026,RE+4_R2_CH33_C,3934,3780,96.085409
2026,RE+4_R2_CH34_A,4664,4476,95.969125
2026,RE+4_R2_CH34_B,4391,4191,95.445229
2026,RE+4_R2_CH34_C,3921,3744,95.485845
2026,RE+4_R2_CH35_A,4615,4455,96.533044
2026,RE+4_R2_CH35_B,4463,4295,96.235716
2026,RE+4_R2_CH35_C,4155,3997,96.197353
2026,RE+4_R2_CH36_A,4803,4486,93.399958
2026,RE+4_R2_CH36_B,4373,4105,93.871484
2026,RE+4_R2_CH36_C,4306,4026,93.497445
2026,RE+4_R3_CH01_A,0,0,
2026,RE+4_R3_CH01_B,0,0,
2026,RE+4_R3_CH01_C,0,0,
2026,RE+4_R3_CH02_A,2846,1719,60.400562
2026,RE+4_R3_CH02_B,4982,4825,96.848655
2026,RE+4_R3_CH02_C,4200,3976,94.666667
2026,RE+4_R3_CH03_A,2924,2833,96.887825
2026,RE+4_R3_CH03_B,4925,4711,95.654822
2026,RE+4_R3_CH03_C,4071,4011,98.526161
2026,RE+4_R3_CH04_A,2776,2722,98.054755
2026,RE+4_R3_CH04_B,5085,4949,97.325467
2026,RE+4_R3_CH04_C,4117,4057,98.542628
2026,RE+4_R3_CH05_A,2820,2720,96.453901
2026,RE+4_R3_CH05_B,4937,4877,98.784687
2026,RE+4_R3_CH05_C,4099,4057,98.975360
2026,RE+4_R3_CH06_A,2567,2532,98.636541
2026,RE+4_R3_CH06_B,4781,4700,98.305794
2026,RE+4_R3_CH06_C,4044,3975,98.293769
2026,RE+4_R3_CH07_A,2691,2634,97.881828
2026,RE+4_R3_CH07_B,4740,4657,98.248945
2026,RE+4_R3_CH07_C,3768,3699,98.168790
2026,RE+4_R3_CH08_A,2789,2674,95.876658
2026,RE+4_R3_CH08_B,5136,4941,96.203271
2026,RE+4_R3_CH08_C,4044,3671,90.776459
2026,RE+4_R3_CH09_A,3017,2911,96.486576
2026,RE+4_R3_CH09_B,5101,5012,98.255244
2026,RE+4_R3_CH09_C,3791,3739,98.628330
2026,RE+4_R3_CH10_A,2815,2447,86.927176
2026,RE+4_R3_CH10_B,4989,4872,97.654841
2026,RE+4_R3_CH10_C,4036,3959,98.092170
2026,RE+4_R3_CH11_A,2843,2788,98.065424
2026,RE+4_R3_CH11_B,4988,4929,98.817161
2026,RE+4_R3_CH11_C,3983,3899,97.891037
2026,RE+4_R3_CH12_A,2861,2773,96.924152
2026,RE+4_R3_CH12_B,5245,5126,97.731173
2026,RE+4_R3_CH12_C,4249,4133,97.269946
2026,RE+4_R3_CH13_A,2991,2921,97.659646
2026,RE+4_R3_CH13_B,5178,5066,97.837003
2026,RE+4_R3_CH13_C,4212,4049,96.130104
2026,RE+4_R3_CH14_A,2888,2813,97.403047
2026,RE+4_R3_CH14_B,5251,5088,96.895829
2026,RE+4_R3_CH14_C,4387,4308,98.199225
2026,RE+4_R3_CH15_A,3211,3113,96.947991
2026,RE+4_R3_CH15_B,5469,5306,97.019565
2026,RE+4_R3_CH15_C,4369,4296,98.329137
2026,RE+4_R3_CH16_A,2858,2799,97.935619
2026,RE+4_R3_CH16_B,5152,5018,97.399068
2026,RE+4_R3_CH16_C,4252,4153,97.671684
2026,RE+4_R3_CH17_A,2941,1565,53.213193
2026,RE+4_R3_CH17_B,5047,2432,48.187042
2026,RE+4_R3_CH17_C,3953,2336,59.094359
2026,RE+4_R3_CH18_A,2706,2660,98.300074
2026,RE+4_R3_CH18_B,4915,4784,97.334690
2026,RE+4_R3_CH18_C,4135,4049,97.920193
2026,RE+4_R3_CH19_A,3126,3043,97.344850
2026,RE+4_R3_CH19_B,5435,5340,98.252070
2026,RE+4_R3_CH19_C,4447,4314,97.009220
2026,RE+4_R3_CH20_A,2870,2802,97.630662
2026,RE+4_R3_CH20_B,5238,5114,97.632684
2026,RE+4_R3_CH20_C,4297,4188,97.463347
2026,RE+4_R3_CH21_A,3432,3173,92.453380
2026,RE+4_R3_CH21_B,6244,6091,97.549648
2026,RE+4_R3_CH21_C,5369,4867,90.650028
2026,RE+4_R3_CH22_A,2844,2314,81.364276
2026,RE+4_R3_CH22_B,5269,5024,95.350161
2026,RE+4_R3_CH22_C,4335,4219,97.324106
2026,RE+4_R3_CH23_A,3176,3107,97.827456
2026,RE+4_R3_CH23_B,5248,5162,98.361280
2026,RE+4_R3_CH23_C,4330,4269,98.591224
2026,RE+4_R3_CH24_A,2819,2630,93.295495
2026,RE+4_R3_CH24_B,5017,4956,98.784134
2026,RE+4_R3_CH24_C,3991,3934,98.571787
2026,RE+4_R3_CH25_A,2776,2652,95.533141
2026,RE+4_R3_CH25_B,5101,4908,96.216428
2026,RE+4_R3_CH25_C,4119,4033,97.912115
2026,RE+4_R3_CH26_A,2794,2757,98.675734
2026,RE+4_R3_CH26_B,4975,4909,98.673367
2026,RE+4_R3_CH26_C,4085,4037,98.824969
2026,RE+4_R3_CH27_A,2948,2886,97.896879
2026,RE+4_R3_CH27_B,4967,4873,98.107510
2026,RE+4_R3_CH27_C,4186,4145,99.020545
2026,RE+4_R3_CH28_A,2473,2403,97.169430
2026,RE+4_R3_CH28_B,4521,4428,97.942933
2026,RE+4_R3_CH28_C,4044,3963,97.997033
2026,RE+4_R3_CH29_A,2354,2225,94.519966
2026,RE+4_R3_CH29_B,4344,4246,97.744015
2026,RE+4_R3_CH29_C,3734,3663,98.098554
2026,RE+4_R3_CH30_A,2546,2444,95.993716
2026,RE+4_R3_CH30_B,4579,4379,95.632234
2026,RE+4_R3_CH30_C,4075,3978,97.619632
2026,RE+4_R3_CH31_A,2572,2413,93.818040
2026,RE+4_R3_CH31_B,4669,4578,98.050975
2026,RE+4_R3_CH31_C,3942,3876,98.325723
2026,RE+4_R3_CH32_A,2382,2308,96.893367
2026,RE+4_R3_CH32_B,4692,4570,97.399829
2026,RE+4_R3_CH32_C,3798,3755,98.867825
2026,RE+4_R3_CH33_A,2754,2705,98.220770
2026,RE+4_R3_CH33_B,4561,4452,97.610173
2026,RE+4_R3_CH33_C,3843,3781,98.386677
2026,RE+4_R3_CH34_A,2579,2514,97.479643
2026,RE+4_R3_CH34_B,4564,4485,98.269062
2026,RE+4_R3_CH34_C,3631,3550,97.769210
2026,RE+4_R3_CH35_A,2711,2481,91.516046
2026,RE+4_R3_CH35_B,4306,3961,91.987924
2026,RE+4_R3_CH35_C,3453,3262,94.468578
2026,RE+4_R3_CH36_A,2464,2381,96.631494
2026,RE+4_R3_CH36_B,4508,4379,97.138421
2026,RE+4_R3_CH36_C,3770,3710,98.408488
2026,RE-1_R2_CH01_A,3993,3935,98.547458
2026,RE-1_R2_CH01_B,3835,3760,98.044329
2026,RE-1_R2_CH01_C,8896,8283,93.109263
2026,RE-1_R2_CH02_A,4199,4131,98.380567
2026,RE-1_R2_CH02_B,4072,3948,96.954813
2026,RE-1_R2_CH02_C,9376,9083,96.875000
2026,RE-1_R2_CH03_A,4094,4055,99.047386
2026,RE-1_R2_CH03_B,3826,3762,98.327235
2026,RE-1_R2_CH03_C,9121,8787,96.338121
2026,RE-1_R2_CH04_A,3873,3751,96.849987
2026,RE-1_R2_CH04_B,3527,3413,96.767791
2026,RE-1_R2_CH04_C,9941,9633,96.901720
2026,RE-1_R2_CH05_A,3944,3879,98.351927
2026,RE-1_R2_CH05_B,3901,3774,96.744425
2026,RE-1_R2_CH05_C,8881,8716,98.142101
2026,RE-1_R2_CH06_A,4122,3985,96.676371
2026,RE-1_R2_CH06_B,3856,3654,94.761411
2026,RE-1_R2_CH06_C,9012,8827,97.947182
2026,RE-1_R2_CH07_A,3907,3756,96.135142
2026,RE-1_R2_CH07_B,3563,3451,96.856582
2026,RE-1_R2_CH07_C,8689,8324,95.799286
2026,RE-1_R2_CH08_A,4347,4268,98.182655
2026,RE-1_R2_CH08_B,3935,3654,92.858958
2026,RE-1_R2_CH08_C,9810,9110,92.864424
2026,RE-1_R2_CH09_A,4308,4090,94.939647
2026,RE-1_R2_CH09_B,4075,3991,97.938650
2026,RE-1_R2_CH09_C,9072,8812,97.134039
2026,RE-1_R2_CH10_A,4366,4316,98.854787
2026,RE-1_R2_CH10_B,4175,4120,98.682635
2026,RE-1_R2_CH10_C,9155,8884,97.039869
2026,RE-1_R2_CH11_A,4194,3681,87.768240
2026,RE-1_R2_CH11_B,4047,3518,86.928589
2026,RE-1_R2_CH11_C,8890,7137,80.281215
2026,RE-1_R2_CH12_A,4114,3980,96.742829
2026,RE-1_R2_CH12_B,3976,3715,93.435614
2026,RE-1_R2_CH12_C,8791,8545,97.201684
2026,RE-1_R2_CH13_A,4074,3959,97.177221
2026,RE-1_R2_CH13_B,3844,3791,98.621228
2026,RE-1_R2_CH13_C,8717,8596,98.611908
2026,RE-1_R2_CH14_A,4077,3961,97.154771
2026,RE-1_R2_CH14_B,3994,3898,97.596395
2026,RE-1_R2_CH14_C,8715,8437,96.810098
2026,RE-1_R2_CH15_A,4095,3447,84.175824
2026,RE-1_R2_CH15_B,3760,3549,94.388298
2026,RE-1_R2_CH15_C,8371,7961,95.102138
2026,RE-1_R2_CH16_A,4002,3937,98.375812
2026,RE-1_R2_CH16_B,3452,3339,96.726535
2026,RE-1_R2_CH16_C,6962,6740,96.811261
2026,RE-1_R2_CH17_A,3936,3855,97.942073
2026,RE-1_R2_CH17_B,3371,3279,97.270840
2026,RE-1_R2_CH17_C,7361,7130,96.861839
2026,RE-1_R2_CH18_A,4164,4102,98.511047
2026,RE-1_R2_CH18_B,3779,3704,98.015348
2026,RE-1_R2_CH18_C,7765,7593,97.784932
2026,RE-1_R2_CH19_A,4622,4540,98.225876
2026,RE-1_R2_CH19_B,4614,4551,98.634590
2026,RE-1_R2_CH19_C,10198,10029,98.342812
2026,RE-1_R2_CH20_A,3986,3920,98.344205
2026,RE-1_R2_CH20_B,3662,3451,94.238121
2026,RE-1_R2_CH20_C,9043,8687,96.063253
2026,RE-1_R2_CH21_A,3985,3912,98.168130
2026,RE-1_R2_CH21_B,3956,3815,96.435794
2026,RE-1_R2_CH21_C,8967,8617,96.096799
2026,RE-1_R2_CH22_A,4125,3986,96.630303
2026,RE-1_R2_CH22_B,3902,3819,97.872886
2026,RE-1_R2_CH22_C,8953,8806,98.358092
2026,RE-1_R2_CH23_A,4021,3892,96.791843
2026,RE-1_R2_CH23_B,4043,3948,97.650260
2026,RE-1_R2_CH23_C,8873,8672,97.734701
2026,RE-1_R2_CH24_A,4025,3815,94.782609
2026,RE-1_R2_CH24_B,3813,3701,97.062680
2026,RE-1_R2_CH24_C,9065,8782,96.878103
2026,RE-1_R2_CH25_A,3737,3664,98.046561
2026,RE-1_R2_CH25_B,3551,3436,96.761476
2026,RE-1_R2_CH25_C,8841,8287,93.733741
2026,RE-1_R2_CH26_A,4151,4052,97.615033
2026,RE-1_R2_CH26_B,3855,3641,94.448768
2026,RE-1_R2_CH26_C,8986,8626,95.993768
2026,RE-1_R2_CH27_A,4482,4348,97.010263
2026,RE-1_R2_CH27_B,4180,4087,97.775120
2026,RE-1_R2_CH27_C,9512,9248,97.224558
2026,RE-1_R2_CH28_A,3909,3782,96.751087
2026,RE-1_R2_CH28_B,3406,3301,96.917205
2026,RE-1_R2_CH28_C,8770,8450,96.351197
2026,RE-1_R2_CH29_A,3318,3290,99.156118
2026,RE-1_R2_CH29_B,3077,3046,98.992525
2026,RE-1_R2_CH29_C,8435,8243,97.723770
2026,RE-1_R2_CH30_A,2800,2747,98.107143
2026,RE-1_R2_CH30_B,1900,1877,98.789474
2026,RE-1_R2_CH30_C,7966,7843,98.455938
2026,RE-1_R2_CH31_A,2099,1973,93.997141
2026,RE-1_R2_CH31_B,1611,1448,89.882061
2026,RE-1_R2_CH31_C,8457,7781,92.006622
2026,RE-1_R2_CH32_A,3081,2962,96.137618
2026,RE-1_R2_CH32_B,2718,2630,96.762325
2026,RE-1_R2_CH32_C,8472,8205,96.848442
2026,RE-1_R2_CH33_A,3916,3866,98.723187
2026,RE-1_R2_CH33_B,3882,3808,98.093766
2026,RE-1_R2_CH33_C,8838,8593,97.227880
2026,RE-1_R2_CH34_A,4044,4003,98.986152
2026,RE-1_R2_CH34_B,3734,3695,98.955544
2026,RE-1_R2_CH34_C,8965,8790,98.047964
2026,RE-1_R2_CH35_A,3935,3837,97.509530
2026,RE-1_R2_CH35_B,3608,3512,97.339246
2026,RE-1_R2_CH35_C,8810,8527,96.787741
2026,RE-1_R2_CH36_A,4121,4043,98.107256
2026,RE-1_R2_CH36_B,3698,3564,96.376420
2026,RE-1_R2_CH36_C,8779,8382,95.477845
2026,RE-1_R3_CH01_A,1996,1709,85.621242
2026,RE-1_R3_CH01_B,5329,5172,97.053856
2026,RE-1_R3_CH01_C,3973,3730,93.883715
2026,RE-1_R3_CH02_A,2055,1676,81.557178
2026,RE-1_R3_CH02_B,5613,2848,50.739355
2026,RE-1_R3_CH02_C,4152,2872,69.171484
2026,RE-1_R3_CH03_A,2109,1984,94.073020
2026,RE-1_R3_CH03_B,5532,5315,96.077368
2026,RE-1_R3_CH03_C,4461,4377,98.117014
2026,RE-1_R3_CH04_A,1971,1762,89.396246
2026,RE-1_R3_CH04_B,5017,4867,97.010165
2026,RE-1_R3_CH04_C,3715,3589,96.608345
2026,RE-1_R3_CH05_A,2135,1913,89.601874
2026,RE-1_R3_CH05_B,5441,5215,95.846352
2026,RE-1_R3_CH05_C,3886,3747,96.423057
2026,RE-1_R3_CH06_A,2165,2018,93.210162
2026,RE-1_R3_CH06_B,5521,5396,97.735917
2026,RE-1_R3_CH06_C,4346,4171,95.973309
2026,RE-1_R3_CH07_A,1968,1708,86.788618
2026,RE-1_R3_CH07_B,5273,4937,93.627916
2026,RE-1_R3_CH07_C,3958,3845,97.145023
2026,RE-1_R3_CH08_A,2132,2056,96.435272
2026,RE-1_R3_CH08_B,5595,5390,96.336014
2026,RE-1_R3_CH08_C,4025,3943,97.962733
2026,RE-1_R3_CH09_A,2272,2099,92.385563
2026,RE-1_R3_CH09_B,5878,5680,96.631507
2026,RE-1_R3_CH09_C,4354,4223,96.991272
2026,RE-1_R3_CH10_A,2087,1593,76.329660
2026,RE-1_R3_CH10_B,5505,5304,96.348774
2026,RE-1_R3_CH10_C,4138,3966,95.843403
2026,RE-1_R3_CH11_A,2133,1670,78.293483
2026,RE-1_R3_CH11_B,5629,5064,89.962693
2026,RE-1_R3_CH11_C,4038,3712,91.926696
2026,RE-1_R3_CH12_A,2067,1904,92.114175
2026,RE-1_R3_CH12_B,5251,5000,95.219958
2026,RE-1_R3_CH12_C,4103,3485,84.937850
2026,RE-1_R3_CH13_A,1945,1665,85.604113
2026,RE-1_R3_CH13_B,5128,4773,93.077223
2026,RE-1_R3_CH13_C,3923,3400,86.668366
2026,RE-1_R3_CH14_A,2020,1768,87.524752
2026,RE-1_R3_CH14_B,5426,5260,96.940656
2026,RE-1_R3_CH14_C,3814,3605,94.520189
2026,RE-1_R3_CH15_A,2296,1916,83.449477
2026,RE-1_R3_CH15_B,5816,5376,92.434663
2026,RE-1_R3_CH15_C,4310,4065,94.315545
2026,RE-1_R3_CH16_A,2014,1669,82.869911
2026,RE-1_R3_CH16_B,5648,5370,95.077904
2026,RE-1_R3_CH16_C,3866,3749,96.973616
2026,RE-1_R3_CH17_A,2092,1218,58.221797
2026,RE-1_R3_CH17_B,5650,2446,43.292035
2026,RE-1_R3_CH17_C,4010,2316,57.755611
2026,RE-1_R3_CH18_A,2121,1886,88.920321
2026,RE-1_R3_CH18_B,5639,4534,80.404327
2026,RE-1_R3_CH18_C,4449,3912,87.929872
2026,RE-1_R3_CH19_A,1982,1803,90.968718
2026,RE-1_R3_CH19_B,5244,4915,93.726163
2026,RE-1_R3_CH19_C,4018,3773,93.902439
2026,RE-1_R3_CH20_A,2019,1922,95.195641
2026,RE-1_R3_CH20_B,5213,5094,97.717245
2026,RE-1_R3_CH20_C,3870,3792,97.984496
2026,RE-1_R3_CH21_A,1977,1781,90.085989
2026,RE-1_R3_CH21_B,5305,5209,98.190386
2026,RE-1_R3_CH21_C,4061,3955,97.389805
2026,RE-1_R3_CH22_A,1984,1745,87.953629
2026,RE-1_R3_CH22_B,5375,4925,91.627907
2026,RE-1_R3_CH22_C,4013,3765,93.820085
2026,RE-1_R3_CH23_A,2110,1945,92.180095
2026,RE-1_R3_CH23_B,5442,5185,95.277472
2026,RE-1_R3_CH23_C,4045,3786,93.597033
2026,RE-1_R3_CH24_A,1937,1685,86.990191
2026,RE-1_R3_CH24_B,5384,5192,96.433878
2026,RE-1_R3_CH24_C,4342,4063,93.574390
2026,RE-1_R3_CH25_A,1924,1644,85.446985
2026,RE-1_R3_CH25_B,5093,4875,95.719615
2026,RE-1_R3_CH25_C,3815,3601,94.390564
2026,RE-1_R3_CH26_A,2058,2015,97.910593
2026,RE-1_R3_CH26_B,5491,5217,95.010016
2026,RE-1_R3_CH26_C,3913,3758,96.038845
2026,RE-1_R3_CH27_A,2004,1973,98.453094
2026,RE-1_R3_CH27_B,5377,5305,98.660963
2026,RE-1_R3_CH27_C,4543,4504,99.141536
2026,RE-1_R3_CH28_A,1937,1615,83.376355
2026,RE-1_R3_CH28_B,5100,4979,97.627451
2026,RE-1_R3_CH28_C,3937,3775,95.885192
2026,RE-1_R3_CH29_A,1877,1821,97.016516
2026,RE-1_R3_CH29_B,4961,4697,94.678492
2026,RE-1_R3_CH29_C,3645,3578,98.161866
2026,RE-1_R3_CH30_A,1584,1395,88.068182
2026,RE-1_R3_CH30_B,3350,3212,95.880597
2026,RE-1_R3_CH30_C,2849,2759,96.840997
2026,RE-1_R3_CH31_A,1373,944,68.754552
2026,RE-1_R3_CH31_B,1969,1833,93.092941
2026,RE-1_R3_CH31_C,1823,1740,95.447065
2026,RE-1_R3_CH32_A,1533,1320,86.105675
2026,RE-1_R3_CH32_B,3317,2966,89.418149
2026,RE-1_R3_CH32_C,2958,2831,95.706558
2026,RE-1_R3_CH33_A,1948,1755,90.092402
2026,RE-1_R3_CH33_B,5120,5032,98.281250
2026,RE-1_R3_CH33_C,3925,3797,96.738854
2026,RE-1_R3_CH34_A,2016,1906,94.543651
2026,RE-1_R3_CH34_B,5228,5014,95.906656
2026,RE-1_R3_CH34_C,3997,3535,88.441331
2026,RE-1_R3_CH35_A,2185,1717,78.581236
2026,RE-1_R3_CH35_B,5441,5173,95.074435
2026,RE-1_R3_CH35_C,4095,3951,96.483516
2026,RE-1_R3_CH36_A,2162,2123,98.196115
2026,RE-1_R3_CH36_B,5447,5273,96.805581
2026,RE-1_R3_CH36_C,4364,4069,93.240147
2026,RE-2_R2_CH01_A,4627,4401,95.115626
2026,RE-2_R2_CH01_B,4289,4095,95.476801
2026,RE-2_R2_CH01_C,4120,4026,97.718447
2026,RE-2_R2_CH02_A,4807,4702,97.815685
2026,RE-2_R2_CH02_B,4524,4365,96.485411
2026,RE-2_R2_CH02_C,4427,4262,96.272871
2026,RE-2_R2_CH03_A,4673,4472,95.698695
2026,RE-2_R2_CH03_B,4214,4070,96.582819
2026,RE-2_R2_CH03_C,4236,4158,98.158640
2026,RE-2_R2_CH04_A,4259,4164,97.769429
2026,RE-2_R2_CH04_B,4011,3865,96.360010
2026,RE-2_R2_CH04_C,4871,4782,98.172860
2026,RE-2_R2_CH05_A,4600,4395,95.543478
2026,RE-2_R2_CH05_B,4334,4101,94.623904
2026,RE-2_R2_CH05_C,4077,3691,90.532254
2026,RE-2_R2_CH06_A,4678,4368,93.373236
2026,RE-2_R2_CH06_B,4326,4092,94.590846
2026,RE-2_R2_CH06_C,4212,3803,90.289649
2026,RE-2_R2_CH07_A,4554,4320,94.861660
2026,RE-2_R2_CH07_B,3955,3689,93.274336
2026,RE-2_R2_CH07_C,4004,3865,96.528472
2026,RE-2_R2_CH08_A,4697,4534,96.529700
2026,RE-2_R2_CH08_B,4098,3791,92.508541
2026,RE-2_R2_CH08_C,4667,4217,90.357832
2026,RE-2_R2_CH09_A,5082,4907,96.556474
2026,RE-2_R2_CH09_B,4537,4350,95.878334
2026,RE-2_R2_CH09_C,4207,4082,97.028762
2026,RE-2_R2_CH10_A,4929,4606,93.446947
2026,RE-2_R2_CH10_B,4748,4356,91.743892
2026,RE-2_R2_CH10_C,4297,4149,96.555737
2026,RE-2_R2_CH11_A,4791,3880,80.985181
2026,RE-2_R2_CH11_B,4401,3273,74.369461
2026,RE-2_R2_CH11_C,4112,3431,83.438716
2026,RE-2_R2_CH12_A,4737,4429,93.497995
2026,RE-2_R2_CH12_B,4255,4046,95.088132
2026,RE-2_R2_CH12_C,4184,4068,97.227533
2026,RE-2_R2_CH13_A,4625,4383,94.767568
2026,RE-2_R2_CH13_B,4235,4038,95.348288
2026,RE-2_R2_CH13_C,4076,3780,92.737978
2026,RE-2_R2_CH14_A,4694,4593,97.848317
2026,RE-2_R2_CH14_B,4243,4128,97.289654
2026,RE-2_R2_CH14_C,4111,4026,97.932377
2026,RE-2_R2_CH15_A,4699,4025,85.656523
2026,RE-2_R2_CH15_B,4194,3261,77.753934
2026,RE-2_R2_CH15_C,3780,3156,83.492063
2026,RE-2_R2_CH16_A,4445,4266,95.973003
2026,RE-2_R2_CH16_B,3640,3501,96.181319
2026,RE-2_R2_CH16_C,3108,3022,97.232947
2026,RE-2_R2_CH17_A,4536,4405,97.111993
2026,RE-2_R2_CH17_B,3632,3517,96.833700
2026,RE-2_R2_CH17_C,3069,2825,92.049528
2026,RE-2_R2_CH18_A,4658,4418,94.847574
2026,RE-2_R2_CH18_B,3940,3862,98.020305
2026,RE-2_R2_CH18_C,3509,3375,96.181248
2026,RE-2_R2_CH19_A,5498,5292,96.253183
2026,RE-2_R2_CH19_B,5020,4813,95.876494
2026,RE-2_R2_CH19_C,4584,4499,98.145724
2026,RE-2_R2_CH20_A,4410,4206,95.374150
2026,RE-2_R2_CH20_B,4237,4009,94.618834
2026,RE-2_R2_CH20_C,4285,4063,94.819137
2026,RE-2_R2_CH21_A,4613,4383,95.014091
2026,RE-2_R2_CH21_B,4349,4200,96.573925
2026,RE-2_R2_CH21_C,4163,4079,97.982224
2026,RE-2_R2_CH22_A,4691,4556,97.122149
2026,RE-2_R2_CH22_B,4275,4149,97.052632
2026,RE-2_R2_CH22_C,4269,4174,97.774654
2026,RE-2_R2_CH23_A,4648,4478,96.342513
2026,RE-2_R2_CH23_B,4491,4348,96.815854
2026,RE-2_R2_CH23_C,4100,3833,93.487805
2026,RE-2_R2_CH24_A,4572,4446,97.244094
2026,RE-2_R2_CH24_B,4313,4166,96.591700
2026,RE-2_R2_CH24_C,4252,4144,97.460019
2026,RE-2_R2_CH25_A,4317,4151,96.154737
2026,RE-2_R2_CH25_B,4028,3931,97.591857
2026,RE-2_R2_CH25_C,4108,3929,95.642648
2026,RE-2_R2_CH26_A,4671,4425,94.733462
2026,RE-2_R2_CH26_B,4236,4009,94.641171
2026,RE-2_R2_CH26_C,4289,4158,96.945675
2026,RE-2_R2_CH27_A,5149,4729,91.843076
2026,RE-2_R2_CH27_B,4616,4063,88.019931
2026,RE-2_R2_CH27_C,4354,4261,97.864033
2026,RE-2_R2_CH28_A,4194,4010,95.612780
2026,RE-2_R2_CH28_B,4209,4066,96.602518
2026,RE-2_R2_CH28_C,4142,4075,98.382424
2026,RE-2_R2_CH29_A,3788,3695,97.544879
2026,RE-2_R2_CH29_B,3448,3359,97.418794
2026,RE-2_R2_CH29_C,3807,3709,97.425795
2026,RE-2_R2_CH30_A,2611,1128,43.201838
2026,RE-2_R2_CH30_B,2349,1001,42.613878
2026,RE-2_R2_CH30_C,3848,3659,95.088358
2026,RE-2_R2_CH31_A,2256,2164,95.921986
2026,RE-2_R2_CH31_B,2005,1904,94.962594
2026,RE-2_R2_CH31_C,3846,3691,95.969839
2026,RE-2_R2_CH32_A,3440,3238,94.127907
2026,RE-2_R2_CH32_B,3394,1855,54.655274
2026,RE-2_R2_CH32_C,4092,3927,95.967742
2026,RE-2_R2_CH33_A,4576,4417,96.525350
2026,RE-2_R2_CH33_B,4355,4065,93.340987
2026,RE-2_R2_CH33_C,4172,3916,93.863854
2026,RE-2_R2_CH34_A,4447,3957,88.981336
2026,RE-2_R2_CH34_B,3928,3691,93.966395
2026,RE-2_R2_CH34_C,4266,4141,97.069855
2026,RE-2_R2_CH35_A,4482,4276,95.403838
2026,RE-2_R2_CH35_B,3980,3806,95.628141
2026,RE-2_R2_CH35_C,4024,3831,95.203777
2026,RE-2_R2_CH36_A,4746,4365,91.972187
2026,RE-2_R2_CH36_B,4115,4000,97.205346
2026,RE-2_R2_CH36_C,4123,3715,90.104293
2026,RE-2_R3_CH01_A,2887,2808,97.263595
2026,RE-2_R3_CH01_B,5301,5126,96.698736
2026,RE-2_R3_CH01_C,4513,4403,97.562597
2026,RE-2_R3_CH02_A,3073,2908,94.630654
2026,RE-2_R3_CH02_B,5574,5438,97.560100
2026,RE-2_R3_CH02_C,4593,4489,97.735685
2026,RE-2_R3_CH03_A,3027,2830,93.491906
2026,RE-2_R3_CH03_B,5846,5741,98.203900
2026,RE-2_R3_CH03_C,5310,5252,98.907721
2026,RE-2_R3_CH04_A,2761,2700,97.790656
2026,RE-2_R3_CH04_B,5014,4866,97.048265
2026,RE-2_R3_CH04_C,4334,4180,96.446701
2026,RE-2_R3_CH05_A,2950,2778,94.169492
2026,RE-2_R3_CH05_B,5281,5095,96.477940
2026,RE-2_R3_CH05_C,4722,4593,97.268107
2026,RE-2_R3_CH06_A,3043,2955,97.108117
2026,RE-2_R3_CH06_B,5738,5592,97.455559
2026,RE-2_R3_CH06_C,5072,4922,97.042587
2026,RE-2_R3_CH07_A,2936,2821,96.083106
2026,RE-2_R3_CH07_B,5299,5085,95.961502
2026,RE-2_R3_CH07_C,4748,4569,96.229992
2026,RE-2_R3_CH08_A,3077,2789,90.640234
2026,RE-2_R3_CH08_B,5456,5283,96.829179
2026,RE-2_R3_CH08_C,4774,4590,96.145790
2026,RE-2_R3_CH09_A,3154,3027,95.973367
2026,RE-2_R3_CH09_B,5822,5507,94.589488
2026,RE-2_R3_CH09_C,5095,4942,96.997056
2026,RE-2_R3_CH10_A,2997,2926,97.630964
2026,RE-2_R3_CH10_B,5654,5450,96.391935
2026,RE-2_R3_CH10_C,4495,4382,97.486096
2026,RE-2_R3_CH11_A,3062,2841,92.782495
2026,RE-2_R3_CH11_B,5439,5307,97.573083
2026,RE-2_R3_CH11_C,4416,4333,98.120471
2026,RE-2_R3_CH12_A,2874,2773,96.485734
2026,RE-2_R3_CH12_B,5584,5420,97.063037
2026,RE-2_R3_CH12_C,4635,4520,97.518878
2026,RE-2_R3_CH13_A,2793,2595,92.910849
2026,RE-2_R3_CH13_B,5202,4595,88.331411
2026,RE-2_R3_CH13_C,4273,3838,89.819799
2026,RE-2_R3_CH14_A,3019,2769,91.719112
2026,RE-2_R3_CH14_B,5258,4934,93.837961
2026,RE-2_R3_CH14_C,4400,4229,96.113636
2026,RE-2_R3_CH15_A,3199,2997,93.685527
2026,RE-2_R3_CH15_B,5950,5784,97.210084
2026,RE-2_R3_CH15_C,4857,4766,98.126415
2026,RE-2_R3_CH16_A,0,0,
2026,RE-2_R3_CH16_B,0,0,
2026,RE-2_R3_CH16_C,0,0,
2026,RE-2_R3_CH17_A,3183,3003,94.344958
2026,RE-2_R3_CH17_B,5408,5313,98.243343
2026,RE-2_R3_CH17_C,4511,4404,97.628020
2026,RE-2_R3_CH18_A,3066,2914,95.042401
2026,RE-2_R3_CH18_B,6069,5895,97.132971
2026,RE-2_R3_CH18_C,4702,4636,98.596342
2026,RE-2_R3_CH19_A,2861,2713,94.826984
2026,RE-2_R3_CH19_B,5451,5192,95.248578
2026,RE-2_R3_CH19_C,4477,4280,95.599732
2026,RE-2_R3_CH20_A,2769,2665,96.244131
2026,RE-2_R3_CH20_B,5279,5150,97.556355
2026,RE-2_R3_CH20_C,4367,4244,97.183421
2026,RE-2_R3_CH21_A,2891,2732,94.500173
2026,RE-2_R3_CH21_B,5396,5242,97.146034
2026,RE-2_R3_CH21_C,4743,4651,98.060299
2026,RE-2_R3_CH22_A,2939,2800,95.270500
2026,RE-2_R3_CH22_B,5528,5385,97.413169
2026,RE-2_R3_CH22_C,4213,4112,97.602658
2026,RE-2_R3_CH23_A,3088,2995,96.988342
2026,RE-2_R3_CH23_B,5449,5353,98.238209
2026,RE-2_R3_CH23_C,4530,4442,98.057395
2026,RE-2_R3_CH24_A,2895,2725,94.127807
2026,RE-2_R3_CH24_B,5820,5677,97.542955
2026,RE-2_R3_CH24_C,4737,4661,98.395609
2026,RE-2_R3_CH25_A,2856,2684,93.977591
2026,RE-2_R3_CH25_B,5179,4949,95.558988
2026,RE-2_R3_CH25_C,4351,4274,98.230292
2026,RE-2_R3_CH26_A,3033,2938,96.867788
2026,RE-2_R3_CH26_B,5361,5234,97.631039
2026,RE-2_R3_CH26_C,4383,4260,97.193703
2026,RE-2_R3_CH27_A,3001,2953,98.400533
2026,RE-2_R3_CH27_B,6016,5934,98.636968
2026,RE-2_R3_CH27_C,5335,5282,99.006560
2026,RE-2_R3_CH28_A,2854,2727,95.550105
2026,RE-2_R3_CH28_B,5348,5138,96.073298
2026,RE-2_R3_CH28_C,4433,4277,96.480938
2026,RE-2_R3_CH29_A,2687,2609,97.097134
2026,RE-2_R3_CH29_B,4938,4845,98.116646
2026,RE-2_R3_CH29_C,4172,4136,99.137105
2026,RE-2_R3_CH30_A,1816,1745,96.090308
2026,RE-2_R3_CH30_B,3827,3732,97.517638
2026,RE-2_R3_CH30_C,3572,3496,97.872340
2026,RE-2_R3_CH31_A,976,936,95.901639
2026,RE-2_R3_CH31_B,2422,2249,92.857143
2026,RE-2_R3_CH31_C,3223,3153,97.828110
2026,RE-2_R3_CH32_A,1806,1439,79.678848
2026,RE-2_R3_CH32_B,3892,2986,76.721480
2026,RE-2_R3_CH32_C,3912,3717,95.015337
2026,RE-2_R3_CH33_A,2827,2682,94.870888
2026,RE-2_R3_CH33_B,5255,5095,96.955281
2026,RE-2_R3_CH33_C,4751,4105,86.402863
2026,RE-2_R3_CH34_A,2801,2549,91.003213
2026,RE-2_R3_CH34_B,5506,4974,90.337813
2026,RE-2_R3_CH34_C,4511,4151,92.019508
2026,RE-2_R3_CH35_A,3052,2977,97.542595
2026,RE-2_R3_CH35_B,5517,5400,97.879282
2026,RE-2_R3_CH35_C,4705,4628,98.363443
2026,RE-2_R3_CH36_A,2952,2882,97.628726
2026,RE-2_R3_CH36_B,5835,5682,97.377892
2026,RE-2_R3_CH36_C,4877,4738,97.149887
2026,RE-3_R1_CH01_A,0,0,
2026,RE-3_R1_CH02_A,0,0,
2026,RE-3_R1_CH03_A,0,0,
2026,RE-3_R1_CH04_A,0,0,
2026,RE-3_R1_CH05_A,0,0,
2026,RE-3_R1_CH06_A,0,0,
2026,RE-3_R1_CH07_A,0,0,
2026,RE-3_R1_CH08_A,0,0,
2026,RE-3_R1_CH09_A,0,0,
2026,RE-3_R1_CH10_A,0,0,
2026,RE-3_R1_CH11_A,0,0,
2026,RE-3_R1_CH12_A,0,0,
2026,RE-3_R1_CH13_A,0,0,
2026,RE-3_R1_CH14_A,0,0,
2026,RE-3_R1_CH15_A,0,0,
2026,RE-3_R1_CH16_A,0,0,
2026,RE-3_R1_CH17_A,0,0,
2026,RE-3_R1_CH18_A,0,0,
2026,RE-3_R2_CH01_A,4893,4523,92.438177
2026,RE-3_R2_CH01_B,4459,4332,97.151828
2026,RE-3_R2_CH01_C,4223,4125,97.679375
2026,RE-3_R2_CH02_A,4951,4806,97.071299
2026,RE-3_R2_CH02_B,4701,4583,97.489896
2026,RE-3_R2_CH02_C,4084,3991,97.722821
2026,RE-3_R2_CH03_A,4868,4617,94.843878
2026,RE-3_R2_CH03_B,4655,4500,96.670247
2026,RE-3_R2_CH03_C,4474,4374,97.764864
2026,RE-3_R2_CH04_A,4796,4590,95.704754
2026,RE-3_R2_CH04_B,5292,5033,95.105820
2026,RE-3_R2_CH04_C,6061,5901,97.360172
2026,RE-3_R2_CH05_A,4933,4777,96.837624
2026,RE-3_R2_CH05_B,4579,4357,95.151780
2026,RE-3_R2_CH05_C,4140,4027,97.270531
2026,RE-3_R2_CH06_A,4819,4538,94.168915
2026,RE-3_R2_CH06_B,4683,4351,92.910527
2026,RE-3_R2_CH06_C,4054,3787,93.413912
2026,RE-3_R2_CH07_A,4709,4359,92.567424
2026,RE-3_R2_CH07_B,4549,4269,93.844801
2026,RE-3_R2_CH07_C,4614,4394,95.231903
2026,RE-3_R2_CH08_A,4898,4752,97.019192
2026,RE-3_R2_CH08_B,5116,4985,97.439406
2026,RE-3_R2_CH08_C,4479,4369,97.544095
2026,RE-3_R2_CH09_A,5016,4805,95.793461
2026,RE-3_R2_CH09_B,4590,4470,97.385621
2026,RE-3_R2_CH09_C,4177,4104,98.252334
2026,RE-3_R2_CH10_A,4976,4748,95.418006
2026,RE-3_R2_CH10_B,4610,4253,92.255965
2026,RE-3_R2_CH10_C,4179,3960,94.759512
2026,RE-3_R2_CH11_A,4842,4484,92.606361
2026,RE-3_R2_CH11_B,4597,4310,93.756798
2026,RE-3_R2_CH11_C,4333,4206,97.069005
2026,RE-3_R2_CH12_A,4733,4612,97.443482
2026,RE-3_R2_CH12_B,4458,4343,97.420368
2026,RE-3_R2_CH12_C,4204,4103,97.597526
2026,RE-3_R2_CH13_A,4755,4424,93.038906
2026,RE-3_R2_CH13_B,4465,4367,97.805151
2026,RE-3_R2_CH13_C,4113,4034,98.079261
2026,RE-3_R2_CH14_A,4616,4480,97.053726
2026,RE-3_R2_CH14_B,4519,4363,96.547909
2026,RE-3_R2_CH14_C,4063,3927,96.652720
2026,RE-3_R2_CH15_A,4522,4332,95.798319
2026,RE-3_R2_CH15_B,4309,4140,96.077976
2026,RE-3_R2_CH15_C,4249,4139,97.411156
2026,RE-3_R2_CH16_A,3713,3633,97.845408
2026,RE-3_R2_CH16_B,3856,3723,96.550830
2026,RE-3_R2_CH16_C,3605,3525,97.780860
2026,RE-3_R2_CH17_A,3809,3104,81.491205
2026,RE-3_R2_CH17_B,4023,3747,93.139448
2026,RE-3_R2_CH17_C,3937,3606,91.592583
2026,RE-3_R2_CH18_A,4268,3715,87.043112
2026,RE-3_R2_CH18_B,4054,3436,84.755797
2026,RE-3_R2_CH18_C,3965,3553,89.609079
2026,RE-3_R2_CH19_A,5351,2923,54.625304
2026,RE-3_R2_CH19_B,5381,2979,55.361457
2026,RE-3_R2_CH19_C,4717,3217,68.200127
2026,RE-3_R2_CH20_A,4879,4741,97.171552
2026,RE-3_R2_CH20_B,4583,4327,94.414139
2026,RE-3_R2_CH20_C,4373,4254,97.278756
2026,RE-3_R2_CH21_A,4895,4784,97.732380
2026,RE-3_R2_CH21_B,4623,4452,96.301103
2026,RE-3_R2_CH21_C,4192,4084,97.423664
2026,RE-3_R2_CH22_A,4810,4552,94.636175
2026,RE-3_R2_CH22_B,4614,4443,96.293888
2026,RE-3_R2_CH22_C,4094,4005,97.826087
2026,RE-3_R2_CH23_A,4864,4578,94.120066
2026,RE-3_R2_CH23_B,4575,4474,97.792350
2026,RE-3_R2_CH23_C,4510,4442,98.492239
2026,RE-3_R2_CH24_A,4792,4458,93.030050
2026,RE-3_R2_CH24_B,4668,4524,96.915167
2026,RE-3_R2_CH24_C,4457,4226,94.817142
2026,RE-3_R2_CH25_A,4811,4698,97.651216
2026,RE-3_R2_CH25_B,4523,4439,98.142826
2026,RE-3_R2_CH25_C,4156,4086,98.315688
2026,RE-3_R2_CH26_A,4798,4501,93.809921
2026,RE-3_R2_CH26_B,4624,4508,97.491349
2026,RE-3_R2_CH26_C,3999,3908,97.724431
2026,RE-3_R2_CH27_A,5142,4849,94.301828
2026,RE-3_R2_CH27_B,5139,5001,97.314653
2026,RE-3_R2_CH27_C,4629,4490,96.997192
2026,RE-3_R2_CH28_A,4813,4581,95.179722
2026,RE-3_R2_CH28_B,4426,4273,96.543154
2026,RE-3_R2_CH28_C,4278,4175,97.592333
2026,RE-3_R2_CH29_A,4187,4030,96.250299
2026,RE-3_R2_CH29_B,4420,4218,95.429864
2026,RE-3_R2_CH29_C,4145,4004,96.598311
2026,RE-3_R2_CH30_A,4128,3510,85.029070
2026,RE-3_R2_CH30_B,4369,3795,86.861982
2026,RE-3_R2_CH30_C,4528,3974,87.765018
2026,RE-3_R2_CH31_A,4055,3910,96.424168
2026,RE-3_R2_CH31_B,4432,4329,97.675993
2026,RE-3_R2_CH31_C,4619,4515,97.748430
2026,RE-3_R2_CH32_A,4444,4087,91.966697
2026,RE-3_R2_CH32_B,4398,4288,97.498863
2026,RE-3_R2_CH32_C,4204,4112,97.811608
2026,RE-3_R2_CH33_A,5015,4681,93.339980
2026,RE-3_R2_CH33_B,4460,4370,97.982063
2026,RE-3_R2_CH33_C,4199,4120,98.118600
2026,RE-3_R2_CH34_A,4743,4337,91.440017
2026,RE-3_R2_CH34_B,4584,4006,87.390925
2026,RE-3_R2_CH34_C,4168,3853,92.442418
2026,RE-3_R2_CH35_A,4689,4474,95.414801
2026,RE-3_R2_CH35_B,4548,4430,97.405453
2026,RE-3_R2_CH35_C,4437,4339,97.791300
2026,RE-3_R2_CH36_A,4721,4469,94.662148
2026,RE-3_R2_CH36_B,4505,4379,97.203108
2026,RE-3_R2_CH36_C,4179,3688,88.250778
2026,RE-3_R3_CH01_A,3012,2830,93.957503
2026,RE-3_R3_CH01_B,5036,4900,97.299444
2026,RE-3_R3_CH01_C,3926,3847,97.987774
2026,RE-3_R3_CH02_A,3155,3034,96.164818
2026,RE-3_R3_CH02_B,5158,5032,97.557193
2026,RE-3_R3_CH02_C,4273,4184,97.917154
2026,RE-3_R3_CH03_A,3495,3286,94.020029
2026,RE-3_R3_CH03_B,5471,5385,98.428075
2026,RE-3_R3_CH03_C,4085,4024,98.506732
2026,RE-3_R3_CH04_A,2969,2836,95.520377
2026,RE-3_R3_CH04_B,4754,4646,97.728229
2026,RE-3_R3_CH04_C,3693,3620,98.023287
2026,RE-3_R3_CH05_A,3147,2965,94.216714
2026,RE-3_R3_CH05_B,5116,5018,98.084441
2026,RE-3_R3_CH05_C,4011,3882,96.783844
2026,RE-3_R3_CH06_A,3588,3410,95.039019
2026,RE-3_R3_CH06_B,5093,4959,97.368938
2026,RE-3_R3_CH06_C,4095,4033,98.485958
2026,RE-3_R3_CH07_A,3029,2836,93.628260
2026,RE-3_R3_CH07_B,5109,5054,98.923468
2026,RE-3_R3_CH07_C,3795,3742,98.603426
2026,RE-3_R3_CH08_A,3290,2971,90.303951
2026,RE-3_R3_CH08_B,5267,5130,97.398899
2026,RE-3_R3_CH08_C,4105,4013,97.758831
2026,RE-3_R3_CH09_A,3405,3255,95.594714
2026,RE-3_R3_CH09_B,5460,5324,97.509158
2026,RE-3_R3_CH09_C,4307,4218,97.933596
2026,RE-3_R3_CH10_A,3043,2942,96.680907
2026,RE-3_R3_CH10_B,5341,5212,97.584722
2026,RE-3_R3_CH10_C,4357,4284,98.324535
2026,RE-3_R3_CH11_A,2957,2800,94.690565
2026,RE-3_R3_CH11_B,5319,5206,97.875541
2026,RE-3_R3_CH11_C,4215,4152,98.505338
2026,RE-3_R3_CH12_A,3262,3136,96.137339
2026,RE-3_R3_CH12_B,5105,4933,96.630754
2026,RE-3_R3_CH12_C,4183,4106,98.159216
2026,RE-3_R3_CH13_A,2840,2556,90.000000
2026,RE-3_R3_CH13_B,5071,4941,97.436403
2026,RE-3_R3_CH13_C,4034,3878,96.132871
2026,RE-3_R3_CH14_A,3033,2840,93.636663
2026,RE-3_R3_CH14_B,5058,4973,98.319494
2026,RE-3_R3_CH14_C,4133,4065,98.354706
2026,RE-3_R3_CH15_A,3200,3036,94.875000
2026,RE-3_R3_CH15_B,5358,4937,92.142591
2026,RE-3_R3_CH15_C,3974,3795,95.495722
2026,RE-3_R3_CH16_A,3057,2523,82.531894
2026,RE-3_R3_CH16_B,4959,4707,94.918330
2026,RE-3_R3_CH16_C,3637,3458,95.078361
2026,RE-3_R3_CH17_A,2996,2851,95.160214
2026,RE-3_R3_CH17_B,5148,4923,95.629371
2026,RE-3_R3_CH17_C,3805,3685,96.846255
2026,RE-3_R3_CH18_A,3264,3222,98.713235
2026,RE-3_R3_CH18_B,5080,4983,98.090551
2026,RE-3_R3_CH18_C,3954,3867,97.799697
2026,RE-3_R3_CH19_A,3071,2802,91.240638
2026,RE-3_R3_CH19_B,5662,5537,97.792300
2026,RE-3_R3_CH19_C,4786,4686,97.910573
2026,RE-3_R3_CH20_A,2975,2817,94.689076
2026,RE-3_R3_CH20_B,4957,4857,97.982651
2026,RE-3_R3_CH20_C,3873,3807,98.295895
2026,RE-3_R3_CH21_A,3097,2907,93.865031
2026,RE-3_R3_CH21_B,5300,5227,98.622642
2026,RE-3_R3_CH21_C,4133,4044,97.846601
2026,RE-3_R3_CH22_A,2871,2571,89.550679
2026,RE-3_R3_CH22_B,5075,4583,90.305419
2026,RE-3_R3_CH22_C,4084,3876,94.906954
2026,RE-3_R3_CH23_A,3015,2870,95.190713
2026,RE-3_R3_CH23_B,5198,5104,98.191612
2026,RE-3_R3_CH23_C,4223,4099,97.063699
2026,RE-3_R3_CH24_A,3320,2831,85.271084
2026,RE-3_R3_CH24_B,4987,4820,96.651293
2026,RE-3_R3_CH24_C,3982,3862,96.986439
2026,RE-3_R3_CH25_A,2915,2581,88.542024
2026,RE-3_R3_CH25_B,4921,4689,95.285511
2026,RE-3_R3_CH25_C,3799,3663,96.420111
2026,RE-3_R3_CH26_A,2993,2825,94.386903
2026,RE-3_R3_CH26_B,5093,4897,96.151581
2026,RE-3_R3_CH26_C,4057,3988,98.299236
2026,RE-3_R3_CH27_A,3512,3259,92.796128
2026,RE-3_R3_CH27_B,5938,5500,92.623779
2026,RE-3_R3_CH27_C,4428,4198,94.805781
2026,RE-3_R3_CH28_A,2970,2844,95.757576
2026,RE-3_R3_CH28_B,4782,4645,97.135090
2026,RE-3_R3_CH28_C,3601,3538,98.250486
2026,RE-3_R3_CH29_A,2856,2748,96.218487
2026,RE-3_R3_CH29_B,4289,4250,99.090697
2026,RE-3_R3_CH29_C,3239,3210,99.104662
2026,RE-3_R3_CH30_A,2528,2482,98.180380
2026,RE-3_R3_CH30_B,3356,3058,91.120381
2026,RE-3_R3_CH30_C,2043,1982,97.014195
2026,RE-3_R3_CH31_A,2046,1970,96.285435
2026,RE-3_R3_CH31_B,3271,3221,98.471415
2026,RE-3_R3_CH31_C,1656,1625,98.128019
2026,RE-3_R3_CH32_A,2698,2506,92.883617
2026,RE-3_R3_CH32_B,3791,3482,91.849116
2026,RE-3_R3_CH32_C,2837,2716,95.734931
2026,RE-3_R3_CH33_A,3169,2891,91.227517
2026,RE-3_R3_CH33_B,5218,5106,97.853584
2026,RE-3_R3_CH33_C,4115,4034,98.031592
2026,RE-3_R3_CH34_A,3048,2753,90.321522
2026,RE-3_R3_CH34_B,4952,4847,97.879645
2026,RE-3_R3_CH34_C,3935,3873,98.424396
2026,RE-3_R3_CH35_A,3103,2946,94.940380
2026,RE-3_R3_CH35_B,5237,5118,97.727707
2026,RE-3_R3_CH35_C,3769,3668,97.320244
2026,RE-3_R3_CH36_A,3441,3225,93.722755
2026,RE-3_R3_CH36_B,5122,5029,98.184303
2026,RE-3_R3_CH36_C,3857,3765,97.614726
2026,RE-4_R1_CH01_A,0,0,
2026,RE-4_R1_CH02_A,0,0,
2026,RE-4_R1_CH03_A,0,0,
2026,RE-4_R1_CH04_A,0,0,
2026,RE-4_R1_CH05_A,0,0,
2026,RE-4_R1_CH06_A,0,0,
2026,RE-4_R1_CH07_A,0,0,
2026,RE-4_R1_CH08_A,0,0,
2026,RE-4_R1_CH09_A,0,0,
2026,RE-4_R1_CH10_A,0,0,
2026,RE-4_R1_CH11_A,0,0,
2026,RE-4_R1_CH12_A,0,0,
2026,RE-4_R1_CH13_A,0,0,
2026,RE-4_R1_CH14_A,0,0,
2026,RE-4_R1_CH15_A,0,0,
2026,RE-4_R1_CH16_A,0,0,
2026,RE-4_R1_CH17_A,0,0,
2026,RE-4_R1_CH18_A,0,0,
2026,RE-4_R2_CH01_A,4953,4800,96.910963
2026,RE-4_R2_CH01_B,4577,4432,96.831986
2026,RE-4_R2_CH01_C,3985,3841,96.386449
2026,RE-4_R2_CH02_A,5264,5089,96.675532
2026,RE-4_R2_CH02_B,4414,4264,96.601722
2026,RE-4_R2_CH02_C,4017,3837,95.519044
2026,RE-4_R2_CH03_A,5095,4878,95.740922
2026,RE-4_R2_CH03_B,4477,4304,96.135805
2026,RE-4_R2_CH03_C,4309,4094,95.010443
2026,RE-4_R2_CH04_A,6114,5895,96.418057
2026,RE-4_R2_CH04_B,6042,5836,96.590533
2026,RE-4_R2_CH04_C,4397,3991,90.766432
2026,RE-4_R2_CH05_A,4915,4756,96.765005
2026,RE-4_R2_CH05_B,4408,4249,96.392922
2026,RE-4_R2_CH05_C,4007,3836,95.732468
2026,RE-4_R2_CH06_A,5131,5034,98.109530
2026,RE-4_R2_CH06_B,4508,4409,97.803904
2026,RE-4_R2_CH06_C,3996,3858,96.546547
2026,RE-4_R2_CH07_A,4941,4828,97.713014
2026,RE-4_R2_CH07_B,4419,4324,97.850192
2026,RE-4_R2_CH07_C,4517,4430,98.073943
2026,RE-4_R2_CH08_A,5845,5711,97.707442
2026,RE-4_R2_CH08_B,4732,4619,97.612003
2026,RE-4_R2_CH08_C,4367,4199,96.152965
2026,RE-4_R2_CH09_A,5011,4733,94.452205
2026,RE-4_R2_CH09_B,4589,4396,95.794291
2026,RE-4_R2_CH09_C,4082,3872,94.855463
2026,RE-4_R2_CH10_A,5096,4917,96.487441
2026,RE-4_R2_CH10_B,4475,4274,95.508380
2026,RE-4_R2_CH10_C,3929,3741,95.215067
2026,RE-4_R2_CH11_A,5046,4874,96.591359
2026,RE-4_R2_CH11_B,4279,4091,95.606450
2026,RE-4_R2_CH11_C,4097,3918,95.630949
2026,RE-4_R2_CH12_A,5068,4972,98.105762
2026,RE-4_R2_CH12_B,4355,4242,97.405281
2026,RE-4_R2_CH12_C,3992,3874,97.044088
2026,RE-4_R2_CH13_A,4830,4732,97.971014
2026,RE-4_R2_CH13_B,4450,4371,98.224719
2026,RE-4_R2_CH13_C,4056,3977,98.052268
2026,RE-4_R2_CH14_A,4986,4865,97.573205
2026,RE-4_R2_CH14_B,4415,4299,97.372593
2026,RE-4_R2_CH14_C,4006,3813,95.182227
2026,RE-4_R2_CH15_A,4588,4495,97.972973
2026,RE-4_R2_CH15_B,4173,4067,97.459861
2026,RE-4_R2_CH15_C,4047,3907,96.540647
2026,RE-4_R2_CH16_A,3894,3778,97.021058
2026,RE-4_R2_CH16_B,3824,3730,97.541841
2026,RE-4_R2_CH16_C,3406,3317,97.386964
2026,RE-4_R2_CH17_A,3884,3781,97.348095
2026,RE-4_R2_CH17_B,4139,4025,97.245712
2026,RE-4_R2_CH17_C,3625,3519,97.075862
2026,RE-4_R2_CH18_A,4266,4123,96.647914
2026,RE-4_R2_CH18_B,4186,4086,97.611085
2026,RE-4_R2_CH18_C,3640,3562,97.857143
2026,RE-4_R2_CH19_A,5695,5590,98.156277
2026,RE-4_R2_CH19_B,4693,4588,97.762625
2026,RE-4_R2_CH19_C,4335,4236,97.716263
2026,RE-4_R2_CH20_A,5140,4967,96.634241
2026,RE-4_R2_CH20_B,4567,4449,97.416247
2026,RE-4_R2_CH20_C,4522,4411,97.545334
2026,RE-4_R2_CH21_A,4987,4819,96.631241
2026,RE-4_R2_CH21_B,4474,4238,94.725078
2026,RE-4_R2_CH21_C,4178,3990,95.500239
2026,RE-4_R2_CH22_A,5157,4821,93.484584
2026,RE-4_R2_CH22_B,4464,4288,96.057348
2026,RE-4_R2_CH22_C,3930,3750,95.419847
2026,RE-4_R2_CH23_A,4851,4671,96.289425
2026,RE-4_R2_CH23_B,4533,4371,96.426208
2026,RE-4_R2_CH23_C,4279,4107,95.980369
2026,RE-4_R2_CH24_A,5156,5055,98.041117
2026,RE-4_R2_CH24_B,4469,4368,97.739987
2026,RE-4_R2_CH24_C,4195,4115,98.092968
2026,RE-4_R2_CH25_A,4974,4915,98.813832
2026,RE-4_R2_CH25_B,4500,4448,98.844444
2026,RE-4_R2_CH25_C,4022,3960,98.458478
2026,RE-4_R2_CH26_A,5065,4941,97.551826
2026,RE-4_R2_CH26_B,4410,4277,96.984127
2026,RE-4_R2_CH26_C,4030,3932,97.568238
2026,RE-4_R2_CH27_A,5435,5306,97.626495
2026,RE-4_R2_CH27_B,4687,4562,97.333049
2026,RE-4_R2_CH27_C,4410,4274,96.916100
2026,RE-4_R2_CH28_A,4868,4742,97.411668
2026,RE-4_R2_CH28_B,4363,4234,97.043319
2026,RE-4_R2_CH28_C,4263,4147,97.278912
2026,RE-4_R2_CH29_A,4697,4611,98.169044
2026,RE-4_R2_CH29_B,4421,4332,97.986881
2026,RE-4_R2_CH29_C,4075,3990,97.914110
2026,RE-4_R2_CH30_A,4724,4641,98.243014
2026,RE-4_R2_CH30_B,4444,4347,97.817282
2026,RE-4_R2_CH30_C,4569,4443,97.242285
2026,RE-4_R2_CH31_A,4675,4604,98.481283
2026,RE-4_R2_CH31_B,4419,4324,97.850192
2026,RE-4_R2_CH31_C,4412,4321,97.937443
2026,RE-4_R2_CH32_A,4840,4683,96.756198
2026,RE-4_R2_CH32_B,4267,4167,97.656433
2026,RE-4_R2_CH32_C,4311,4191,97.216423
2026,RE-4_R2_CH33_A,5025,4780,95.124378
2026,RE-4_R2_CH33_B,4386,4278,97.537620
2026,RE-4_R2_CH33_C,3896,3787,97.202259
2026,RE-4_R2_CH34_A,5126,4865,94.908311
2026,RE-4_R2_CH34_B,4528,4361,96.311837
2026,RE-4_R2_CH34_C,4205,4059,96.527943
2026,RE-4_R2_CH35_A,4847,4701,96.987828
2026,RE-4_R2_CH35_B,4500,4147,92.155556
2026,RE-4_R2_CH35_C,4450,4323,97.146067
2026,RE-4_R2_CH36_A,5028,4808,95.624503
2026,RE-4_R2_CH36_B,4355,4167,95.683123
2026,RE-4_R2_CH36_C,4331,4134,95.451397
2026,RE-4_R3_CH01_A,2811,2763,98.292423
2026,RE-4_R3_CH01_B,4933,4692,95.114535
2026,RE-4_R3_CH01_C,4296,4239,98.673184
2026,RE-4_R3_CH02_A,2889,2757,95.430945
2026,RE-4_R3_CH02_B,5237,5190,99.102540
2026,RE-4_R3_CH02_C,4324,4261,98.543016
2026,RE-4_R3_CH03_A,3090,3025,97.896440
2026,RE-4_R3_CH03_B,4972,4862,97.787611
2026,RE-4_R3_CH03_C,4081,4024,98.603284
2026,RE-4_R3_CH04_A,2611,2367,90.654921
2026,RE-4_R3_CH04_B,4529,4319,95.363215
2026,RE-4_R3_CH04_C,4062,3952,97.291974
2026,RE-4_R3_CH05_A,2843,2742,96.447415
2026,RE-4_R3_CH05_B,4905,4849,98.858308
2026,RE-4_R3_CH05_C,4256,4175,98.096805
2026,RE-4_R3_CH06_A,2797,2731,97.640329
2026,RE-4_R3_CH06_B,4980,4779,95.963855
2026,RE-4_R3_CH06_C,4172,4066,97.459252
2026,RE-4_R3_CH07_A,2826,2787,98.619958
2026,RE-4_R3_CH07_B,4740,4630,97.679325
2026,RE-4_R3_CH07_C,4015,3967,98.804483
2026,RE-4_R3_CH08_A,2987,2906,97.288249
2026,RE-4_R3_CH08_B,5043,4923,97.620464
2026,RE-4_R3_CH08_C,4070,3970,97.542998
2026,RE-4_R3_CH09_A,3031,2965,97.822501
2026,RE-4_R3_CH09_B,5283,5223,98.864282
2026,RE-4_R3_CH09_C,4389,4295,97.858282
2026,RE-4_R3_CH10_A,2970,2873,96.734007
2026,RE-4_R3_CH10_B,5225,5144,98.449761
2026,RE-4_R3_CH10_C,4509,4423,98.092703
2026,RE-4_R3_CH11_A,2952,2881,97.594851
2026,RE-4_R3_CH11_B,5153,5083,98.641568
2026,RE-4_R3_CH11_C,4211,4149,98.527666
2026,RE-4_R3_CH12_A,2790,2686,96.272401
2026,RE-4_R3_CH12_B,5067,4934,97.375173
2026,RE-4_R3_CH12_C,4039,3942,97.598415
2026,RE-4_R3_CH13_A,2802,2677,95.538901
2026,RE-4_R3_CH13_B,4897,4779,97.590361
2026,RE-4_R3_CH13_C,4081,4025,98.627787
2026,RE-4_R3_CH14_A,2804,2703,96.398003
2026,RE-4_R3_CH14_B,5056,4939,97.685918
2026,RE-4_R3_CH14_C,4109,4021,97.858360
2026,RE-4_R3_CH15_A,3029,2936,96.929680
2026,RE-4_R3_CH15_B,4981,4887,98.112829
2026,RE-4_R3_CH15_C,4049,3950,97.554952
2026,RE-4_R3_CH16_A,2734,2653,97.037308
2026,RE-4_R3_CH16_B,4603,4285,93.091462
2026,RE-4_R3_CH16_C,3452,3354,97.161066
2026,RE-4_R3_CH17_A,2924,2848,97.400821
2026,RE-4_R3_CH17_B,4773,4689,98.240101
2026,RE-4_R3_CH17_C,3362,3314,98.572278
2026,RE-4_R3_CH18_A,2859,2713,94.893319
2026,RE-4_R3_CH18_B,4962,4694,94.598952
2026,RE-4_R3_CH18_C,3837,3735,97.341673
2026,RE-4_R3_CH19_A,3079,3003,97.531666
2026,RE-4_R3_CH19_B,5842,5677,97.175625
2026,RE-4_R3_CH19_C,4682,4575,97.714652
2026,RE-4_R3_CH20_A,2763,2606,94.317771
2026,RE-4_R3_CH20_B,4714,4571,96.966483
2026,RE-4_R3_CH20_C,4182,4064,97.178384
2026,RE-4_R3_CH21_A,2951,2829,95.865808
2026,RE-4_R3_CH21_B,4878,4773,97.847478
2026,RE-4_R3_CH21_C,4122,4078,98.932557
2026,RE-4_R3_CH22_A,2861,2785,97.343586
2026,RE-4_R3_CH22_B,5018,4875,97.150259
2026,RE-4_R3_CH22_C,4201,4101,97.619614
2026,RE-4_R3_CH23_A,2900,2675,92.241379
2026,RE-4_R3_CH23_B,5048,4864,96.354992
2026,RE-4_R3_CH23_C,4267,4199,98.406375
2026,RE-4_R3_CH24_A,2733,2614,95.645810
2026,RE-4_R3_CH24_B,4926,4757,96.569225
2026,RE-4_R3_CH24_C,4217,4170,98.885464
2026,RE-4_R3_CH25_A,2822,2606,92.345854
2026,RE-4_R3_CH25_B,4645,4563,98.234661
2026,RE-4_R3_CH25_C,4016,3939,98.082669
2026,RE-4_R3_CH26_A,2801,2697,96.287040
2026,RE-4_R3_CH26_B,4975,4858,97.648241
2026,RE-4_R3_CH26_C,4080,3972,97.352941
2026,RE-4_R3_CH27_A,3288,3225,98.083942
2026,RE-4_R3_CH27_B,5436,5353,98.473142
2026,RE-4_R3_CH27_C,4549,4499,98.900857
2026,RE-4_R3_CH28_A,2697,2632,97.589915
2026,RE-4_R3_CH28_B,4449,4377,98.381659
2026,RE-4_R3_CH28_C,4181,4127,98.708443
2026,RE-4_R3_CH29_A,2380,2308,96.974790
2026,RE-4_R3_CH29_B,4059,3997,98.472530
2026,RE-4_R3_CH29_C,3390,3318,97.876106
2026,RE-4_R3_CH30_A,1956,1755,89.723926
2026,RE-4_R3_CH30_B,2607,2539,97.391638
2026,RE-4_R3_CH30_C,2728,2684,98.387097
2026,RE-4_R3_CH31_A,1986,1932,97.280967
2026,RE-4_R3_CH31_B,2124,2076,97.740113
2026,RE-4_R3_CH31_C,2504,2464,98.402556
2026,RE-4_R3_CH32_A,2161,2093,96.853309
2026,RE-4_R3_CH32_B,3520,3456,98.181818
2026,RE-4_R3_CH32_C,3532,3398,96.206116
2026,RE-4_R3_CH33_A,2928,2870,98.019126
2026,RE-4_R3_CH33_B,4982,4825,96.848655
2026,RE-4_R3_CH33_C,4267,4215,98.781345
2026,RE-4_R3_CH34_A,2773,2672,96.357735
2026,RE-4_R3_CH34_B,4766,4683,98.258498
2026,RE-4_R3_CH34_C,3930,3839,97.684478
2026,RE-4_R3_CH35_A,2961,2905,98.108747
2026,RE-4_R3_CH35_B,4677,4628,98.952320
2026,RE-4_R3_CH35_C,3956,3911,98.862487
2026,RE-4_R3_CH36_A,2835,2739,96.613757
2026,RE-4_R3_CH36_B,4925,4717,95.776650
2026,RE-4_R3_CH36_C,4096,4040,98.632812
2026,W+0_RB1in_S01_Backward,59134,54735,92.560963
2026,W+0_RB1in_S01_Forward,65279,64177,98.311861
2026,W+0_RB1in_S02_Backward,0,0,
2026,W+0_RB1in_S02_Forward,0,0,
2026,W+0_RB1in_S03_Backward,68869,66808,97.007362
2026,W+0_RB1in_S03_Forward,71032,69279,97.532098
2026,W+0_RB1in_S04_Backward,0,0,
2026,W+0_RB1in_S04_Forward,0,0,
2026,W+0_RB1in_S05_Backward,0,0,
2026,W+0_RB1in_S05_Forward,0,0,
2026,W+0_RB1in_S06_Backward,0,0,
2026,W+0_RB1in_S06_Forward,0,0,
2026,W+0_RB1in_S07_Backward,60412,59128,97.874594
2026,W+0_RB1in_S07_Forward,64487,62693,97.218044
2026,W+0_RB1in_S08_Backward,60672,57970,95.546545
2026,W+0_RB1in_S08_Forward,65703,62879,95.701871
2026,W+0_RB1in_S09_Backward,0,0,
2026,W+0_RB1in_S09_Forward,0,0,
2026,W+0_RB1in_S10_Backward,0,0,
2026,W+0_RB1in_S10_Forward,0,0,
2026,W+0_RB1in_S11_Backward,52300,50698,96.936902
2026,W+0_RB1in_S11_Forward,60293,57471,95.319523
2026,W+0_RB1in_S12_Backward,59131,58135,98.315604
2026,W+0_RB1in_S12_Forward,64318,57048,88.696788
2026,W+0_RB1out_S01_Backward,50468,48795,96.685028
2026,W+0_RB1out_S01_Forward,55681,52978,95.145561
2026,W+0_RB1out_S02_Backward,0,0,
2026,W+0_RB1out_S02_Forward,0,0,
2026,W+0_RB1out_S03_Backward,0,0,
2026,W+0_RB1out_S03_Forward,0,0,
2026,W+0_RB1out_S04_Backward,0,0,
2026,W+0_RB1out_S04_Forward,0,0,
2026,W+0_RB1out_S05_Backward,0,0,
2026,W+0_RB1out_S05_Forward,0,0,
2026,W+0_RB1out_S06_Backward,0,0,
2026,W+0_RB1out_S06_Forward,0,0,
2026,W+0_RB1out_S07_Backward,51514,48851,94.830532
2026,W+0_RB1out_S07_Forward,0,0,
2026,W+0_RB1out_S08_Backward,51883,50703,97.725652
2026,W+0_RB1out_S08_Forward,56480,54984,97.351275
2026,W+0_RB1out_S09_Backward,0,0,
2026,W+0_RB1out_S09_Forward,0,0,
2026,W+0_RB1out_S10_Backward,0,0,
2026,W+0_RB1out_S10_Forward,0,0,
2026,W+0_RB1out_S11_Backward,44360,43380,97.790803
2026,W+0_RB1out_S11_Forward,51282,49216,95.971296
2026,W+0_RB1out_S12_Backward,50468,49220,97.527146
2026,W+0_RB1out_S12_Forward,54798,53624,97.857586
2026,W+0_RB2in_S01_Backward,31034,30451,98.121415
2026,W+0_RB2in_S01_Forward,35652,35136,98.552676
2026,W+0_RB2in_S01_Middle,31918,30867,96.707187
2026,W+0_RB2in_S02_Backward,0,0,
2026,W+0_RB2in_S02_Forward,0,0,
2026,W+0_RB2in_S02_Middle,0,0,
2026,W+0_RB2in_S03_Backward,0,0,
2026,W+0_RB2in_S03_Forward,0,0,
2026,W+0_RB2in_S03_Middle,0,0,
2026,W+0_RB2in_S04_Backward,0,0,
2026,W+0_RB2in_S04_Forward,0,0,
2026,W+0_RB2in_S04_Middle,0,0,
2026,W+0_RB2in_S05_Backward,31368,30134,96.066055
2026,W+0_RB2in_S05_Forward,0,0,
2026,W+0_RB2in_S05_Middle,31588,30711,97.223629
2026,W+0_RB2in_S06_Backward,0,0,
2026,W+0_RB2in_S06_Forward,0,0,
2026,W+0_RB2in_S06_Middle,0,0,
2026,W+0_RB2in_S07_Backward,0,0,
2026,W+0_RB2in_S07_Forward,0,0,
2026,W+0_RB2in_S07_Middle,0,0,
2026,W+0_RB2in_S08_Backward,32440,31489,97.068434
2026,W+0_RB2in_S08_Forward,37092,36454,98.279953
2026,W+0_RB2in_S08_Middle,32306,26386,81.675231
2026,W+0_RB2in_S09_Backward,30747,29713,96.637070
2026,W+0_RB2in_S09_Forward,35106,33602,95.715832
2026,W+0_RB2in_S09_Middle,31327,29792,95.100073
2026,W+0_RB2in_S10_Backward,30943,30018,97.010632
2026,W+0_RB2in_S10_Forward,34235,31429,91.803710
2026,W+0_RB2in_S10_Middle,31056,30117,96.976430
2026,W+0_RB2in_S11_Backward,27097,25392,93.707791
2026,W+0_RB2in_S11_Forward,32860,31137,94.756543
2026,W+0_RB2in_S11_Middle,28460,26100,91.707660
2026,W+0_RB2in_S12_Backward,30846,30050,97.419439
2026,W+0_RB2in_S12_Forward,34691,34169,98.495287
2026,W+0_RB2in_S12_Middle,31551,30672,97.214034
2026,W+0_RB2out_S01_Backward,44543,40825,91.653009
2026,W+0_RB2out_S01_Forward,48801,43511,89.160058
2026,W+0_RB2out_S02_Backward,0,0,
2026,W+0_RB2out_S02_Forward,0,0,
2026,W+0_RB2out_S03_Backward,0,0,
2026,W+0_RB2out_S03_Forward,0,0,
2026,W+0_RB2out_S04_Backward,0,0,
2026,W+0_RB2out_S04_Forward,0,0,
2026,W+0_RB2out_S05_Backward,44424,43337,97.553124
2026,W+0_RB2out_S05_Forward,47635,45455,95.423533
2026,W+0_RB2out_S06_Backward,46117,43957,95.316261
2026,W+0_RB2out_S06_Forward,48716,47471,97.444371
2026,W+0_RB2out_S07_Backward,45343,44536,98.220232
2026,W+0_RB2out_S07_Forward,48155,45664,94.827121
2026,W+0_RB2out_S08_Backward,0,0,
2026,W+0_RB2out_S08_Forward,0,0,
2026,W+0_RB2out_S09_Backward,43855,41654,94.981188
2026,W+0_RB2out_S09_Forward,48297,45834,94.900304
2026,W+0_RB2out_S10_Backward,44236,42660,96.437291
2026,W+0_RB2out_S10_Forward,46936,44731,95.302114
2026,W+0_RB2out_S11_Backward,39086,37666,96.366986
2026,W+0_RB2out_S11_Forward,44220,42171,95.366350
2026,W+0_RB2out_S12_Backward,44234,42629,96.371569
2026,W+0_RB2out_S12_Forward,47820,46029,96.254705
2026,W+0_RB3+_S01_Backward,0,0,
2026,W+0_RB3+_S01_Forward,0,0,
2026,W+0_RB3+_S02_Backward,0,0,
2026,W+0_RB3+_S02_Forward,0,0,
2026,W+0_RB3+_S03_Backward,0,0,
2026,W+0_RB3+_S03_Forward,0,0,
2026,W+0_RB3+_S04_Backward,0,0,
2026,W+0_RB3+_S04_Forward,0,0,
2026,W+0_RB3+_S05_Backward,0,0,
2026,W+0_RB3+_S05_Forward,0,0,
2026,W+0_RB3+_S06_Backward,0,0,
2026,W+0_RB3+_S06_Forward,0,0,
2026,W+0_RB3+_S07_Backward,0,0,
2026,W+0_RB3+_S07_Forward,0,0,
2026,W+0_RB3+_S08_Backward,0,0,
2026,W+0_RB3+_S08_Forward,0,0,
2026,W+0_RB3+_S09_Backward,0,0,
2026,W+0_RB3+_S09_Forward,0,0,
2026,W+0_RB3+_S10_Backward,18082,17448,96.493751
2026,W+0_RB3+_S10_Forward,19611,18973,96.746724
2026,W+0_RB3+_S11_Backward,0,0,
2026,W+0_RB3+_S11_Forward,0,0,
2026,W+0_RB3+_S12_Backward,0,0,
2026,W+0_RB3+_S12_Forward,0,0,
2026,W+0_RB3-_S01_Backward,0,0,
2026,W+0_RB3-_S01_Forward,0,0,
2026,W+0_RB3-_S02_Backward,19546,19286,98.669805
2026,W+0_RB3-_S02_Forward,21004,18940,90.173300
2026,W+0_RB3-_S03_Backward,0,0,
2026,W+0_RB3-_S03_Forward,0,0,
2026,W+0_RB3-_S04_Backward,0,0,
2026,W+0_RB3-_S04_Forward,0,0,
2026,W+0_RB3-_S05_Backward,0,0,
2026,W+0_RB3-_S05_Forward,0,0,
2026,W+0_RB3-_S06_Backward,0,0,
2026,W+0_RB3-_S06_Forward,0,0,
2026,W+0_RB3-_S07_Backward,0,0,
2026,W+0_RB3-_S07_Forward,0,0,
2026,W+0_RB3-_S08_Backward,0,0,
2026,W+0_RB3-_S08_Forward,0,0,
2026,W+0_RB3-_S09_Backward,0,0,
2026,W+0_RB3-_S09_Forward,0,0,
2026,W+0_RB3-_S10_Backward,19420,18483,95.175077
2026,W+0_RB3-_S10_Forward,20498,17443,85.096107
2026,W+0_RB3-_S11_Backward,0,0,
2026,W+0_RB3-_S11_Forward,0,0,
2026,W+0_RB3-_S12_Backward,0,0,
2026,W+0_RB3-_S12_Forward,0,0,
2026,W+0_RB4++_S04_Backward,0,0,
2026,W+0_RB4++_S04_Forward,0,0,
2026,W+0_RB4+_S01_Backward,0,0,
2026,W+0_RB4+_S01_Forward,0,0,
2026,W+0_RB4+_S02_Backward,19659,13608,69.220204
2026,W+0_RB4+_S02_Forward,21298,13306,62.475350
2026,W+0_RB4+_S03_Backward,0,0,
2026,W+0_RB4+_S03_Forward,0,0,
2026,W+0_RB4+_S04_Backward,0,0,
2026,W+0_RB4+_S04_Forward,0,0,
2026,W+0_RB4+_S05_Backward,18210,17599,96.644701
2026,W+0_RB4+_S05_Forward,19941,19012,95.341257
2026,W+0_RB4+_S06_Backward,18371,17934,97.621251
2026,W+0_RB4+_S06_Forward,19643,19030,96.879295
2026,W+0_RB4+_S07_Backward,0,0,
2026,W+0_RB4+_S07_Forward,0,0,
2026,W+0_RB4+_S08_Backward,13408,11292,84.218377
2026,W+0_RB4+_S08_Forward,14649,13973,95.385351
2026,W+0_RB4+_S10_Backward,22463,21982,97.858701
2026,W+0_RB4+_S10_Forward,24464,20083,82.092054
2026,W+0_RB4+_S12_Backward,19783,19220,97.154122
2026,W+0_RB4+_S12_Forward,21372,20770,97.183230
2026,W+0_RB4--_S04_Backward,12736,12273,96.364636
2026,W+0_RB4--_S04_Forward,13380,12818,95.799701
2026,W+0_RB4-_S01_Backward,0,0,
2026,W+0_RB4-_S01_Forward,0,0,
2026,W+0_RB4-_S02_Backward,18125,17461,96.336552
2026,W+0_RB4-_S02_Forward,19170,17909,93.422014
2026,W+0_RB4-_S03_Backward,0,0,
2026,W+0_RB4-_S03_Forward,0,0,
2026,W+0_RB4-_S04_Backward,14605,14065,96.302636
2026,W+0_RB4-_S04_Forward,15609,15223,97.527068
2026,W+0_RB4-_S05_Backward,19559,18847,96.359732
2026,W+0_RB4-_S05_Forward,21136,20137,95.273467
2026,W+0_RB4-_S06_Backward,20361,19753,97.013899
2026,W+0_RB4-_S06_Forward,21699,20839,96.036684
2026,W+0_RB4-_S07_Backward,0,0,
2026,W+0_RB4-_S07_Forward,0,0,
2026,W+0_RB4-_S08_Backward,20175,19780,98.042131
2026,W+0_RB4-_S08_Forward,22110,20887,94.468566
2026,W+0_RB4-_S10_Backward,23803,22864,96.055119
2026,W+0_RB4-_S10_Forward,25295,24507,96.884760
2026,W+0_RB4-_S12_Backward,13111,12915,98.505072
2026,W+0_RB4-_S12_Forward,13909,12495,89.833920
2026,W+0_RB4_S09_Backward,19152,18141,94.721178
2026,W+0_RB4_S09_Forward,21209,19942,94.026121
2026,W+0_RB4_S11_Backward,16804,14993,89.222804
2026,W+0_RB4_S11_Forward,19332,18437,95.370370
2026,W+1_RB1in_S01_Backward,51385,50456,98.192079
2026,W+1_RB1in_S01_Forward,47780,44157,92.417329
2026,W+1_RB1in_S02_Backward,51571,50357,97.645964
2026,W+1_RB1in_S02_Forward,47154,45619,96.744709
2026,W+1_RB1in_S03_Backward,51416,49447,96.170453
2026,W+1_RB1in_S03_Forward,46977,45854,97.609468
2026,W+1_RB1in_S04_Backward,40453,38938,96.254913
2026,W+1_RB1in_S04_Forward,38473,37694,97.975203
2026,W+1_RB1in_S05_Backward,51395,47387,92.201576
2026,W+1_RB1in_S05_Forward,47610,46716,98.122243
2026,W+1_RB1in_S06_Backward,52667,50998,96.831033
2026,W+1_RB1in_S06_Forward,48478,41328,85.251042
2026,W+1_RB1in_S07_Backward,0,0,
2026,W+1_RB1in_S07_Forward,0,0,
2026,W+1_RB1in_S08_Backward,52192,50537,96.829016
2026,W+1_RB1in_S08_Forward,48157,45098,93.647860
2026,W+1_RB1in_S09_Backward,51334,50022,97.444189
2026,W+1_RB1in_S09_Forward,47338,46469,98.164265
2026,W+1_RB1in_S10_Backward,49605,47837,96.435843
2026,W+1_RB1in_S10_Forward,45089,44289,98.225731
2026,W+1_RB1in_S11_Backward,50673,48869,96.439919
2026,W+1_RB1in_S11_Forward,46648,45614,97.783399
2026,W+1_RB1in_S12_Backward,50690,43344,85.507990
2026,W+1_RB1in_S12_Forward,46028,44950,97.657947
2026,W+1_RB1out_S01_Backward,44970,37856,84.180565
2026,W+1_RB1out_S01_Forward,42027,41182,97.989388
2026,W+1_RB1out_S02_Backward,44890,39846,88.763644
2026,W+1_RB1out_S02_Forward,41731,39654,95.022885
2026,W+1_RB1out_S03_Backward,44799,39851,88.955111
2026,W+1_RB1out_S03_Forward,41338,40942,99.042044
2026,W+1_RB1out_S04_Backward,35431,34174,96.452259
2026,W+1_RB1out_S04_Forward,34146,29002,84.935278
2026,W+1_RB1out_S05_Backward,0,0,
2026,W+1_RB1out_S05_Forward,0,0,
2026,W+1_RB1out_S06_Backward,45992,42966,93.420595
2026,W+1_RB1out_S06_Forward,43060,42525,98.757548
2026,W+1_RB1out_S07_Backward,45641,44305,97.072807
2026,W+1_RB1out_S07_Forward,42536,41668,97.959376
2026,W+1_RB1out_S08_Backward,45651,43714,95.756939
2026,W+1_RB1out_S08_Forward,42287,41387,97.871686
2026,W+1_RB1out_S09_Backward,44741,42698,95.433719
2026,W+1_RB1out_S09_Forward,41771,41126,98.455867
2026,W+1_RB1out_S10_Backward,43478,35820,82.386494
2026,W+1_RB1out_S10_Forward,39685,33102,83.411868
2026,W+1_RB1out_S11_Backward,44406,36912,83.123902
2026,W+1_RB1out_S11_Forward,41328,38174,92.368370
2026,W+1_RB1out_S12_Backward,44251,43104,97.407968
2026,W+1_RB1out_S12_Forward,40286,39386,97.765973
2026,W+1_RB2in_S01_Backward,0,0,
2026,W+1_RB2in_S01_Forward,0,0,
2026,W+1_RB2in_S01_Middle,0,0,
2026,W+1_RB2in_S02_Backward,0,0,
2026,W+1_RB2in_S02_Forward,0,0,
2026,W+1_RB2in_S02_Middle,0,0,
2026,W+1_RB2in_S03_Backward,28246,26576,94.087658
2026,W+1_RB2in_S03_Forward,26720,22752,85.149701
2026,W+1_RB2in_S03_Middle,27120,25417,93.720501
2026,W+1_RB2in_S04_Backward,19087,17682,92.638969
2026,W+1_RB2in_S04_Forward,19546,19288,98.680037
2026,W+1_RB2in_S04_Middle,27323,26749,97.899206
2026,W+1_RB2in_S05_Backward,28242,27770,98.328730
2026,W+1_RB2in_S05_Forward,27179,26032,95.779830
2026,W+1_RB2in_S05_Middle,27407,26942,98.303353
2026,W+1_RB2in_S06_Backward,29003,28486,98.217426
2026,W+1_RB2in_S06_Forward,27693,26812,96.818691
2026,W+1_RB2in_S06_Middle,27907,27498,98.534418
2026,W+1_RB2in_S07_Backward,29061,28273,97.288462
2026,W+1_RB2in_S07_Forward,27944,27306,97.716862
2026,W+1_RB2in_S07_Middle,28162,27239,96.722534
2026,W+1_RB2in_S08_Backward,29240,28262,96.655267
2026,W+1_RB2in_S08_Forward,27627,26914,97.419191
2026,W+1_RB2in_S08_Middle,28200,27630,97.978723
2026,W+1_RB2in_S09_Backward,28520,26165,91.742637
2026,W+1_RB2in_S09_Forward,27222,26864,98.684887
2026,W+1_RB2in_S09_Middle,27336,26900,98.405034
2026,W+1_RB2in_S10_Backward,27933,27092,96.989224
2026,W+1_RB2in_S10_Forward,25897,25269,97.575009
2026,W+1_RB2in_S10_Middle,26486,25893,97.761081
2026,W+1_RB2in_S11_Backward,0,0,
2026,W+1_RB2in_S11_Forward,0,0,
2026,W+1_RB2in_S11_Middle,0,0,
2026,W+1_RB2in_S12_Backward,28429,27599,97.080446
2026,W+1_RB2in_S12_Forward,26075,21498,82.446788
2026,W+1_RB2in_S12_Middle,26680,25765,96.570465
2026,W+1_RB2out_S01_Backward,0,0,
2026,W+1_RB2out_S01_Forward,0,0,
2026,W+1_RB2out_S02_Backward,0,0,
2026,W+1_RB2out_S02_Forward,0,0,
2026,W+1_RB2out_S03_Backward,0,0,
2026,W+1_RB2out_S03_Forward,0,0,
2026,W+1_RB2out_S04_Backward,32801,31431,95.823298
2026,W+1_RB2out_S04_Forward,32706,31306,95.719440
2026,W+1_RB2out_S05_Backward,0,0,
2026,W+1_RB2out_S05_Forward,0,0,
2026,W+1_RB2out_S06_Backward,41878,40553,96.836048
2026,W+1_RB2out_S06_Forward,40218,39187,97.436471
2026,W+1_RB2out_S07_Backward,41930,40553,96.715955
2026,W+1_RB2out_S07_Forward,40119,39495,98.444627
2026,W+1_RB2out_S08_Backward,42221,41053,97.233604
2026,W+1_RB2out_S08_Forward,40334,37792,93.697625
2026,W+1_RB2out_S09_Backward,41338,35955,86.978083
2026,W+1_RB2out_S09_Forward,39337,38239,97.208735
2026,W+1_RB2out_S10_Backward,40397,39567,97.945392
2026,W+1_RB2out_S10_Forward,37619,36230,96.307717
2026,W+1_RB2out_S11_Backward,40772,39976,98.047680
2026,W+1_RB2out_S11_Forward,39472,36903,93.491589
2026,W+1_RB2out_S12_Backward,0,0,
2026,W+1_RB2out_S12_Forward,38299,37356,97.537795
2026,W+1_RB3+_S01_Backward,0,0,
2026,W+1_RB3+_S01_Forward,0,0,
2026,W+1_RB3+_S02_Backward,18866,17929,95.033393
2026,W+1_RB3+_S02_Forward,18001,15340,85.217488
2026,W+1_RB3+_S03_Backward,18883,18327,97.055553
2026,W+1_RB3+_S03_Forward,17911,17288,96.521691
2026,W+1_RB3+_S04_Backward,0,0,
2026,W+1_RB3+_S04_Forward,0,0,
2026,W+1_RB3+_S05_Backward,18783,18221,97.007933
2026,W+1_RB3+_S05_Forward,18092,17850,98.662392
2026,W+1_RB3+_S06_Backward,18781,18264,97.247218
2026,W+1_RB3+_S06_Forward,18380,17426,94.809576
2026,W+1_RB3+_S07_Backward,0,0,
2026,W+1_RB3+_S07_Forward,0,0,
2026,W+1_RB3+_S08_Backward,18591,17986,96.745737
2026,W+1_RB3+_S08_Forward,17984,17401,96.758230
2026,W+1_RB3+_S09_Backward,0,0,
2026,W+1_RB3+_S09_Forward,0,0,
2026,W+1_RB3+_S10_Backward,0,0,
2026,W+1_RB3+_S10_Forward,0,0,
2026,W+1_RB3+_S11_Backward,0,0,
2026,W+1_RB3+_S11_Forward,0,0,
2026,W+1_RB3+_S12_Backward,18807,18232,96.942628
2026,W+1_RB3+_S12_Forward,17429,16487,94.595215
2026,W+1_RB3-_S01_Backward,0,0,
2026,W+1_RB3-_S01_Forward,0,0,
2026,W+1_RB3-_S02_Backward,18743,18243,97.332337
2026,W+1_RB3-_S02_Forward,18084,17529,96.930989
2026,W+1_RB3-_S03_Backward,19076,18638,97.703921
2026,W+1_RB3-_S03_Forward,17906,17332,96.794371
2026,W+1_RB3-_S04_Backward,0,0,
2026,W+1_RB3-_S04_Forward,0,0,
2026,W+1_RB3-_S05_Backward,18306,16995,92.838414
2026,W+1_RB3-_S05_Forward,18073,17798,98.478393
2026,W+1_RB3-_S06_Backward,19204,18762,97.698396
2026,W+1_RB3-_S06_Forward,18305,17155,93.717564
2026,W+1_RB3-_S07_Backward,19422,18771,96.648131
2026,W+1_RB3-_S07_Forward,18572,17974,96.780099
2026,W+1_RB3-_S08_Backward,19747,19470,98.597255
2026,W+1_RB3-_S08_Forward,18723,16985,90.717300
2026,W+1_RB3-_S09_Backward,0,0,
2026,W+1_RB3-_S09_Forward,0,0,
2026,W+1_RB3-_S10_Backward,0,0,
2026,W+1_RB3-_S10_Forward,0,0,
2026,W+1_RB3-_S11_Backward,0,0,
2026,W+1_RB3-_S11_Forward,0,0,
2026,W+1_RB3-_S12_Backward,18636,17974,96.447736
2026,W+1_RB3-_S12_Forward,17849,17437,97.691747
2026,W+1_RB4++_S04_Backward,0,0,
2026,W+1_RB4++_S04_Forward,0,0,
2026,W+1_RB4+_S01_Backward,0,0,
2026,W+1_RB4+_S01_Forward,0,0,
2026,W+1_RB4+_S02_Backward,20101,19586,97.437938
2026,W+1_RB4+_S02_Forward,19030,18356,96.458224
2026,W+1_RB4+_S03_Backward,0,0,
2026,W+1_RB4+_S03_Forward,0,0,
2026,W+1_RB4+_S04_Backward,0,0,
2026,W+1_RB4+_S04_Forward,0,0,
2026,W+1_RB4+_S05_Backward,19440,19087,98.184156
2026,W+1_RB4+_S05_Forward,17916,17269,96.388703
2026,W+1_RB4+_S06_Backward,19386,18419,95.011864
2026,W+1_RB4+_S06_Forward,18124,17474,96.413595
2026,W+1_RB4+_S07_Backward,19687,18849,95.743384
2026,W+1_RB4+_S07_Forward,17768,17293,97.326655
2026,W+1_RB4+_S08_Backward,14037,13620,97.029280
2026,W+1_RB4+_S08_Forward,12974,12475,96.153846
2026,W+1_RB4+_S10_Backward,24038,22420,93.268991
2026,W+1_RB4+_S10_Forward,22686,19703,86.850921
2026,W+1_RB4+_S12_Backward,20301,19516,96.133195
2026,W+1_RB4+_S12_Forward,18811,18295,97.256924
2026,W+1_RB4--_S04_Backward,0,0,
2026,W+1_RB4--_S04_Forward,0,0,
2026,W+1_RB4-_S01_Backward,19004,18257,96.069249
2026,W+1_RB4-_S01_Forward,17288,13165,76.151087
2026,W+1_RB4-_S02_Backward,19012,18414,96.854618
2026,W+1_RB4-_S02_Forward,17362,16650,95.899090
2026,W+1_RB4-_S03_Backward,0,0,
2026,W+1_RB4-_S03_Forward,0,0,
2026,W+1_RB4-_S04_Backward,0,0,
2026,W+1_RB4-_S04_Forward,0,0,
2026,W+1_RB4-_S05_Backward,19523,18941,97.018901
2026,W+1_RB4-_S05_Forward,18732,18016,96.177664
2026,W+1_RB4-_S06_Backward,20010,18875,94.327836
2026,W+1_RB4-_S06_Forward,19322,18999,98.328330
2026,W+1_RB4-_S07_Backward,20174,19942,98.850005
2026,W+1_RB4-_S07_Forward,19554,18193,93.039787
2026,W+1_RB4-_S08_Backward,20449,20002,97.814074
2026,W+1_RB4-_S08_Forward,19725,18861,95.619772
2026,W+1_RB4-_S10_Backward,0,0,
2026,W+1_RB4-_S10_Forward,0,0,
2026,W+1_RB4-_S12_Backward,14343,14014,97.706198
2026,W+1_RB4-_S12_Forward,12935,12591,97.340549
2026,W+1_RB4_S09_Backward,19556,18968,96.993250
2026,W+1_RB4_S09_Forward,18954,18503,97.620555
2026,W+1_RB4_S11_Backward,19081,18319,96.006499
2026,W+1_RB4_S11_Forward,18814,18359,97.581588
2026,W+2_RB1in_S01_Backward,35220,34734,98.620102
2026,W+2_RB1in_S01_Forward,30068,29822,99.181854
2026,W+2_RB1in_S02_Backward,34835,33456,96.041338
2026,W+2_RB1in_S02_Forward,30105,29539,98.119914
2026,W+2_RB1in_S03_Backward,34699,33795,97.394738
2026,W+2_RB1in_S03_Forward,29415,28932,98.357981
2026,W+2_RB1in_S04_Backward,35421,34507,97.419610
2026,W+2_RB1in_S04_Forward,30160,29740,98.607427
2026,W+2_RB1in_S05_Backward,0,0,
2026,W+2_RB1in_S05_Forward,0,0,
2026,W+2_RB1in_S06_Backward,36051,30543,84.721644
2026,W+2_RB1in_S06_Forward,31111,26087,83.851371
2026,W+2_RB1in_S07_Backward,0,0,
2026,W+2_RB1in_S07_Forward,0,0,
2026,W+2_RB1in_S08_Backward,35636,29964,84.083511
2026,W+2_RB1in_S08_Forward,31285,24373,77.906345
2026,W+2_RB1in_S09_Backward,35492,32832,92.505353
2026,W+2_RB1in_S09_Forward,29608,29135,98.402459
2026,W+2_RB1in_S10_Backward,33178,31742,95.671831
2026,W+2_RB1in_S10_Forward,27969,27240,97.393543
2026,W+2_RB1in_S11_Backward,34310,32403,94.441854
2026,W+2_RB1in_S11_Forward,27999,27530,98.324940
2026,W+2_RB1in_S12_Backward,0,0,
2026,W+2_RB1in_S12_Forward,28291,27638,97.691845
2026,W+2_RB1out_S01_Backward,32732,30713,93.831724
2026,W+2_RB1out_S01_Forward,0,0,
2026,W+2_RB1out_S02_Backward,32373,29926,92.441232
2026,W+2_RB1out_S02_Forward,27812,27547,99.047174
2026,W+2_RB1out_S03_Backward,31869,31124,97.662305
2026,W+2_RB1out_S03_Forward,27265,26766,98.169815
2026,W+2_RB1out_S04_Backward,0,0,
2026,W+2_RB1out_S04_Forward,0,0,
2026,W+2_RB1out_S05_Backward,0,0,
2026,W+2_RB1out_S05_Forward,0,0,
2026,W+2_RB1out_S06_Backward,33404,32687,97.853550
2026,W+2_RB1out_S06_Forward,29011,28512,98.279963
2026,W+2_RB1out_S07_Backward,0,0,
2026,W+2_RB1out_S07_Forward,0,0,
2026,W+2_RB1out_S08_Backward,32974,30150,91.435677
2026,W+2_RB1out_S08_Forward,28605,27992,97.857018
2026,W+2_RB1out_S09_Backward,32786,26992,82.327823
2026,W+2_RB1out_S09_Forward,27282,24612,90.213327
2026,W+2_RB1out_S10_Backward,31020,30237,97.475822
2026,W+2_RB1out_S10_Forward,25901,25235,97.428671
2026,W+2_RB1out_S11_Backward,32029,30779,96.097287
2026,W+2_RB1out_S11_Forward,26189,25741,98.289358
2026,W+2_RB1out_S12_Backward,31710,29450,92.872911
2026,W+2_RB1out_S12_Forward,0,0,
2026,W+2_RB2in_S01_Backward,35665,34579,96.954998
2026,W+2_RB2in_S01_Forward,30797,30130,97.834205
2026,W+2_RB2in_S02_Backward,34867,33994,97.496200
2026,W+2_RB2in_S02_Forward,30572,29748,97.304723
2026,W+2_RB2in_S03_Backward,33907,33065,97.516737
2026,W+2_RB2in_S03_Forward,0,0,
2026,W+2_RB2in_S04_Backward,35214,34170,97.035270
2026,W+2_RB2in_S04_Forward,31221,30653,98.180712
2026,W+2_RB2in_S05_Backward,0,0,
2026,W+2_RB2in_S05_Forward,0,0,
2026,W+2_RB2in_S06_Backward,36715,36143,98.442054
2026,W+2_RB2in_S06_Forward,32598,32009,98.193141
2026,W+2_RB2in_S07_Backward,35980,34977,97.212340
2026,W+2_RB2in_S07_Forward,31444,30843,98.088666
2026,W+2_RB2in_S08_Backward,0,0,
2026,W+2_RB2in_S08_Forward,0,0,
2026,W+2_RB2in_S09_Backward,0,0,
2026,W+2_RB2in_S09_Forward,0,0,
2026,W+2_RB2in_S10_Backward,33738,32817,97.270140
2026,W+2_RB2in_S10_Forward,29562,29107,98.460862
2026,W+2_RB2in_S11_Backward,35023,34450,98.363932
2026,W+2_RB2in_S11_Forward,29498,28609,96.986236
2026,W+2_RB2in_S12_Backward,34461,33719,97.846841
2026,W+2_RB2in_S12_Forward,29937,29055,97.053813
2026,W+2_RB2out_S01_Backward,19209,18746,97.589672
2026,W+2_RB2out_S01_Forward,17495,17241,98.548157
2026,W+2_RB2out_S01_Middle,19175,16060,83.754889
2026,W+2_RB2out_S02_Backward,18707,18331,97.990057
2026,W+2_RB2out_S02_Forward,17375,17101,98.423022
2026,W+2_RB2out_S02_Middle,18875,18409,97.531126
2026,W+2_RB2out_S03_Backward,18356,14948,81.433864
2026,W+2_RB2out_S03_Forward,17147,16643,97.060710
2026,W+2_RB2out_S03_Middle,18198,17835,98.005275
2026,W+2_RB2out_S04_Backward,18871,18328,97.122569
2026,W+2_RB2out_S04_Forward,17709,16554,93.477893
2026,W+2_RB2out_S04_Middle,18970,17570,92.619926
2026,W+2_RB2out_S05_Backward,19176,18355,95.718607
2026,W+2_RB2out_S05_Forward,18212,17771,97.578520
2026,W+2_RB2out_S05_Middle,19663,19019,96.724813
2026,W+2_RB2out_S06_Backward,19792,19589,98.974333
2026,W+2_RB2out_S06_Forward,18535,17503,94.432155
2026,W+2_RB2out_S06_Middle,19859,19485,98.116723
2026,W+2_RB2out_S07_Backward,19467,18777,96.455540
2026,W+2_RB2out_S07_Forward,17981,17503,97.341638
2026,W+2_RB2out_S07_Middle,19263,18831,97.757359
2026,W+2_RB2out_S08_Backward,19660,19459,98.977620
2026,W+2_RB2out_S08_Forward,18348,18083,98.555701
2026,W+2_RB2out_S08_Middle,19379,18062,93.203984
2026,W+2_RB2out_S09_Backward,0,0,
2026,W+2_RB2out_S09_Forward,0,0,
2026,W+2_RB2out_S09_Middle,0,0,
2026,W+2_RB2out_S10_Backward,18262,17929,98.176541
2026,W+2_RB2out_S10_Forward,16882,15654,92.725980
2026,W+2_RB2out_S10_Middle,18194,17903,98.400572
2026,W+2_RB2out_S11_Backward,19017,18695,98.306778
2026,W+2_RB2out_S11_Forward,17169,16605,96.715010
2026,W+2_RB2out_S11_Middle,18717,18161,97.029438
2026,W+2_RB2out_S12_Backward,18694,18471,98.807104
2026,W+2_RB2out_S12_Forward,17207,15920,92.520486
2026,W+2_RB2out_S12_Middle,18497,18240,98.610586
2026,W+2_RB3+_S01_Backward,14269,13458,94.316350
2026,W+2_RB3+_S01_Forward,14605,14274,97.733653
2026,W+2_RB3+_S02_Backward,14493,14017,96.715656
2026,W+2_RB3+_S02_Forward,14693,14351,97.672361
2026,W+2_RB3+_S03_Backward,14397,13707,95.207335
2026,W+2_RB3+_S03_Forward,14521,14332,98.698437
2026,W+2_RB3+_S04_Backward,14317,13924,97.255012
2026,W+2_RB3+_S04_Forward,14885,14489,97.339604
2026,W+2_RB3+_S05_Backward,14396,13936,96.804668
2026,W+2_RB3+_S05_Forward,15569,15225,97.790481
2026,W+2_RB3+_S06_Backward,14603,14337,98.178456
2026,W+2_RB3+_S06_Forward,14634,14376,98.236982
2026,W+2_RB3+_S07_Backward,0,0,
2026,W+2_RB3+_S07_Forward,0,0,
2026,W+2_RB3+_S08_Backward,14180,13738,96.882934
2026,W+2_RB3+_S08_Forward,14690,14415,98.127978
2026,W+2_RB3+_S09_Backward,14285,13834,96.842842
2026,W+2_RB3+_S09_Forward,14611,14264,97.625077
2026,W+2_RB3+_S10_Backward,0,0,
2026,W+2_RB3+_S10_Forward,0,0,
2026,W+2_RB3+_S11_Backward,13909,12337,88.697965
2026,W+2_RB3+_S11_Forward,14204,14005,98.598986
2026,W+2_RB3+_S12_Backward,0,0,
2026,W+2_RB3+_S12_Forward,0,0,
2026,W+2_RB3-_S01_Backward,0,0,
2026,W+2_RB3-_S01_Forward,0,0,
2026,W+2_RB3-_S02_Backward,14462,14145,97.808049
2026,W+2_RB3-_S02_Forward,14148,11603,82.011592
2026,W+2_RB3-_S03_Backward,13929,13584,97.523153
2026,W+2_RB3-_S03_Forward,13492,13030,96.575749
2026,W+2_RB3-_S04_Backward,14678,13553,92.335468
2026,W+2_RB3-_S04_Forward,14241,14072,98.813286
2026,W+2_RB3-_S05_Backward,14556,14077,96.709261
2026,W+2_RB3-_S05_Forward,14792,14489,97.951595
2026,W+2_RB3-_S06_Backward,15054,14372,95.469643
2026,W+2_RB3-_S06_Forward,14624,14041,96.013403
2026,W+2_RB3-_S07_Backward,14853,14628,98.485155
2026,W+2_RB3-_S07_Forward,14593,14190,97.238402
2026,W+2_RB3-_S08_Backward,15135,14915,98.546416
2026,W+2_RB3-_S08_Forward,14811,14063,94.949700
2026,W+2_RB3-_S09_Backward,0,0,
2026,W+2_RB3-_S09_Forward,0,0,
2026,W+2_RB3-_S10_Backward,14185,11566,81.536835
2026,W+2_RB3-_S10_Forward,13850,12750,92.057762
2026,W+2_RB3-_S11_Backward,0,0,
2026,W+2_RB3-_S11_Forward,0,0,
2026,W+2_RB3-_S12_Backward,0,0,
2026,W+2_RB3-_S12_Forward,0,0,
2026,W+2_RB4++_S04_Backward,10172,9817,96.510028
2026,W+2_RB4++_S04_Forward,10209,9904,97.012440
2026,W+2_RB4+_S01_Backward,0,0,
2026,W+2_RB4+_S01_Forward,15656,15259,97.464231
2026,W+2_RB4+_S02_Backward,15664,15286,97.586823
2026,W+2_RB4+_S02_Forward,15226,14920,97.990280
2026,W+2_RB4+_S03_Backward,15591,15120,96.979026
2026,W+2_RB4+_S03_Forward,14898,14497,97.308364
2026,W+2_RB4+_S04_Backward,11461,11187,97.609284
2026,W+2_RB4+_S04_Forward,11061,10720,96.917096
2026,W+2_RB4+_S05_Backward,14976,14631,97.696314
2026,W+2_RB4+_S05_Forward,14807,14437,97.501182
2026,W+2_RB4+_S06_Backward,15059,14439,95.882861
2026,W+2_RB4+_S06_Forward,14914,14365,96.318895
2026,W+2_RB4+_S07_Backward,14979,14840,99.072034
2026,W+2_RB4+_S07_Forward,15239,14923,97.926373
2026,W+2_RB4+_S08_Backward,0,0,
2026,W+2_RB4+_S08_Forward,0,0,
2026,W+2_RB4+_S10_Backward,18215,17821,97.836948
2026,W+2_RB4+_S10_Forward,18395,18011,97.912476
2026,W+2_RB4+_S12_Backward,15185,14927,98.300955
2026,W+2_RB4+_S12_Forward,15020,14499,96.531292
2026,W+2_RB4--_S04_Backward,10136,9690,95.599842
2026,W+2_RB4--_S04_Forward,10233,9979,97.517834
2026,W+2_RB4-_S01_Backward,14573,12566,86.227956
2026,W+2_RB4-_S01_Forward,14351,11941,83.206745
2026,W+2_RB4-_S02_Backward,14666,14442,98.472658
2026,W+2_RB4-_S02_Forward,14500,13496,93.075862
2026,W+2_RB4-_S03_Backward,14590,13918,95.394106
2026,W+2_RB4-_S03_Forward,14211,13552,95.362747
2026,W+2_RB4-_S04_Backward,11681,11231,96.147590
2026,W+2_RB4-_S04_Forward,11012,10666,96.857973
2026,W+2_RB4-_S05_Backward,15827,14868,93.940734
2026,W+2_RB4-_S05_Forward,15529,14869,95.749887
2026,W+2_RB4-_S06_Backward,16227,15850,97.676712
2026,W+2_RB4-_S06_Forward,15790,15140,95.883471
2026,W+2_RB4-_S07_Backward,16089,15673,97.414382
2026,W+2_RB4-_S07_Forward,15493,15309,98.812367
2026,W+2_RB4-_S08_Backward,15823,15267,96.486128
2026,W+2_RB4-_S08_Forward,15765,15303,97.069458
2026,W+2_RB4-_S10_Backward,19014,17396,91.490481
2026,W+2_RB4-_S10_Forward,18812,17618,93.652987
2026,W+2_RB4-_S12_Backward,10621,10345,97.401375
2026,W+2_RB4-_S12_Forward,10770,9518,88.375116
2026,W+2_RB4_S09_Backward,15403,14772,95.903395
2026,W+2_RB4_S09_Forward,15268,14844,97.222950
2026,W+2_RB4_S11_Backward,15668,15048,96.042890
2026,W+2_RB4_S11_Forward,15022,12637,84.123286
2026,W-1_RB1in_S01_Backward,52008,50910,97.888786
2026,W-1_RB1in_S01_Forward,48252,46899,97.195971
2026,W-1_RB1in_S02_Backward,51391,41741,81.222393
2026,W-1_RB1in_S02_Forward,47491,44782,94.295761
2026,W-1_RB1in_S03_Backward,0,0,
2026,W-1_RB1in_S03_Forward,0,0,
2026,W-1_RB1in_S04_Backward,52590,49636,94.382963
2026,W-1_RB1in_S04_Forward,48099,45252,94.080958
2026,W-1_RB1in_S05_Backward,0,0,
2026,W-1_RB1in_S05_Forward,0,0,
2026,W-1_RB1in_S06_Backward,53030,51506,97.126155
2026,W-1_RB1in_S06_Forward,48426,47435,97.953579
2026,W-1_RB1in_S07_Backward,50899,49591,97.430205
2026,W-1_RB1in_S07_Forward,46765,45921,98.195231
2026,W-1_RB1in_S08_Backward,52083,48943,93.971161
2026,W-1_RB1in_S08_Forward,47879,47211,98.604816
2026,W-1_RB1in_S09_Backward,52337,42705,81.596194
2026,W-1_RB1in_S09_Forward,47392,46266,97.624072
2026,W-1_RB1in_S10_Backward,50817,49055,96.532656
2026,W-1_RB1in_S10_Forward,46325,45307,97.802482
2026,W-1_RB1in_S11_Backward,0,0,
2026,W-1_RB1in_S11_Forward,0,0,
2026,W-1_RB1in_S12_Backward,51607,49851,96.597361
2026,W-1_RB1in_S12_Forward,47939,46884,97.799287
2026,W-1_RB1out_S01_Backward,45378,44255,97.525232
2026,W-1_RB1out_S01_Forward,42342,41499,98.009069
2026,W-1_RB1out_S02_Backward,44835,39709,88.566968
2026,W-1_RB1out_S02_Forward,41591,38125,91.666466
2026,W-1_RB1out_S03_Backward,0,0,
2026,W-1_RB1out_S03_Forward,0,0,
2026,W-1_RB1out_S04_Backward,0,0,
2026,W-1_RB1out_S04_Forward,42322,39264,92.774444
2026,W-1_RB1out_S05_Backward,0,0,
2026,W-1_RB1out_S05_Forward,0,0,
2026,W-1_RB1out_S06_Backward,46076,44731,97.080910
2026,W-1_RB1out_S06_Forward,42574,41844,98.285338
2026,W-1_RB1out_S07_Backward,44624,43407,97.272768
2026,W-1_RB1out_S07_Forward,40756,40048,98.262832
2026,W-1_RB1out_S08_Backward,0,0,
2026,W-1_RB1out_S08_Forward,0,0,
2026,W-1_RB1out_S09_Backward,45757,44528,97.314072
2026,W-1_RB1out_S09_Forward,41702,40930,98.148770
2026,W-1_RB1out_S10_Backward,44435,42785,96.286711
2026,W-1_RB1out_S10_Forward,41135,40391,98.191321
2026,W-1_RB1out_S11_Backward,38827,33808,87.073428
2026,W-1_RB1out_S11_Forward,36086,35278,97.760905
2026,W-1_RB1out_S12_Backward,45072,39921,88.571619
2026,W-1_RB1out_S12_Forward,42165,37228,88.291237
2026,W-1_RB2in_S01_Backward,0,0,
2026,W-1_RB2in_S01_Forward,0,0,
2026,W-1_RB2in_S01_Middle,0,0,
2026,W-1_RB2in_S02_Backward,28441,27489,96.652720
2026,W-1_RB2in_S02_Forward,27206,26537,97.540984
2026,W-1_RB2in_S02_Middle,27361,26779,97.872885
2026,W-1_RB2in_S03_Backward,18885,18477,97.839555
2026,W-1_RB2in_S03_Forward,19243,18664,96.991114
2026,W-1_RB2in_S03_Middle,26800,26060,97.238806
2026,W-1_RB2in_S04_Backward,29517,24279,82.254294
2026,W-1_RB2in_S04_Forward,27664,25176,91.006362
2026,W-1_RB2in_S04_Middle,28013,25402,90.679327
2026,W-1_RB2in_S05_Backward,0,0,
2026,W-1_RB2in_S05_Forward,0,0,
2026,W-1_RB2in_S05_Middle,0,0,
2026,W-1_RB2in_S06_Backward,29283,15544,53.081993
2026,W-1_RB2in_S06_Forward,28130,27210,96.729470
2026,W-1_RB2in_S06_Middle,28275,25975,91.865606
2026,W-1_RB2in_S07_Backward,29168,27750,95.138508
2026,W-1_RB2in_S07_Forward,26666,22978,86.169654
2026,W-1_RB2in_S07_Middle,27482,25474,92.693399
2026,W-1_RB2in_S08_Backward,28891,27956,96.763698
2026,W-1_RB2in_S08_Forward,27775,27245,98.091809
2026,W-1_RB2in_S08_Middle,27689,27136,98.002817
2026,W-1_RB2in_S09_Backward,29295,28592,97.600273
2026,W-1_RB2in_S09_Forward,27334,26842,98.200044
2026,W-1_RB2in_S09_Middle,27562,26607,96.535085
2026,W-1_RB2in_S10_Backward,28608,27973,97.780341
2026,W-1_RB2in_S10_Forward,26791,26255,97.999328
2026,W-1_RB2in_S10_Middle,27437,26502,96.592193
2026,W-1_RB2in_S11_Backward,0,0,
2026,W-1_RB2in_S11_Forward,0,0,
2026,W-1_RB2in_S11_Middle,0,0,
2026,W-1_RB2in_S12_Backward,0,0,
2026,W-1_RB2in_S12_Forward,0,0,
2026,W-1_RB2in_S12_Middle,0,0,
2026,W-1_RB2out_S01_Backward,41828,39591,94.651908
2026,W-1_RB2out_S01_Forward,39812,39112,98.241736
2026,W-1_RB2out_S02_Backward,41080,40043,97.475657
2026,W-1_RB2out_S02_Forward,39665,38149,96.177991
2026,W-1_RB2out_S03_Backward,32426,31305,96.542898
2026,W-1_RB2out_S03_Forward,32097,31251,97.364240
2026,W-1_RB2out_S04_Backward,0,0,
2026,W-1_RB2out_S04_Forward,40289,37562,93.231403
2026,W-1_RB2out_S05_Backward,40496,39432,97.372580
2026,W-1_RB2out_S05_Forward,38803,38035,98.020772
2026,W-1_RB2out_S06_Backward,0,0,
2026,W-1_RB2out_S06_Forward,0,0,
2026,W-1_RB2out_S07_Backward,0,0,
2026,W-1_RB2out_S07_Forward,0,0,
2026,W-1_RB2out_S08_Backward,41846,39767,95.031783
2026,W-1_RB2out_S08_Forward,40116,39495,98.451989
2026,W-1_RB2out_S09_Backward,42150,40917,97.074733
2026,W-1_RB2out_S09_Forward,39614,17124,43.227142
2026,W-1_RB2out_S10_Backward,41200,36646,88.946602
2026,W-1_RB2out_S10_Forward,39158,38157,97.443690
2026,W-1_RB2out_S11_Backward,0,0,
2026,W-1_RB2out_S11_Forward,0,0,
2026,W-1_RB2out_S12_Backward,0,0,
2026,W-1_RB2out_S12_Forward,0,0,
2026,W-1_RB3+_S01_Backward,0,0,
2026,W-1_RB3+_S01_Forward,0,0,
2026,W-1_RB3+_S02_Backward,0,0,
2026,W-1_RB3+_S02_Forward,0,0,
2026,W-1_RB3+_S03_Backward,0,0,
2026,W-1_RB3+_S03_Forward,0,0,
2026,W-1_RB3+_S04_Backward,0,0,
2026,W-1_RB3+_S04_Forward,0,0,
2026,W-1_RB3+_S05_Backward,0,0,
2026,W-1_RB3+_S05_Forward,0,0,
2026,W-1_RB3+_S06_Backward,0,0,
2026,W-1_RB3+_S06_Forward,0,0,
2026,W-1_RB3+_S07_Backward,0,0,
2026,W-1_RB3+_S07_Forward,0,0,
2026,W-1_RB3+_S08_Backward,0,0,
2026,W-1_RB3+_S08_Forward,0,0,
2026,W-1_RB3+_S09_Backward,0,0,
2026,W-1_RB3+_S09_Forward,0,0,
2026,W-1_RB3+_S10_Backward,0,0,
2026,W-1_RB3+_S10_Forward,0,0,
2026,W-1_RB3+_S11_Backward,0,0,
2026,W-1_RB3+_S11_Forward,0,0,
2026,W-1_RB3+_S12_Backward,0,0,
2026,W-1_RB3+_S12_Forward,0,0,
2026,W-1_RB3-_S01_Backward,0,0,
2026,W-1_RB3-_S01_Forward,0,0,
2026,W-1_RB3-_S02_Backward,0,0,
2026,W-1_RB3-_S02_Forward,0,0,
2026,W-1_RB3-_S03_Backward,0,0,
2026,W-1_RB3-_S03_Forward,0,0,
2026,W-1_RB3-_S04_Backward,0,0,
2026,W-1_RB3-_S04_Forward,0,0,
2026,W-1_RB3-_S05_Backward,0,0,
2026,W-1_RB3-_S05_Forward,0,0,
2026,W-1_RB3-_S06_Backward,0,0,
2026,W-1_RB3-_S06_Forward,0,0,
2026,W-1_RB3-_S07_Backward,0,0,
2026,W-1_RB3-_S07_Forward,0,0,
2026,W-1_RB3-_S08_Backward,0,0,
2026,W-1_RB3-_S08_Forward,0,0,
2026,W-1_RB3-_S09_Backward,0,0,
2026,W-1_RB3-_S09_Forward,0,0,
2026,W-1_RB3-_S10_Backward,0,0,
2026,W-1_RB3-_S10_Forward,0,0,
2026,W-1_RB3-_S11_Backward,0,0,
2026,W-1_RB3-_S11_Forward,0,0,
2026,W-1_RB3-_S12_Backward,0,0,
2026,W-1_RB3-_S12_Forward,0,0,
2026,W-1_RB4++_S04_Backward,13364,13165,98.510925
2026,W-1_RB4++_S04_Forward,12051,11689,96.996100
2026,W-1_RB4+_S01_Backward,0,0,
2026,W-1_RB4+_S01_Forward,0,0,
2026,W-1_RB4+_S02_Backward,0,0,
2026,W-1_RB4+_S02_Forward,0,0,
2026,W-1_RB4+_S03_Backward,0,0,
2026,W-1_RB4+_S03_Forward,0,0,
2026,W-1_RB4+_S04_Backward,0,0,
2026,W-1_RB4+_S04_Forward,0,0,
2026,W-1_RB4+_S05_Backward,0,0,
2026,W-1_RB4+_S05_Forward,0,0,
2026,W-1_RB4+_S06_Backward,20117,19284,95.859224
2026,W-1_RB4+_S06_Forward,18188,17410,95.722454
2026,W-1_RB4+_S07_Backward,0,0,
2026,W-1_RB4+_S07_Forward,0,0,
2026,W-1_RB4+_S08_Backward,0,0,
2026,W-1_RB4+_S08_Forward,0,0,
2026,W-1_RB4+_S10_Backward,0,0,
2026,W-1_RB4+_S10_Forward,0,0,
2026,W-1_RB4+_S12_Backward,0,0,
2026,W-1_RB4+_S12_Forward,0,0,
2026,W-1_RB4--_S04_Backward,0,0,
2026,W-1_RB4--_S04_Forward,0,0,
2026,W-1_RB4-_S01_Backward,0,0,
2026,W-1_RB4-_S01_Forward,0,0,
2026,W-1_RB4-_S02_Backward,0,0,
2026,W-1_RB4-_S02_Forward,0,0,
2026,W-1_RB4-_S03_Backward,0,0,
2026,W-1_RB4-_S03_Forward,0,0,
2026,W-1_RB4-_S04_Backward,0,0,
2026,W-1_RB4-_S04_Forward,0,0,
2026,W-1_RB4-_S05_Backward,0,0,
2026,W-1_RB4-_S05_Forward,0,0,
2026,W-1_RB4-_S06_Backward,20464,15895,77.672987
2026,W-1_RB4-_S06_Forward,19745,11973,60.638136
2026,W-1_RB4-_S07_Backward,0,0,
2026,W-1_RB4-_S07_Forward,0,0,
2026,W-1_RB4-_S08_Backward,19771,19172,96.970310
2026,W-1_RB4-_S08_Forward,19376,18879,97.434971
2026,W-1_RB4-_S10_Backward,0,0,
2026,W-1_RB4-_S10_Forward,0,0,
2026,W-1_RB4-_S12_Backward,0,0,
2026,W-1_RB4-_S12_Forward,0,0,
2026,W-1_RB4_S09_Backward,19960,16714,83.737475
2026,W-1_RB4_S09_Forward,18899,15092,79.856077
2026,W-1_RB4_S11_Backward,0,0,
2026,W-1_RB4_S11_Forward,0,0,
2026,W-2_RB1in_S01_Backward,35832,34798,97.114311
2026,W-2_RB1in_S01_Forward,31315,30648,97.870030
2026,W-2_RB1in_S02_Backward,0,0,
2026,W-2_RB1in_S02_Forward,0,0,
2026,W-2_RB1in_S03_Backward,36303,35549,97.923037
2026,W-2_RB1in_S03_Forward,0,0,
2026,W-2_RB1in_S04_Backward,36126,35208,97.458894
2026,W-2_RB1in_S04_Forward,30896,29607,95.827939
2026,W-2_RB1in_S05_Backward,34802,33556,96.419746
2026,W-2_RB1in_S05_Forward,30122,29839,99.060487
2026,W-2_RB1in_S06_Backward,37673,36671,97.340270
2026,W-2_RB1in_S06_Forward,30383,29898,98.403713
2026,W-2_RB1in_S07_Backward,35266,34095,96.679521
2026,W-2_RB1in_S07_Forward,30610,25315,82.701731
2026,W-2_RB1in_S08_Backward,35476,34139,96.231255
2026,W-2_RB1in_S08_Forward,30288,29133,96.186609
2026,W-2_RB1in_S09_Backward,34550,33415,96.714906
2026,W-2_RB1in_S09_Forward,30274,29767,98.325296
2026,W-2_RB1in_S10_Backward,32756,31127,95.026865
2026,W-2_RB1in_S10_Forward,29198,25137,86.091513
2026,W-2_RB1in_S11_Backward,22614,16587,73.348368
2026,W-2_RB1in_S11_Forward,22349,21885,97.923844
2026,W-2_RB1in_S12_Backward,0,0,
2026,W-2_RB1in_S12_Forward,0,0,
2026,W-2_RB1out_S01_Backward,0,0,
2026,W-2_RB1out_S01_Forward,0,0,
2026,W-2_RB1out_S02_Backward,0,0,
2026,W-2_RB1out_S02_Forward,0,0,
2026,W-2_RB1out_S03_Backward,0,0,
2026,W-2_RB1out_S03_Forward,0,0,
2026,W-2_RB1out_S04_Backward,33601,28045,83.464778
2026,W-2_RB1out_S04_Forward,28574,25350,88.717015
2026,W-2_RB1out_S05_Backward,0,0,
2026,W-2_RB1out_S05_Forward,0,0,
2026,W-2_RB1out_S06_Backward,34553,34097,98.680288
2026,W-2_RB1out_S06_Forward,28426,26943,94.782945
2026,W-2_RB1out_S07_Backward,32665,29353,89.860707
2026,W-2_RB1out_S07_Forward,27924,26647,95.426873
2026,W-2_RB1out_S08_Backward,0,0,
2026,W-2_RB1out_S08_Forward,0,0,
2026,W-2_RB1out_S09_Backward,31894,28202,88.424155
2026,W-2_RB1out_S09_Forward,27545,24379,88.506081
2026,W-2_RB1out_S10_Backward,0,0,
2026,W-2_RB1out_S10_Forward,0,0,
2026,W-2_RB1out_S11_Backward,24721,22863,92.484123
2026,W-2_RB1out_S11_Forward,16781,16543,98.581729
2026,W-2_RB1out_S12_Backward,0,0,
2026,W-2_RB1out_S12_Forward,0,0,
2026,W-2_RB2in_S01_Backward,35642,34203,95.962628
2026,W-2_RB2in_S01_Forward,31258,30559,97.763772
2026,W-2_RB2in_S02_Backward,35686,34930,97.881522
2026,W-2_RB2in_S02_Forward,30449,29352,96.397254
2026,W-2_RB2in_S03_Backward,0,0,
2026,W-2_RB2in_S03_Forward,0,0,
2026,W-2_RB2in_S04_Backward,0,0,
2026,W-2_RB2in_S04_Forward,0,0,
2026,W-2_RB2in_S05_Backward,0,0,
2026,W-2_RB2in_S05_Forward,0,0,
2026,W-2_RB2in_S06_Backward,0,0,
2026,W-2_RB2in_S06_Forward,0,0,
2026,W-2_RB2in_S07_Backward,35790,35308,98.653255
2026,W-2_RB2in_S07_Forward,31293,26665,85.210750
2026,W-2_RB2in_S08_Backward,36063,34876,96.708538
2026,W-2_RB2in_S08_Forward,31075,30039,96.666130
2026,W-2_RB2in_S09_Backward,0,0,
2026,W-2_RB2in_S09_Forward,0,0,
2026,W-2_RB2in_S10_Backward,35272,34274,97.170560
2026,W-2_RB2in_S10_Forward,30306,29210,96.383554
2026,W-2_RB2in_S11_Backward,30411,29226,96.103384
2026,W-2_RB2in_S11_Forward,17063,16638,97.509230
2026,W-2_RB2in_S12_Backward,35104,32884,93.675934
2026,W-2_RB2in_S12_Forward,30275,29874,98.675475
2026,W-2_RB2out_S01_Backward,0,0,
2026,W-2_RB2out_S01_Forward,0,0,
2026,W-2_RB2out_S01_Middle,0,0,
2026,W-2_RB2out_S02_Backward,19227,18872,98.153638
2026,W-2_RB2out_S02_Forward,17327,17084,98.597564
2026,W-2_RB2out_S02_Middle,19088,18312,95.934619
2026,W-2_RB2out_S03_Backward,0,0,
2026,W-2_RB2out_S03_Forward,0,0,
2026,W-2_RB2out_S03_Middle,0,0,
2026,W-2_RB2out_S04_Backward,0,0,
2026,W-2_RB2out_S04_Forward,0,0,
2026,W-2_RB2out_S04_Middle,0,0,
2026,W-2_RB2out_S05_Backward,0,0,
2026,W-2_RB2out_S05_Forward,0,0,
2026,W-2_RB2out_S05_Middle,0,0,
2026,W-2_RB2out_S06_Backward,0,0,
2026,W-2_RB2out_S06_Forward,0,0,
2026,W-2_RB2out_S06_Middle,0,0,
2026,W-2_RB2out_S07_Backward,0,0,
2026,W-2_RB2out_S07_Forward,0,0,
2026,W-2_RB2out_S07_Middle,0,0,
2026,W-2_RB2out_S08_Backward,19510,18889,96.817017
2026,W-2_RB2out_S08_Forward,17672,17241,97.561114
2026,W-2_RB2out_S08_Middle,19278,18662,96.804648
2026,W-2_RB2out_S09_Backward,0,0,
2026,W-2_RB2out_S09_Forward,0,0,
2026,W-2_RB2out_S09_Middle,0,0,
2026,W-2_RB2out_S10_Backward,0,0,
2026,W-2_RB2out_S10_Forward,0,0,
2026,W-2_RB2out_S10_Middle,0,0,
2026,W-2_RB2out_S11_Backward,0,0,
2026,W-2_RB2out_S11_Forward,0,0,
2026,W-2_RB2out_S11_Middle,0,0,
2026,W-2_RB2out_S12_Backward,18940,18464,97.486800
2026,W-2_RB2out_S12_Forward,17218,16904,98.176327
2026,W-2_RB2out_S12_Middle,18810,17978,95.576821
2026,W-2_RB3+_S01_Backward,14608,14131,96.734666
2026,W-2_RB3+_S01_Forward,14822,14575,98.333558
2026,W-2_RB3+_S02_Backward,0,0,
2026,W-2_RB3+_S02_Forward,0,0,
2026,W-2_RB3+_S03_Backward,0,0,
2026,W-2_RB3+_S03_Forward,0,0,
2026,W-2_RB3+_S04_Backward,14303,13847,96.811858
2026,W-2_RB3+_S04_Forward,14929,14518,97.246969
2026,W-2_RB3+_S05_Backward,0,0,
2026,W-2_RB3+_S05_Forward,0,0,
2026,W-2_RB3+_S06_Backward,0,0,
2026,W-2_RB3+_S06_Forward,0,0,
2026,W-2_RB3+_S07_Backward,13799,12769,92.535691
2026,W-2_RB3+_S07_Forward,14431,12843,88.995912
2026,W-2_RB3+_S08_Backward,0,0,
2026,W-2_RB3+_S08_Forward,0,0,
2026,W-2_RB3+_S09_Backward,0,0,
2026,W-2_RB3+_S09_Forward,0,0,
2026,W-2_RB3+_S10_Backward,0,0,
2026,W-2_RB3+_S10_Forward,0,0,
2026,W-2_RB3+_S11_Backward,0,0,
2026,W-2_RB3+_S11_Forward,0,0,
2026,W-2_RB3+_S12_Backward,14664,14316,97.626841
2026,W-2_RB3+_S12_Forward,15446,14833,96.031335
2026,W-2_RB3-_S01_Backward,0,0,
2026,W-2_RB3-_S01_Forward,0,0,
2026,W-2_RB3-_S02_Backward,0,0,
2026,W-2_RB3-_S02_Forward,0,0,
2026,W-2_RB3-_S03_Backward,0,0,
2026,W-2_RB3-_S03_Forward,0,0,
2026,W-2_RB3-_S04_Backward,0,0,
2026,W-2_RB3-_S04_Forward,0,0,
2026,W-2_RB3-_S05_Backward,0,0,
2026,W-2_RB3-_S05_Forward,0,0,
2026,W-2_RB3-_S06_Backward,14933,12669,84.838947
2026,W-2_RB3-_S06_Forward,15543,15164,97.561603
2026,W-2_RB3-_S07_Backward,14888,9359,62.862708
2026,W-2_RB3-_S07_Forward,14509,11641,80.232959
2026,W-2_RB3-_S08_Backward,15057,13972,92.794049
2026,W-2_RB3-_S08_Forward,14477,14282,98.653036
2026,W-2_RB3-_S09_Backward,14816,14404,97.219222
2026,W-2_RB3-_S09_Forward,13791,13477,97.723153
2026,W-2_RB3-_S10_Backward,0,0,
2026,W-2_RB3-_S10_Forward,0,0,
2026,W-2_RB3-_S11_Backward,0,0,
2026,W-2_RB3-_S11_Forward,0,0,
2026,W-2_RB3-_S12_Backward,0,0,
2026,W-2_RB3-_S12_Forward,0,0,
2026,W-2_RB4++_S04_Backward,10091,9890,98.008126
2026,W-2_RB4++_S04_Forward,10116,8948,88.453934
2026,W-2_RB4+_S01_Backward,0,0,
2026,W-2_RB4+_S01_Forward,0,0,
2026,W-2_RB4+_S02_Backward,15873,14270,89.901090
2026,W-2_RB4+_S02_Forward,15377,14562,94.699876
2026,W-2_RB4+_S03_Backward,15754,14897,94.560112
2026,W-2_RB4+_S03_Forward,15631,14959,95.700851
2026,W-2_RB4+_S04_Backward,0,0,
2026,W-2_RB4+_S04_Forward,0,0,
2026,W-2_RB4+_S05_Backward,0,0,
2026,W-2_RB4+_S05_Forward,0,0,
2026,W-2_RB4+_S06_Backward,14896,14581,97.885338
2026,W-2_RB4+_S06_Forward,15133,14303,94.515298
2026,W-2_RB4+_S07_Backward,0,0,
2026,W-2_RB4+_S07_Forward,0,0,
2026,W-2_RB4+_S08_Backward,0,0,
2026,W-2_RB4+_S08_Forward,0,0,
2026,W-2_RB4+_S10_Backward,18391,17808,96.829971
2026,W-2_RB4+_S10_Forward,18520,18295,98.785097
2026,W-2_RB4+_S12_Backward,15852,12020,75.826394
2026,W-2_RB4+_S12_Forward,15436,12662,82.029023
2026,W-2_RB4--_S04_Backward,0,0,
2026,W-2_RB4--_S04_Forward,0,0,
2026,W-2_RB4-_S01_Backward,0,0,
2026,W-2_RB4-_S01_Forward,0,0,
2026,W-2_RB4-_S02_Backward,14929,14018,93.897783
2026,W-2_RB4-_S02_Forward,14950,14232,95.197324
2026,W-2_RB4-_S03_Backward,14623,10140,69.342816
2026,W-2_RB4-_S03_Forward,14953,8783,58.737377
2026,W-2_RB4-_S04_Backward,0,0,
2026,W-2_RB4-_S04_Forward,0,0,
2026,W-2_RB4-_S05_Backward,0,0,
2026,W-2_RB4-_S05_Forward,0,0,
2026,W-2_RB4-_S06_Backward,16221,15801,97.410764
2026,W-2_RB4-_S06_Forward,15621,12822,82.081813
2026,W-2_RB4-_S07_Backward,0,0,
2026,W-2_RB4-_S07_Forward,0,0,
2026,W-2_RB4-_S08_Backward,16111,13964,86.673701
2026,W-2_RB4-_S08_Forward,15799,15322,96.980822
2026,W-2_RB4-_S10_Backward,19324,18812,97.350445
2026,W-2_RB4-_S10_Forward,19444,19067,98.061099
2026,W-2_RB4-_S12_Backward,0,0,
2026,W-2_RB4-_S12_Forward,0,0,
2026,W-2_RB4_S09_Backward,0,0,
2026,W-2_RB4_S09_Forward,0,0,
2026,W-2_RB4_S11_Backward,0,0,
2026,W-2_RB4_S11_Forward,0,0,
