year,roll_name,total,passed,efficiency
2023,RE+1_R2_CH01_A,3906,3872,99.129544
2023,RE+1_R2_CH01_B,3698,3575,96.673878
2023,RE+1_R2_CH01_C,7885,4713,59.771718
2023,RE+1_R2_CH02_A,3854,3760,97.560976
2023,RE+1_R2_CH02_B,3589,3535,98.495403
2023,RE+1_R2_CH02_C,8028,7855,97.845042
2023,RE+1_R2_CH03_A,3793,3744,98.708147
2023,RE+1_R2_CH03_B,3526,3445,97.702779
2023,RE+1_R2_CH03_C,8033,7897,98.306984
2023,RE+1_R2_CH04_A,3746,3707,98.958889
2023,RE+1_R2_CH04_B,3592,3486,97.048998
2023,RE+1_R2_CH04_C,7972,7866,98.670346
2023,RE+1_R2_CH05_A,3913,3742,95.629951
2023,RE+1_R2_CH05_B,3713,3153,84.917856
2023,RE+1_R2_CH05_C,8078,6455,79.908393
2023,RE+1_R2_CH06_A,3821,3698,96.780947
2023,RE+1_R2_CH06_B,3583,3069,85.654479
2023,RE+1_R2_CH06_C,8368,8245,98.530115
2023,RE+1_R2_CH07_A,3768,3695,98.062633
2023,RE+1_R2_CH07_B,3527,3414,96.796144
2023,RE+1_R2_CH07_C,7955,7677,96.505343
2023,RE+1_R2_CH08_A,3829,3727,97.336119
2023,RE+1_R2_CH08_B,3681,3488,94.756860
2023,RE+1_R2_CH08_C,8118,7808,96.181325
2023,RE+1_R2_CH09_A,3867,3835,99.172485
2023,RE+1_R2_CH09_B,3608,3442,95.399113
2023,RE+1_R2_CH09_C,7949,7591,95.496289
2023,RE+1_R2_CH10_A,3922,3740,95.359510
2023,RE+1_R2_CH10_B,3721,3572,95.995700
2023,RE+1_R2_CH10_C,8231,8071,98.056129
2023,RE+1_R2_CH11_A,3829,1899,49.595195
2023,RE+1_R2_CH11_B,3576,1371,38.338926
2023,RE+1_R2_CH11_C,7973,3214,40.311050
2023,RE+1_R2_CH12_A,3747,3716,99.172671
2023,RE+1_R2_CH12_B,3639,3550,97.554273
2023,RE+1_R2_CH12_C,8109,7935,97.854236
2023,RE+1_R2_CH13_A,3823,3795,99.267591
2023,RE+1_R2_CH13_B,3515,3456,98.321479
2023,RE+1_R2_CH13_C,7885,7795,98.858592
2023,RE+1_R2_CH14_A,3813,3183,83.477577
2023,RE+1_R2_CH14_B,3751,3351,89.336177
2023,RE+1_R2_CH14_C,8185,7176,87.672572
2023,RE+1_R2_CH15_A,3811,3759,98.635529
2023,RE+1_R2_CH15_B,3662,3603,98.388859
2023,RE+1_R2_CH15_C,7875,7527,95.580952
2023,RE+1_R2_CH16_A,3875,3730,96.258065
2023,RE+1_R2_CH16_B,3617,3161,87.392867
2023,RE+1_R2_CH16_C,8078,7811,96.694726
2023,RE+1_R2_CH17_A,3793,3361,88.610598
2023,RE+1_R2_CH17_B,3535,3507,99.207921
2023,RE+1_R2_CH17_C,7962,7334,92.112535
2023,RE+1_R2_CH18_A,3670,3630,98.910082
2023,RE+1_R2_CH18_B,3495,3351,95.879828
2023,RE+1_R2_CH18_C,7854,7660,97.529921
2023,RE+1_R2_CH19_A,3939,3895,98.882965
2023,RE+1_R2_CH19_B,3696,3642,98.538961
2023,RE+1_R2_CH19_C,7936,7616,95.967742
2023,RE+1_R2_CH20_A,3715,3618,97.388964
2023,RE+1_R2_CH20_B,3662,3440,93.937739
2023,RE+1_R2_CH20_C,8131,7885,96.974542
2023,RE+1_R2_CH21_A,4717,3951,83.760865
2023,RE+1_R2_CH21_B,4313,3988,92.464642
2023,RE+1_R2_CH21_C,9273,7797,84.082821
2023,RE+1_R2_CH22_A,3784,3716,98.202960
2023,RE+1_R2_CH22_B,3822,3650,95.499738
2023,RE+1_R2_CH22_C,8085,7733,95.646259
2023,RE+1_R2_CH23_A,3769,3383,89.758557
2023,RE+1_R2_CH23_B,3688,3568,96.746204
2023,RE+1_R2_CH23_C,8064,7561,93.762401
2023,RE+1_R2_CH24_A,3753,3705,98.721023
2023,RE+1_R2_CH24_B,3546,3517,99.182177
2023,RE+1_R2_CH24_C,7823,7697,98.389365
2023,RE+1_R2_CH25_A,3713,1921,51.737140
2023,RE+1_R2_CH25_B,3487,3421,98.107256
2023,RE+1_R2_CH25_C,7731,7666,99.159229
2023,RE+1_R2_CH26_A,3591,3546,98.746867
2023,RE+1_R2_CH26_B,3474,3407,98.071387
2023,RE+1_R2_CH26_C,7861,7800,99.224017
2023,RE+1_R2_CH27_A,3737,3666,98.100080
2023,RE+1_R2_CH27_B,3514,3433,97.694935
2023,RE+1_R2_CH27_C,7911,7743,97.876375
2023,RE+1_R2_CH28_A,3794,3653,96.283606
2023,RE+1_R2_CH28_B,3574,3541,99.076665
2023,RE+1_R2_CH28_C,7830,7720,98.595147
2023,RE+1_R2_CH29_A,3828,2726,71.212121
2023,RE+1_R2_CH29_B,3616,3571,98.755531
2023,RE+1_R2_CH29_C,7897,7758,98.239838
2023,RE+1_R2_CH30_A,3599,3547,98.555154
2023,RE+1_R2_CH30_B,3299,3232,97.969082
2023,RE+1_R2_CH30_C,7719,7536,97.629227
2023,RE+1_R2_CH31_A,3818,3796,99.423782
2023,RE+1_R2_CH31_B,3439,3354,97.528351
2023,RE+1_R2_CH31_C,7875,7784,98.844444
2023,RE+1_R2_CH32_A,3583,3366,93.943623
2023,RE+1_R2_CH32_B,3480,3266,93.850575
2023,RE+1_R2_CH32_C,7661,7066,92.233390
2023,RE+1_R2_CH33_A,3741,3589,95.936915
2023,RE+1_R2_CH33_B,3617,3442,95.161736
2023,RE+1_R2_CH33_C,8126,7671,94.400689
2023,RE+1_R2_CH34_A,3871,3846,99.354172
2023,RE+1_R2_CH34_B,3589,3567,99.387016
2023,RE+1_R2_CH34_C,8018,7901,98.540783
2023,RE+1_R2_CH35_A,0,0,
2023,RE+1_R2_CH35_B,0,0,
2023,RE+1_R2_CH35_C,0,0,
2023,RE+1_R2_CH36_A,3826,3178,83.063251
2023,RE+1_R2_CH36_B,3596,3234,89.933259
2023,RE+1_R2_CH36_C,7892,7161,90.737456
2023,RE+1_R3_CH01_A,1710,1576,92.163743
2023,RE+1_R3_CH01_B,4654,4375,94.005157
2023,RE+1_R3_CH01_C,3484,3351,96.182549
2023,RE+1_R3_CH02_A,1795,1740,96.935933
2023,RE+1_R3_CH02_B,4746,4666,98.314370
2023,RE+1_R3_CH02_C,3417,3359,98.302605
2023,RE+1_R3_CH03_A,1800,1765,98.055556
2023,RE+1_R3_CH03_B,4854,4632,95.426452
2023,RE+1_R3_CH03_C,3534,3390,95.925297
2023,RE+1_R3_CH04_A,0,0,
2023,RE+1_R3_CH04_B,0,0,
2023,RE+1_R3_CH04_C,0,0,
2023,RE+1_R3_CH05_A,1721,1698,98.663568
2023,RE+1_R3_CH05_B,4731,4639,98.055379
2023,RE+1_R3_CH05_C,3413,3308,96.923528
2023,RE+1_R3_CH06_A,1834,1796,97.928026
2023,RE+1_R3_CH06_B,4856,4784,98.517298
2023,RE+1_R3_CH06_C,3832,3729,97.312109
2023,RE+1_R3_CH07_A,1723,1695,98.374927
2023,RE+1_R3_CH07_B,4541,4471,98.458489
2023,RE+1_R3_CH07_C,3517,3445,97.952801
2023,RE+1_R3_CH08_A,1761,1733,98.409994
2023,RE+1_R3_CH08_B,4810,4714,98.004158
2023,RE+1_R3_CH08_C,3463,3175,91.683511
2023,RE+1_R3_CH09_A,1748,1673,95.709382
2023,RE+1_R3_CH09_B,4856,4732,97.446458
2023,RE+1_R3_CH09_C,3669,3581,97.601526
2023,RE+1_R3_CH10_A,1738,1696,97.583429
2023,RE+1_R3_CH10_B,4658,4395,94.353800
2023,RE+1_R3_CH10_C,3535,3279,92.758133
2023,RE+1_R3_CH11_A,1782,1754,98.428732
2023,RE+1_R3_CH11_B,4679,4565,97.563582
2023,RE+1_R3_CH11_C,3558,3482,97.863969
2023,RE+1_R3_CH12_A,1824,1763,96.655702
2023,RE+1_R3_CH12_B,4895,4689,95.791624
2023,RE+1_R3_CH12_C,3832,3278,85.542797
2023,RE+1_R3_CH13_A,1787,1758,98.377168
2023,RE+1_R3_CH13_B,4839,4720,97.540814
2023,RE+1_R3_CH13_C,3709,3561,96.009706
2023,RE+1_R3_CH14_A,2040,1920,94.117647
2023,RE+1_R3_CH14_B,5266,5036,95.632359
2023,RE+1_R3_CH14_C,3655,3390,92.749658
2023,RE+1_R3_CH15_A,0,0,
2023,RE+1_R3_CH15_B,0,0,
2023,RE+1_R3_CH15_C,0,0,
2023,RE+1_R3_CH16_A,1689,1627,96.329189
2023,RE+1_R3_CH16_B,4664,4407,94.489708
2023,RE+1_R3_CH16_C,3503,3318,94.718812
2023,RE+1_R3_CH17_A,1751,1703,97.258709
2023,RE+1_R3_CH17_B,4770,4549,95.366876
2023,RE+1_R3_CH17_C,3429,3298,96.179644
2023,RE+1_R3_CH18_A,1736,1536,88.479263
2023,RE+1_R3_CH18_B,4738,3381,71.359223
2023,RE+1_R3_CH18_C,3879,3380,87.135860
2023,RE+1_R3_CH19_A,1703,1484,87.140341
2023,RE+1_R3_CH19_B,4687,4134,88.201408
2023,RE+1_R3_CH19_C,3586,3135,87.423313
2023,RE+1_R3_CH20_A,1890,1669,88.306878
2023,RE+1_R3_CH20_B,4811,4211,87.528580
2023,RE+1_R3_CH20_C,3464,3027,87.384527
2023,RE+1_R3_CH21_A,1913,1795,93.831678
2023,RE+1_R3_CH21_B,4787,4479,93.565908
2023,RE+1_R3_CH21_C,3725,3477,93.342282
2023,RE+1_R3_CH22_A,1706,1605,94.079719
2023,RE+1_R3_CH22_B,4656,4541,97.530069
2023,RE+1_R3_CH22_C,3542,3351,94.607566
2023,RE+1_R3_CH23_A,1739,1696,97.527315
2023,RE+1_R3_CH23_B,4734,4564,96.408956
2023,RE+1_R3_CH23_C,3462,3353,96.851531
2023,RE+1_R3_CH24_A,1753,1719,98.060468
2023,RE+1_R3_CH24_B,4808,4725,98.273710
2023,RE+1_R3_CH24_C,3784,3695,97.647992
2023,RE+1_R3_CH25_A,1638,1368,83.516484
2023,RE+1_R3_CH25_B,4525,4443,98.187845
2023,RE+1_R3_CH25_C,3336,3261,97.751799
2023,RE+1_R3_CH26_A,1791,1761,98.324958
2023,RE+1_R3_CH26_B,4672,4512,96.575342
2023,RE+1_R3_CH26_C,3396,3331,98.085984
2023,RE+1_R3_CH27_A,1740,1707,98.103448
2023,RE+1_R3_CH27_B,4698,4631,98.573861
2023,RE+1_R3_CH27_C,3516,3399,96.672355
2023,RE+1_R3_CH28_A,1660,1626,97.951807
2023,RE+1_R3_CH28_B,4596,4510,98.128808
2023,RE+1_R3_CH28_C,3387,3133,92.500738
2023,RE+1_R3_CH29_A,1674,1620,96.774194
2023,RE+1_R3_CH29_B,4569,4518,98.883782
2023,RE+1_R3_CH29_C,3483,3390,97.329888
2023,RE+1_R3_CH30_A,1783,1696,95.120583
2023,RE+1_R3_CH30_B,4722,4648,98.432867
2023,RE+1_R3_CH30_C,3746,3519,93.940203
2023,RE+1_R3_CH31_A,1654,1599,96.674728
2023,RE+1_R3_CH31_B,4532,4404,97.175640
2023,RE+1_R3_CH31_C,3396,2903,85.482921
2023,RE+1_R3_CH32_A,1821,1774,97.419001
2023,RE+1_R3_CH32_B,4621,4535,98.138931
2023,RE+1_R3_CH32_C,3387,3319,97.992324
2023,RE+1_R3_CH33_A,1785,1741,97.535014
2023,RE+1_R3_CH33_B,4824,4663,96.662521
2023,RE+1_R3_CH33_C,3676,3516,95.647443
2023,RE+1_R3_CH34_A,1763,1737,98.525241
2023,RE+1_R3_CH34_B,4630,4565,98.596112
2023,RE+1_R3_CH34_C,3443,3377,98.083067
2023,RE+1_R3_CH35_A,1853,1831,98.812736
2023,RE+1_R3_CH35_B,4812,4761,98.940150
2023,RE+1_R3_CH35_C,3456,3306,95.659722
2023,RE+1_R3_CH36_A,1838,1802,98.041349
2023,RE+1_R3_CH36_B,4931,4774,96.816062
2023,RE+1_R3_CH36_C,3808,3594,94.380252
2023,RE+2_R2_CH01_A,4539,4367,96.210619
2023,RE+2_R2_CH01_B,4040,3492,86.435644
2023,RE+2_R2_CH01_C,3613,3326,92.056463
2023,RE+2_R2_CH02_A,4433,4268,96.277916
2023,RE+2_R2_CH02_B,3952,3821,96.685223
2023,RE+2_R2_CH02_C,3734,3468,92.876272
2023,RE+2_R2_CH03_A,4371,2544,58.201784
2023,RE+2_R2_CH03_B,3874,3792,97.883325
2023,RE+2_R2_CH03_C,3713,3663,98.653380
2023,RE+2_R2_CH04_A,4329,4166,96.234696
2023,RE+2_R2_CH04_B,3888,3770,96.965021
2023,RE+2_R2_CH04_C,3776,3672,97.245763
2023,RE+2_R2_CH05_A,4556,4346,95.390694
2023,RE+2_R2_CH05_B,4026,3964,98.460010
2023,RE+2_R2_CH05_C,3707,3583,96.654977
2023,RE+2_R2_CH06_A,4412,4367,98.980054
2023,RE+2_R2_CH06_B,4042,4000,98.960910
2023,RE+2_R2_CH06_C,3924,3776,96.228338
2023,RE+2_R2_CH07_A,4343,4104,94.496892
2023,RE+2_R2_CH07_B,3918,3820,97.498724
2023,RE+2_R2_CH07_C,3675,3578,97.360544
2023,RE+2_R2_CH08_A,4374,4309,98.513946
2023,RE+2_R2_CH08_B,4032,3802,94.295635
2023,RE+2_R2_CH08_C,3821,3780,98.926982
2023,RE+2_R2_CH09_A,4410,4254,96.462585
2023,RE+2_R2_CH09_B,3882,3846,99.072643
2023,RE+2_R2_CH09_C,3773,3716,98.489266
2023,RE+2_R2_CH10_A,4384,4350,99.224453
2023,RE+2_R2_CH10_B,4046,3981,98.393475
2023,RE+2_R2_CH10_C,3922,3870,98.674146
2023,RE+2_R2_CH11_A,4424,4363,98.621157
2023,RE+2_R2_CH11_B,3932,3837,97.583927
2023,RE+2_R2_CH11_C,3734,3653,97.830745
2023,RE+2_R2_CH12_A,4285,4189,97.759627
2023,RE+2_R2_CH12_B,3994,3938,98.597897
2023,RE+2_R2_CH12_C,3739,3695,98.823215
2023,RE+2_R2_CH13_A,4482,4363,97.344935
2023,RE+2_R2_CH13_B,3868,3786,97.880041
2023,RE+2_R2_CH13_C,3687,3642,98.779496
2023,RE+2_R2_CH14_A,4497,4228,94.018234
2023,RE+2_R2_CH14_B,4082,4009,98.211661
2023,RE+2_R2_CH14_C,3845,3785,98.439532
2023,RE+2_R2_CH15_A,4398,3343,76.011824
2023,RE+2_R2_CH15_B,4010,3918,97.705736
2023,RE+2_R2_CH15_C,3741,3615,96.631917
2023,RE+2_R2_CH16_A,4439,4346,97.904934
2023,RE+2_R2_CH16_B,3971,3868,97.406195
2023,RE+2_R2_CH16_C,3690,3637,98.563686
2023,RE+2_R2_CH17_A,4463,4368,97.871387
2023,RE+2_R2_CH17_B,3839,3760,97.942172
2023,RE+2_R2_CH17_C,3743,3678,98.263425
2023,RE+2_R2_CH18_A,4263,3687,86.488388
2023,RE+2_R2_CH18_B,3827,3539,92.474523
2023,RE+2_R2_CH18_C,3703,3414,92.195517
2023,RE+2_R2_CH19_A,4577,4239,92.615250
2023,RE+2_R2_CH19_B,3962,3880,97.930338
2023,RE+2_R2_CH19_C,3710,3611,97.331536
2023,RE+2_R2_CH20_A,4373,3853,88.108850
2023,RE+2_R2_CH20_B,3925,3791,96.585987
2023,RE+2_R2_CH20_C,3856,3645,94.528008
2023,RE+2_R2_CH21_A,5318,5208,97.931553
2023,RE+2_R2_CH21_B,4779,4680,97.928437
2023,RE+2_R2_CH21_C,4462,4385,98.274316
2023,RE+2_R2_CH22_A,4507,4204,93.277124
2023,RE+2_R2_CH22_B,4093,3931,96.042023
2023,RE+2_R2_CH22_C,3772,3681,97.587487
2023,RE+2_R2_CH23_A,4353,2076,47.691247
2023,RE+2_R2_CH23_B,4065,3472,85.412054
2023,RE+2_R2_CH23_C,3728,3180,85.300429
2023,RE+2_R2_CH24_A,4241,4096,96.580995
2023,RE+2_R2_CH24_B,3884,3829,98.583934
2023,RE+2_R2_CH24_C,3662,3588,97.979246
2023,RE+2_R2_CH25_A,4354,3535,81.189711
2023,RE+2_R2_CH25_B,3826,3453,90.250915
2023,RE+2_R2_CH25_C,3497,2769,79.182156
2023,RE+2_R2_CH26_A,4135,3714,89.818622
2023,RE+2_R2_CH26_B,3789,3653,96.410662
2023,RE+2_R2_CH26_C,3656,3531,96.580963
2023,RE+2_R2_CH27_A,4317,4282,99.189252
2023,RE+2_R2_CH27_B,3893,3716,95.453378
2023,RE+2_R2_CH27_C,3692,3446,93.336945
2023,RE+2_R2_CH28_A,4330,4238,97.875289
2023,RE+2_R2_CH28_B,3975,3847,96.779874
2023,RE+2_R2_CH28_C,3645,3557,97.585734
2023,RE+2_R2_CH29_A,4466,4371,97.872817
2023,RE+2_R2_CH29_B,3978,3884,97.637004
2023,RE+2_R2_CH29_C,3718,3626,97.525551
2023,RE+2_R2_CH30_A,4075,4019,98.625767
2023,RE+2_R2_CH30_B,3809,3724,97.768443
2023,RE+2_R2_CH30_C,3618,3546,98.009950
2023,RE+2_R2_CH31_A,4417,4201,95.109803
2023,RE+2_R2_CH31_B,3846,3791,98.569943
2023,RE+2_R2_CH31_C,3776,3728,98.728814
2023,RE+2_R2_CH32_A,4232,4018,94.943289
2023,RE+2_R2_CH32_B,3666,3589,97.899618
2023,RE+2_R2_CH32_C,3647,3557,97.532218
2023,RE+2_R2_CH33_A,4351,4234,97.310963
2023,RE+2_R2_CH33_B,4034,3995,99.033218
2023,RE+2_R2_CH33_C,3722,3663,98.414831
2023,RE+2_R2_CH34_A,4310,4172,96.798144
2023,RE+2_R2_CH34_B,3947,3847,97.466430
2023,RE+2_R2_CH34_C,3761,3690,98.112204
2023,RE+2_R2_CH35_A,4547,4460,98.086651
2023,RE+2_R2_CH35_B,3950,3912,99.037975
2023,RE+2_R2_CH35_C,3839,3781,98.489190
2023,RE+2_R2_CH36_A,4305,4269,99.163763
2023,RE+2_R2_CH36_B,3782,3355,88.709677
2023,RE+2_R2_CH36_C,3687,3309,89.747762
2023,RE+2_R3_CH01_A,2530,2454,96.996047
2023,RE+2_R3_CH01_B,4680,4582,97.905983
2023,RE+2_R3_CH01_C,3948,3763,95.314083
2023,RE+2_R3_CH02_A,2635,2328,88.349146
2023,RE+2_R3_CH02_B,4556,4419,96.992976
2023,RE+2_R3_CH02_C,4003,3941,98.451162
2023,RE+2_R3_CH03_A,2667,2598,97.412823
2023,RE+2_R3_CH03_B,4742,3837,80.915226
2023,RE+2_R3_CH03_C,4414,4145,93.905754
2023,RE+2_R3_CH04_A,2499,2116,84.673870
2023,RE+2_R3_CH04_B,4631,4430,95.659685
2023,RE+2_R3_CH04_C,3990,3930,98.496241
2023,RE+2_R3_CH05_A,2628,2424,92.237443
2023,RE+2_R3_CH05_B,4743,4114,86.738351
2023,RE+2_R3_CH05_C,4195,3939,93.897497
2023,RE+2_R3_CH06_A,2603,2469,94.852094
2023,RE+2_R3_CH06_B,5238,5060,96.601756
2023,RE+2_R3_CH06_C,4159,4094,98.437124
2023,RE+2_R3_CH07_A,2517,2260,89.789432
2023,RE+2_R3_CH07_B,4765,3729,78.258132
2023,RE+2_R3_CH07_C,4015,3161,78.729763
2023,RE+2_R3_CH08_A,2692,2189,81.315007
2023,RE+2_R3_CH08_B,4778,4086,85.516953
2023,RE+2_R3_CH08_C,3887,3819,98.250579
2023,RE+2_R3_CH09_A,2630,2543,96.692015
2023,RE+2_R3_CH09_B,4931,4860,98.560130
2023,RE+2_R3_CH09_C,4517,4218,93.380562
2023,RE+2_R3_CH10_A,2570,2243,87.276265
2023,RE+2_R3_CH10_B,4838,4730,97.767673
2023,RE+2_R3_CH10_C,3950,3398,86.025316
2023,RE+2_R3_CH11_A,2547,2256,88.574794
2023,RE+2_R3_CH11_B,4791,4426,92.381549
2023,RE+2_R3_CH11_C,3993,3577,89.581768
2023,RE+2_R3_CH12_A,2658,2386,89.766742
2023,RE+2_R3_CH12_B,5061,4949,97.786999
2023,RE+2_R3_CH12_C,4309,4246,98.537944
2023,RE+2_R3_CH13_A,2678,2583,96.452577
2023,RE+2_R3_CH13_B,4988,4890,98.035285
2023,RE+2_R3_CH13_C,4232,4083,96.479206
2023,RE+2_R3_CH14_A,2987,2355,78.841647
2023,RE+2_R3_CH14_B,5053,4302,85.137542
2023,RE+2_R3_CH14_C,4278,4112,96.119682
2023,RE+2_R3_CH15_A,2673,2344,87.691732
2023,RE+2_R3_CH15_B,5107,4560,89.289211
2023,RE+2_R3_CH15_C,4500,3466,77.022222
2023,RE+2_R3_CH16_A,2601,2348,90.272972
2023,RE+2_R3_CH16_B,4656,4540,97.508591
2023,RE+2_R3_CH16_C,3936,3864,98.170732
2023,RE+2_R3_CH17_A,2609,2311,88.577999
2023,RE+2_R3_CH17_B,4669,3598,77.061469
2023,RE+2_R3_CH17_C,3837,3677,95.830076
2023,RE+2_R3_CH18_A,2580,2307,89.418605
2023,RE+2_R3_CH18_B,5091,4760,93.498330
2023,RE+2_R3_CH18_C,4216,4145,98.315939
2023,RE+2_R3_CH19_A,2545,2424,95.245580
2023,RE+2_R3_CH19_B,4901,4583,93.511528
2023,RE+2_R3_CH19_C,4175,4081,97.748503
2023,RE+2_R3_CH20_A,2690,2481,92.230483
2023,RE+2_R3_CH20_B,4737,4577,96.622335
2023,RE+2_R3_CH20_C,4179,4071,97.415650
2023,RE+2_R3_CH21_A,2564,2399,93.564743
2023,RE+2_R3_CH21_B,5040,4971,98.630952
2023,RE+2_R3_CH21_C,4319,4244,98.263487
2023,RE+2_R3_CH22_A,2567,1799,70.081808
2023,RE+2_R3_CH22_B,4786,4276,89.343920
2023,RE+2_R3_CH22_C,3933,3752,95.397915
2023,RE+2_R3_CH23_A,2633,2544,96.619825
2023,RE+2_R3_CH23_B,4638,4482,96.636481
2023,RE+2_R3_CH23_C,3979,3719,93.465695
2023,RE+2_R3_CH24_A,2593,2242,86.463556
2023,RE+2_R3_CH24_B,4946,4779,96.623534
2023,RE+2_R3_CH24_C,4178,4081,97.678315
2023,RE+2_R3_CH25_A,2465,2353,95.456389
2023,RE+2_R3_CH25_B,4592,4480,97.560976
2023,RE+2_R3_CH25_C,3840,3781,98.463542
2023,RE+2_R3_CH26_A,2598,2108,81.139338
2023,RE+2_R3_CH26_B,4612,4099,88.876843
2023,RE+2_R3_CH26_C,3898,3303,84.735762
2023,RE+2_R3_CH27_A,2588,2506,96.831530
2023,RE+2_R3_CH27_B,4716,4616,97.879559
2023,RE+2_R3_CH27_C,4295,4134,96.251455
2023,RE+2_R3_CH28_A,2571,2362,91.870867
2023,RE+2_R3_CH28_B,4680,4421,94.465812
2023,RE+2_R3_CH28_C,3897,3810,97.767513
2023,RE+2_R3_CH29_A,2544,1917,75.353774
2023,RE+2_R3_CH29_B,4719,3831,81.182454
2023,RE+2_R3_CH29_C,3932,3788,96.337742
2023,RE+2_R3_CH30_A,2566,1867,72.759158
2023,RE+2_R3_CH30_B,5016,4856,96.810207
2023,RE+2_R3_CH30_C,4103,4044,98.562028
2023,RE+2_R3_CH31_A,2522,2272,90.087232
2023,RE+2_R3_CH31_B,4522,4388,97.036709
2023,RE+2_R3_CH31_C,3834,3580,93.375065
2023,RE+2_R3_CH32_A,2455,1478,60.203666
2023,RE+2_R3_CH32_B,4648,4467,96.105852
2023,RE+2_R3_CH32_C,3791,3699,97.573200
2023,RE+2_R3_CH33_A,0,0,
2023,RE+2_R3_CH33_B,0,0,
2023,RE+2_R3_CH33_C,0,0,
2023,RE+2_R3_CH34_A,2527,2397,94.855560
2023,RE+2_R3_CH34_B,4646,4536,97.632372
2023,RE+2_R3_CH34_C,3832,3729,97.312109
2023,RE+2_R3_CH35_A,2664,1982,74.399399
2023,RE+2_R3_CH35_B,4617,4547,98.483864
2023,RE+2_R3_CH35_C,4081,3885,95.197256
2023,RE+2_R3_CH36_A,2647,2503,94.559879
2023,RE+2_R3_CH36_B,5176,4942,95.479134
2023,RE+2_R3_CH36_C,4126,3990,96.703829
2023,RE+3_R1_CH15_A,0,0,
2023,RE+3_R1_CH16_A,0,0,
2023,RE+3_R2_CH01_A,4485,4333,96.610925
2023,RE+3_R2_CH01_B,3997,3843,96.147110
2023,RE+3_R2_CH01_C,3636,3297,90.676568
2023,RE+3_R2_CH02_A,4410,4121,93.446712
2023,RE+3_R2_CH02_B,4026,3932,97.665176
2023,RE+3_R2_CH02_C,3638,3487,95.849368
2023,RE+3_R2_CH03_A,4433,4359,98.330702
2023,RE+3_R2_CH03_B,4026,3963,98.435171
2023,RE+3_R2_CH03_C,4062,3956,97.390448
2023,RE+3_R2_CH04_A,4361,3917,89.818849
2023,RE+3_R2_CH04_B,3904,3635,93.109631
2023,RE+3_R2_CH04_C,3754,3529,94.006393
2023,RE+3_R2_CH05_A,4463,4251,95.249832
2023,RE+3_R2_CH05_B,4061,4004,98.596405
2023,RE+3_R2_CH05_C,3695,3592,97.212449
2023,RE+3_R2_CH06_A,4482,4288,95.671575
2023,RE+3_R2_CH06_B,4266,4065,95.288326
2023,RE+3_R2_CH06_C,3604,3294,91.398446
2023,RE+3_R2_CH07_A,4370,4113,94.118993
2023,RE+3_R2_CH07_B,4045,3769,93.176761
2023,RE+3_R2_CH07_C,3928,3612,91.955193
2023,RE+3_R2_CH08_A,4334,3997,92.224273
2023,RE+3_R2_CH08_B,4128,3640,88.178295
2023,RE+3_R2_CH08_C,3749,3558,94.905308
2023,RE+3_R2_CH09_A,4418,4294,97.193300
2023,RE+3_R2_CH09_B,3903,3755,96.208045
2023,RE+3_R2_CH09_C,3751,3431,91.468942
2023,RE+3_R2_CH10_A,4450,4334,97.393258
2023,RE+3_R2_CH10_B,4088,3992,97.651663
2023,RE+3_R2_CH10_C,3619,3530,97.540757
2023,RE+3_R2_CH11_A,4472,4295,96.042039
2023,RE+3_R2_CH11_B,4010,3824,95.361596
2023,RE+3_R2_CH11_C,4000,3645,91.125000
2023,RE+3_R2_CH12_A,4352,4107,94.370404
2023,RE+3_R2_CH12_B,4339,4094,94.353538
2023,RE+3_R2_CH12_C,4408,4012,91.016334
2023,RE+3_R2_CH13_A,4288,4131,96.338619
2023,RE+3_R2_CH13_B,4071,3882,95.357406
2023,RE+3_R2_CH13_C,3675,3502,95.292517
2023,RE+3_R2_CH14_A,4445,4114,92.553431
2023,RE+3_R2_CH14_B,4128,4026,97.529070
2023,RE+3_R2_CH14_C,3553,3476,97.832817
2023,RE+3_R2_CH15_A,4439,4202,94.660960
2023,RE+3_R2_CH15_B,3945,3783,95.893536
2023,RE+3_R2_CH15_C,3874,3692,95.302013
2023,RE+3_R2_CH16_A,4367,4026,92.191436
2023,RE+3_R2_CH16_B,4054,3915,96.571288
2023,RE+3_R2_CH16_C,3794,3663,96.547180
2023,RE+3_R2_CH17_A,4356,4122,94.628099
2023,RE+3_R2_CH17_B,4060,3936,96.945813
2023,RE+3_R2_CH17_C,3596,3485,96.913237
2023,RE+3_R2_CH18_A,4317,4010,92.888580
2023,RE+3_R2_CH18_B,4122,3987,96.724891
2023,RE+3_R2_CH18_C,3635,3431,94.387895
2023,RE+3_R2_CH19_A,4396,4287,97.520473
2023,RE+3_R2_CH19_B,4031,3974,98.585959
2023,RE+3_R2_CH19_C,4018,3927,97.735192
2023,RE+3_R2_CH20_A,4439,4025,90.673575
2023,RE+3_R2_CH20_B,4155,4020,96.750903
2023,RE+3_R2_CH20_C,3788,3695,97.544879
2023,RE+3_R2_CH21_A,5350,4818,90.056075
2023,RE+3_R2_CH21_B,4688,4186,89.291809
2023,RE+3_R2_CH21_C,3676,3001,81.637650
2023,RE+3_R2_CH22_A,4479,3997,89.238669
2023,RE+3_R2_CH22_B,3995,3784,94.718398
2023,RE+3_R2_CH22_C,3753,3566,95.017319
2023,RE+3_R2_CH23_A,4358,4171,95.709041
2023,RE+3_R2_CH23_B,4116,3947,95.894072
2023,RE+3_R2_CH23_C,3886,3720,95.728255
2023,RE+3_R2_CH24_A,4313,3804,88.198470
2023,RE+3_R2_CH24_B,3995,3066,76.745932
2023,RE+3_R2_CH24_C,3703,3042,82.149608
2023,RE+3_R2_CH25_A,4272,3982,93.211610
2023,RE+3_R2_CH25_B,3874,3751,96.824987
2023,RE+3_R2_CH25_C,3644,3491,95.801317
2023,RE+3_R2_CH26_A,4424,4088,92.405063
2023,RE+3_R2_CH26_B,3986,3814,95.684897
2023,RE+3_R2_CH26_C,3547,3359,94.699746
2023,RE+3_R2_CH27_A,4414,4298,97.371998
2023,RE+3_R2_CH27_B,3964,3843,96.947528
2023,RE+3_R2_CH27_C,3966,3514,88.603127
2023,RE+3_R2_CH28_A,4334,4256,98.200277
2023,RE+3_R2_CH28_B,3797,3733,98.314459
2023,RE+3_R2_CH28_C,3812,3738,98.058762
2023,RE+3_R2_CH29_A,4402,4246,96.456156
2023,RE+3_R2_CH29_B,3979,3867,97.185222
2023,RE+3_R2_CH29_C,3576,3528,98.657718
2023,RE+3_R2_CH30_A,4306,3762,87.366465
2023,RE+3_R2_CH30_B,3858,3733,96.759979
2023,RE+3_R2_CH30_C,3512,3097,88.183371
2023,RE+3_R2_CH31_A,4404,4331,98.342416
2023,RE+3_R2_CH31_B,3891,3777,97.070162
2023,RE+3_R2_CH31_C,3932,3759,95.600203
2023,RE+3_R2_CH32_A,4187,3925,93.742536
2023,RE+3_R2_CH32_B,3953,3865,97.773843
2023,RE+3_R2_CH32_C,3757,3701,98.509449
2023,RE+3_R2_CH33_A,4503,4419,98.134577
2023,RE+3_R2_CH33_B,4147,4071,98.167350
2023,RE+3_R2_CH33_C,3826,3747,97.935180
2023,RE+3_R2_CH34_A,4300,4089,95.093023
2023,RE+3_R2_CH34_B,4054,3980,98.174642
2023,RE+3_R2_CH34_C,3578,3519,98.351034
2023,RE+3_R2_CH35_A,4486,4320,96.299599
2023,RE+3_R2_CH35_B,4007,3941,98.352882
2023,RE+3_R2_CH35_C,3997,3931,98.348762
2023,RE+3_R2_CH36_A,4218,3928,93.124704
2023,RE+3_R2_CH36_B,3960,3895,98.358586
2023,RE+3_R2_CH36_C,3787,3717,98.151571
2023,RE+3_R3_CH01_A,2619,2471,94.348988
2023,RE+3_R3_CH01_B,4789,4727,98.705366
2023,RE+3_R3_CH01_C,3770,3714,98.514589
2023,RE+3_R3_CH02_A,2679,2564,95.707353
2023,RE+3_R3_CH02_B,4793,4695,97.955352
2023,RE+3_R3_CH02_C,3792,3768,99.367089
2023,RE+3_R3_CH03_A,2855,2641,92.504378
2023,RE+3_R3_CH03_B,4892,4535,92.702371
2023,RE+3_R3_CH03_C,3722,3694,99.247716
2023,RE+3_R3_CH04_A,2661,2506,94.175122
2023,RE+3_R3_CH04_B,4623,4466,96.603937
2023,RE+3_R3_CH04_C,3773,3702,98.118208
2023,RE+3_R3_CH05_A,2799,2737,97.784923
2023,RE+3_R3_CH05_B,4883,4776,97.808724
2023,RE+3_R3_CH05_C,3952,3196,80.870445
2023,RE+3_R3_CH06_A,2908,2761,94.944979
2023,RE+3_R3_CH06_B,4690,4455,94.989339
2023,RE+3_R3_CH06_C,3756,3567,94.968051
2023,RE+3_R3_CH07_A,2654,2270,85.531274
2023,RE+3_R3_CH07_B,4780,4669,97.677824
2023,RE+3_R3_CH07_C,3728,3639,97.612661
2023,RE+3_R3_CH08_A,2654,2427,91.446873
2023,RE+3_R3_CH08_B,4727,4343,91.876454
2023,RE+3_R3_CH08_C,3899,3651,93.639395
2023,RE+3_R3_CH09_A,2985,2898,97.085427
2023,RE+3_R3_CH09_B,4938,4813,97.468611
2023,RE+3_R3_CH09_C,3788,3677,97.069694
2023,RE+3_R3_CH10_A,2648,2338,88.293051
2023,RE+3_R3_CH10_B,4817,3676,76.313058
2023,RE+3_R3_CH10_C,3920,3214,81.989796
2023,RE+3_R3_CH11_A,2685,2594,96.610801
2023,RE+3_R3_CH11_B,4869,4605,94.577942
2023,RE+3_R3_CH11_C,3876,3815,98.426213
2023,RE+3_R3_CH12_A,2953,2807,95.055875
2023,RE+3_R3_CH12_B,4630,4397,94.967603
2023,RE+3_R3_CH12_C,3799,3724,98.025796
2023,RE+3_R3_CH13_A,2818,2752,97.657913
2023,RE+3_R3_CH13_B,4874,3935,80.734510
2023,RE+3_R3_CH13_C,3835,3666,95.593220
2023,RE+3_R3_CH14_A,3016,2884,95.623342
2023,RE+3_R3_CH14_B,4731,4499,95.096174
2023,RE+3_R3_CH14_C,3941,3845,97.564070
2023,RE+3_R3_CH15_A,3021,2608,86.329030
2023,RE+3_R3_CH15_B,5016,4151,82.755183
2023,RE+3_R3_CH15_C,3807,3162,83.057526
2023,RE+3_R3_CH16_A,2647,2423,91.537590
2023,RE+3_R3_CH16_B,4782,4532,94.772062
2023,RE+3_R3_CH16_C,3775,2341,62.013245
2023,RE+3_R3_CH17_A,2566,2457,95.752143
2023,RE+3_R3_CH17_B,4756,4598,96.677881
2023,RE+3_R3_CH17_C,3852,3736,96.988577
2023,RE+3_R3_CH18_A,2913,2574,88.362513
2023,RE+3_R3_CH18_B,4538,4125,90.899074
2023,RE+3_R3_CH18_C,3684,3403,92.372421
2023,RE+3_R3_CH19_A,2757,2499,90.642002
2023,RE+3_R3_CH19_B,4961,4353,87.744406
2023,RE+3_R3_CH19_C,3980,3468,87.135678
2023,RE+3_R3_CH20_A,2841,2352,82.787751
2023,RE+3_R3_CH20_B,4607,4137,89.798133
2023,RE+3_R3_CH20_C,3838,3409,88.822303
2023,RE+3_R3_CH21_A,2866,2650,92.463364
2023,RE+3_R3_CH21_B,5594,3147,56.256704
2023,RE+3_R3_CH21_C,4465,3053,68.376260
2023,RE+3_R3_CH22_A,2721,2318,85.189269
2023,RE+3_R3_CH22_B,4742,4511,95.128638
2023,RE+3_R3_CH22_C,3976,3845,96.705231
2023,RE+3_R3_CH23_A,2626,2553,97.220107
2023,RE+3_R3_CH23_B,4845,4666,96.305470
2023,RE+3_R3_CH23_C,3926,3809,97.019868
2023,RE+3_R3_CH24_A,2807,2183,77.769861
2023,RE+3_R3_CH24_B,4595,4350,94.668118
2023,RE+3_R3_CH24_C,3687,3514,95.307838
2023,RE+3_R3_CH25_A,2512,2391,95.183121
2023,RE+3_R3_CH25_B,4630,4449,96.090713
2023,RE+3_R3_CH25_C,3699,3545,95.836713
2023,RE+3_R3_CH26_A,2675,2414,90.242991
2023,RE+3_R3_CH26_B,4451,4256,95.618962
2023,RE+3_R3_CH26_C,3634,3515,96.725371
2023,RE+3_R3_CH27_A,2835,2788,98.342152
2023,RE+3_R3_CH27_B,4707,4564,96.961972
2023,RE+3_R3_CH27_C,3713,3637,97.953138
2023,RE+3_R3_CH28_A,2612,2109,80.742726
2023,RE+3_R3_CH28_B,4636,4479,96.613460
2023,RE+3_R3_CH28_C,3770,3728,98.885942
2023,RE+3_R3_CH29_A,2669,2346,87.898089
2023,RE+3_R3_CH29_B,4750,4144,87.242105
2023,RE+3_R3_CH29_C,3856,3324,86.203320
2023,RE+3_R3_CH30_A,2822,2597,92.026931
2023,RE+3_R3_CH30_B,4469,4309,96.419781
2023,RE+3_R3_CH30_C,3460,3428,99.075145
2023,RE+3_R3_CH31_A,2538,2395,94.365642
2023,RE+3_R3_CH31_B,4721,4205,89.070112
2023,RE+3_R3_CH31_C,3773,2960,78.452160
2023,RE+3_R3_CH32_A,2566,2221,86.554949
2023,RE+3_R3_CH32_B,4400,4253,96.659091
2023,RE+3_R3_CH32_C,3686,3659,99.267499
2023,RE+3_R3_CH33_A,2947,2925,99.253478
2023,RE+3_R3_CH33_B,4796,4699,97.977481
2023,RE+3_R3_CH33_C,3759,3722,99.015696
2023,RE+3_R3_CH34_A,2503,2107,84.178985
2023,RE+3_R3_CH34_B,4728,4641,98.159898
2023,RE+3_R3_CH34_C,3725,3676,98.684564
2023,RE+3_R3_CH35_A,2678,2646,98.805078
2023,RE+3_R3_CH35_B,4845,4819,99.463364
2023,RE+3_R3_CH35_C,3892,3853,98.997945
2023,RE+3_R3_CH36_A,2813,2761,98.151440
2023,RE+3_R3_CH36_B,4722,4648,98.432867
2023,RE+3_R3_CH36_C,3741,3705,99.037690
2023,RE+4_R1_CH15_A,0,0,
2023,RE+4_R1_CH16_A,0,0,
2023,RE+4_R2_CH01_A,4309,4237,98.329079
2023,RE+4_R2_CH01_B,3905,3825,97.951344
2023,RE+4_R2_CH01_C,3520,3449,97.982955
2023,RE+4_R2_CH02_A,4481,4271,95.313546
2023,RE+4_R2_CH02_B,3900,3834,98.307692
2023,RE+4_R2_CH02_C,3534,3486,98.641766
2023,RE+4_R2_CH03_A,4381,4200,95.868523
2023,RE+4_R2_CH03_B,3956,3782,95.601618
2023,RE+4_R2_CH03_C,3797,3419,90.044772
2023,RE+4_R2_CH04_A,4353,4244,97.495980
2023,RE+4_R2_CH04_B,3932,3866,98.321465
2023,RE+4_R2_CH04_C,3859,3726,96.553511
2023,RE+4_R2_CH05_A,4375,4202,96.045714
2023,RE+4_R2_CH05_B,3948,3849,97.492401
2023,RE+4_R2_CH05_C,3640,3237,88.928571
2023,RE+4_R2_CH06_A,4658,4366,93.731215
2023,RE+4_R2_CH06_B,3967,3756,94.681119
2023,RE+4_R2_CH06_C,3577,3135,87.643276
2023,RE+4_R2_CH07_A,4407,4232,96.029045
2023,RE+4_R2_CH07_B,3884,3705,95.391349
2023,RE+4_R2_CH07_C,3836,3525,91.892596
2023,RE+4_R2_CH08_A,4591,4464,97.233718
2023,RE+4_R2_CH08_B,3969,3928,98.966994
2023,RE+4_R2_CH08_C,3761,3679,97.819729
2023,RE+4_R2_CH09_A,4357,4273,98.072068
2023,RE+4_R2_CH09_B,4013,3949,98.405183
2023,RE+4_R2_CH09_C,3645,3580,98.216735
2023,RE+4_R2_CH10_A,4588,4479,97.624237
2023,RE+4_R2_CH10_B,3884,3801,97.863028
2023,RE+4_R2_CH10_C,3528,3467,98.270975
2023,RE+4_R2_CH11_A,4378,4322,98.720877
2023,RE+4_R2_CH11_B,3933,3840,97.635393
2023,RE+4_R2_CH11_C,3764,3643,96.785335
2023,RE+4_R2_CH12_A,4546,4416,97.140343
2023,RE+4_R2_CH12_B,4637,4570,98.555100
2023,RE+4_R2_CH12_C,4325,4256,98.404624
2023,RE+4_R2_CH13_A,4492,4396,97.862867
2023,RE+4_R2_CH13_B,4019,3958,98.482210
2023,RE+4_R2_CH13_C,3622,3569,98.536720
2023,RE+4_R2_CH14_A,4573,4407,96.369998
2023,RE+4_R2_CH14_B,3753,3699,98.561151
2023,RE+4_R2_CH14_C,3592,3527,98.190423
2023,RE+4_R2_CH15_A,4388,4247,96.786691
2023,RE+4_R2_CH15_B,3810,3664,96.167979
2023,RE+4_R2_CH15_C,3748,3542,94.503735
2023,RE+4_R2_CH16_A,4516,4324,95.748450
2023,RE+4_R2_CH16_B,3894,3736,95.942476
2023,RE+4_R2_CH16_C,3743,3555,94.977291
2023,RE+4_R2_CH17_A,4477,4286,95.733750
2023,RE+4_R2_CH17_B,3959,3729,94.190452
2023,RE+4_R2_CH17_C,3438,3162,91.972077
2023,RE+4_R2_CH18_A,4473,4370,97.697295
2023,RE+4_R2_CH18_B,4030,3948,97.965261
2023,RE+4_R2_CH18_C,3716,3634,97.793326
2023,RE+4_R2_CH19_A,4416,4351,98.528080
2023,RE+4_R2_CH19_B,3976,3916,98.490946
2023,RE+4_R2_CH19_C,3897,3764,96.587118
2023,RE+4_R2_CH20_A,4567,4265,93.387344
2023,RE+4_R2_CH20_B,3990,3926,98.395990
2023,RE+4_R2_CH20_C,3901,3850,98.692643
2023,RE+4_R2_CH21_A,5376,5314,98.846726
2023,RE+4_R2_CH21_B,3973,3929,98.892525
2023,RE+4_R2_CH21_C,3660,3596,98.251366
2023,RE+4_R2_CH22_A,4463,3863,86.556128
2023,RE+4_R2_CH22_B,4061,3404,83.821719
2023,RE+4_R2_CH22_C,3555,3454,97.158931
2023,RE+4_R2_CH23_A,4489,4414,98.329249
2023,RE+4_R2_CH23_B,3912,3813,97.469325
2023,RE+4_R2_CH23_C,3781,3343,88.415763
2023,RE+4_R2_CH24_A,4359,4235,97.155311
2023,RE+4_R2_CH24_B,3861,3796,98.316498
2023,RE+4_R2_CH24_C,3717,3655,98.331988
2023,RE+4_R2_CH25_A,4197,4135,98.522754
2023,RE+4_R2_CH25_B,3988,3938,98.746239
2023,RE+4_R2_CH25_C,3571,3525,98.711845
2023,RE+4_R2_CH26_A,4292,3737,87.068966
2023,RE+4_R2_CH26_B,3817,3278,85.878963
2023,RE+4_R2_CH26_C,3534,2934,83.022071
2023,RE+4_R2_CH27_A,4370,4297,98.329519
2023,RE+4_R2_CH27_B,3965,3882,97.906683
2023,RE+4_R2_CH27_C,3851,3790,98.415996
2023,RE+4_R2_CH28_A,4244,4129,97.290292
2023,RE+4_R2_CH28_B,3852,3729,96.806854
2023,RE+4_R2_CH28_C,3693,3606,97.644192
2023,RE+4_R2_CH29_A,4366,4290,98.259276
2023,RE+4_R2_CH29_B,3832,3791,98.930063
2023,RE+4_R2_CH29_C,3541,3485,98.418526
2023,RE+4_R2_CH30_A,4281,4059,94.814296
2023,RE+4_R2_CH30_B,3778,3646,96.506088
2023,RE+4_R2_CH30_C,3595,3466,96.411683
2023,RE+4_R2_CH31_A,4464,4310,96.550179
2023,RE+4_R2_CH31_B,3996,3898,97.547548
2023,RE+4_R2_CH31_C,3767,3676,97.584285
2023,RE+4_R2_CH32_A,4261,4083,95.822577
2023,RE+4_R2_CH32_B,3915,3760,96.040868
2023,RE+4_R2_CH32_C,3790,3664,96.675462
2023,RE+4_R2_CH33_A,4442,4345,97.816299
2023,RE+4_R2_CH33_B,4119,4008,97.305171
2023,RE+4_R2_CH33_C,3858,3760,97.459824
2023,RE+4_R2_CH34_A,4492,4330,96.393589
2023,RE+4_R2_CH34_B,3959,3847,97.171003
2023,RE+4_R2_CH34_C,3567,3477,97.476871
2023,RE+4_R2_CH35_A,4507,4418,98.025294
2023,RE+4_R2_CH35_B,4066,4016,98.770290
2023,RE+4_R2_CH35_C,3805,3749,98.528252
2023,RE+4_R2_CH36_A,4398,4268,97.044111
2023,RE+4_R2_CH36_B,3720,3650,98.118280
2023,RE+4_R2_CH36_C,3752,3649,97.254797
2023,RE+4_R3_CH01_A,2641,2514,95.191215
2023,RE+4_R3_CH01_B,4773,4547,95.265032
2023,RE+4_R3_CH01_C,3918,3863,98.596223
2023,RE+4_R3_CH02_A,2607,1469,56.348293
2023,RE+4_R3_CH02_B,4700,4392,93.446809
2023,RE+4_R3_CH02_C,3793,3584,94.489850
2023,RE+4_R3_CH03_A,2683,2598,96.831905
2023,RE+4_R3_CH03_B,4594,4325,94.144536
2023,RE+4_R3_CH03_C,3695,3603,97.510149
2023,RE+4_R3_CH04_A,2473,2393,96.765063
2023,RE+4_R3_CH04_B,4658,4339,93.151567
2023,RE+4_R3_CH04_C,3754,3646,97.123069
2023,RE+4_R3_CH05_A,2686,2521,93.857036
2023,RE+4_R3_CH05_B,4798,4727,98.520217
2023,RE+4_R3_CH05_C,3811,3743,98.215691
2023,RE+4_R3_CH06_A,2554,2486,97.337510
2023,RE+4_R3_CH06_B,4663,4528,97.104868
2023,RE+4_R3_CH06_C,3925,3832,97.630573
2023,RE+4_R3_CH07_A,2643,2550,96.481271
2023,RE+4_R3_CH07_B,4602,4426,96.175576
2023,RE+4_R3_CH07_C,3743,3612,96.500134
2023,RE+4_R3_CH08_A,2650,2518,95.018868
2023,RE+4_R3_CH08_B,4715,4517,95.800636
2023,RE+4_R3_CH08_C,3880,3660,94.329897
2023,RE+4_R3_CH09_A,2691,2505,93.088071
2023,RE+4_R3_CH09_B,4677,4543,97.134916
2023,RE+4_R3_CH09_C,3727,3671,98.497451
2023,RE+4_R3_CH10_A,2677,2248,83.974598
2023,RE+4_R3_CH10_B,4755,4540,95.478444
2023,RE+4_R3_CH10_C,3817,3683,96.489390
2023,RE+4_R3_CH11_A,2718,2623,96.504783
2023,RE+4_R3_CH11_B,4782,4653,97.302384
2023,RE+4_R3_CH11_C,3828,3714,97.021944
2023,RE+4_R3_CH12_A,2577,2473,95.964300
2023,RE+4_R3_CH12_B,4629,4462,96.392309
2023,RE+4_R3_CH12_C,3847,3738,97.166623
2023,RE+4_R3_CH13_A,2639,2571,97.423266
2023,RE+4_R3_CH13_B,4752,4636,97.558923
2023,RE+4_R3_CH13_C,3716,3528,94.940797
2023,RE+4_R3_CH14_A,2499,2432,97.318928
2023,RE+4_R3_CH14_B,4842,4722,97.521685
2023,RE+4_R3_CH14_C,3905,3846,98.489117
2023,RE+4_R3_CH15_A,2720,2602,95.661765
2023,RE+4_R3_CH15_B,4649,4451,95.741020
2023,RE+4_R3_CH15_C,3891,3741,96.144950
2023,RE+4_R3_CH16_A,2587,2489,96.211828
2023,RE+4_R3_CH16_B,4660,4480,96.137339
2023,RE+4_R3_CH16_C,3882,3768,97.063369
2023,RE+4_R3_CH17_A,2644,1372,51.891074
2023,RE+4_R3_CH17_B,4802,2283,47.542691
2023,RE+4_R3_CH17_C,3720,2104,56.559140
2023,RE+4_R3_CH18_A,2521,2492,98.849663
2023,RE+4_R3_CH18_B,4636,4529,97.691976
2023,RE+4_R3_CH18_C,3756,3699,98.482428
2023,RE+4_R3_CH19_A,2749,2660,96.762459
2023,RE+4_R3_CH19_B,4914,4847,98.636549
2023,RE+4_R3_CH19_C,3830,3735,97.519582
2023,RE+4_R3_CH20_A,2515,2459,97.773360
2023,RE+4_R3_CH20_B,4753,4622,97.243846
2023,RE+4_R3_CH20_C,3787,3708,97.913916
2023,RE+4_R3_CH21_A,3053,2820,92.368162
2023,RE+4_R3_CH21_B,5542,5418,97.762541
2023,RE+4_R3_CH21_C,4612,4183,90.698179
2023,RE+4_R3_CH22_A,2561,2390,93.322921
2023,RE+4_R3_CH22_B,4855,4647,95.715757
2023,RE+4_R3_CH22_C,3891,3771,96.915960
2023,RE+4_R3_CH23_A,2673,2559,95.735129
2023,RE+4_R3_CH23_B,4706,4576,97.237569
2023,RE+4_R3_CH23_C,3912,3830,97.903885
2023,RE+4_R3_CH24_A,2504,2222,88.738019
2023,RE+4_R3_CH24_B,4564,4470,97.940403
2023,RE+4_R3_CH24_C,3825,3646,95.320261
2023,RE+4_R3_CH25_A,2534,2459,97.040253
2023,RE+4_R3_CH25_B,4501,4360,96.867363
2023,RE+4_R3_CH25_C,3627,3564,98.263027
2023,RE+4_R3_CH26_A,2451,2387,97.388821
2023,RE+4_R3_CH26_B,4533,4387,96.779175
2023,RE+4_R3_CH26_C,3720,3610,97.043011
2023,RE+4_R3_CH27_A,2588,2498,96.522411
2023,RE+4_R3_CH27_B,4562,4408,96.624288
2023,RE+4_R3_CH27_C,3797,3729,98.209112
2023,RE+4_R3_CH28_A,2528,2432,96.202532
2023,RE+4_R3_CH28_B,4654,4526,97.249678
2023,RE+4_R3_CH28_C,3849,3772,97.999480
2023,RE+4_R3_CH29_A,2593,2452,94.562283
2023,RE+4_R3_CH29_B,4715,4638,98.366914
2023,RE+4_R3_CH29_C,3835,3760,98.044329
2023,RE+4_R3_CH30_A,2461,2342,95.164567
2023,RE+4_R3_CH30_B,4323,4125,95.419847
2023,RE+4_R3_CH30_C,3750,3634,96.906667
2023,RE+4_R3_CH31_A,2555,2325,90.998043
2023,RE+4_R3_CH31_B,4632,4490,96.934370
2023,RE+4_R3_CH31_C,3741,3608,96.444801
2023,RE+4_R3_CH32_A,2342,2174,92.826644
2023,RE+4_R3_CH32_B,4534,4282,94.441994
2023,RE+4_R3_CH32_C,3553,3440,96.819589
2023,RE+4_R3_CH33_A,2670,2548,95.430712
2023,RE+4_R3_CH33_B,4635,4351,93.872708
2023,RE+4_R3_CH33_C,3944,3815,96.729209
2023,RE+4_R3_CH34_A,2628,2488,94.672755
2023,RE+4_R3_CH34_B,4542,4394,96.741524
2023,RE+4_R3_CH34_C,3749,3639,97.065884
2023,RE+4_R3_CH35_A,2650,2318,87.471698
2023,RE+4_R3_CH35_B,4826,4302,89.142147
2023,RE+4_R3_CH35_C,3786,3444,90.966719
2023,RE+4_R3_CH36_A,2654,2385,89.864356
2023,RE+4_R3_CH36_B,4597,4196,91.276920
2023,RE+4_R3_CH36_C,3647,3462,94.927338
2023,RE-1_R2_CH01_A,3741,3701,98.930767
2023,RE-1_R2_CH01_B,3710,3616,97.466307
2023,RE-1_R2_CH01_C,8441,7623,90.309205
2023,RE-1_R2_CH02_A,3915,3808,97.266922
2023,RE-1_R2_CH02_B,3737,3530,94.460797
2023,RE-1_R2_CH02_C,8129,7690,94.599582
2023,RE-1_R2_CH03_A,3703,3671,99.135836
2023,RE-1_R2_CH03_B,3730,3671,98.418231
2023,RE-1_R2_CH03_C,8047,7723,95.973655
2023,RE-1_R2_CH04_A,3755,3712,98.854860
2023,RE-1_R2_CH04_B,3537,3477,98.303647
2023,RE-1_R2_CH04_C,9216,9086,98.589410
2023,RE-1_R2_CH05_A,3676,3608,98.150163
2023,RE-1_R2_CH05_B,3609,3501,97.007481
2023,RE-1_R2_CH05_C,7856,7657,97.466904
2023,RE-1_R2_CH06_A,3812,3674,96.379853
2023,RE-1_R2_CH06_B,3660,3421,93.469945
2023,RE-1_R2_CH06_C,8153,8036,98.564945
2023,RE-1_R2_CH07_A,3687,3625,98.318416
2023,RE-1_R2_CH07_B,3609,3504,97.090607
2023,RE-1_R2_CH07_C,7893,7610,96.414545
2023,RE-1_R2_CH08_A,3737,3655,97.805727
2023,RE-1_R2_CH08_B,3486,3291,94.406196
2023,RE-1_R2_CH08_C,8216,7765,94.510711
2023,RE-1_R2_CH09_A,3877,3766,97.136962
2023,RE-1_R2_CH09_B,3621,3562,98.370616
2023,RE-1_R2_CH09_C,8029,7840,97.646033
2023,RE-1_R2_CH10_A,3900,3860,98.974359
2023,RE-1_R2_CH10_B,3635,3587,98.679505
2023,RE-1_R2_CH10_C,8263,7990,96.696115
2023,RE-1_R2_CH11_A,3876,2787,71.904025
2023,RE-1_R2_CH11_B,3810,2786,73.123360
2023,RE-1_R2_CH11_C,8017,4970,61.993264
2023,RE-1_R2_CH12_A,3785,3657,96.618230
2023,RE-1_R2_CH12_B,3657,3308,90.456658
2023,RE-1_R2_CH12_C,8130,7880,96.924969
2023,RE-1_R2_CH13_A,3735,3633,97.269076
2023,RE-1_R2_CH13_B,3776,3705,98.119703
2023,RE-1_R2_CH13_C,7926,7723,97.438809
2023,RE-1_R2_CH14_A,3740,3691,98.689840
2023,RE-1_R2_CH14_B,3722,3679,98.844707
2023,RE-1_R2_CH14_C,8010,7880,98.377029
2023,RE-1_R2_CH15_A,3776,3569,94.518008
2023,RE-1_R2_CH15_B,3616,3518,97.289823
2023,RE-1_R2_CH15_C,7899,7739,97.974427
2023,RE-1_R2_CH16_A,3785,3760,99.339498
2023,RE-1_R2_CH16_B,3524,3459,98.155505
2023,RE-1_R2_CH16_C,7811,7698,98.553322
2023,RE-1_R2_CH17_A,3744,3684,98.397436
2023,RE-1_R2_CH17_B,3480,3414,98.103448
2023,RE-1_R2_CH17_C,7676,7489,97.563835
2023,RE-1_R2_CH18_A,3731,3672,98.418655
2023,RE-1_R2_CH18_B,3513,3472,98.832906
2023,RE-1_R2_CH18_C,7616,7525,98.805147
2023,RE-1_R2_CH19_A,4059,4014,98.891353
2023,RE-1_R2_CH19_B,3795,3758,99.025033
2023,RE-1_R2_CH19_C,8152,8072,99.018646
2023,RE-1_R2_CH20_A,3684,3233,87.757872
2023,RE-1_R2_CH20_B,3543,2703,76.291279
2023,RE-1_R2_CH20_C,7694,6624,86.093060
2023,RE-1_R2_CH21_A,3907,3843,98.361915
2023,RE-1_R2_CH21_B,3637,3468,95.353313
2023,RE-1_R2_CH21_C,7810,7488,95.877081
2023,RE-1_R2_CH22_A,3804,3700,97.266036
2023,RE-1_R2_CH22_B,3742,3696,98.770711
2023,RE-1_R2_CH22_C,8081,8018,99.220394
2023,RE-1_R2_CH23_A,3730,3686,98.820375
2023,RE-1_R2_CH23_B,3522,3485,98.949461
2023,RE-1_R2_CH23_C,7865,7785,98.982835
2023,RE-1_R2_CH24_A,3683,3587,97.393429
2023,RE-1_R2_CH24_B,3663,3631,99.126399
2023,RE-1_R2_CH24_C,7956,7832,98.441428
2023,RE-1_R2_CH25_A,3679,3641,98.967111
2023,RE-1_R2_CH25_B,3492,3454,98.911798
2023,RE-1_R2_CH25_C,7881,7713,97.868291
2023,RE-1_R2_CH26_A,3813,3677,96.433255
2023,RE-1_R2_CH26_B,3505,3230,92.154066
2023,RE-1_R2_CH26_C,7998,7545,94.336084
2023,RE-1_R2_CH27_A,3856,3817,98.988589
2023,RE-1_R2_CH27_B,3659,3622,98.988795
2023,RE-1_R2_CH27_C,8392,8318,99.118208
2023,RE-1_R2_CH28_A,3776,3540,93.750000
2023,RE-1_R2_CH28_B,3418,3133,91.661791
2023,RE-1_R2_CH28_C,7705,7254,94.146658
2023,RE-1_R2_CH29_A,3605,3593,99.667129
2023,RE-1_R2_CH29_B,3547,3535,99.661686
2023,RE-1_R2_CH29_C,7845,7772,99.069471
2023,RE-1_R2_CH30_A,3619,3594,99.309201
2023,RE-1_R2_CH30_B,3466,3443,99.336411
2023,RE-1_R2_CH30_C,8200,8142,99.292683
2023,RE-1_R2_CH31_A,3533,3333,94.339089
2023,RE-1_R2_CH31_B,3394,3122,91.985857
2023,RE-1_R2_CH31_C,7865,7284,92.612842
2023,RE-1_R2_CH32_A,3788,3738,98.680042
2023,RE-1_R2_CH32_B,3522,3477,98.722317
2023,RE-1_R2_CH32_C,8113,8002,98.631825
2023,RE-1_R2_CH33_A,3944,3903,98.960446
2023,RE-1_R2_CH33_B,3696,3635,98.349567
2023,RE-1_R2_CH33_C,7839,7719,98.469192
2023,RE-1_R2_CH34_A,3852,3831,99.454829
2023,RE-1_R2_CH34_B,3591,3562,99.192426
2023,RE-1_R2_CH34_C,8198,8122,99.072945
2023,RE-1_R2_CH35_A,3855,3806,98.728923
2023,RE-1_R2_CH35_B,3685,3638,98.724559
2023,RE-1_R2_CH35_C,8035,7904,98.369633
2023,RE-1_R2_CH36_A,3842,3792,98.698594
2023,RE-1_R2_CH36_B,3660,3556,97.158470
2023,RE-1_R2_CH36_C,8184,7942,97.043011
2023,RE-1_R3_CH01_A,1754,1540,87.799316
2023,RE-1_R3_CH01_B,4552,4353,95.628295
2023,RE-1_R3_CH01_C,3453,2804,81.204749
2023,RE-1_R3_CH02_A,1848,1688,91.341991
2023,RE-1_R3_CH02_B,4771,3427,71.829805
2023,RE-1_R3_CH02_C,3548,2787,78.551297
2023,RE-1_R3_CH03_A,1789,1732,96.813862
2023,RE-1_R3_CH03_B,4818,4659,96.699875
2023,RE-1_R3_CH03_C,3922,3827,97.577766
2023,RE-1_R3_CH04_A,1691,1529,90.419870
2023,RE-1_R3_CH04_B,4607,4454,96.678967
2023,RE-1_R3_CH04_C,3359,3197,95.177136
2023,RE-1_R3_CH05_A,1713,1598,93.286632
2023,RE-1_R3_CH05_B,4689,4569,97.440819
2023,RE-1_R3_CH05_C,3486,3161,90.676994
2023,RE-1_R3_CH06_A,1746,1710,97.938144
2023,RE-1_R3_CH06_B,4829,4767,98.716090
2023,RE-1_R3_CH06_C,3928,3726,94.857434
2023,RE-1_R3_CH07_A,1634,1480,90.575275
2023,RE-1_R3_CH07_B,4615,4259,92.286024
2023,RE-1_R3_CH07_C,3576,3357,93.875839
2023,RE-1_R3_CH08_A,1797,1754,97.607123
2023,RE-1_R3_CH08_B,4864,4766,97.985197
2023,RE-1_R3_CH08_C,3598,3510,97.554197
2023,RE-1_R3_CH09_A,1845,1756,95.176152
2023,RE-1_R3_CH09_B,5008,4868,97.204473
2023,RE-1_R3_CH09_C,3730,3523,94.450402
2023,RE-1_R3_CH10_A,1662,1281,77.075812
2023,RE-1_R3_CH10_B,4560,4413,96.776316
2023,RE-1_R3_CH10_C,3516,3366,95.733788
2023,RE-1_R3_CH11_A,1802,1406,78.024417
2023,RE-1_R3_CH11_B,4808,4179,86.917637
2023,RE-1_R3_CH11_C,3565,2851,79.971950
2023,RE-1_R3_CH12_A,1772,1656,93.453725
2023,RE-1_R3_CH12_B,4719,4407,93.388430
2023,RE-1_R3_CH12_C,3931,2860,72.755024
2023,RE-1_R3_CH13_A,1652,1447,87.590799
2023,RE-1_R3_CH13_B,4573,4288,93.767767
2023,RE-1_R3_CH13_C,3532,2697,76.359003
2023,RE-1_R3_CH14_A,1850,1578,85.297297
2023,RE-1_R3_CH14_B,4876,4728,96.964725
2023,RE-1_R3_CH14_C,3608,3170,87.860310
2023,RE-1_R3_CH15_A,1829,1708,93.384363
2023,RE-1_R3_CH15_B,4823,4626,95.915405
2023,RE-1_R3_CH15_C,3777,3473,91.951284
2023,RE-1_R3_CH16_A,1701,1558,91.593180
2023,RE-1_R3_CH16_B,4678,4469,95.532279
2023,RE-1_R3_CH16_C,3531,3312,93.797791
2023,RE-1_R3_CH17_A,1830,1529,83.551913
2023,RE-1_R3_CH17_B,4770,3478,72.914046
2023,RE-1_R3_CH17_C,3339,2629,78.736149
2023,RE-1_R3_CH18_A,1738,1700,97.813579
2023,RE-1_R3_CH18_B,4483,4415,98.483159
2023,RE-1_R3_CH18_C,3765,3475,92.297477
2023,RE-1_R3_CH19_A,1710,1667,97.485380
2023,RE-1_R3_CH19_B,4621,4464,96.602467
2023,RE-1_R3_CH19_C,3257,3017,92.631256
2023,RE-1_R3_CH20_A,1837,1787,97.278171
2023,RE-1_R3_CH20_B,4643,4576,98.556967
2023,RE-1_R3_CH20_C,3571,3485,97.591711
2023,RE-1_R3_CH21_A,1721,1665,96.746078
2023,RE-1_R3_CH21_B,4767,4716,98.930145
2023,RE-1_R3_CH21_C,3776,3596,95.233051
2023,RE-1_R3_CH22_A,1730,1693,97.861272
2023,RE-1_R3_CH22_B,4653,4573,98.280679
2023,RE-1_R3_CH22_C,3579,3404,95.110366
2023,RE-1_R3_CH23_A,1777,1750,98.480585
2023,RE-1_R3_CH23_B,4733,4606,97.316712
2023,RE-1_R3_CH23_C,3401,3069,90.238165
2023,RE-1_R3_CH24_A,1809,1765,97.567717
2023,RE-1_R3_CH24_B,4681,4601,98.290963
2023,RE-1_R3_CH24_C,3893,3482,89.442589
2023,RE-1_R3_CH25_A,1684,1619,96.140143
2023,RE-1_R3_CH25_B,4437,4363,98.332206
2023,RE-1_R3_CH25_C,3391,3072,90.592746
2023,RE-1_R3_CH26_A,1670,1656,99.161677
2023,RE-1_R3_CH26_B,4424,4350,98.327306
2023,RE-1_R3_CH26_C,3550,3415,96.197183
2023,RE-1_R3_CH27_A,1738,1708,98.273878
2023,RE-1_R3_CH27_B,4512,4457,98.781028
2023,RE-1_R3_CH27_C,3730,3689,98.900804
2023,RE-1_R3_CH28_A,1640,1547,94.329268
2023,RE-1_R3_CH28_B,4544,4493,98.877641
2023,RE-1_R3_CH28_C,3438,3240,94.240838
2023,RE-1_R3_CH29_A,1771,1745,98.531903
2023,RE-1_R3_CH29_B,4621,4496,97.294958
2023,RE-1_R3_CH29_C,3325,3278,98.586466
2023,RE-1_R3_CH30_A,1748,1582,90.503432
2023,RE-1_R3_CH30_B,4468,4382,98.075201
2023,RE-1_R3_CH30_C,3739,3561,95.239369
2023,RE-1_R3_CH31_A,1630,1466,89.938650
2023,RE-1_R3_CH31_B,4339,4292,98.916801
2023,RE-1_R3_CH31_C,3356,3272,97.497020
2023,RE-1_R3_CH32_A,1722,1477,85.772358
2023,RE-1_R3_CH32_B,4680,4299,91.858974
2023,RE-1_R3_CH32_C,3458,3314,95.835743
2023,RE-1_R3_CH33_A,1829,1761,96.282121
2023,RE-1_R3_CH33_B,4692,4644,98.976982
2023,RE-1_R3_CH33_C,3732,3500,93.783494
2023,RE-1_R3_CH34_A,1690,1569,92.840237
2023,RE-1_R3_CH34_B,4546,4269,93.906731
2023,RE-1_R3_CH34_C,3556,2629,73.931384
2023,RE-1_R3_CH35_A,1920,1749,91.093750
2023,RE-1_R3_CH35_B,4832,4748,98.261589
2023,RE-1_R3_CH35_C,3639,3520,96.729871
2023,RE-1_R3_CH36_A,1822,1790,98.243688
2023,RE-1_R3_CH36_B,4813,4682,97.278205
2023,RE-1_R3_CH36_C,4010,3576,89.177057
2023,RE-2_R2_CH01_A,4379,4298,98.150263
2023,RE-2_R2_CH01_B,4062,3973,97.808961
2023,RE-2_R2_CH01_C,3691,3628,98.293145
2023,RE-2_R2_CH02_A,4444,4330,97.434743
2023,RE-2_R2_CH02_B,4015,3882,96.687422
2023,RE-2_R2_CH02_C,3800,3716,97.789474
2023,RE-2_R2_CH03_A,4312,4251,98.585343
2023,RE-2_R2_CH03_B,4078,4015,98.455125
2023,RE-2_R2_CH03_C,3794,3751,98.866632
2023,RE-2_R2_CH04_A,4332,4177,96.421976
2023,RE-2_R2_CH04_B,3919,3750,95.687675
2023,RE-2_R2_CH04_C,4494,4437,98.731642
2023,RE-2_R2_CH05_A,4274,4221,98.759944
2023,RE-2_R2_CH05_B,3953,3877,98.077410
2023,RE-2_R2_CH05_C,3589,3326,92.672053
2023,RE-2_R2_CH06_A,4407,4170,94.622192
2023,RE-2_R2_CH06_B,3962,3803,95.986875
2023,RE-2_R2_CH06_C,3853,3663,95.068778
2023,RE-2_R2_CH07_A,4305,4213,97.862950
2023,RE-2_R2_CH07_B,4049,3894,96.171894
2023,RE-2_R2_CH07_C,3663,3608,98.498498
2023,RE-2_R2_CH08_A,4354,4287,98.461185
2023,RE-2_R2_CH08_B,3827,3744,97.831199
2023,RE-2_R2_CH08_C,3891,3803,97.738371
2023,RE-2_R2_CH09_A,4411,4356,98.753117
2023,RE-2_R2_CH09_B,3982,3915,98.317428
2023,RE-2_R2_CH09_C,3709,3627,97.789161
2023,RE-2_R2_CH10_A,4467,4099,91.761809
2023,RE-2_R2_CH10_B,4015,3846,95.790785
2023,RE-2_R2_CH10_C,3829,3762,98.250196
2023,RE-2_R2_CH11_A,4503,4389,97.468354
2023,RE-2_R2_CH11_B,4114,4028,97.909577
2023,RE-2_R2_CH11_C,3715,3650,98.250336
2023,RE-2_R2_CH12_A,4429,4003,90.381576
2023,RE-2_R2_CH12_B,3983,3812,95.706754
2023,RE-2_R2_CH12_C,3820,3744,98.010471
2023,RE-2_R2_CH13_A,4383,4305,98.220397
2023,RE-2_R2_CH13_B,4168,4105,98.488484
2023,RE-2_R2_CH13_C,3692,3531,95.639220
2023,RE-2_R2_CH14_A,4436,4350,98.061317
2023,RE-2_R2_CH14_B,3912,3764,96.216769
2023,RE-2_R2_CH14_C,3789,3738,98.653998
2023,RE-2_R2_CH15_A,4425,4203,94.983051
2023,RE-2_R2_CH15_B,3969,3562,89.745528
2023,RE-2_R2_CH15_C,3750,3394,90.506667
2023,RE-2_R2_CH16_A,4373,4166,95.266408
2023,RE-2_R2_CH16_B,3851,3740,97.117632
2023,RE-2_R2_CH16_C,3673,3628,98.774843
2023,RE-2_R2_CH17_A,4303,4223,98.140832
2023,RE-2_R2_CH17_B,3815,3753,98.374836
2023,RE-2_R2_CH17_C,3528,3341,94.699546
2023,RE-2_R2_CH18_A,4325,3994,92.346821
2023,RE-2_R2_CH18_B,3756,3658,97.390841
2023,RE-2_R2_CH18_C,3586,3503,97.685443
2023,RE-2_R2_CH19_A,4713,4609,97.793338
2023,RE-2_R2_CH19_B,4087,3988,97.577685
2023,RE-2_R2_CH19_C,3809,3738,98.135994
2023,RE-2_R2_CH20_A,4213,4074,96.700688
2023,RE-2_R2_CH20_B,3941,3802,96.472976
2023,RE-2_R2_CH20_C,3550,3473,97.830986
2023,RE-2_R2_CH21_A,4484,4352,97.056200
2023,RE-2_R2_CH21_B,3957,3830,96.790498
2023,RE-2_R2_CH21_C,3647,3587,98.354812
2023,RE-2_R2_CH22_A,4447,4341,97.616371
2023,RE-2_R2_CH22_B,4106,3953,96.273746
2023,RE-2_R2_CH22_C,3823,3776,98.770599
2023,RE-2_R2_CH23_A,4306,4219,97.979563
2023,RE-2_R2_CH23_B,3845,3749,97.503251
2023,RE-2_R2_CH23_C,3608,3394,94.068736
2023,RE-2_R2_CH24_A,4316,4210,97.544022
2023,RE-2_R2_CH24_B,3861,3716,96.244496
2023,RE-2_R2_CH24_C,3733,3682,98.633807
2023,RE-2_R2_CH25_A,4218,4115,97.558084
2023,RE-2_R2_CH25_B,3931,3876,98.600865
2023,RE-2_R2_CH25_C,3602,3479,96.585230
2023,RE-2_R2_CH26_A,4347,4074,93.719807
2023,RE-2_R2_CH26_B,3950,3712,93.974684
2023,RE-2_R2_CH26_C,3684,3547,96.281216
2023,RE-2_R2_CH27_A,4503,4210,93.493227
2023,RE-2_R2_CH27_B,4093,3763,91.937454
2023,RE-2_R2_CH27_C,3904,3752,96.106557
2023,RE-2_R2_CH28_A,4153,3890,93.667229
2023,RE-2_R2_CH28_B,3817,3590,94.052921
2023,RE-2_R2_CH28_C,3587,3469,96.710343
2023,RE-2_R2_CH29_A,4234,4178,98.677374
2023,RE-2_R2_CH29_B,3805,3745,98.423127
2023,RE-2_R2_CH29_C,3550,3500,98.591549
2023,RE-2_R2_CH30_A,4186,2069,49.426660
2023,RE-2_R2_CH30_B,3908,1699,43.474923
2023,RE-2_R2_CH30_C,3806,3664,96.269049
2023,RE-2_R2_CH31_A,4096,4018,98.095703
2023,RE-2_R2_CH31_B,3782,3704,97.937599
2023,RE-2_R2_CH31_C,3570,3478,97.422969
2023,RE-2_R2_CH32_A,4306,4013,93.195541
2023,RE-2_R2_CH32_B,3879,2034,52.436195
2023,RE-2_R2_CH32_C,3801,3715,97.737438
2023,RE-2_R2_CH33_A,4564,4453,97.567923
2023,RE-2_R2_CH33_B,4116,4003,97.254616
2023,RE-2_R2_CH33_C,3639,3398,93.377301
2023,RE-2_R2_CH34_A,4418,3655,82.729742
2023,RE-2_R2_CH34_B,3943,3556,90.185138
2023,RE-2_R2_CH34_C,3826,3731,97.516989
2023,RE-2_R2_CH35_A,4459,4354,97.645212
2023,RE-2_R2_CH35_B,3942,3846,97.564688
2023,RE-2_R2_CH35_C,3705,3600,97.165992
2023,RE-2_R2_CH36_A,4403,3946,89.620713
2023,RE-2_R2_CH36_B,3995,3880,97.121402
2023,RE-2_R2_CH36_C,3814,3513,92.108023
2023,RE-2_R3_CH01_A,2530,2470,97.628458
2023,RE-2_R3_CH01_B,4693,4593,97.869167
2023,RE-2_R3_CH01_C,3935,3845,97.712834
2023,RE-2_R3_CH02_A,2593,2477,95.526417
2023,RE-2_R3_CH02_B,4804,4663,97.064946
2023,RE-2_R3_CH02_C,3964,3874,97.729566
2023,RE-2_R3_CH03_A,2617,2554,97.592663
2023,RE-2_R3_CH03_B,5314,5224,98.306361
2023,RE-2_R3_CH03_C,4436,4362,98.331830
2023,RE-2_R3_CH04_A,2521,2468,97.897660
2023,RE-2_R3_CH04_B,4568,4443,97.263573
2023,RE-2_R3_CH04_C,3771,3672,97.374702
2023,RE-2_R3_CH05_A,2612,2538,97.166922
2023,RE-2_R3_CH05_B,4744,4611,97.196459
2023,RE-2_R3_CH05_C,3939,3868,98.197512
2023,RE-2_R3_CH06_A,2713,2669,98.378179
2023,RE-2_R3_CH06_B,5217,5113,98.006517
2023,RE-2_R3_CH06_C,4210,4115,97.743468
2023,RE-2_R3_CH07_A,2548,2484,97.488226
2023,RE-2_R3_CH07_B,4861,4728,97.263937
2023,RE-2_R3_CH07_C,3921,3836,97.832186
2023,RE-2_R3_CH08_A,2675,2393,89.457944
2023,RE-2_R3_CH08_B,4826,4719,97.782843
2023,RE-2_R3_CH08_C,4020,3965,98.631841
2023,RE-2_R3_CH09_A,2754,2697,97.930283
2023,RE-2_R3_CH09_B,5030,4868,96.779324
2023,RE-2_R3_CH09_C,4319,4260,98.633943
2023,RE-2_R3_CH10_A,2530,2486,98.260870
2023,RE-2_R3_CH10_B,4783,4640,97.010245
2023,RE-2_R3_CH10_C,3992,3909,97.920842
2023,RE-2_R3_CH11_A,2691,2617,97.250093
2023,RE-2_R3_CH11_B,4806,4749,98.813983
2023,RE-2_R3_CH11_C,4024,3967,98.583499
2023,RE-2_R3_CH12_A,2583,2434,94.231514
2023,RE-2_R3_CH12_B,5216,5058,96.970859
2023,RE-2_R3_CH12_C,4267,4206,98.570424
2023,RE-2_R3_CH13_A,2488,2308,92.765273
2023,RE-2_R3_CH13_B,4789,4172,87.116308
2023,RE-2_R3_CH13_C,4033,3562,88.321349
2023,RE-2_R3_CH14_A,2719,2287,84.111806
2023,RE-2_R3_CH14_B,4943,4498,90.997370
2023,RE-2_R3_CH14_C,3922,3695,94.212137
2023,RE-2_R3_CH15_A,2621,2552,97.367417
2023,RE-2_R3_CH15_B,5035,4916,97.636544
2023,RE-2_R3_CH15_C,4278,4149,96.984572
2023,RE-2_R3_CH16_A,2517,2281,90.623758
2023,RE-2_R3_CH16_B,4822,4411,91.476566
2023,RE-2_R3_CH16_C,3897,3749,96.202207
2023,RE-2_R3_CH17_A,2698,2608,96.664196
2023,RE-2_R3_CH17_B,4615,4552,98.634886
2023,RE-2_R3_CH17_C,3925,3864,98.445860
2023,RE-2_R3_CH18_A,2472,2271,91.868932
2023,RE-2_R3_CH18_B,5014,4814,96.011169
2023,RE-2_R3_CH18_C,4198,4114,97.999047
2023,RE-2_R3_CH19_A,2522,2467,97.819191
2023,RE-2_R3_CH19_B,4504,4369,97.002664
2023,RE-2_R3_CH19_C,4118,4028,97.814473
2023,RE-2_R3_CH20_A,2565,2451,95.555556
2023,RE-2_R3_CH20_B,4788,4667,97.472849
2023,RE-2_R3_CH20_C,3962,3899,98.409894
2023,RE-2_R3_CH21_A,2656,2593,97.628012
2023,RE-2_R3_CH21_B,4976,4915,98.774116
2023,RE-2_R3_CH21_C,4287,4203,98.040588
2023,RE-2_R3_CH22_A,2621,2448,93.399466
2023,RE-2_R3_CH22_B,4744,4583,96.606239
2023,RE-2_R3_CH22_C,3935,3855,97.966963
2023,RE-2_R3_CH23_A,2649,2589,97.734994
2023,RE-2_R3_CH23_B,4511,4458,98.825094
2023,RE-2_R3_CH23_C,4031,3965,98.362689
2023,RE-2_R3_CH24_A,2491,2271,91.168206
2023,RE-2_R3_CH24_B,5204,5032,96.694850
2023,RE-2_R3_CH24_C,4150,4069,98.048193
2023,RE-2_R3_CH25_A,2422,2336,96.449216
2023,RE-2_R3_CH25_B,4605,4443,96.482085
2023,RE-2_R3_CH25_C,3877,3799,97.988135
2023,RE-2_R3_CH26_A,2388,2270,95.058626
2023,RE-2_R3_CH26_B,4753,4539,95.497580
2023,RE-2_R3_CH26_C,3834,3620,94.418362
2023,RE-2_R3_CH27_A,2462,2369,96.222583
2023,RE-2_R3_CH27_B,4900,4750,96.938776
2023,RE-2_R3_CH27_C,4402,4268,96.955929
2023,RE-2_R3_CH28_A,2558,2325,90.891321
2023,RE-2_R3_CH28_B,4651,4363,93.807783
2023,RE-2_R3_CH28_C,3887,3663,94.237201
2023,RE-2_R3_CH29_A,2535,2503,98.737673
2023,RE-2_R3_CH29_B,4503,4463,99.111703
2023,RE-2_R3_CH29_C,3837,3811,99.322387
2023,RE-2_R3_CH30_A,2420,2351,97.148760
2023,RE-2_R3_CH30_B,4913,4805,97.801750
2023,RE-2_R3_CH30_C,4162,4087,98.197982
2023,RE-2_R3_CH31_A,2374,2337,98.441449
2023,RE-2_R3_CH31_B,4552,4287,94.178383
2023,RE-2_R3_CH31_C,3845,3731,97.035111
2023,RE-2_R3_CH32_A,2582,2337,90.511232
2023,RE-2_R3_CH32_B,4668,3701,79.284490
2023,RE-2_R3_CH32_C,3990,3849,96.466165
2023,RE-2_R3_CH33_A,2579,2525,97.906165
2023,RE-2_R3_CH33_B,4897,4808,98.182561
2023,RE-2_R3_CH33_C,4530,3915,86.423841
2023,RE-2_R3_CH34_A,2465,2401,97.403651
2023,RE-2_R3_CH34_B,4695,4590,97.763578
2023,RE-2_R3_CH34_C,4009,3934,98.129209
2023,RE-2_R3_CH35_A,2605,2581,99.078695
2023,RE-2_R3_CH35_B,4898,4853,99.081258
2023,RE-2_R3_CH35_C,4338,4280,98.662978
2023,RE-2_R3_CH36_A,2622,2552,97.330282
2023,RE-2_R3_CH36_B,5200,4934,94.884615
2023,RE-2_R3_CH36_C,4323,4143,95.836225
2023,RE-3_R1_CH01_A,0,0,
2023,RE-3_R1_CH02_A,0,0,
2023,RE-3_R1_CH03_A,0,0,
2023,RE-3_R1_CH04_A,0,0,
2023,RE-3_R1_CH05_A,0,0,
2023,RE-3_R1_CH06_A,0,0,
2023,RE-3_R1_CH07_A,0,0,
2023,RE-3_R1_CH08_A,0,0,
2023,RE-3_R1_CH09_A,0,0,
2023,RE-3_R1_CH10_A,0,0,
2023,RE-3_R1_CH11_A,0,0,
2023,RE-3_R1_CH12_A,0,0,
2023,RE-3_R1_CH13_A,0,0,
2023,RE-3_R1_CH14_A,0,0,
2023,RE-3_R1_CH15_A,0,0,
2023,RE-3_R1_CH16_A,0,0,
2023,RE-3_R1_CH17_A,0,0,
2023,RE-3_R1_CH18_A,0,0,
2023,RE-3_R2_CH01_A,4531,4350,96.005297
2023,RE-3_R2_CH01_B,4241,4184,98.655977
2023,RE-3_R2_CH01_C,5353,5306,99.121988
2023,RE-3_R2_CH02_A,4479,4320,96.450100
2023,RE-3_R2_CH02_B,4081,3996,97.917177
2023,RE-3_R2_CH02_C,3675,3614,98.340136
2023,RE-3_R2_CH03_A,4447,4250,95.570047
2023,RE-3_R2_CH03_B,4013,3892,96.984799
2023,RE-3_R2_CH03_C,3835,3752,97.835724
2023,RE-3_R2_CH04_A,4444,4206,94.644464
2023,RE-3_R2_CH04_B,4868,4686,96.261298
2023,RE-3_R2_CH04_C,4272,4179,97.823034
2023,RE-3_R2_CH05_A,4354,4266,97.978870
2023,RE-3_R2_CH05_B,3960,3860,97.474747
2023,RE-3_R2_CH05_C,3629,3569,98.346652
2023,RE-3_R2_CH06_A,4417,4251,96.241793
2023,RE-3_R2_CH06_B,4024,3884,96.520875
2023,RE-3_R2_CH06_C,3609,3516,97.423109
2023,RE-3_R2_CH07_A,4446,4184,94.107063
2023,RE-3_R2_CH07_B,4033,3825,94.842549
2023,RE-3_R2_CH07_C,3919,3730,95.177341
2023,RE-3_R2_CH08_A,4359,4227,96.971783
2023,RE-3_R2_CH08_B,4176,4116,98.563218
2023,RE-3_R2_CH08_C,3811,3744,98.241931
2023,RE-3_R2_CH09_A,4469,4352,97.381965
2023,RE-3_R2_CH09_B,4010,3940,98.254364
2023,RE-3_R2_CH09_C,3712,3652,98.383621
2023,RE-3_R2_CH10_A,4480,4086,91.205357
2023,RE-3_R2_CH10_B,4092,3465,84.677419
2023,RE-3_R2_CH10_C,3660,3359,91.775956
2023,RE-3_R2_CH11_A,4349,4109,94.481490
2023,RE-3_R2_CH11_B,4110,3923,95.450122
2023,RE-3_R2_CH11_C,3902,3810,97.642235
2023,RE-3_R2_CH12_A,4409,4189,95.010206
2023,RE-3_R2_CH12_B,4132,4030,97.531462
2023,RE-3_R2_CH12_C,3827,3761,98.275412
2023,RE-3_R2_CH13_A,4403,4135,93.913241
2023,RE-3_R2_CH13_B,4094,4013,98.021495
2023,RE-3_R2_CH13_C,3567,3514,98.514158
2023,RE-3_R2_CH14_A,4277,4084,95.487491
2023,RE-3_R2_CH14_B,4155,4041,97.256318
2023,RE-3_R2_CH14_C,3539,3479,98.304606
2023,RE-3_R2_CH15_A,4298,4153,96.626338
2023,RE-3_R2_CH15_B,3907,3774,96.595854
2023,RE-3_R2_CH15_C,3833,3774,98.460736
2023,RE-3_R2_CH16_A,4310,4283,99.373550
2023,RE-3_R2_CH16_B,3940,3867,98.147208
2023,RE-3_R2_CH16_C,3696,3635,98.349567
2023,RE-3_R2_CH17_A,4345,3775,86.881473
2023,RE-3_R2_CH17_B,3933,3696,93.974066
2023,RE-3_R2_CH17_C,3574,3309,92.585339
2023,RE-3_R2_CH18_A,4134,3956,95.694243
2023,RE-3_R2_CH18_B,3765,3618,96.095618
2023,RE-3_R2_CH18_C,3428,3318,96.791132
2023,RE-3_R2_CH19_A,4542,2793,61.492734
2023,RE-3_R2_CH19_B,4151,2703,65.116839
2023,RE-3_R2_CH19_C,3704,2682,72.408207
2023,RE-3_R2_CH20_A,4115,4017,97.618469
2023,RE-3_R2_CH20_B,3923,3758,95.794035
2023,RE-3_R2_CH20_C,3717,3654,98.305085
2023,RE-3_R2_CH21_A,4383,4320,98.562628
2023,RE-3_R2_CH21_B,3942,3850,97.666159
2023,RE-3_R2_CH21_C,3446,3398,98.607081
2023,RE-3_R2_CH22_A,4268,4067,95.290534
2023,RE-3_R2_CH22_B,4159,4062,97.667709
2023,RE-3_R2_CH22_C,3445,3394,98.519594
2023,RE-3_R2_CH23_A,4304,4189,97.328067
2023,RE-3_R2_CH23_B,3976,3921,98.616700
2023,RE-3_R2_CH23_C,4014,3969,98.878924
2023,RE-3_R2_CH24_A,4297,3882,90.342099
2023,RE-3_R2_CH24_B,3988,3926,98.445336
2023,RE-3_R2_CH24_C,3796,3703,97.550053
2023,RE-3_R2_CH25_A,4379,4188,95.638274
2023,RE-3_R2_CH25_B,4078,3953,96.934772
2023,RE-3_R2_CH25_C,3667,3577,97.545678
2023,RE-3_R2_CH26_A,4357,3880,89.052100
2023,RE-3_R2_CH26_B,4023,3941,97.961720
2023,RE-3_R2_CH26_C,3473,3401,97.926864
2023,RE-3_R2_CH27_A,4678,4448,95.083369
2023,RE-3_R2_CH27_B,4306,4140,96.144914
2023,RE-3_R2_CH27_C,3918,3782,96.528841
2023,RE-3_R2_CH28_A,4122,3879,94.104803
2023,RE-3_R2_CH28_B,3926,3780,96.281202
2023,RE-3_R2_CH28_C,3844,3738,97.242456
2023,RE-3_R2_CH29_A,4382,4236,96.668188
2023,RE-3_R2_CH29_B,3944,3767,95.512170
2023,RE-3_R2_CH29_C,3615,3485,96.403873
2023,RE-3_R2_CH30_A,4438,2920,65.795403
2023,RE-3_R2_CH30_B,4266,2839,66.549461
2023,RE-3_R2_CH30_C,4076,2786,68.351325
2023,RE-3_R2_CH31_A,4311,4227,98.051496
2023,RE-3_R2_CH31_B,4126,4067,98.570044
2023,RE-3_R2_CH31_C,3913,3863,98.722208
2023,RE-3_R2_CH32_A,4396,3993,90.832575
2023,RE-3_R2_CH32_B,4032,3968,98.412698
2023,RE-3_R2_CH32_C,3874,3812,98.399587
2023,RE-3_R2_CH33_A,4385,4172,95.142531
2023,RE-3_R2_CH33_B,4061,3980,98.005417
2023,RE-3_R2_CH33_C,3680,3611,98.125000
2023,RE-3_R2_CH34_A,4429,4315,97.426056
2023,RE-3_R2_CH34_B,4084,3937,96.400588
2023,RE-3_R2_CH34_C,3627,3575,98.566308
2023,RE-3_R2_CH35_A,4468,4314,96.553268
2023,RE-3_R2_CH35_B,4121,4059,98.495511
2023,RE-3_R2_CH35_C,4026,3958,98.310979
2023,RE-3_R2_CH36_A,4391,3936,89.637896
2023,RE-3_R2_CH36_B,4357,4249,97.521230
2023,RE-3_R2_CH36_C,4259,3670,86.170463
2023,RE-3_R3_CH01_A,2698,2456,91.030393
2023,RE-3_R3_CH01_B,4787,4601,96.114477
2023,RE-3_R3_CH01_C,3977,3853,96.882072
2023,RE-3_R3_CH02_A,2657,2548,95.897629
2023,RE-3_R3_CH02_B,4793,4660,97.225120
2023,RE-3_R3_CH02_C,3913,3864,98.747764
2023,RE-3_R3_CH03_A,2951,2848,96.509658
2023,RE-3_R3_CH03_B,4733,4683,98.943588
2023,RE-3_R3_CH03_C,3895,3823,98.151476
2023,RE-3_R3_CH04_A,2482,2244,90.410959
2023,RE-3_R3_CH04_B,4628,4502,97.277442
2023,RE-3_R3_CH04_C,3716,3676,98.923574
2023,RE-3_R3_CH05_A,2525,2395,94.851485
2023,RE-3_R3_CH05_B,4624,4522,97.794118
2023,RE-3_R3_CH05_C,3854,3690,95.744681
2023,RE-3_R3_CH06_A,2907,2692,92.604059
2023,RE-3_R3_CH06_B,4707,4611,97.960484
2023,RE-3_R3_CH06_C,3818,3783,99.083290
2023,RE-3_R3_CH07_A,2645,2526,95.500945
2023,RE-3_R3_CH07_B,4666,4641,99.464209
2023,RE-3_R3_CH07_C,3819,3762,98.507463
2023,RE-3_R3_CH08_A,2712,2170,80.014749
2023,RE-3_R3_CH08_B,4638,4378,94.394135
2023,RE-3_R3_CH08_C,3656,3573,97.729759
2023,RE-3_R3_CH09_A,2820,2698,95.673759
2023,RE-3_R3_CH09_B,4948,4766,96.321746
2023,RE-3_R3_CH09_C,3799,3700,97.394051
2023,RE-3_R3_CH10_A,2640,2405,91.098485
2023,RE-3_R3_CH10_B,4837,4572,94.521398
2023,RE-3_R3_CH10_C,3817,3735,97.851716
2023,RE-3_R3_CH11_A,2731,2586,94.690590
2023,RE-3_R3_CH11_B,4825,4710,97.616580
2023,RE-3_R3_CH11_C,3963,3843,96.971991
2023,RE-3_R3_CH12_A,2972,2756,92.732167
2023,RE-3_R3_CH12_B,4699,4496,95.679932
2023,RE-3_R3_CH12_C,3804,3728,98.002103
2023,RE-3_R3_CH13_A,2729,2467,90.399414
2023,RE-3_R3_CH13_B,4742,4624,97.511598
2023,RE-3_R3_CH13_C,3961,3696,93.309770
2023,RE-3_R3_CH14_A,2660,2288,86.015038
2023,RE-3_R3_CH14_B,4705,4577,97.279490
2023,RE-3_R3_CH14_C,3866,3814,98.654941
2023,RE-3_R3_CH15_A,2782,2542,91.373113
2023,RE-3_R3_CH15_B,4746,3996,84.197219
2023,RE-3_R3_CH15_C,3794,3454,91.038482
2023,RE-3_R3_CH16_A,2658,2254,84.800602
2023,RE-3_R3_CH16_B,4692,4590,97.826087
2023,RE-3_R3_CH16_C,3697,3642,98.512307
2023,RE-3_R3_CH17_A,2652,2503,94.381599
2023,RE-3_R3_CH17_B,4623,4376,94.657149
2023,RE-3_R3_CH17_C,3708,3510,94.660194
2023,RE-3_R3_CH18_A,2900,2842,98.000000
2023,RE-3_R3_CH18_B,4621,4551,98.485176
2023,RE-3_R3_CH18_C,3656,3604,98.577681
2023,RE-3_R3_CH19_A,2697,2508,92.992214
2023,RE-3_R3_CH19_B,5138,5004,97.391981
2023,RE-3_R3_CH19_C,4090,3905,95.476773
2023,RE-3_R3_CH20_A,2706,2393,88.433112
2023,RE-3_R3_CH20_B,4560,4307,94.451754
2023,RE-3_R3_CH20_C,3712,3637,97.979526
2023,RE-3_R3_CH21_A,2853,2710,94.987732
2023,RE-3_R3_CH21_B,4905,4826,98.389399
2023,RE-3_R3_CH21_C,3810,3664,96.167979
2023,RE-3_R3_CH22_A,2626,2337,88.994669
2023,RE-3_R3_CH22_B,4695,4442,94.611289
2023,RE-3_R3_CH22_C,3915,3848,98.288633
2023,RE-3_R3_CH23_A,2699,2591,95.998518
2023,RE-3_R3_CH23_B,4780,4688,98.075314
2023,RE-3_R3_CH23_C,3768,3521,93.444798
2023,RE-3_R3_CH24_A,2853,2348,82.299334
2023,RE-3_R3_CH24_B,4634,4508,97.280967
2023,RE-3_R3_CH24_C,3826,3769,98.510193
2023,RE-3_R3_CH25_A,2527,2395,94.776415
2023,RE-3_R3_CH25_B,4638,4528,97.628288
2023,RE-3_R3_CH25_C,3612,3500,96.899225
2023,RE-3_R3_CH26_A,2625,2453,93.447619
2023,RE-3_R3_CH26_B,4652,4465,95.980224
2023,RE-3_R3_CH26_C,3707,3678,99.217696
2023,RE-3_R3_CH27_A,2922,2785,95.311431
2023,RE-3_R3_CH27_B,4869,4639,95.276237
2023,RE-3_R3_CH27_C,3940,3661,92.918782
2023,RE-3_R3_CH28_A,2607,2118,81.242808
2023,RE-3_R3_CH28_B,4622,3842,83.124189
2023,RE-3_R3_CH28_C,3621,3358,92.736813
2023,RE-3_R3_CH29_A,2566,2476,96.492595
2023,RE-3_R3_CH29_B,4524,4431,97.944297
2023,RE-3_R3_CH29_C,3785,3703,97.833554
2023,RE-3_R3_CH30_A,2906,2830,97.384721
2023,RE-3_R3_CH30_B,4543,3949,86.924939
2023,RE-3_R3_CH30_C,3594,3471,96.577629
2023,RE-3_R3_CH31_A,2499,2358,94.357743
2023,RE-3_R3_CH31_B,4533,4421,97.529230
2023,RE-3_R3_CH31_C,3609,3522,97.589360
2023,RE-3_R3_CH32_A,2694,2310,85.746102
2023,RE-3_R3_CH32_B,4643,3911,84.234331
2023,RE-3_R3_CH32_C,3667,3518,95.936733
2023,RE-3_R3_CH33_A,3018,2860,94.764745
2023,RE-3_R3_CH33_B,5015,4923,98.165503
2023,RE-3_R3_CH33_C,3924,3860,98.369011
2023,RE-3_R3_CH34_A,2679,2261,84.397163
2023,RE-3_R3_CH34_B,4784,4641,97.010870
2023,RE-3_R3_CH34_C,3787,3741,98.785318
2023,RE-3_R3_CH35_A,2844,2773,97.503516
2023,RE-3_R3_CH35_B,4937,4859,98.420093
2023,RE-3_R3_CH35_C,3947,3889,98.530530
2023,RE-3_R3_CH36_A,2953,2638,89.332882
2023,RE-3_R3_CH36_B,4756,4631,97.371741
2023,RE-3_R3_CH36_C,3812,3734,97.953830
2023,RE-4_R1_CH01_A,0,0,
2023,RE-4_R1_CH02_A,0,0,
2023,RE-4_R1_CH03_A,0,0,
2023,RE-4_R1_CH04_A,0,0,
2023,RE-4_R1_CH05_A,0,0,
2023,RE-4_R1_CH06_A,0,0,
2023,RE-4_R1_CH07_A,0,0,
2023,RE-4_R1_CH08_A,0,0,
2023,RE-4_R1_CH09_A,0,0,
2023,RE-4_R1_CH10_A,0,0,
2023,RE-4_R1_CH11_A,0,0,
2023,RE-4_R1_CH12_A,0,0,
2023,RE-4_R1_CH13_A,0,0,
2023,RE-4_R1_CH14_A,0,0,
2023,RE-4_R1_CH15_A,0,0,
2023,RE-4_R1_CH16_A,0,0,
2023,RE-4_R1_CH17_A,0,0,
2023,RE-4_R1_CH18_A,0,0,
2023,RE-4_R2_CH01_A,4340,4165,95.967742
2023,RE-4_R2_CH01_B,5969,5852,98.039873
2023,RE-4_R2_CH01_C,5210,5102,97.927063
2023,RE-4_R2_CH02_A,4493,4344,96.683730
2023,RE-4_R2_CH02_B,3865,3760,97.283312
2023,RE-4_R2_CH02_C,3703,3591,96.975425
2023,RE-4_R2_CH03_A,4469,4344,97.202954
2023,RE-4_R2_CH03_B,3831,3712,96.893761
2023,RE-4_R2_CH03_C,3794,3661,96.494465
2023,RE-4_R2_CH04_A,5729,5626,98.202130
2023,RE-4_R2_CH04_B,4244,4132,97.360980
2023,RE-4_R2_CH04_C,3872,3600,92.975207
2023,RE-4_R2_CH05_A,4239,4138,97.617363
2023,RE-4_R2_CH05_B,3924,3810,97.094801
2023,RE-4_R2_CH05_C,3523,3433,97.445359
2023,RE-4_R2_CH06_A,4471,4369,97.718631
2023,RE-4_R2_CH06_B,3913,3776,96.498850
2023,RE-4_R2_CH06_C,3458,3319,95.980335
2023,RE-4_R2_CH07_A,4410,4212,95.510204
2023,RE-4_R2_CH07_B,3904,3821,97.873975
2023,RE-4_R2_CH07_C,3799,3728,98.131087
2023,RE-4_R2_CH08_A,4708,4569,97.047579
2023,RE-4_R2_CH08_B,3915,3776,96.449553
2023,RE-4_R2_CH08_C,3864,3715,96.143892
2023,RE-4_R2_CH09_A,4463,4236,94.913735
2023,RE-4_R2_CH09_B,3980,3829,96.206030
2023,RE-4_R2_CH09_C,3574,3428,95.914941
2023,RE-4_R2_CH10_A,4557,4477,98.244459
2023,RE-4_R2_CH10_B,3957,3858,97.498105
2023,RE-4_R2_CH10_C,3518,3403,96.731097
2023,RE-4_R2_CH11_A,4518,4415,97.720230
2023,RE-4_R2_CH11_B,3892,3774,96.968140
2023,RE-4_R2_CH11_C,3813,3643,95.541568
2023,RE-4_R2_CH12_A,4540,4447,97.951542
2023,RE-4_R2_CH12_B,3965,3870,97.604035
2023,RE-4_R2_CH12_C,3748,3642,97.171825
2023,RE-4_R2_CH13_A,4505,3786,84.039956
2023,RE-4_R2_CH13_B,3853,3281,85.154425
2023,RE-4_R2_CH13_C,3451,2854,82.700666
2023,RE-4_R2_CH14_A,4607,4495,97.568917
2023,RE-4_R2_CH14_B,3960,3854,97.323232
2023,RE-4_R2_CH14_C,3532,3425,96.970555
2023,RE-4_R2_CH15_A,4392,4317,98.292350
2023,RE-4_R2_CH15_B,3884,3808,98.043254
2023,RE-4_R2_CH15_C,3703,3588,96.894410
2023,RE-4_R2_CH16_A,4320,4240,98.148148
2023,RE-4_R2_CH16_B,3858,3778,97.926387
2023,RE-4_R2_CH16_C,3661,3575,97.650915
2023,RE-4_R2_CH17_A,4308,4204,97.585887
2023,RE-4_R2_CH17_B,3868,3806,98.397104
2023,RE-4_R2_CH17_C,3464,3380,97.575058
2023,RE-4_R2_CH18_A,4223,4010,94.956192
2023,RE-4_R2_CH18_B,3731,3561,95.443581
2023,RE-4_R2_CH18_C,3378,3291,97.424512
2023,RE-4_R2_CH19_A,4600,4504,97.913043
2023,RE-4_R2_CH19_B,3783,3699,97.779540
2023,RE-4_R2_CH19_C,3449,3328,96.491737
2023,RE-4_R2_CH20_A,4372,4227,96.683440
2023,RE-4_R2_CH20_B,3793,3692,97.337200
2023,RE-4_R2_CH20_C,3551,3479,97.972402
2023,RE-4_R2_CH21_A,4279,4183,97.756485
2023,RE-4_R2_CH21_B,3742,3545,94.735436
2023,RE-4_R2_CH21_C,3543,3410,96.246119
2023,RE-4_R2_CH22_A,4683,4426,94.512065
2023,RE-4_R2_CH22_B,3790,3727,98.337731
2023,RE-4_R2_CH22_C,3514,3448,98.121799
2023,RE-4_R2_CH23_A,4313,4258,98.724786
2023,RE-4_R2_CH23_B,4090,4023,98.361858
2023,RE-4_R2_CH23_C,3995,3880,97.121402
2023,RE-4_R2_CH24_A,4465,4402,98.589026
2023,RE-4_R2_CH24_B,3806,3737,98.187073
2023,RE-4_R2_CH24_C,3738,3668,98.127341
2023,RE-4_R2_CH25_A,4319,4262,98.680250
2023,RE-4_R2_CH25_B,3991,3949,98.947632
2023,RE-4_R2_CH25_C,3401,3362,98.853278
2023,RE-4_R2_CH26_A,4449,4366,98.134412
2023,RE-4_R2_CH26_B,3794,3723,98.128624
2023,RE-4_R2_CH26_C,3416,3336,97.658080
2023,RE-4_R2_CH27_A,4809,4711,97.962154
2023,RE-4_R2_CH27_B,4066,3962,97.442204
2023,RE-4_R2_CH27_C,3821,3712,97.147344
2023,RE-4_R2_CH28_A,4333,4175,96.353566
2023,RE-4_R2_CH28_B,3877,3774,97.343307
2023,RE-4_R2_CH28_C,3798,3728,98.156925
2023,RE-4_R2_CH29_A,4249,4150,97.670040
2023,RE-4_R2_CH29_B,4068,4000,98.328417
2023,RE-4_R2_CH29_C,3503,3400,97.059663
2023,RE-4_R2_CH30_A,4682,4562,97.436993
2023,RE-4_R2_CH30_B,4099,4004,97.682362
2023,RE-4_R2_CH30_C,3846,3777,98.205928
2023,RE-4_R2_CH31_A,4414,4345,98.436792
2023,RE-4_R2_CH31_B,4034,3957,98.091225
2023,RE-4_R2_CH31_C,3711,3637,98.005928
2023,RE-4_R2_CH32_A,4535,4425,97.574421
2023,RE-4_R2_CH32_B,3883,3799,97.836724
2023,RE-4_R2_CH32_C,3789,3725,98.310900
2023,RE-4_R2_CH33_A,4467,4199,94.000448
2023,RE-4_R2_CH33_B,3971,3891,97.985394
2023,RE-4_R2_CH33_C,3623,3546,97.874689
2023,RE-4_R2_CH34_A,4548,4290,94.327177
2023,RE-4_R2_CH34_B,3854,3765,97.690711
2023,RE-4_R2_CH34_C,3758,3645,96.993081
2023,RE-4_R2_CH35_A,4416,4199,95.086051
2023,RE-4_R2_CH35_B,3918,3529,90.071465
2023,RE-4_R2_CH35_C,3969,3838,96.699421
2023,RE-4_R2_CH36_A,4528,4243,93.705830
2023,RE-4_R2_CH36_B,4442,4286,96.488068
2023,RE-4_R2_CH36_C,4328,4227,97.666359
2023,RE-4_R3_CH01_A,2657,2555,96.161084
2023,RE-4_R3_CH01_B,4749,4369,91.998315
2023,RE-4_R3_CH01_C,3877,3822,98.581377
2023,RE-4_R3_CH02_A,2619,2414,92.172585
2023,RE-4_R3_CH02_B,4732,4645,98.161454
2023,RE-4_R3_CH02_C,3830,3781,98.720627
2023,RE-4_R3_CH03_A,2596,2536,97.688752
2023,RE-4_R3_CH03_B,4671,4588,98.223079
2023,RE-4_R3_CH03_C,3833,3779,98.591182
2023,RE-4_R3_CH04_A,2579,2333,90.461419
2023,RE-4_R3_CH04_B,4560,4378,96.008772
2023,RE-4_R3_CH04_C,3819,3749,98.167059
2023,RE-4_R3_CH05_A,2595,2450,94.412331
2023,RE-4_R3_CH05_B,4715,4610,97.773065
2023,RE-4_R3_CH05_C,3718,3590,96.557289
2023,RE-4_R3_CH06_A,2602,2498,96.003075
2023,RE-4_R3_CH06_B,4662,4348,93.264693
2023,RE-4_R3_CH06_C,3769,3621,96.073229
2023,RE-4_R3_CH07_A,2631,2572,97.757507
2023,RE-4_R3_CH07_B,4614,4382,94.971825
2023,RE-4_R3_CH07_C,3906,3843,98.387097
2023,RE-4_R3_CH08_A,2570,2466,95.953307
2023,RE-4_R3_CH08_B,4544,4398,96.786972
2023,RE-4_R3_CH08_C,3745,3647,97.383178
2023,RE-4_R3_CH09_A,2788,2655,95.229555
2023,RE-4_R3_CH09_B,4735,4648,98.162619
2023,RE-4_R3_CH09_C,3802,3699,97.290900
2023,RE-4_R3_CH10_A,2628,2466,93.835616
2023,RE-4_R3_CH10_B,4675,4537,97.048128
2023,RE-4_R3_CH10_C,3949,3828,96.935933
2023,RE-4_R3_CH11_A,2666,2549,95.611403
2023,RE-4_R3_CH11_B,4816,4710,97.799003
2023,RE-4_R3_CH11_C,3884,3766,96.961895
2023,RE-4_R3_CH12_A,2625,2512,95.695238
2023,RE-4_R3_CH12_B,4761,4612,96.870405
2023,RE-4_R3_CH12_C,3837,3710,96.690122
2023,RE-4_R3_CH13_A,2620,2153,82.175573
2023,RE-4_R3_CH13_B,4735,4095,86.483633
2023,RE-4_R3_CH13_C,3929,3443,87.630440
2023,RE-4_R3_CH14_A,2518,2425,96.306593
2023,RE-4_R3_CH14_B,4711,4546,96.497559
2023,RE-4_R3_CH14_C,3660,3594,98.196721
2023,RE-4_R3_CH15_A,2645,2487,94.026465
2023,RE-4_R3_CH15_B,4679,4529,96.794187
2023,RE-4_R3_CH15_C,3745,3554,94.899866
2023,RE-4_R3_CH16_A,2528,2441,96.558544
2023,RE-4_R3_CH16_B,4561,4135,90.659943
2023,RE-4_R3_CH16_C,3720,3624,97.419355
2023,RE-4_R3_CH17_A,2562,2440,95.238095
2023,RE-4_R3_CH17_B,4647,4526,97.396170
2023,RE-4_R3_CH17_C,3759,3675,97.765363
2023,RE-4_R3_CH18_A,2531,2315,91.465824
2023,RE-4_R3_CH18_B,4578,4159,90.847532
2023,RE-4_R3_CH18_C,3703,3624,97.866595
2023,RE-4_R3_CH19_A,2813,2755,97.938144
2023,RE-4_R3_CH19_B,4955,4858,98.042381
2023,RE-4_R3_CH19_C,3842,3769,98.099948
2023,RE-4_R3_CH20_A,2478,2337,94.309927
2023,RE-4_R3_CH20_B,4569,4464,97.701904
2023,RE-4_R3_CH20_C,3797,3709,97.682381
2023,RE-4_R3_CH21_A,2608,2271,87.078221
2023,RE-4_R3_CH21_B,4731,4263,90.107800
2023,RE-4_R3_CH21_C,3833,3572,93.190712
2023,RE-4_R3_CH22_A,2538,2429,95.705280
2023,RE-4_R3_CH22_B,4725,4470,94.603175
2023,RE-4_R3_CH22_C,3831,3671,95.823545
2023,RE-4_R3_CH23_A,2628,2263,86.111111
2023,RE-4_R3_CH23_B,4551,4164,91.496374
2023,RE-4_R3_CH23_C,3719,3591,96.558215
2023,RE-4_R3_CH24_A,2518,2398,95.234313
2023,RE-4_R3_CH24_B,4715,4598,97.518558
2023,RE-4_R3_CH24_C,3736,3700,99.036403
2023,RE-4_R3_CH25_A,2510,2316,92.270916
2023,RE-4_R3_CH25_B,4404,4355,98.887375
2023,RE-4_R3_CH25_C,3814,3738,98.007341
2023,RE-4_R3_CH26_A,2594,2522,97.224364
2023,RE-4_R3_CH26_B,4589,4495,97.951623
2023,RE-4_R3_CH26_C,3895,3828,98.279846
2023,RE-4_R3_CH27_A,2671,2548,95.394983
2023,RE-4_R3_CH27_B,4906,4780,97.431716
2023,RE-4_R3_CH27_C,4005,3946,98.526841
2023,RE-4_R3_CH28_A,2599,2508,96.498653
2023,RE-4_R3_CH28_B,4378,4324,98.766560
2023,RE-4_R3_CH28_C,3733,3687,98.767747
2023,RE-4_R3_CH29_A,2481,2372,95.606610
2023,RE-4_R3_CH29_B,4575,4491,98.163934
2023,RE-4_R3_CH29_C,3728,3630,97.371245
2023,RE-4_R3_CH30_A,2469,2060,83.434589
2023,RE-4_R3_CH30_B,4467,4283,95.880904
2023,RE-4_R3_CH30_C,3796,3720,97.997893
2023,RE-4_R3_CH31_A,2531,2458,97.115765
2023,RE-4_R3_CH31_B,4340,4176,96.221198
2023,RE-4_R3_CH31_C,3683,3647,99.022536
2023,RE-4_R3_CH32_A,2556,2515,98.395931
2023,RE-4_R3_CH32_B,4483,4417,98.527772
2023,RE-4_R3_CH32_C,3802,3729,98.079958
2023,RE-4_R3_CH33_A,2719,2660,97.830085
2023,RE-4_R3_CH33_B,4789,4663,97.368971
2023,RE-4_R3_CH33_C,3966,3914,98.688855
2023,RE-4_R3_CH34_A,2613,2534,96.976655
2023,RE-4_R3_CH34_B,4727,4649,98.349905
2023,RE-4_R3_CH34_C,3780,3679,97.328042
2023,RE-4_R3_CH35_A,2767,2646,95.627033
2023,RE-4_R3_CH35_B,4875,4760,97.641026
2023,RE-4_R3_CH35_C,3825,3790,99.084967
2023,RE-4_R3_CH36_A,2620,2491,95.076336
2023,RE-4_R3_CH36_B,4694,4342,92.501065
2023,RE-4_R3_CH36_C,3840,3772,98.229167
2023,W+0_RB1in_S01_Backward,51804,49260,95.089182
2023,W+0_RB1in_S01_Forward,56605,55998,98.927657
2023,W+0_RB1in_S02_Backward,0,0,
2023,W+0_RB1in_S02_Forward,0,0,
2023,W+0_RB1in_S03_Backward,59630,57017,95.617978
2023,W+0_RB1in_S03_Forward,61841,59639,96.439256
2023,W+0_RB1in_S04_Backward,57547,55215,95.947660
2023,W+0_RB1in_S04_Forward,56973,54706,96.020922
2023,W+0_RB1in_S05_Backward,0,0,
2023,W+0_RB1in_S05_Forward,0,0,
2023,W+0_RB1in_S06_Backward,52137,50873,97.575618
2023,W+0_RB1in_S06_Forward,56370,54498,96.679085
2023,W+0_RB1in_S07_Backward,52077,50829,97.603549
2023,W+0_RB1in_S07_Forward,57052,54708,95.891467
2023,W+0_RB1in_S08_Backward,53192,49840,93.698300
2023,W+0_RB1in_S08_Forward,57424,54304,94.566732
2023,W+0_RB1in_S09_Backward,51435,49588,96.409060
2023,W+0_RB1in_S09_Forward,55596,51596,92.805238
2023,W+0_RB1in_S10_Backward,0,0,
2023,W+0_RB1in_S10_Forward,0,0,
2023,W+0_RB1in_S11_Backward,51407,49588,96.461571
2023,W+0_RB1in_S11_Forward,56103,52800,94.112614
2023,W+0_RB1in_S12_Backward,53053,50941,96.019075
2023,W+0_RB1in_S12_Forward,56974,43315,76.025907
2023,W+0_RB1out_S01_Backward,44147,37616,85.206243
2023,W+0_RB1out_S01_Forward,48402,38745,80.048345
2023,W+0_RB1out_S02_Backward,0,0,
2023,W+0_RB1out_S02_Forward,0,0,
2023,W+0_RB1out_S03_Backward,0,0,
2023,W+0_RB1out_S03_Forward,0,0,
2023,W+0_RB1out_S04_Backward,47960,45887,95.677648
2023,W+0_RB1out_S04_Forward,48726,47054,96.568567
2023,W+0_RB1out_S05_Backward,0,0,
2023,W+0_RB1out_S05_Forward,0,0,
2023,W+0_RB1out_S06_Backward,0,0,
2023,W+0_RB1out_S06_Forward,0,0,
2023,W+0_RB1out_S07_Backward,44409,44010,99.101533
2023,W+0_RB1out_S07_Forward,48756,46236,94.831405
2023,W+0_RB1out_S08_Backward,45647,44447,97.371131
2023,W+0_RB1out_S08_Forward,49376,47866,96.941834
2023,W+0_RB1out_S09_Backward,43994,41617,94.596990
2023,W+0_RB1out_S09_Forward,47343,42933,90.685001
2023,W+0_RB1out_S10_Backward,0,0,
2023,W+0_RB1out_S10_Forward,0,0,
2023,W+0_RB1out_S11_Backward,43651,42544,97.463976
2023,W+0_RB1out_S11_Forward,47915,45716,95.410623
2023,W+0_RB1out_S12_Backward,45346,43820,96.634764
2023,W+0_RB1out_S12_Forward,48700,47325,97.176591
2023,W+0_RB2in_S01_Backward,27443,26972,98.283715
2023,W+0_RB2in_S01_Forward,31338,30883,98.548089
2023,W+0_RB2in_S01_Middle,27794,26816,96.481255
2023,W+0_RB2in_S02_Backward,27125,26214,96.641475
2023,W+0_RB2in_S02_Forward,30972,30253,97.678548
2023,W+0_RB2in_S02_Middle,27860,27184,97.573582
2023,W+0_RB2in_S03_Backward,31137,28919,92.876642
2023,W+0_RB2in_S03_Forward,33895,31124,91.824753
2023,W+0_RB2in_S03_Middle,28750,28440,98.921739
2023,W+0_RB2in_S04_Backward,28076,27342,97.385667
2023,W+0_RB2in_S04_Forward,0,0,
2023,W+0_RB2in_S04_Middle,28425,27629,97.199648
2023,W+0_RB2in_S05_Backward,27723,26422,95.307146
2023,W+0_RB2in_S05_Forward,0,0,
2023,W+0_RB2in_S05_Middle,27671,26687,96.443930
2023,W+0_RB2in_S06_Backward,0,0,
2023,W+0_RB2in_S06_Forward,0,0,
2023,W+0_RB2in_S06_Middle,0,0,
2023,W+0_RB2in_S07_Backward,0,0,
2023,W+0_RB2in_S07_Forward,0,0,
2023,W+0_RB2in_S07_Middle,0,0,
2023,W+0_RB2in_S08_Backward,28380,27731,97.713178
2023,W+0_RB2in_S08_Forward,31948,31501,98.600851
2023,W+0_RB2in_S08_Middle,28262,27396,96.935815
2023,W+0_RB2in_S09_Backward,27049,26137,96.628341
2023,W+0_RB2in_S09_Forward,30497,29342,96.212742
2023,W+0_RB2in_S09_Middle,27418,26179,95.481071
2023,W+0_RB2in_S10_Backward,26825,26055,97.129543
2023,W+0_RB2in_S10_Forward,30973,28337,91.489362
2023,W+0_RB2in_S10_Middle,27595,26716,96.814640
2023,W+0_RB2in_S11_Backward,26867,19947,74.243496
2023,W+0_RB2in_S11_Forward,30853,26711,86.575049
2023,W+0_RB2in_S11_Middle,27303,21291,77.980442
2023,W+0_RB2in_S12_Backward,27708,26655,96.199654
2023,W+0_RB2in_S12_Forward,31230,30671,98.210054
2023,W+0_RB2in_S12_Middle,28340,27242,96.125618
2023,W+0_RB2out_S01_Backward,39312,38805,98.710317
2023,W+0_RB2out_S01_Forward,43033,42326,98.357075
2023,W+0_RB2out_S02_Backward,39033,37707,96.602874
2023,W+0_RB2out_S02_Forward,42431,41230,97.169522
2023,W+0_RB2out_S03_Backward,42320,41690,98.511342
2023,W+0_RB2out_S03_Forward,45441,40496,89.117757
2023,W+0_RB2out_S04_Backward,0,0,
2023,W+0_RB2out_S04_Forward,0,0,
2023,W+0_RB2out_S05_Backward,39615,39109,98.722706
2023,W+0_RB2out_S05_Forward,42165,41250,97.829954
2023,W+0_RB2out_S06_Backward,39412,37479,95.095402
2023,W+0_RB2out_S06_Forward,42497,40893,96.225616
2023,W+0_RB2out_S07_Backward,38944,38234,98.176869
2023,W+0_RB2out_S07_Forward,42641,39719,93.147440
2023,W+0_RB2out_S08_Backward,0,0,
2023,W+0_RB2out_S08_Forward,0,0,
2023,W+0_RB2out_S09_Backward,38626,37308,96.587791
2023,W+0_RB2out_S09_Forward,41958,40223,95.864913
2023,W+0_RB2out_S10_Backward,38726,37477,96.774777
2023,W+0_RB2out_S10_Forward,42321,40217,95.028473
2023,W+0_RB2out_S11_Backward,38605,36955,95.725942
2023,W+0_RB2out_S11_Forward,41824,38900,93.008799
2023,W+0_RB2out_S12_Backward,39870,38430,96.388262
2023,W+0_RB2out_S12_Forward,43073,41546,96.454856
2023,W+0_RB3+_S01_Backward,16564,16133,97.397972
2023,W+0_RB3+_S01_Forward,18298,18048,98.633730
2023,W+0_RB3+_S02_Backward,0,0,
2023,W+0_RB3+_S02_Forward,0,0,
2023,W+0_RB3+_S03_Backward,17200,16843,97.924419
2023,W+0_RB3+_S03_Forward,18668,18249,97.755517
2023,W+0_RB3+_S04_Backward,0,0,
2023,W+0_RB3+_S04_Forward,0,0,
2023,W+0_RB3+_S05_Backward,0,0,
2023,W+0_RB3+_S05_Forward,0,0,
2023,W+0_RB3+_S06_Backward,0,0,
2023,W+0_RB3+_S06_Forward,0,0,
2023,W+0_RB3+_S07_Backward,16918,16506,97.564724
2023,W+0_RB3+_S07_Forward,18571,18285,98.459964
2023,W+0_RB3+_S08_Backward,0,0,
2023,W+0_RB3+_S08_Forward,0,0,
2023,W+0_RB3+_S09_Backward,0,0,
2023,W+0_RB3+_S09_Forward,0,0,
2023,W+0_RB3+_S10_Backward,16850,16244,96.403561
2023,W+0_RB3+_S10_Forward,18264,17719,97.015988
2023,W+0_RB3+_S11_Backward,0,0,
2023,W+0_RB3+_S11_Forward,0,0,
2023,W+0_RB3+_S12_Backward,0,0,
2023,W+0_RB3+_S12_Forward,0,0,
2023,W+0_RB3-_S01_Backward,17325,16928,97.708514
2023,W+0_RB3-_S01_Forward,19058,18624,97.722741
2023,W+0_RB3-_S02_Backward,17023,16683,98.002702
2023,W+0_RB3-_S02_Forward,18571,14223,76.587152
2023,W+0_RB3-_S03_Backward,17722,17397,98.166121
2023,W+0_RB3-_S03_Forward,19510,12308,63.085597
2023,W+0_RB3-_S04_Backward,0,0,
2023,W+0_RB3-_S04_Forward,0,0,
2023,W+0_RB3-_S05_Backward,0,0,
2023,W+0_RB3-_S05_Forward,0,0,
2023,W+0_RB3-_S06_Backward,0,0,
2023,W+0_RB3-_S06_Forward,0,0,
2023,W+0_RB3-_S07_Backward,17122,16786,98.037612
2023,W+0_RB3-_S07_Forward,18760,18211,97.073561
2023,W+0_RB3-_S08_Backward,0,0,
2023,W+0_RB3-_S08_Forward,0,0,
2023,W+0_RB3-_S09_Backward,0,0,
2023,W+0_RB3-_S09_Forward,0,0,
2023,W+0_RB3-_S10_Backward,16819,15995,95.100779
2023,W+0_RB3-_S10_Forward,18345,15408,83.990188
2023,W+0_RB3-_S11_Backward,0,0,
2023,W+0_RB3-_S11_Forward,0,0,
2023,W+0_RB3-_S12_Backward,0,0,
2023,W+0_RB3-_S12_Forward,0,0,
2023,W+0_RB4++_S04_Backward,0,0,
2023,W+0_RB4++_S04_Forward,0,0,
2023,W+0_RB4+_S01_Backward,17287,16872,97.599352
2023,W+0_RB4+_S01_Forward,18897,18323,96.962481
2023,W+0_RB4+_S02_Backward,17300,12235,70.722543
2023,W+0_RB4+_S02_Forward,18646,18286,98.069291
2023,W+0_RB4+_S03_Backward,18023,17521,97.214670
2023,W+0_RB4+_S03_Forward,19620,18850,96.075433
2023,W+0_RB4+_S04_Backward,0,0,
2023,W+0_RB4+_S04_Forward,0,0,
2023,W+0_RB4+_S05_Backward,15989,15391,96.259929
2023,W+0_RB4+_S05_Forward,17384,16494,94.880350
2023,W+0_RB4+_S06_Backward,15703,15215,96.892314
2023,W+0_RB4+_S06_Forward,17313,16714,96.540172
2023,W+0_RB4+_S07_Backward,0,0,
2023,W+0_RB4+_S07_Forward,0,0,
2023,W+0_RB4+_S08_Backward,11830,9997,84.505495
2023,W+0_RB4+_S08_Forward,13010,12405,95.349731
2023,W+0_RB4+_S10_Backward,21072,20481,97.195330
2023,W+0_RB4+_S10_Forward,22735,18103,79.626127
2023,W+0_RB4+_S12_Backward,17711,17236,97.318051
2023,W+0_RB4+_S12_Forward,19205,18656,97.141369
2023,W+0_RB4--_S04_Backward,11078,10731,96.867666
2023,W+0_RB4--_S04_Forward,11777,11400,96.798845
2023,W+0_RB4-_S01_Backward,0,0,
2023,W+0_RB4-_S01_Forward,0,0,
2023,W+0_RB4-_S02_Backward,15927,15526,97.482263
2023,W+0_RB4-_S02_Forward,16990,16440,96.762802
2023,W+0_RB4-_S03_Backward,16081,15841,98.507556
2023,W+0_RB4-_S03_Forward,17419,16760,96.216775
2023,W+0_RB4-_S04_Backward,12591,12123,96.283059
2023,W+0_RB4-_S04_Forward,13510,13163,97.431532
2023,W+0_RB4-_S05_Backward,17453,16702,95.697015
2023,W+0_RB4-_S05_Forward,18741,17687,94.375967
2023,W+0_RB4-_S06_Backward,17509,17026,97.241419
2023,W+0_RB4-_S06_Forward,18721,18058,96.458523
2023,W+0_RB4-_S07_Backward,0,0,
2023,W+0_RB4-_S07_Forward,0,0,
2023,W+0_RB4-_S08_Backward,17750,17390,97.971831
2023,W+0_RB4-_S08_Forward,19011,17816,93.714165
2023,W+0_RB4-_S10_Backward,20619,20053,97.254959
2023,W+0_RB4-_S10_Forward,22785,22232,97.572965
2023,W+0_RB4-_S12_Backward,12096,11939,98.702050
2023,W+0_RB4-_S12_Forward,13062,12139,92.933701
2023,W+0_RB4_S09_Backward,16877,15978,94.673224
2023,W+0_RB4_S09_Forward,18364,17983,97.925289
2023,W+0_RB4_S11_Backward,16824,14856,88.302425
2023,W+0_RB4_S11_Forward,18390,17429,94.774334
2023,W+1_RB1in_S01_Backward,45565,44886,98.509821
2023,W+1_RB1in_S01_Forward,41821,39282,93.928887
2023,W+1_RB1in_S02_Backward,45598,43691,95.817799
2023,W+1_RB1in_S02_Forward,41696,39520,94.781274
2023,W+1_RB1in_S03_Backward,46012,44357,96.403112
2023,W+1_RB1in_S03_Forward,41783,40746,97.518129
2023,W+1_RB1in_S04_Backward,35355,33197,93.896196
2023,W+1_RB1in_S04_Forward,33945,32957,97.089409
2023,W+1_RB1in_S05_Backward,45207,42933,94.969806
2023,W+1_RB1in_S05_Forward,41374,39740,96.050660
2023,W+1_RB1in_S06_Backward,45352,43564,96.057506
2023,W+1_RB1in_S06_Forward,41245,34339,83.256152
2023,W+1_RB1in_S07_Backward,0,0,
2023,W+1_RB1in_S07_Forward,0,0,
2023,W+1_RB1in_S08_Backward,45349,43887,96.776114
2023,W+1_RB1in_S08_Forward,41200,37987,92.201456
2023,W+1_RB1in_S09_Backward,44598,42914,96.224046
2023,W+1_RB1in_S09_Forward,40632,39257,96.615968
2023,W+1_RB1in_S10_Backward,44746,43110,96.343807
2023,W+1_RB1in_S10_Forward,40940,39884,97.420616
2023,W+1_RB1in_S11_Backward,45149,43228,95.745199
2023,W+1_RB1in_S11_Forward,41432,40260,97.171269
2023,W+1_RB1in_S12_Backward,45614,38879,85.234796
2023,W+1_RB1in_S12_Forward,42190,41043,97.281346
2023,W+1_RB1out_S01_Backward,39593,33428,84.429066
2023,W+1_RB1out_S01_Forward,36753,35920,97.733518
2023,W+1_RB1out_S02_Backward,39704,32101,80.850796
2023,W+1_RB1out_S02_Forward,36886,33243,90.123624
2023,W+1_RB1out_S03_Backward,40056,32097,80.130318
2023,W+1_RB1out_S03_Forward,36820,36174,98.245519
2023,W+1_RB1out_S04_Backward,30900,29670,96.019417
2023,W+1_RB1out_S04_Forward,30105,27519,91.410065
2023,W+1_RB1out_S05_Backward,0,0,
2023,W+1_RB1out_S05_Forward,0,0,
2023,W+1_RB1out_S06_Backward,39661,38567,97.241623
2023,W+1_RB1out_S06_Forward,36442,36159,99.223424
2023,W+1_RB1out_S07_Backward,39581,38221,96.564008
2023,W+1_RB1out_S07_Forward,36809,35916,97.573963
2023,W+1_RB1out_S08_Backward,39433,37962,96.269622
2023,W+1_RB1out_S08_Forward,36572,35894,98.146123
2023,W+1_RB1out_S09_Backward,39029,36834,94.375977
2023,W+1_RB1out_S09_Forward,35829,35066,97.870440
2023,W+1_RB1out_S10_Backward,38798,30938,79.741224
2023,W+1_RB1out_S10_Forward,36125,29996,83.033910
2023,W+1_RB1out_S11_Backward,39524,36187,91.557029
2023,W+1_RB1out_S11_Forward,36549,36355,99.469206
2023,W+1_RB1out_S12_Backward,39861,38850,97.463686
2023,W+1_RB1out_S12_Forward,37051,36254,97.848911
2023,W+1_RB2in_S01_Backward,25155,21166,84.142318
2023,W+1_RB2in_S01_Forward,23930,23051,96.326786
2023,W+1_RB2in_S01_Middle,24003,23353,97.292005
2023,W+1_RB2in_S02_Backward,0,0,
2023,W+1_RB2in_S02_Forward,0,0,
2023,W+1_RB2in_S02_Middle,0,0,
2023,W+1_RB2in_S03_Backward,25125,24702,98.316418
2023,W+1_RB2in_S03_Forward,24101,22759,94.431766
2023,W+1_RB2in_S03_Middle,24467,23968,97.960518
2023,W+1_RB2in_S04_Backward,16838,16169,96.026844
2023,W+1_RB2in_S04_Forward,17209,17048,99.064443
2023,W+1_RB2in_S04_Middle,23698,23375,98.637016
2023,W+1_RB2in_S05_Backward,25263,24803,98.179155
2023,W+1_RB2in_S05_Forward,23910,22931,95.905479
2023,W+1_RB2in_S05_Middle,24006,23619,98.387903
2023,W+1_RB2in_S06_Backward,25431,24980,98.226574
2023,W+1_RB2in_S06_Forward,23650,22826,96.515856
2023,W+1_RB2in_S06_Middle,24225,23914,98.716202
2023,W+1_RB2in_S07_Backward,25183,24530,97.406981
2023,W+1_RB2in_S07_Forward,23926,23431,97.931121
2023,W+1_RB2in_S07_Middle,24267,23449,96.629167
2023,W+1_RB2in_S08_Backward,24892,23972,96.304033
2023,W+1_RB2in_S08_Forward,23803,23165,97.319666
2023,W+1_RB2in_S08_Middle,24015,23510,97.897148
2023,W+1_RB2in_S09_Backward,24727,20738,83.867837
2023,W+1_RB2in_S09_Forward,23548,22955,97.481739
2023,W+1_RB2in_S09_Middle,23940,23257,97.147034
2023,W+1_RB2in_S10_Backward,24746,23847,96.367090
2023,W+1_RB2in_S10_Forward,23599,23039,97.627018
2023,W+1_RB2in_S10_Middle,23625,23002,97.362963
2023,W+1_RB2in_S11_Backward,25069,24029,95.851450
2023,W+1_RB2in_S11_Forward,23986,22925,95.576586
2023,W+1_RB2in_S11_Middle,24085,23465,97.425784
2023,W+1_RB2in_S12_Backward,25379,24436,96.284330
2023,W+1_RB2in_S12_Forward,23730,19140,80.657396
2023,W+1_RB2in_S12_Middle,24258,23322,96.141479
2023,W+1_RB2out_S01_Backward,36089,34501,95.599767
2023,W+1_RB2out_S01_Forward,34693,34041,98.120658
2023,W+1_RB2out_S02_Backward,0,0,
2023,W+1_RB2out_S02_Forward,0,0,
2023,W+1_RB2out_S03_Backward,0,0,
2023,W+1_RB2out_S03_Forward,0,0,
2023,W+1_RB2out_S04_Backward,28807,27548,95.629534
2023,W+1_RB2out_S04_Forward,28279,26806,94.791188
2023,W+1_RB2out_S05_Backward,0,0,
2023,W+1_RB2out_S05_Forward,0,0,
2023,W+1_RB2out_S06_Backward,36398,35141,96.546514
2023,W+1_RB2out_S06_Forward,34531,33463,96.907127
2023,W+1_RB2out_S07_Backward,36309,35019,96.447162
2023,W+1_RB2out_S07_Forward,34879,34308,98.362912
2023,W+1_RB2out_S08_Backward,36028,35214,97.740646
2023,W+1_RB2out_S08_Forward,34799,33452,96.129199
2023,W+1_RB2out_S09_Backward,35625,32300,90.666667
2023,W+1_RB2out_S09_Forward,34132,33424,97.925700
2023,W+1_RB2out_S10_Backward,35720,34912,97.737962
2023,W+1_RB2out_S10_Forward,34170,32854,96.148668
2023,W+1_RB2out_S11_Backward,36216,35519,98.075436
2023,W+1_RB2out_S11_Forward,34642,31348,90.491311
2023,W+1_RB2out_S12_Backward,0,0,
2023,W+1_RB2out_S12_Forward,34510,33030,95.711388
2023,W+1_RB3+_S01_Backward,16197,15829,97.727974
2023,W+1_RB3+_S01_Forward,15739,15491,98.424296
2023,W+1_RB3+_S02_Backward,16374,13881,84.774643
2023,W+1_RB3+_S02_Forward,15728,9735,61.895982
2023,W+1_RB3+_S03_Backward,16643,16194,97.302169
2023,W+1_RB3+_S03_Forward,15861,15375,96.935880
2023,W+1_RB3+_S04_Backward,13480,10819,80.259644
2023,W+1_RB3+_S04_Forward,12668,12214,96.416167
2023,W+1_RB3+_S05_Backward,16303,15866,97.319512
2023,W+1_RB3+_S05_Forward,15633,15474,98.982921
2023,W+1_RB3+_S06_Backward,16399,15919,97.072992
2023,W+1_RB3+_S06_Forward,15751,15379,97.638245
2023,W+1_RB3+_S07_Backward,0,0,
2023,W+1_RB3+_S07_Forward,0,0,
2023,W+1_RB3+_S08_Backward,16355,15803,96.624885
2023,W+1_RB3+_S08_Forward,15801,15362,97.221695
2023,W+1_RB3+_S09_Backward,16066,13118,81.650691
2023,W+1_RB3+_S09_Forward,15347,15000,97.738972
2023,W+1_RB3+_S10_Backward,16243,15787,97.192637
2023,W+1_RB3+_S10_Forward,15266,14809,97.006419
2023,W+1_RB3+_S11_Backward,16482,16041,97.324354
2023,W+1_RB3+_S11_Forward,15537,15017,96.653151
2023,W+1_RB3+_S12_Backward,16468,15920,96.672334
2023,W+1_RB3+_S12_Forward,15910,14985,94.186047
2023,W+1_RB3-_S01_Backward,16605,15109,90.990665
2023,W+1_RB3-_S01_Forward,15937,15691,98.456422
2023,W+1_RB3-_S02_Backward,16517,15778,95.525822
2023,W+1_RB3-_S02_Forward,15876,15096,95.086924
2023,W+1_RB3-_S03_Backward,16637,16239,97.607742
2023,W+1_RB3-_S03_Forward,16279,15651,96.142269
2023,W+1_RB3-_S04_Backward,14018,13503,96.326152
2023,W+1_RB3-_S04_Forward,13094,12758,97.433939
2023,W+1_RB3-_S05_Backward,16617,15957,96.028164
2023,W+1_RB3-_S05_Forward,15973,15799,98.910662
2023,W+1_RB3-_S06_Backward,16837,16449,97.695551
2023,W+1_RB3-_S06_Forward,15933,15372,96.479006
2023,W+1_RB3-_S07_Backward,16715,16205,96.948848
2023,W+1_RB3-_S07_Forward,16134,15672,97.136482
2023,W+1_RB3-_S08_Backward,16371,16113,98.424043
2023,W+1_RB3-_S08_Forward,16037,14134,88.133691
2023,W+1_RB3-_S09_Backward,16536,16197,97.949927
2023,W+1_RB3-_S09_Forward,15949,10931,68.537212
2023,W+1_RB3-_S10_Backward,16670,15710,94.241152
2023,W+1_RB3-_S10_Forward,15778,15348,97.274686
2023,W+1_RB3-_S11_Backward,16709,15558,93.111497
2023,W+1_RB3-_S11_Forward,16075,15497,96.404355
2023,W+1_RB3-_S12_Backward,16793,16113,95.950694
2023,W+1_RB3-_S12_Forward,15920,15588,97.914573
2023,W+1_RB4++_S04_Backward,0,0,
2023,W+1_RB4++_S04_Forward,0,0,
2023,W+1_RB4+_S01_Backward,17119,16621,97.090952
2023,W+1_RB4+_S01_Forward,16717,15866,94.909374
2023,W+1_RB4+_S02_Backward,17447,16582,95.042128
2023,W+1_RB4+_S02_Forward,16855,15856,94.072975
2023,W+1_RB4+_S03_Backward,18636,17999,96.581885
2023,W+1_RB4+_S03_Forward,16934,16398,96.834770
2023,W+1_RB4+_S04_Backward,0,0,
2023,W+1_RB4+_S04_Forward,0,0,
2023,W+1_RB4+_S05_Backward,17051,16709,97.994253
2023,W+1_RB4+_S05_Forward,15475,14924,96.439418
2023,W+1_RB4+_S06_Backward,16942,16393,96.759533
2023,W+1_RB4+_S06_Forward,15701,15309,97.503344
2023,W+1_RB4+_S07_Backward,16931,16183,95.582068
2023,W+1_RB4+_S07_Forward,15558,15119,97.178301
2023,W+1_RB4+_S08_Backward,12344,11939,96.719054
2023,W+1_RB4+_S08_Forward,11410,10972,96.161262
2023,W+1_RB4+_S10_Backward,21575,21145,98.006952
2023,W+1_RB4+_S10_Forward,20308,19833,97.661020
2023,W+1_RB4+_S12_Backward,17685,17070,96.522477
2023,W+1_RB4+_S12_Forward,16962,16547,97.553355
2023,W+1_RB4--_S04_Backward,0,0,
2023,W+1_RB4--_S04_Forward,0,0,
2023,W+1_RB4-_S01_Backward,16885,14923,88.380219
2023,W+1_RB4-_S01_Forward,15511,8138,52.465992
2023,W+1_RB4-_S02_Backward,16806,15896,94.585267
2023,W+1_RB4-_S02_Forward,15523,14518,93.525736
2023,W+1_RB4-_S03_Backward,16807,16325,97.132147
2023,W+1_RB4-_S03_Forward,15692,15195,96.832781
2023,W+1_RB4-_S04_Backward,0,0,
2023,W+1_RB4-_S04_Forward,0,0,
2023,W+1_RB4-_S05_Backward,17173,16668,97.059337
2023,W+1_RB4-_S05_Forward,16827,16197,96.256017
2023,W+1_RB4-_S06_Backward,17452,16533,94.734128
2023,W+1_RB4-_S06_Forward,16712,16510,98.791288
2023,W+1_RB4-_S07_Backward,17454,17260,98.888507
2023,W+1_RB4-_S07_Forward,17010,15935,93.680188
2023,W+1_RB4-_S08_Backward,17286,16867,97.576073
2023,W+1_RB4-_S08_Forward,16753,15979,95.379932
2023,W+1_RB4-_S10_Backward,0,0,
2023,W+1_RB4-_S10_Forward,0,0,
2023,W+1_RB4-_S12_Backward,12650,12255,96.877470
2023,W+1_RB4-_S12_Forward,11571,11278,97.467807
2023,W+1_RB4_S09_Backward,16710,16207,96.989826
2023,W+1_RB4_S09_Forward,16477,15991,97.050434
2023,W+1_RB4_S11_Backward,17018,16191,95.140440
2023,W+1_RB4_S11_Forward,16735,16310,97.460412
2023,W+2_RB1in_S01_Backward,30580,30264,98.966645
2023,W+2_RB1in_S01_Forward,26649,26484,99.380840
2023,W+2_RB1in_S02_Backward,30413,27882,91.677901
2023,W+2_RB1in_S02_Forward,27031,25956,96.023085
2023,W+2_RB1in_S03_Backward,30641,29531,96.377403
2023,W+2_RB1in_S03_Forward,27065,26458,97.757251
2023,W+2_RB1in_S04_Backward,30725,29923,97.389748
2023,W+2_RB1in_S04_Forward,27344,26969,98.628584
2023,W+2_RB1in_S05_Backward,0,0,
2023,W+2_RB1in_S05_Forward,0,0,
2023,W+2_RB1in_S06_Backward,30575,29873,97.704007
2023,W+2_RB1in_S06_Forward,26756,25500,95.305726
2023,W+2_RB1in_S07_Backward,0,0,
2023,W+2_RB1in_S07_Forward,0,0,
2023,W+2_RB1in_S08_Backward,30543,29102,95.282061
2023,W+2_RB1in_S08_Forward,26800,25045,93.451493
2023,W+2_RB1in_S09_Backward,30026,27762,92.459868
2023,W+2_RB1in_S09_Forward,26133,25766,98.595645
2023,W+2_RB1in_S10_Backward,29906,28676,95.887113
2023,W+2_RB1in_S10_Forward,26385,25713,97.453098
2023,W+2_RB1in_S11_Backward,30200,28716,95.086093
2023,W+2_RB1in_S11_Forward,26267,25895,98.583774
2023,W+2_RB1in_S12_Backward,0,0,
2023,W+2_RB1in_S12_Forward,26714,26244,98.240623
2023,W+2_RB1out_S01_Backward,28189,25584,90.758807
2023,W+2_RB1out_S01_Forward,0,0,
2023,W+2_RB1out_S02_Backward,28185,23114,82.008160
2023,W+2_RB1out_S02_Forward,24458,24012,98.176466
2023,W+2_RB1out_S03_Backward,28237,27277,96.600205
2023,W+2_RB1out_S03_Forward,24932,24396,97.850152
2023,W+2_RB1out_S04_Backward,0,0,
2023,W+2_RB1out_S04_Forward,0,0,
2023,W+2_RB1out_S05_Backward,30230,29613,97.958981
2023,W+2_RB1out_S05_Forward,26075,25820,99.022052
2023,W+2_RB1out_S06_Backward,28202,27379,97.081767
2023,W+2_RB1out_S06_Forward,24746,24246,97.979471
2023,W+2_RB1out_S07_Backward,28490,27977,98.199368
2023,W+2_RB1out_S07_Forward,25225,24537,97.272547
2023,W+2_RB1out_S08_Backward,28075,26232,93.435441
2023,W+2_RB1out_S08_Forward,24599,23545,95.715273
2023,W+2_RB1out_S09_Backward,27847,22539,80.938701
2023,W+2_RB1out_S09_Forward,23948,23511,98.175213
2023,W+2_RB1out_S10_Backward,27407,26605,97.073740
2023,W+2_RB1out_S10_Forward,24259,23739,97.856466
2023,W+2_RB1out_S11_Backward,28044,25754,91.834260
2023,W+2_RB1out_S11_Forward,23893,23253,97.321391
2023,W+2_RB1out_S12_Backward,28821,26720,92.710177
2023,W+2_RB1out_S12_Forward,0,0,
2023,W+2_RB2in_S01_Backward,31125,30248,97.182329
2023,W+2_RB2in_S01_Forward,27201,26595,97.772141
2023,W+2_RB2in_S02_Backward,30535,29677,97.190110
2023,W+2_RB2in_S02_Forward,27245,26529,97.371995
2023,W+2_RB2in_S03_Backward,30363,29251,96.337648
2023,W+2_RB2in_S03_Forward,0,0,
2023,W+2_RB2in_S04_Backward,30642,29428,96.038118
2023,W+2_RB2in_S04_Forward,27319,26774,98.005051
2023,W+2_RB2in_S05_Backward,0,0,
2023,W+2_RB2in_S05_Forward,0,0,
2023,W+2_RB2in_S06_Backward,30899,30140,97.543610
2023,W+2_RB2in_S06_Forward,27506,26696,97.055188
2023,W+2_RB2in_S07_Backward,30631,29130,95.099736
2023,W+2_RB2in_S07_Forward,27309,26323,96.389469
2023,W+2_RB2in_S08_Backward,0,0,
2023,W+2_RB2in_S08_Forward,0,0,
2023,W+2_RB2in_S09_Backward,30254,29409,97.206981
2023,W+2_RB2in_S09_Forward,26698,26157,97.973631
2023,W+2_RB2in_S10_Backward,30055,29192,97.128598
2023,W+2_RB2in_S10_Forward,26729,26386,98.716750
2023,W+2_RB2in_S11_Backward,30287,29782,98.332618
2023,W+2_RB2in_S11_Forward,26455,25688,97.100737
2023,W+2_RB2in_S12_Backward,31431,30917,98.364672
2023,W+2_RB2in_S12_Forward,27164,26569,97.809601
2023,W+2_RB2out_S01_Backward,16708,16317,97.659804
2023,W+2_RB2out_S01_Forward,15507,15302,98.678016
2023,W+2_RB2out_S01_Middle,16652,13905,83.503483
2023,W+2_RB2out_S02_Backward,16486,16124,97.804198
2023,W+2_RB2out_S02_Forward,15631,15436,98.752479
2023,W+2_RB2out_S02_Middle,16371,15901,97.129070
2023,W+2_RB2out_S03_Backward,16814,13625,81.033662
2023,W+2_RB2out_S03_Forward,15556,15090,97.004371
2023,W+2_RB2out_S03_Middle,16150,15815,97.925697
2023,W+2_RB2out_S04_Backward,16778,14360,85.588270
2023,W+2_RB2out_S04_Forward,15550,12884,82.855305
2023,W+2_RB2out_S04_Middle,16289,13301,81.656332
2023,W+2_RB2out_S05_Backward,16638,15824,95.107585
2023,W+2_RB2out_S05_Forward,16015,15670,97.845770
2023,W+2_RB2out_S05_Middle,16871,16301,96.621421
2023,W+2_RB2out_S06_Backward,17049,16692,97.906036
2023,W+2_RB2out_S06_Forward,15663,14581,93.092000
2023,W+2_RB2out_S06_Middle,16461,15976,97.053642
2023,W+2_RB2out_S07_Backward,16871,16072,95.264063
2023,W+2_RB2out_S07_Forward,15567,15093,96.955097
2023,W+2_RB2out_S07_Middle,16057,15665,97.558697
2023,W+2_RB2out_S08_Backward,16765,16350,97.524605
2023,W+2_RB2out_S08_Forward,15449,15118,97.857467
2023,W+2_RB2out_S08_Middle,16404,13875,84.583029
2023,W+2_RB2out_S09_Backward,16506,15925,96.480068
2023,W+2_RB2out_S09_Forward,15188,14942,98.380300
2023,W+2_RB2out_S09_Middle,16083,15733,97.823789
2023,W+2_RB2out_S10_Backward,16305,15872,97.344373
2023,W+2_RB2out_S10_Forward,15233,14116,92.667236
2023,W+2_RB2out_S10_Middle,15977,15687,98.184891
2023,W+2_RB2out_S11_Backward,16575,16264,98.123680
2023,W+2_RB2out_S11_Forward,15168,14730,97.112342
2023,W+2_RB2out_S11_Middle,16189,15747,97.269751
2023,W+2_RB2out_S12_Backward,16953,16762,98.873356
2023,W+2_RB2out_S12_Forward,15478,13932,90.011629
2023,W+2_RB2out_S12_Middle,16835,16601,98.610039
2023,W+2_RB3+_S01_Backward,12503,11811,94.465328
2023,W+2_RB3+_S01_Forward,12695,12392,97.613234
2023,W+2_RB3+_S02_Backward,12521,12090,96.557783
2023,W+2_RB3+_S02_Forward,12587,12291,97.648367
2023,W+2_RB3+_S03_Backward,12528,11849,94.580140
2023,W+2_RB3+_S03_Forward,12621,12489,98.954124
2023,W+2_RB3+_S04_Backward,12578,12260,97.471776
2023,W+2_RB3+_S04_Forward,12588,12289,97.624722
2023,W+2_RB3+_S05_Backward,12474,12082,96.857464
2023,W+2_RB3+_S05_Forward,12994,12665,97.468062
2023,W+2_RB3+_S06_Backward,12430,12182,98.004827
2023,W+2_RB3+_S06_Forward,12553,12368,98.526249
2023,W+2_RB3+_S07_Backward,0,0,
2023,W+2_RB3+_S07_Forward,0,0,
2023,W+2_RB3+_S08_Backward,12394,12142,97.966758
2023,W+2_RB3+_S08_Forward,12542,12401,98.875777
2023,W+2_RB3+_S09_Backward,12165,11830,97.246198
2023,W+2_RB3+_S09_Forward,12443,12181,97.894398
2023,W+2_RB3+_S10_Backward,0,0,
2023,W+2_RB3+_S10_Forward,0,0,
2023,W+2_RB3+_S11_Backward,12672,12065,95.209912
2023,W+2_RB3+_S11_Forward,12624,12505,99.057351
2023,W+2_RB3+_S12_Backward,0,0,
2023,W+2_RB3+_S12_Forward,0,0,
2023,W+2_RB3-_S01_Backward,0,0,
2023,W+2_RB3-_S01_Forward,0,0,
2023,W+2_RB3-_S02_Backward,12604,12448,98.762298
2023,W+2_RB3-_S02_Forward,12471,11896,95.389303
2023,W+2_RB3-_S03_Backward,13022,12718,97.665489
2023,W+2_RB3-_S03_Forward,12422,12025,96.804057
2023,W+2_RB3-_S04_Backward,13127,11528,87.818999
2023,W+2_RB3-_S04_Forward,12387,12224,98.684104
2023,W+2_RB3-_S05_Backward,12785,12385,96.871334
2023,W+2_RB3-_S05_Forward,12874,12598,97.856144
2023,W+2_RB3-_S06_Backward,12956,11692,90.243902
2023,W+2_RB3-_S06_Forward,12430,11363,91.415929
2023,W+2_RB3-_S07_Backward,12714,12495,98.277489
2023,W+2_RB3-_S07_Forward,12356,11902,96.325672
2023,W+2_RB3-_S08_Backward,12812,12645,98.696534
2023,W+2_RB3-_S08_Forward,12519,11790,94.176851
2023,W+2_RB3-_S09_Backward,0,0,
2023,W+2_RB3-_S09_Forward,0,0,
2023,W+2_RB3-_S10_Backward,12636,12153,96.177588
2023,W+2_RB3-_S10_Forward,12258,12031,98.148148
2023,W+2_RB3-_S11_Backward,0,0,
2023,W+2_RB3-_S11_Forward,0,0,
2023,W+2_RB3-_S12_Backward,0,0,
2023,W+2_RB3-_S12_Forward,0,0,
2023,W+2_RB4++_S04_Backward,9113,8779,96.334906
2023,W+2_RB4++_S04_Forward,9043,8714,96.361827
2023,W+2_RB4+_S01_Backward,0,0,
2023,W+2_RB4+_S01_Forward,13471,13173,97.787841
2023,W+2_RB4+_S02_Backward,13852,13343,96.325440
2023,W+2_RB4+_S02_Forward,13457,13143,97.666642
2023,W+2_RB4+_S03_Backward,14045,13597,96.810253
2023,W+2_RB4+_S03_Forward,13531,13076,96.637351
2023,W+2_RB4+_S04_Backward,9861,9610,97.454619
2023,W+2_RB4+_S04_Forward,9633,9361,97.176373
2023,W+2_RB4+_S05_Backward,12694,12365,97.408224
2023,W+2_RB4+_S05_Forward,12839,12538,97.655581
2023,W+2_RB4+_S06_Backward,12834,11528,89.823905
2023,W+2_RB4+_S06_Forward,12648,11547,91.295066
2023,W+2_RB4+_S07_Backward,12850,12607,98.108949
2023,W+2_RB4+_S07_Forward,12890,12268,95.174554
2023,W+2_RB4+_S08_Backward,0,0,
2023,W+2_RB4+_S08_Forward,0,0,
2023,W+2_RB4+_S10_Backward,16683,16411,98.369598
2023,W+2_RB4+_S10_Forward,16387,16111,98.315738
2023,W+2_RB4+_S12_Backward,13854,13637,98.433665
2023,W+2_RB4+_S12_Forward,13702,13127,95.803532
2023,W+2_RB4--_S04_Backward,8833,8403,95.131892
2023,W+2_RB4--_S04_Forward,8882,8655,97.444269
2023,W+2_RB4-_S01_Backward,12886,12333,95.708521
2023,W+2_RB4-_S01_Forward,13034,12371,94.913304
2023,W+2_RB4-_S02_Backward,12947,12662,97.798718
2023,W+2_RB4-_S02_Forward,12799,11307,88.342839
2023,W+2_RB4-_S03_Backward,12983,11654,89.763537
2023,W+2_RB4-_S03_Forward,12916,11660,90.275627
2023,W+2_RB4-_S04_Backward,10162,9857,96.998622
2023,W+2_RB4-_S04_Forward,9874,9669,97.923840
2023,W+2_RB4-_S05_Backward,13903,13206,94.986694
2023,W+2_RB4-_S05_Forward,13497,13064,96.791880
2023,W+2_RB4-_S06_Backward,13918,13269,95.336974
2023,W+2_RB4-_S06_Forward,13611,12620,92.719124
2023,W+2_RB4-_S07_Backward,13971,13103,93.787130
2023,W+2_RB4-_S07_Forward,13599,13278,97.639532
2023,W+2_RB4-_S08_Backward,13960,13552,97.077364
2023,W+2_RB4-_S08_Forward,13446,13129,97.642422
2023,W+2_RB4-_S10_Backward,16887,14036,83.117191
2023,W+2_RB4-_S10_Forward,16528,16210,98.075992
2023,W+2_RB4-_S12_Backward,9363,9184,98.088220
2023,W+2_RB4-_S12_Forward,9588,8618,89.883187
2023,W+2_RB4_S09_Backward,13538,12945,95.619737
2023,W+2_RB4_S09_Forward,13083,12669,96.835588
2023,W+2_RB4_S11_Backward,13735,13399,97.553695
2023,W+2_RB4_S11_Forward,13152,11147,84.755170
2023,W-1_RB1in_S01_Backward,44954,44042,97.971260
2023,W-1_RB1in_S01_Forward,41322,40142,97.144378
2023,W-1_RB1in_S02_Backward,0,0,
2023,W-1_RB1in_S02_Forward,0,0,
2023,W-1_RB1in_S03_Backward,0,0,
2023,W-1_RB1in_S03_Forward,0,0,
2023,W-1_RB1in_S04_Backward,44869,43205,96.291426
2023,W-1_RB1in_S04_Forward,40999,39421,96.151126
2023,W-1_RB1in_S05_Backward,44811,43780,97.699226
2023,W-1_RB1in_S05_Forward,41369,39626,95.786700
2023,W-1_RB1in_S06_Backward,45012,43587,96.834178
2023,W-1_RB1in_S06_Forward,40961,40111,97.924855
2023,W-1_RB1in_S07_Backward,0,0,
2023,W-1_RB1in_S07_Forward,40362,39588,98.082355
2023,W-1_RB1in_S08_Backward,0,0,
2023,W-1_RB1in_S08_Forward,0,0,
2023,W-1_RB1in_S09_Backward,45325,43861,96.769994
2023,W-1_RB1in_S09_Forward,40806,39655,97.179336
2023,W-1_RB1in_S10_Backward,0,0,
2023,W-1_RB1in_S10_Forward,0,0,
2023,W-1_RB1in_S11_Backward,0,0,
2023,W-1_RB1in_S11_Forward,0,0,
2023,W-1_RB1in_S12_Backward,45493,43429,95.463038
2023,W-1_RB1in_S12_Forward,41776,40755,97.556013
2023,W-1_RB1out_S01_Backward,39065,38115,97.568156
2023,W-1_RB1out_S01_Forward,36538,35919,98.305873
2023,W-1_RB1out_S02_Backward,0,0,
2023,W-1_RB1out_S02_Forward,0,0,
2023,W-1_RB1out_S03_Backward,0,0,
2023,W-1_RB1out_S03_Forward,0,0,
2023,W-1_RB1out_S04_Backward,0,0,
2023,W-1_RB1out_S04_Forward,36593,34102,93.192687
2023,W-1_RB1out_S05_Backward,39076,38211,97.786365
2023,W-1_RB1out_S05_Forward,36381,35837,98.504714
2023,W-1_RB1out_S06_Backward,39311,38092,96.899087
2023,W-1_RB1out_S06_Forward,36481,35829,98.212768
2023,W-1_RB1out_S07_Backward,0,0,
2023,W-1_RB1out_S07_Forward,35711,35004,98.020218
2023,W-1_RB1out_S08_Backward,0,0,
2023,W-1_RB1out_S08_Forward,0,0,
2023,W-1_RB1out_S09_Backward,39618,38509,97.200767
2023,W-1_RB1out_S09_Forward,35952,35237,98.011237
2023,W-1_RB1out_S10_Backward,0,0,
2023,W-1_RB1out_S10_Forward,0,0,
2023,W-1_RB1out_S11_Backward,0,0,
2023,W-1_RB1out_S11_Forward,0,0,
2023,W-1_RB1out_S12_Backward,39706,38378,96.655417
2023,W-1_RB1out_S12_Forward,36632,34683,94.679515
2023,W-1_RB2in_S01_Backward,0,0,
2023,W-1_RB2in_S01_Forward,0,0,
2023,W-1_RB2in_S01_Middle,0,0,
2023,W-1_RB2in_S02_Backward,24969,24359,97.556971
2023,W-1_RB2in_S02_Forward,23601,23177,98.203466
2023,W-1_RB2in_S02_Middle,23798,23454,98.554500
2023,W-1_RB2in_S03_Backward,16694,16356,97.975320
2023,W-1_RB2in_S03_Forward,17048,16532,96.973252
2023,W-1_RB2in_S03_Middle,23736,22894,96.452646
2023,W-1_RB2in_S04_Backward,24995,21429,85.733147
2023,W-1_RB2in_S04_Forward,23908,23334,97.599130
2023,W-1_RB2in_S04_Middle,23952,23230,96.985638
2023,W-1_RB2in_S05_Backward,0,0,
2023,W-1_RB2in_S05_Forward,0,0,
2023,W-1_RB2in_S05_Middle,0,0,
2023,W-1_RB2in_S06_Backward,25090,20168,80.382623
2023,W-1_RB2in_S06_Forward,23901,21634,90.515041
2023,W-1_RB2in_S06_Middle,24250,20001,82.478351
2023,W-1_RB2in_S07_Backward,0,0,
2023,W-1_RB2in_S07_Forward,0,0,
2023,W-1_RB2in_S07_Middle,0,0,
2023,W-1_RB2in_S08_Backward,25105,24139,96.152161
2023,W-1_RB2in_S08_Forward,23466,22950,97.801074
2023,W-1_RB2in_S08_Middle,23888,23366,97.814802
2023,W-1_RB2in_S09_Backward,24864,24161,97.172619
2023,W-1_RB2in_S09_Forward,23428,23002,98.181663
2023,W-1_RB2in_S09_Middle,24024,22959,95.566933
2023,W-1_RB2in_S10_Backward,0,0,
2023,W-1_RB2in_S10_Forward,0,0,
2023,W-1_RB2in_S10_Middle,0,0,
2023,W-1_RB2in_S11_Backward,24571,12332,50.189247
2023,W-1_RB2in_S11_Forward,23615,20861,88.337921
2023,W-1_RB2in_S11_Middle,23978,20784,86.679456
2023,W-1_RB2in_S12_Backward,25159,24328,96.697007
2023,W-1_RB2in_S12_Forward,23713,23040,97.161894
2023,W-1_RB2in_S12_Middle,24098,23617,98.003984
2023,W-1_RB2out_S01_Backward,0,0,
2023,W-1_RB2out_S01_Forward,0,0,
2023,W-1_RB2out_S02_Backward,35944,35109,97.676942
2023,W-1_RB2out_S02_Forward,34344,33046,96.220592
2023,W-1_RB2out_S03_Backward,28462,27345,96.075469
2023,W-1_RB2out_S03_Forward,28286,27483,97.161140
2023,W-1_RB2out_S04_Backward,0,0,
2023,W-1_RB2out_S04_Forward,34625,33697,97.319856
2023,W-1_RB2out_S05_Backward,0,0,
2023,W-1_RB2out_S05_Forward,0,0,
2023,W-1_RB2out_S06_Backward,36346,35344,97.243163
2023,W-1_RB2out_S06_Forward,34690,33259,95.874892
2023,W-1_RB2out_S07_Backward,0,0,
2023,W-1_RB2out_S07_Forward,0,0,
2023,W-1_RB2out_S08_Backward,36184,34002,93.969710
2023,W-1_RB2out_S08_Forward,34436,33655,97.732025
2023,W-1_RB2out_S09_Backward,35938,34840,96.944738
2023,W-1_RB2out_S09_Forward,34165,18988,55.577345
2023,W-1_RB2out_S10_Backward,0,0,
2023,W-1_RB2out_S10_Forward,0,0,
2023,W-1_RB2out_S11_Backward,35530,34655,97.537292
2023,W-1_RB2out_S11_Forward,34125,33300,97.582418
2023,W-1_RB2out_S12_Backward,36214,33921,93.668195
2023,W-1_RB2out_S12_Forward,34322,29182,85.024183
2023,W-1_RB3+_S01_Backward,16481,15988,97.008677
2023,W-1_RB3+_S01_Forward,15479,14613,94.405323
2023,W-1_RB3+_S02_Backward,0,0,
2023,W-1_RB3+_S02_Forward,0,0,
2023,W-1_RB3+_S03_Backward,0,0,
2023,W-1_RB3+_S03_Forward,0,0,
2023,W-1_RB3+_S04_Backward,0,0,
2023,W-1_RB3+_S04_Forward,0,0,
2023,W-1_RB3+_S05_Backward,0,0,
2023,W-1_RB3+_S05_Forward,0,0,
2023,W-1_RB3+_S06_Backward,0,0,
2023,W-1_RB3+_S06_Forward,0,0,
2023,W-1_RB3+_S07_Backward,16006,15453,96.545046
2023,W-1_RB3+_S07_Forward,0,0,
2023,W-1_RB3+_S08_Backward,16257,14050,86.424310
2023,W-1_RB3+_S08_Forward,15453,15072,97.534459
2023,W-1_RB3+_S09_Backward,0,0,
2023,W-1_RB3+_S09_Forward,0,0,
2023,W-1_RB3+_S10_Backward,0,0,
2023,W-1_RB3+_S10_Forward,0,0,
2023,W-1_RB3+_S11_Backward,16255,8980,55.244540
2023,W-1_RB3+_S11_Forward,15402,13500,87.650954
2023,W-1_RB3+_S12_Backward,0,0,
2023,W-1_RB3+_S12_Forward,0,0,
2023,W-1_RB3-_S01_Backward,16469,16077,97.619770
2023,W-1_RB3-_S01_Forward,16051,13390,83.421594
2023,W-1_RB3-_S02_Backward,0,0,
2023,W-1_RB3-_S02_Forward,0,0,
2023,W-1_RB3-_S03_Backward,0,0,
2023,W-1_RB3-_S03_Forward,0,0,
2023,W-1_RB3-_S04_Backward,0,0,
2023,W-1_RB3-_S04_Forward,0,0,
2023,W-1_RB3-_S05_Backward,0,0,
2023,W-1_RB3-_S05_Forward,0,0,
2023,W-1_RB3-_S06_Backward,0,0,
2023,W-1_RB3-_S06_Forward,0,0,
2023,W-1_RB3-_S07_Backward,16299,15889,97.484508
2023,W-1_RB3-_S07_Forward,0,0,
2023,W-1_RB3-_S08_Backward,16476,15951,96.813547
2023,W-1_RB3-_S08_Forward,15914,15421,96.902099
2023,W-1_RB3-_S09_Backward,0,0,
2023,W-1_RB3-_S09_Forward,0,0,
2023,W-1_RB3-_S10_Backward,0,0,
2023,W-1_RB3-_S10_Forward,0,0,
2023,W-1_RB3-_S11_Backward,0,0,
2023,W-1_RB3-_S11_Forward,0,0,
2023,W-1_RB3-_S12_Backward,16707,15954,95.492907
2023,W-1_RB3-_S12_Forward,15594,15157,97.197640
2023,W-1_RB4++_S04_Backward,0,0,
2023,W-1_RB4++_S04_Forward,0,0,
2023,W-1_RB4+_S01_Backward,0,0,
2023,W-1_RB4+_S01_Forward,0,0,
2023,W-1_RB4+_S02_Backward,0,0,
2023,W-1_RB4+_S02_Forward,0,0,
2023,W-1_RB4+_S03_Backward,0,0,
2023,W-1_RB4+_S03_Forward,0,0,
2023,W-1_RB4+_S04_Backward,0,0,
2023,W-1_RB4+_S04_Forward,0,0,
2023,W-1_RB4+_S05_Backward,16676,14323,85.889902
2023,W-1_RB4+_S05_Forward,0,0,
2023,W-1_RB4+_S06_Backward,16514,15878,96.148722
2023,W-1_RB4+_S06_Forward,15207,14653,96.356941
2023,W-1_RB4+_S07_Backward,0,0,
2023,W-1_RB4+_S07_Forward,0,0,
2023,W-1_RB4+_S08_Backward,12226,11491,93.988222
2023,W-1_RB4+_S08_Forward,11389,11053,97.049785
2023,W-1_RB4+_S10_Backward,0,0,
2023,W-1_RB4+_S10_Forward,0,0,
2023,W-1_RB4+_S12_Backward,0,0,
2023,W-1_RB4+_S12_Forward,16917,16512,97.605959
2023,W-1_RB4--_S04_Backward,0,0,
2023,W-1_RB4--_S04_Forward,0,0,
2023,W-1_RB4-_S01_Backward,0,0,
2023,W-1_RB4-_S01_Forward,0,0,
2023,W-1_RB4-_S02_Backward,0,0,
2023,W-1_RB4-_S02_Forward,0,0,
2023,W-1_RB4-_S03_Backward,0,0,
2023,W-1_RB4-_S03_Forward,0,0,
2023,W-1_RB4-_S04_Backward,0,0,
2023,W-1_RB4-_S04_Forward,0,0,
2023,W-1_RB4-_S05_Backward,17473,15251,87.283237
2023,W-1_RB4-_S05_Forward,16684,13697,82.096620
2023,W-1_RB4-_S06_Backward,17354,13850,79.808690
2023,W-1_RB4-_S06_Forward,16738,10427,62.295376
2023,W-1_RB4-_S07_Backward,0,0,
2023,W-1_RB4-_S07_Forward,0,0,
2023,W-1_RB4-_S08_Backward,17233,16684,96.814252
2023,W-1_RB4-_S08_Forward,16767,16324,97.357905
2023,W-1_RB4-_S10_Backward,22847,21017,91.990196
2023,W-1_RB4-_S10_Forward,20217,19283,95.380126
2023,W-1_RB4-_S12_Backward,0,0,
2023,W-1_RB4-_S12_Forward,0,0,
2023,W-1_RB4_S09_Backward,16849,16189,96.082854
2023,W-1_RB4_S09_Forward,16469,15768,95.743518
2023,W-1_RB4_S11_Backward,16663,16197,97.203385
2023,W-1_RB4_S11_Forward,16539,16158,97.696354
2023,W-2_RB1in_S01_Backward,30761,29761,96.749130
2023,W-2_RB1in_S01_Forward,27196,26496,97.426092
2023,W-2_RB1in_S02_Backward,30437,29089,95.571180
2023,W-2_RB1in_S02_Forward,26434,25896,97.964742
2023,W-2_RB1in_S03_Backward,31070,30338,97.644030
2023,W-2_RB1in_S03_Forward,27309,26746,97.938409
2023,W-2_RB1in_S04_Backward,30532,29582,96.888510
2023,W-2_RB1in_S04_Forward,27207,26903,98.882640
2023,W-2_RB1in_S05_Backward,30750,29257,95.144715
2023,W-2_RB1in_S05_Forward,27309,27024,98.956388
2023,W-2_RB1in_S06_Backward,30540,29649,97.082515
2023,W-2_RB1in_S06_Forward,26515,26107,98.461248
2023,W-2_RB1in_S07_Backward,0,0,
2023,W-2_RB1in_S07_Forward,0,0,
2023,W-2_RB1in_S08_Backward,30511,29047,95.201731
2023,W-2_RB1in_S08_Forward,26762,25597,95.646813
2023,W-2_RB1in_S09_Backward,29557,28926,97.865142
2023,W-2_RB1in_S09_Forward,26316,25959,98.643411
2023,W-2_RB1in_S10_Backward,29771,28330,95.159719
2023,W-2_RB1in_S10_Forward,26287,25999,98.904401
2023,W-2_RB1in_S11_Backward,29468,22543,76.499932
2023,W-2_RB1in_S11_Forward,26572,26163,98.460786
2023,W-2_RB1in_S12_Backward,0,0,
2023,W-2_RB1in_S12_Forward,0,0,
2023,W-2_RB1out_S01_Backward,0,0,
2023,W-2_RB1out_S01_Forward,0,0,
2023,W-2_RB1out_S02_Backward,27882,22209,79.653540
2023,W-2_RB1out_S02_Forward,24335,19822,81.454695
2023,W-2_RB1out_S03_Backward,28598,27766,97.090706
2023,W-2_RB1out_S03_Forward,25041,24686,98.582325
2023,W-2_RB1out_S04_Backward,28257,23913,84.626818
2023,W-2_RB1out_S04_Forward,24869,23972,96.393100
2023,W-2_RB1out_S05_Backward,28266,27448,97.106064
2023,W-2_RB1out_S05_Forward,24999,24170,96.683867
2023,W-2_RB1out_S06_Backward,28115,27826,98.972079
2023,W-2_RB1out_S06_Forward,24547,23466,95.596203
2023,W-2_RB1out_S07_Backward,27478,26788,97.488900
2023,W-2_RB1out_S07_Forward,24000,22492,93.716667
2023,W-2_RB1out_S08_Backward,0,0,
2023,W-2_RB1out_S08_Forward,0,0,
2023,W-2_RB1out_S09_Backward,0,0,
2023,W-2_RB1out_S09_Forward,0,0,
2023,W-2_RB1out_S10_Backward,27723,25182,90.834325
2023,W-2_RB1out_S10_Forward,23795,23078,96.986762
2023,W-2_RB1out_S11_Backward,27405,25331,92.432038
2023,W-2_RB1out_S11_Forward,23868,23396,98.022457
2023,W-2_RB1out_S12_Backward,28206,27443,97.294902
2023,W-2_RB1out_S12_Forward,24900,21075,84.638554
2023,W-2_RB2in_S01_Backward,30573,29422,96.235240
2023,W-2_RB2in_S01_Forward,27287,26804,98.229926
2023,W-2_RB2in_S02_Backward,30578,29988,98.070508
2023,W-2_RB2in_S02_Forward,26809,25761,96.090865
2023,W-2_RB2in_S03_Backward,0,0,
2023,W-2_RB2in_S03_Forward,0,0,
2023,W-2_RB2in_S04_Backward,0,0,
2023,W-2_RB2in_S04_Forward,0,0,
2023,W-2_RB2in_S05_Backward,0,0,
2023,W-2_RB2in_S05_Forward,0,0,
2023,W-2_RB2in_S06_Backward,0,0,
2023,W-2_RB2in_S06_Forward,0,0,
2023,W-2_RB2in_S07_Backward,29590,29134,98.458939
2023,W-2_RB2in_S07_Forward,26495,21191,79.981129
2023,W-2_RB2in_S08_Backward,30538,29679,97.187111
2023,W-2_RB2in_S08_Forward,26742,25995,97.206641
2023,W-2_RB2in_S09_Backward,29917,29704,99.288030
2023,W-2_RB2in_S09_Forward,26301,25703,97.726322
2023,W-2_RB2in_S10_Backward,30025,29460,98.118235
2023,W-2_RB2in_S10_Forward,26292,25604,97.383234
2023,W-2_RB2in_S11_Backward,29945,28917,96.567040
2023,W-2_RB2in_S11_Forward,25741,25177,97.808943
2023,W-2_RB2in_S12_Backward,30814,28533,92.597521
2023,W-2_RB2in_S12_Forward,26880,26531,98.701637
2023,W-2_RB2out_S01_Backward,0,0,
2023,W-2_RB2out_S01_Forward,0,0,
2023,W-2_RB2out_S01_Middle,0,0,
2023,W-2_RB2out_S02_Backward,16464,16230,98.578717
2023,W-2_RB2out_S02_Forward,15174,14973,98.675366
2023,W-2_RB2out_S02_Middle,16209,15678,96.724042
2023,W-2_RB2out_S03_Backward,0,0,
2023,W-2_RB2out_S03_Forward,0,0,
2023,W-2_RB2out_S03_Middle,0,0,
2023,W-2_RB2out_S04_Backward,0,0,
2023,W-2_RB2out_S04_Forward,0,0,
2023,W-2_RB2out_S04_Middle,0,0,
2023,W-2_RB2out_S05_Backward,16576,16086,97.043919
2023,W-2_RB2out_S05_Forward,15108,14821,98.100344
2023,W-2_RB2out_S05_Middle,16598,16209,97.656344
2023,W-2_RB2out_S06_Backward,16589,16051,96.756887
2023,W-2_RB2out_S06_Forward,15432,15173,98.321669
2023,W-2_RB2out_S06_Middle,16437,15953,97.055424
2023,W-2_RB2out_S07_Backward,16306,11744,72.022568
2023,W-2_RB2out_S07_Forward,14981,14563,97.209799
2023,W-2_RB2out_S07_Middle,15522,15181,97.803118
2023,W-2_RB2out_S08_Backward,16584,16118,97.190063
2023,W-2_RB2out_S08_Forward,15250,14917,97.816393
2023,W-2_RB2out_S08_Middle,16241,15741,96.921372
2023,W-2_RB2out_S09_Backward,16481,16269,98.713670
2023,W-2_RB2out_S09_Forward,14883,14322,96.230599
2023,W-2_RB2out_S09_Middle,15630,15307,97.933461
2023,W-2_RB2out_S10_Backward,15976,15623,97.790436
2023,W-2_RB2out_S10_Forward,14975,14798,98.818030
2023,W-2_RB2out_S10_Middle,16174,15518,95.944108
2023,W-2_RB2out_S11_Backward,0,0,
2023,W-2_RB2out_S11_Forward,0,0,
2023,W-2_RB2out_S11_Middle,0,0,
2023,W-2_RB2out_S12_Backward,16807,16216,96.483608
2023,W-2_RB2out_S12_Forward,15396,15023,97.577293
2023,W-2_RB2out_S12_Middle,16423,15694,95.561103
2023,W-2_RB3+_S01_Backward,12291,11907,96.875763
2023,W-2_RB3+_S01_Forward,12708,12537,98.654391
2023,W-2_RB3+_S02_Backward,12437,11367,91.396639
2023,W-2_RB3+_S02_Forward,12600,12259,97.293651
2023,W-2_RB3+_S03_Backward,0,0,
2023,W-2_RB3+_S03_Forward,0,0,
2023,W-2_RB3+_S04_Backward,12384,12249,98.909884
2023,W-2_RB3+_S04_Forward,12416,12312,99.162371
2023,W-2_RB3+_S05_Backward,12735,12131,95.257165
2023,W-2_RB3+_S05_Forward,12632,12415,98.282141
2023,W-2_RB3+_S06_Backward,0,0,
2023,W-2_RB3+_S06_Forward,0,0,
2023,W-2_RB3+_S07_Backward,12150,11277,92.814815
2023,W-2_RB3+_S07_Forward,12136,10519,86.676005
2023,W-2_RB3+_S08_Backward,0,0,
2023,W-2_RB3+_S08_Forward,0,0,
2023,W-2_RB3+_S09_Backward,12156,11682,96.100691
2023,W-2_RB3+_S09_Forward,12539,11937,95.198979
2023,W-2_RB3+_S10_Backward,0,0,
2023,W-2_RB3+_S10_Forward,0,0,
2023,W-2_RB3+_S11_Backward,0,0,
2023,W-2_RB3+_S11_Forward,0,0,
2023,W-2_RB3+_S12_Backward,12593,12363,98.173589
2023,W-2_RB3+_S12_Forward,12835,12421,96.774445
2023,W-2_RB3-_S01_Backward,12805,12451,97.235455
2023,W-2_RB3-_S01_Forward,12534,12335,98.412318
2023,W-2_RB3-_S02_Backward,12784,12279,96.049750
2023,W-2_RB3-_S02_Forward,12395,11875,95.804760
2023,W-2_RB3-_S03_Backward,12923,12438,96.247001
2023,W-2_RB3-_S03_Forward,12429,12024,96.741492
2023,W-2_RB3-_S04_Backward,12886,12698,98.541052
2023,W-2_RB3-_S04_Forward,12724,12057,94.757938
2023,W-2_RB3-_S05_Backward,0,0,
2023,W-2_RB3-_S05_Forward,0,0,
2023,W-2_RB3-_S06_Backward,12751,12283,96.329700
2023,W-2_RB3-_S06_Forward,12383,12152,98.134539
2023,W-2_RB3-_S07_Backward,12554,7629,60.769476
2023,W-2_RB3-_S07_Forward,12074,9508,78.747722
2023,W-2_RB3-_S08_Backward,12594,10877,86.366524
2023,W-2_RB3-_S08_Forward,12308,12012,97.595060
2023,W-2_RB3-_S09_Backward,12771,12601,98.668859
2023,W-2_RB3-_S09_Forward,12076,11968,99.105664
2023,W-2_RB3-_S10_Backward,0,0,
2023,W-2_RB3-_S10_Forward,0,0,
2023,W-2_RB3-_S11_Backward,0,0,
2023,W-2_RB3-_S11_Forward,0,0,
2023,W-2_RB3-_S12_Backward,0,0,
2023,W-2_RB3-_S12_Forward,0,0,
2023,W-2_RB4++_S04_Backward,8855,8713,98.396386
2023,W-2_RB4++_S04_Forward,8711,7748,88.945012
2023,W-2_RB4+_S01_Backward,13874,13079,94.269857
2023,W-2_RB4+_S01_Forward,13381,13127,98.101786
2023,W-2_RB4+_S02_Backward,13735,11533,83.967965
2023,W-2_RB4+_S02_Forward,13371,12190,91.167452
2023,W-2_RB4+_S03_Backward,13917,13024,93.583387
2023,W-2_RB4+_S03_Forward,13447,12825,95.374433
2023,W-2_RB4+_S04_Backward,0,0,
2023,W-2_RB4+_S04_Forward,0,0,
2023,W-2_RB4+_S05_Backward,0,0,
2023,W-2_RB4+_S05_Forward,0,0,
2023,W-2_RB4+_S06_Backward,12609,12359,98.017289
2023,W-2_RB4+_S06_Forward,12406,12150,97.936482
2023,W-2_RB4+_S07_Backward,12727,12420,97.587805
2023,W-2_RB4+_S07_Forward,12498,12317,98.551768
2023,W-2_RB4+_S08_Backward,9229,8436,91.407520
2023,W-2_RB4+_S08_Forward,9559,9249,96.756983
2023,W-2_RB4+_S10_Backward,16832,15967,94.860979
2023,W-2_RB4+_S10_Forward,16333,16114,98.659156
2023,W-2_RB4+_S12_Backward,13546,11988,88.498450
2023,W-2_RB4+_S12_Forward,13611,13325,97.898758
2023,W-2_RB4--_S04_Backward,0,0,
2023,W-2_RB4--_S04_Forward,0,0,
2023,W-2_RB4-_S01_Backward,12999,12310,94.699592
2023,W-2_RB4-_S01_Forward,12844,12620,98.255995
2023,W-2_RB4-_S02_Backward,12806,11662,91.066687
2023,W-2_RB4-_S02_Forward,12730,11852,93.102907
2023,W-2_RB4-_S03_Backward,13053,11719,89.780127
2023,W-2_RB4-_S03_Forward,12787,10895,85.203723
2023,W-2_RB4-_S04_Backward,0,0,
2023,W-2_RB4-_S04_Forward,0,0,
2023,W-2_RB4-_S05_Backward,0,0,
2023,W-2_RB4-_S05_Forward,0,0,
2023,W-2_RB4-_S06_Backward,13755,13340,96.982915
2023,W-2_RB4-_S06_Forward,13405,10997,82.036554
2023,W-2_RB4-_S07_Backward,0,0,
2023,W-2_RB4-_S07_Forward,0,0,
2023,W-2_RB4-_S08_Backward,13715,10866,79.227124
2023,W-2_RB4-_S08_Forward,13277,12117,91.263087
2023,W-2_RB4-_S10_Backward,16673,16055,96.293409
2023,W-2_RB4-_S10_Forward,16299,15790,96.877109
2023,W-2_RB4-_S12_Backward,0,0,
2023,W-2_RB4-_S12_Forward,0,0,
2023,W-2_RB4_S09_Backward,13416,12880,96.004770
2023,W-2_RB4_S09_Forward,13039,12442,95.421428
2023,W-2_RB4_S11_Backward,13233,12889,97.400438
2023,W-2_RB4_S11_Forward,12884,12560,97.485253
