run_number,fill_number,duration,start_time,end_time,components_out,delivered_lumi,recorded_lumi,l1_triggers_counter,l1_hlt_mode_stripped,hlt_key,era,initial_prescale_index
400559,11392,9,2026-01-27 12:31:49,2026-01-27 12:31:58,"[CSC, CTPPS, CTPPS_TOT, DQM, DT, ECAL, ES, GEM, HCAL, L1SCOUT, PIXEL, RPC, TRACKER, TRG]",,,,cosmics_hi/v43,/cdaq/cosmic/commissioning2025/v1.4.0/HLT/V3,HIRun2025A,
400560,11392,36,2026-01-27 12:32:48,2026-01-27 12:33:24,"[CSC, CTPPS, CTPPS_TOT, DQM, DT, ECAL, ES, GEM, HCAL, L1SCOUT, PIXEL, RPC, TRACKER, TRG]",0.0,0.0,11545,cosmics_hi/v43,/cdaq/cosmic/commissioning2025/v1.4.0/HLT/V3,HIRun2025A,
400561,11392,79,2026-01-27 12:33:26,2026-01-27 12:34:44,"[CSC, CTPPS, CTPPS_TOT, DQM, DT, ECAL, ES, GEM, HCAL, L1SCOUT, PIXEL, RPC, TRACKER, TRG]",0.0,0.0,34782,cosmics_hi/v43,/cdaq/cosmic/commissioning2025/v1.4.0/HLT/V3,HIRun2025A,
400673,11392,451,2026-02-05 10:20:01,2026-02-05 10:27:32,"[CSC, CTPPS, CTPPS_TOT, DQM, DT, ECAL, ES, GEM, HCAL, L1SCOUT, PIXEL, RPC, TRACKER]",0.0,0.0,3584126,cosmics2026/v3,/cdaq/cosmic/commissioning2025/v1.4.0/HLT/V3,HIRun2025A,4
400674,11392,3335,2026-02-05 10:37:13,2026-02-05 11:32:48,"[CSC, CTPPS, CTPPS_TOT, DQM, ECAL, ES, GEM, HCAL, L1SCOUT, PIXEL, RPC, TRACKER]",0.0,0.0,392237686,cosmics2026/v3,/cdaq/cosmic/commissioning2025/v1.4.0/HLT/V3,HIRun2025A,4
400675,11392,497,2026-02-05 11:42:57,2026-02-05 11:51:14,"[CSC, CTPPS, CTPPS_TOT, DQM, ECAL, ES, GEM, HCAL, L1SCOUT, PIXEL, RPC, TRACKER]",0.0,0.0,46878471,cosmics2026/v3,/cdaq/cosmic/commissioning2025/v1.4.0/HLT/V3,HIRun2025A,4
400676,11392,6899,2026-02-05 11:53:50,2026-02-05 13:48:49,"[CSC, CTPPS, CTPPS_TOT, DQM, ECAL, ES, GEM, HCAL, L1SCOUT, PIXEL, RPC, TRACKER]",0.0,0.0,784263654,cosmics2026/v3,/cdaq/cosmic/commissioning2025/v1.4.0/HLT/V3,HIRun2025A,4
400678,11392,178,2026-02-05 13:55:33,2026-02-05 13:58:31,"[CSC, CTPPS, CTPPS_TOT, DQM, GEM, HCAL, L1SCOUT, PIXEL, RPC]",0.0,0.0,80864,cosmics2026/v4,/cdaq/cosmic/commissioning2025/v1.4.1/HLT/V1,HIRun2025A,4
400680,11392,3655,2026-02-05 14:01:24,2026-02-05 15:02:19,"[CSC, CTPPS, CTPPS_TOT, GEM, HCAL, L1SCOUT, PIXEL, RPC]",0.0,0.0,409469532,cosmics2026/v4,/cdaq/cosmic/commissioning2025/v1.4.1/HLT/V1,HIRun2025A,4
400687,11392,2231,2026-02-05 15:05:53,2026-02-05 15:43:03,"[CSC, CTPPS, CTPPS_TOT, GEM, HCAL, L1SCOUT, RPC]",0.0,0.0,246208563,cosmics2026/v4,/cdaq/cosmic/commissioning2025/v1.4.1/HLT/V1,Commissioning2026,4
400690,11392,1068,2026-02-05 15:44:28,2026-02-05 16:02:16,"[CSC, CTPPS, CTPPS_TOT, GEM, HCAL, L1SCOUT, RPC]",0.0,0.0,117328869,cosmics2026/v4,/cdaq/cosmic/commissioning2025/v1.4.1/HLT/V1,Commissioning2026,4
400692,11392,148,2026-02-05 16:05:04,2026-02-05 16:07:32,"[CSC, CTPPS, CTPPS_TOT, GEM, L1SCOUT, RPC]",0.0,0.0,66556,cosmics2026/v4,/cdaq/cosmic/commissioning2025/v1.4.1/HLT/V1,Commissioning2026,4
400693,11392,217,2026-02-05 16:08:56,2026-02-05 16:12:33,"[CSC, CTPPS, CTPPS_TOT, GEM, L1SCOUT, RPC]",0.0,0.0,101402,cosmics2026/v4,/cdaq/cosmic/commissioning2025/v1.4.1/HLT/V1,Commissioning2026,4
400694,11392,606,2026-02-05 16:16:43,2026-02-05 16:26:49,"[CSC, CTPPS, CTPPS_TOT, GEM, L1SCOUT, RPC]",0.0,0.0,280481,cosmics2026/v4,/cdaq/cosmic/commissioning2025/v1.4.1/HLT/V1,Commissioning2026,4
400695,11392,1290,2026-02-05 16:29:34,2026-02-05 16:51:04,"[CSC, CTPPS, CTPPS_TOT, GEM, HCAL, L1SCOUT, RPC]",0.0,0.0,143840427,cosmics2026/v4,/cdaq/cosmic/commissioning2025/v1.4.1/HLT/V1,Commissioning2026,4
400698,11392,1982,2026-02-05 16:55:29,2026-02-05 17:28:31,"[CSC, CTPPS, CTPPS_TOT, GEM, L1SCOUT, RPC]",0.0,0.0,171886374,cosmics2026/v4,/cdaq/cosmic/commissioning2025/v1.4.1/HLT/V1,Commissioning2026,4
400702,11392,65,2026-02-05 17:47:48,2026-02-05 17:48:53,"[CSC, CTPPS, CTPPS_TOT, L1SCOUT, RPC]",0.0,0.0,111,cosmics2026/v4,/cdaq/cosmic/commissioning2025/v1.4.1/HLT/V1,HIRun2025A,4
400703,11392,45,2026-02-05 17:52:04,2026-02-05 17:52:49,"[CSC, CTPPS, CTPPS_TOT, L1SCOUT, RPC]",0.0,0.0,113,cosmics2026/v4,/cdaq/cosmic/commissioning2025/v1.4.1/HLT/V1,HIRun2025A,4
400704,11392,639,2026-02-05 17:55:34,2026-02-05 18:06:14,"[CSC, CTPPS, CTPPS_TOT, GEM, L1SCOUT, RPC]",0.0,0.0,368945,cosmics2026/v4,/cdaq/cosmic/commissioning2025/v1.4.1/HLT/V1,Commissioning2026,4
400705,11392,66,2026-02-05 18:28:47,2026-02-05 18:29:53,"[CTPPS, CTPPS_TOT, GEM, L1SCOUT, RPC]",,,,cosmics2026/v4,,HIRun2025A,
400706,11392,227,2026-02-05 18:30:52,2026-02-05 18:34:39,"[CTPPS, CTPPS_TOT, GEM, L1SCOUT, RPC]",,,,cosmics2026/v4,,HIRun2025A,
400707,11392,36,2026-02-05 18:36:13,2026-02-05 18:36:49,"[CTPPS, CTPPS_TOT, GEM, L1SCOUT, RPC]",,,,cosmics2026/v4,,HIRun2025A,
400709,11392,544,2026-02-05 18:52:19,2026-02-05 19:01:23,"[CTPPS, CTPPS_TOT, GEM, L1SCOUT, RPC]",0.0,0.0,1768382,cosmics2026/v5,/cdaq/cosmic/commissioning2025/v1.4.1/HLT/V1,Commissioning2026,4
400710,11392,68,2026-02-05 19:02:47,2026-02-05 19:03:55,"[CTPPS, CTPPS_TOT, GEM, L1SCOUT, RPC]",0.0,0.0,33856,cosmics2026/v5,/cdaq/cosmic/commissioning2025/v1.4.1/HLT/V1,HIRun2025A,4
400711,11392,49,2026-02-05 19:05:50,2026-02-05 19:06:39,"[CTPPS, CTPPS_TOT, GEM, L1SCOUT, RPC]",0.0,0.0,502677,cosmics2026/v5,/cdaq/cosmic/commissioning2025/v1.4.1/HLT/V1,Commissioning2026,4
400712,11392,3573,2026-02-05 19:08:12,2026-02-05 20:07:45,"[CTPPS, CTPPS_TOT, ES, GEM, L1SCOUT, RPC]",0.0,0.0,362738378,cosmics2026/v5,/cdaq/cosmic/commissioning2025/v1.4.1/HLT/V1,Commissioning2026,4
400717,11392,97,2026-02-05 20:12:41,2026-02-05 20:14:19,"[CTPPS, CTPPS_TOT, L1SCOUT, RPC]",0.0,0.0,127,cosmics2026/v5,/cdaq/cosmic/commissioning2025/v1.4.1/HLT/V1,Commissioning2026,4
400718,11392,2979,2026-02-05 20:17:09,2026-02-05 21:06:48,"[CTPPS, CTPPS_TOT, L1SCOUT, RPC]",0.0,0.0,307979663,cosmics2026/v5,/cdaq/cosmic/commissioning2025/v1.4.1/HLT/V1,Commissioning2026,4
400719,11392,3408,2026-02-05 21:09:26,2026-02-05 22:06:14,"[CTPPS, CTPPS_TOT, DT, L1SCOUT, RPC]",0.0,0.0,261963703,cosmics2026/v5,/cdaq/cosmic/commissioning2025/v1.4.1/HLT/V1,Commissioning2026,4
400723,11392,33760,2026-02-05 22:11:48,2026-02-06 07:34:27,"[CTPPS, CTPPS_TOT, L1SCOUT, RPC]",0.0,0.0,3298493403,cosmics2026/v5,/cdaq/cosmic/commissioning2025/v1.4.1/HLT/V1,Commissioning2026,4
400724,11392,1549,2026-02-06 07:37:57,2026-02-06 08:03:46,"[CSC, CTPPS, CTPPS_TOT, L1SCOUT, RPC]",0.0,0.0,164147344,cosmics2026/v5,/cdaq/cosmic/commissioning2025/v1.4.1/HLT/V1,Commissioning2026,4
400726,11392,991,2026-02-06 10:10:13,2026-02-06 10:26:44,"[CSC, CTPPS, CTPPS_TOT, HCAL, L1SCOUT, PIXEL, RPC]",0.0,0.0,97492574,cosmics2026/v5,/cdaq/cosmic/commissioning2025/v1.4.1/HLT/V1,Commissioning2026,4
400730,11392,487,2026-02-06 10:29:39,2026-02-06 10:37:45,"[CTPPS, CTPPS_TOT, HCAL, L1SCOUT, PIXEL, RPC]",0.0,0.0,45630747,cosmics2026/v5,/cdaq/cosmic/commissioning2025/v1.4.1/HLT/V1,Commissioning2026,4
400733,11392,421,2026-02-06 10:42:47,2026-02-06 10:49:48,"[CTPPS, CTPPS_TOT, HCAL, L1SCOUT, PIXEL, RPC]",0.0,0.0,38701369,cosmics2026/v5,/cdaq/cosmic/commissioning2025/v1.4.1/HLT/V1,Commissioning2026,4
400734,11392,169,2026-02-06 10:52:00,2026-02-06 10:54:49,"[CTPPS, CTPPS_TOT, HCAL, L1SCOUT, PIXEL, RPC]",,,,cosmics2026/v6,,HIRun2025A,
400736,11392,208,2026-02-06 10:56:03,2026-02-06 10:59:31,"[CTPPS, CTPPS_TOT, HCAL, L1SCOUT, PIXEL, RPC]",,,,cosmics2026/v6,,HIRun2025A,
400738,11392,593,2026-02-06 11:02:41,2026-02-06 11:12:33,"[CTPPS, CTPPS_TOT, HCAL, L1SCOUT, PIXEL, RPC]",0.0,0.0,60397554,cosmics2026/v6,/cdaq/cosmic/commissioning2025/v1.4.1/HLT/V1,Commissioning2026,4
400742,11392,6425,2026-02-06 11:16:09,2026-02-06 13:03:14,"[CTPPS, CTPPS_TOT, L1SCOUT, PIXEL, RPC]",0.0,0.0,729229402,cosmics2026/v6,/cdaq/cosmic/commissioning2025/v1.4.1/HLT/V1,Commissioning2026,4
400752,11392,7810,2026-02-06 13:06:21,2026-02-06 15:16:31,"[CTPPS, CTPPS_TOT, L1SCOUT, PIXEL, RPC]",0.0,0.0,888913311,cosmics2026/v6,/cdaq/cosmic/commissioning2025/v1.4.1/HLT/V1,Commissioning2026,4
400753,11392,4476,2026-02-06 15:19:07,2026-02-06 16:33:43,"[CTPPS, CTPPS_TOT, GEM, L1SCOUT, PIXEL, RPC]",0.0,0.0,501286571,cosmics2026/v6,/cdaq/cosmic/commissioning2025/v1.4.1/HLT/V1,Commissioning2026,4
400754,11392,18180,2026-02-06 16:36:58,2026-02-06 21:39:58,"[CTPPS, CTPPS_TOT, GEM, L1SCOUT, RPC]",0.0,0.0,2031252423,cosmics2026/v6,/cdaq/cosmic/commissioning2025/v1.4.1/HLT/V1,Commissioning2026,4
400755,11392,54105,2026-02-06 21:42:56,2026-02-07 12:44:41,"[CTPPS, CTPPS_TOT, L1SCOUT, RPC]",0.0,0.0,1510632185,cosmics2026/v6,/cdaq/cosmic/commissioning2025/v1.4.1/HLT/V1,Commissioning2026,4
400758,11392,2083,2026-02-07 12:49:37,2026-02-07 13:24:20,"[CTPPS, CTPPS_TOT, HCAL, L1SCOUT, RPC]",0.0,0.0,230347110,cosmics2026/v6,/cdaq/cosmic/commissioning2025/v1.4.1/HLT/V1,Commissioning2026,4
400763,11392,51,2026-02-07 13:26:55,2026-02-07 13:27:46,"[CTPPS, CTPPS_TOT, L1SCOUT, RPC]",,,,cosmics2026/v6,/cdaq/cosmic/commissioning2025/v1.4.1/HLT/V1,HIRun2025A,
400764,11392,90,2026-02-07 13:30:45,2026-02-07 13:32:15,"[CTPPS, CTPPS_TOT, L1SCOUT, RPC]",0.0,0.0,1573,cosmics2026/v6,/cdaq/cosmic/commissioning2025/v1.4.1/HLT/V1,Commissioning2026,4
400765,11392,64,2026-02-07 13:35:54,2026-02-07 13:36:58,"[CTPPS, CTPPS_TOT, L1SCOUT, RPC]",0.0,0.0,1305,cosmics2026/v6,/cdaq/cosmic/commissioning2025/v1.4.1/HLT/V1,Commissioning2026,4
400766,11392,1350,2026-02-07 13:48:04,2026-02-07 14:10:34,"[CTPPS, CTPPS_TOT, L1SCOUT, RPC]",0.0,0.0,142866672,cosmics2026/v6,/cdaq/cosmic/commissioning2025/v1.4.1/HLT/V1,Commissioning2026,4
400767,11392,4226,2026-02-07 14:13:07,2026-02-07 15:23:33,"[CTPPS, CTPPS_TOT, L1SCOUT, PIXEL, RPC]",0.0,0.0,481992755,cosmics2026/v6,/cdaq/cosmic/commissioning2025/v1.4.1/HLT/V1,Commissioning2026,4
400768,11392,7976,2026-02-07 15:26:06,2026-02-07 17:39:02,"[CTPPS, CTPPS_TOT, L1SCOUT, PIXEL, RPC]",0.0,0.0,910080786,cosmics2026/v6,/cdaq/cosmic/commissioning2025/v1.4.1/HLT/V1,Commissioning2026,4
400769,11392,58367,2026-02-07 17:42:47,2026-02-08 09:55:34,"[CTPPS, CTPPS_TOT, L1SCOUT, RPC]",0.0,0.0,6593458265,cosmics2026/v6,/cdaq/cosmic/commissioning2025/v1.4.1/HLT/V1,Commissioning2026,4
400770,11392,3680,2026-02-08 09:59:40,2026-02-08 11:01:00,"[CTPPS, CTPPS_TOT, L1SCOUT, PIXEL, RPC]",0.0,0.0,414428672,cosmics2026/v6,/cdaq/cosmic/commissioning2025/v1.4.1/HLT/V1,Commissioning2026,4
400771,11392,1835,2026-02-08 11:03:49,2026-02-08 11:34:24,"[CSC, CTPPS, CTPPS_TOT, L1SCOUT, PIXEL, RPC]",0.0,0.0,207589398,cosmics2026/v6,/cdaq/cosmic/commissioning2025/v1.4.1/HLT/V1,Commissioning2026,4
400773,11392,12746,2026-02-08 11:37:24,2026-02-08 15:09:50,"[CTPPS, CTPPS_TOT, L1SCOUT, PIXEL, RPC]",0.0,0.0,1451561939,cosmics2026/v6,/cdaq/cosmic/commissioning2025/v1.4.1/HLT/V1,Commissioning2026,4
400774,11392,23035,2026-02-08 15:13:23,2026-02-08 21:37:18,"[CTPPS, CTPPS_TOT, L1SCOUT, RPC]",0.0,0.0,2617364441,cosmics2026/v6,/cdaq/cosmic/commissioning2025/v1.4.1/HLT/V1,Commissioning2026,4
400778,11392,29411,2026-02-08 23:06:07,2026-02-09 07:16:18,"[CTPPS, CTPPS_TOT, L1SCOUT, RPC]",0.0,0.0,3327472682,cosmics2026/v6,/cdaq/cosmic/commissioning2025/v1.4.1/HLT/V1,Commissioning2026,4
400780,11392,812,2026-02-09 07:21:47,2026-02-09 07:35:19,"[CSC, CTPPS, CTPPS_TOT, GEM, L1SCOUT, RPC]",0.0,0.0,78532461,cosmics2026/v6,/cdaq/cosmic/commissioning2025/v1.4.1/HLT/V1,Commissioning2026,4
400789,11392,71,2026-02-09 10:52:35,2026-02-09 10:53:45,"[CSC, CTPPS, CTPPS_TOT, ES, GEM, HCAL, L1SCOUT, PIXEL]",0.0,0.0,38660,cosmics2026/v6,/cdaq/cosmic/commissioning2025/v1.4.1/HLT/V1,Commissioning2026,4
400793,11392,10663,2026-02-09 11:01:50,2026-02-09 13:59:34,"[CSC, CTPPS, CTPPS_TOT, ES, GEM, HCAL, L1SCOUT, PIXEL]",0.0,0.0,1208069566,cosmics2026/v6,/cdaq/cosmic/commissioning2025/v1.4.1/HLT/V1,Commissioning2026,4
400800,11392,609,2026-02-09 14:02:45,2026-02-09 14:12:54,"[CSC, CTPPS, CTPPS_TOT, ES, GEM, HCAL, L1SCOUT, PIXEL]",0.0,0.0,69177066,cosmics2026/v7,/cdaq/cosmic/commissioning2025/v1.4.1/HLT/V1,Commissioning2026,4
400802,11392,984,2026-02-09 14:17:40,2026-02-09 14:34:04,"[CTPPS, CTPPS_TOT, GEM, L1SCOUT, PIXEL]",0.0,0.0,106591127,cosmics2026/v7,/cdaq/cosmic/commissioning2025/v1.4.1/HLT/V1,Commissioning2026,4
400803,11392,2122,2026-02-09 14:38:22,2026-02-09 15:13:44,"[CSC, CTPPS, CTPPS_TOT, GEM, L1SCOUT]",0.0,0.0,222492795,cosmics2026/v7,/cdaq/cosmic/commissioning2025/v1.4.1/HLT/V1,Commissioning2026,4
400804,11392,911,2026-02-09 15:16:35,2026-02-09 15:31:46,"[CSC, CTPPS, CTPPS_TOT, GEM, L1SCOUT, RPC]",0.0,0.0,96343272,cosmics2026/v7,/cdaq/cosmic/commissioning2025/v1.4.1/HLT/V1,Commissioning2026,4
400805,11392,40,2026-02-09 15:34:53,2026-02-09 15:35:33,"[CSC, CTPPS, CTPPS_TOT, GEM, L1SCOUT, RPC]",0.0,0.0,2483303,cosmics2026/v7,/cdaq/cosmic/commissioning2025/v1.4.1/HLT/V1,Commissioning2026,4
400806,11392,2590,2026-02-09 15:38:05,2026-02-09 16:21:15,"[CSC, CTPPS, CTPPS_TOT, GEM, L1SCOUT]",0.0,0.0,277516397,cosmics2026/v7,/cdaq/cosmic/commissioning2025/v1.4.1/HLT/V1,Commissioning2026,4
400807,11392,1865,2026-02-09 16:25:12,2026-02-09 16:56:17,"[CTPPS, CTPPS_TOT, DT, GEM, L1SCOUT]",0.0,0.0,201785208,cosmics2026/v7,/cdaq/cosmic/commissioning2025/v1.4.1/HLT/V1,Commissioning2026,4
400810,11392,2238,2026-02-09 16:59:15,2026-02-09 17:36:33,"[CTPPS, CTPPS_TOT, DT, ECAL, ES, GEM, L1SCOUT]",0.0,0.0,248601367,cosmics2026/v7,/cdaq/cosmic/commissioning2025/v1.4.1/HLT/V1,Commissioning2026,4
400813,11392,2232,2026-02-09 17:39:38,2026-02-09 18:16:50,"[CTPPS, CTPPS_TOT, ECAL, ES, GEM, L1SCOUT]",0.0,0.0,246964590,cosmics2026/v7,/cdaq/cosmic/commissioning2025/v1.4.1/HLT/V1,Commissioning2026,4
400816,11392,48467,2026-02-09 18:20:30,2026-02-10 07:48:17,"[CTPPS, CTPPS_TOT, L1SCOUT]",0.0,0.0,5515373305,cosmics2026/v7,/cdaq/cosmic/commissioning2025/v1.4.1/HLT/V1,Commissioning2026,4
400817,11392,3137,2026-02-10 07:51:40,2026-02-10 08:43:57,"[CTPPS, CTPPS_TOT, L1SCOUT, PIXEL]",0.0,0.0,350715027,cosmics2026/v7,/cdaq/cosmic/commissioning2025/v1.4.1/HLT/V1,Commissioning2026,6
400818,11392,76,2026-02-10 08:48:08,2026-02-10 08:49:24,"[CTPPS, CTPPS_TOT, HCAL, L1SCOUT]",,,,cosmics2026/v7,/cdaq/cosmic/commissioning2025/v1.4.1/HLT/V1,HIRun2025A,
400821,11392,1798,2026-02-10 09:11:03,2026-02-10 09:41:00,"[CSC, CTPPS, CTPPS_TOT, DT, ECAL, GEM, HCAL, L1SCOUT, RPC]",0.0,0.0,194991842,cosmics2026/v7,/cdaq/cosmic/commissioning2025/v1.4.1/HLT/V1,Commissioning2026,4
400824,11392,1696,2026-02-10 09:46:03,2026-02-10 10:14:19,"[CSC, CTPPS, CTPPS_TOT, DT, GEM, HCAL, L1SCOUT, RPC]",0.0,0.0,180706590,cosmics2026/v7,/cdaq/cosmic/commissioning2025/v1.4.1/HLT/V1,Commissioning2026,4
400830,11392,487,2026-02-10 11:37:19,2026-02-10 11:45:26,"[CSC, CTPPS, CTPPS_TOT, GEM, HCAL, L1SCOUT, RPC]",,,,cosmics2026/v7,,HIRun2025A,
400833,11392,170,2026-02-10 11:46:41,2026-02-10 11:49:31,"[CSC, CTPPS, CTPPS_TOT, GEM, HCAL, L1SCOUT, RPC]",,,,cosmics2026/v7,,HIRun2025A,
400834,11392,350,2026-02-10 11:52:42,2026-02-10 11:58:32,"[CSC, CTPPS, CTPPS_TOT, GEM, HCAL, L1SCOUT, RPC]",0.0,0.0,193907,cosmics2026/v7,/cdaq/cosmic/commissioning2025/v1.4.1/HLT/V1,Commissioning2026,4
400838,11392,2503,2026-02-10 12:26:47,2026-02-10 13:08:30,"[CTPPS, CTPPS_TOT, DT, GEM, L1SCOUT, RPC]",0.0,0.0,279046693,cosmics2026/v8,/cdaq/cosmic/commissioning2026/v0.1.0/HLT/V1,HIRun2025A,4
400839,11392,12875,2026-02-10 13:09:57,2026-02-10 16:44:32,"[CTPPS, CTPPS_TOT, DT, GEM, L1SCOUT, RPC]",0.0,0.0,1459386932,cosmics2026/v8,/cdaq/cosmic/commissioning2026/v0.1.0/HLT/V1,Commissioning2026,4
400845,11392,16749,2026-02-10 16:50:07,2026-02-10 21:29:16,"[CTPPS, CTPPS_TOT, L1SCOUT]",0.0,0.0,1889893891,cosmics2026/v8,/cdaq/cosmic/commissioning2026/v0.1.0/HLT/V1,Commissioning2026,4
400846,11392,16089,2026-02-10 21:34:35,2026-02-11 02:02:44,"[CTPPS, CTPPS_TOT, L1SCOUT]",0.0,0.0,1795500535,cosmics2026/v8,/cdaq/cosmic/commissioning2026/v0.1.0/HLT/V1,Commissioning2026,6
400847,11392,16190,2026-02-11 02:06:05,2026-02-11 06:35:55,"[CTPPS, CTPPS_TOT, L1SCOUT]",0.0,0.0,1822359505,cosmics2026/v8,/cdaq/cosmic/commissioning2026/v0.1.0/HLT/V1,Commissioning2026,6
400848,11392,7802,2026-02-11 06:39:23,2026-02-11 08:49:25,"[CTPPS, CTPPS_TOT, L1SCOUT]",0.0,0.0,880162568,cosmics2026/v8,/cdaq/cosmic/commissioning2026/v0.1.0/HLT/V1,Commissioning2026,6
400851,11392,3729,2026-02-11 08:58:10,2026-02-11 10:00:19,"[CSC, CTPPS, CTPPS_TOT, DT, GEM, HCAL, L1SCOUT, TRACKER]",0.0,0.0,417197906,cosmics2026/v8,/cdaq/cosmic/commissioning2026/v0.1.0/HLT/V1,Commissioning2026,4
400859,11392,5748,2026-02-11 10:03:38,2026-02-11 11:39:27,"[CTPPS, CTPPS_TOT, DT, GEM, HCAL, L1SCOUT, TRACKER]",0.0,0.0,647681845,cosmics2026/v8,/cdaq/cosmic/commissioning2026/v0.1.0/HLT/V1,Commissioning2026,4
400868,11392,4580,2026-02-11 11:42:56,2026-02-11 12:59:16,"[CTPPS, CTPPS_TOT, DT, GEM, HCAL, L1SCOUT]",0.0,0.0,512582568,cosmics2026/v8,/cdaq/cosmic/commissioning2026/v0.1.0/HLT/V1,Commissioning2026,4
400872,11392,5081,2026-02-11 13:02:32,2026-02-11 14:27:13,"[CTPPS, CTPPS_TOT, DT, GEM, HCAL, L1SCOUT, RPC]",0.0,0.0,572531779,cosmics2026/v8,/cdaq/cosmic/commissioning2026/v0.1.0/HLT/V1,Commissioning2026,4
400876,11392,1393,2026-02-11 14:30:12,2026-02-11 14:53:25,"[CTPPS, CTPPS_TOT, DT, GEM, L1SCOUT, RPC]",0.0,0.0,154642265,cosmics2026/v8,/cdaq/cosmic/commissioning2026/v0.1.0/HLT/V1,Commissioning2026,4
400877,11392,7374,2026-02-11 14:56:05,2026-02-11 16:58:59,"[CTPPS, CTPPS_TOT, GEM, L1SCOUT, RPC]",0.0,0.0,830991047,cosmics2026/v8,/cdaq/cosmic/commissioning2026/v0.1.0/HLT/V1,Commissioning2026,4
400878,11392,1462,2026-02-11 17:06:27,2026-02-11 17:30:49,"[CTPPS, CTPPS_TOT, L1SCOUT, RPC]",0.0,0.0,161239983,cosmics2026/v8,/cdaq/cosmic/commissioning2026/v0.1.0/HLT/V1,Commissioning2026,4
400879,11392,12884,2026-02-11 17:33:48,2026-02-11 21:08:32,"[CTPPS, CTPPS_TOT, L1SCOUT]",0.0,0.0,1451613828,cosmics2026/v8,/cdaq/cosmic/commissioning2026/v0.1.0/HLT/V1,Commissioning2026,4
400880,11392,31551,2026-02-11 21:13:28,2026-02-12 05:59:19,"[CTPPS, CTPPS_TOT, L1SCOUT]",0.0,0.0,3570399324,cosmics2026/v8,/cdaq/cosmic/commissioning2026/v0.1.0/HLT/V1,Commissioning2026,4
400881,11392,8332,2026-02-12 06:04:27,2026-02-12 08:23:20,"[CTPPS, CTPPS_TOT, L1SCOUT]",0.0,0.0,924256858,cosmics2026/v8,/cdaq/cosmic/commissioning2026/v0.1.0/HLT/V1,Commissioning2026,4
400882,11392,1429,2026-02-12 08:26:52,2026-02-12 08:50:41,"[CTPPS, CTPPS_TOT, L1SCOUT]",0.0,0.0,153907331,cosmics2026/v8,/cdaq/cosmic/commissioning2026/v0.1.0/HLT/V1,Commissioning2026,6
400883,11392,874,2026-02-12 08:53:59,2026-02-12 09:08:33,"[CTPPS, CTPPS_TOT, DT, L1SCOUT, RPC]",0.0,0.0,96065007,cosmics2026/v8,/cdaq/cosmic/commissioning2026/v0.1.0/HLT/V1,Commissioning2026,4
400886,11392,27,2026-02-12 09:15:06,2026-02-12 09:15:33,"[CSC, CTPPS, CTPPS_TOT, DT, HCAL, L1SCOUT, RPC]",0.0,0.0,11661,cosmics2026/v8,/cdaq/cosmic/commissioning2026/v0.1.0/HLT/V1,Commissioning2026,4
400887,11392,820,2026-02-12 09:20:21,2026-02-12 09:34:01,"[CSC, CTPPS, CTPPS_TOT, DT, HCAL, L1SCOUT, RPC]",0.0,0.0,54858548,circulating_hi/v43,/cdaq/circulating/2025/v1.4.0/HLT/V3,Commissioning2026,11
400897,11392,301,2026-02-12 10:09:18,2026-02-12 10:14:19,"[CTPPS, CTPPS_TOT, GEM, HCAL, L1SCOUT, RPC]",0.0,0.0,2352600,cosmics2026/v8,/cdaq/cosmic/commissioning2026/v0.1.0/HLT/V1,Commissioning2026,4
400899,11392,122,2026-02-12 10:15:29,2026-02-12 10:17:31,"[CTPPS, CTPPS_TOT, GEM, HCAL, L1SCOUT, RPC]",,,,cosmics2026/v8,,Commissioning2026,
400900,11392,679,2026-02-12 10:20:07,2026-02-12 10:31:26,"[CTPPS, CTPPS_TOT, GEM, HCAL, L1SCOUT, RPC]",,,,cosmics2026/v8,,Commissioning2026,
400902,11392,64,2026-02-12 10:34:29,2026-02-12 10:35:33,"[CSC, CTPPS, CTPPS_TOT, DT, GEM, HCAL, L1SCOUT, RPC]",0.0,0.0,23089,cosmics2026/v8,/cdaq/cosmic/commissioning2026/v0.1.0/HLT/V1,Commissioning2026,4
400904,11392,169,2026-02-12 10:39:38,2026-02-12 10:42:27,"[CTPPS, CTPPS_TOT, GEM, HCAL, L1SCOUT, RPC]",,,,cosmics2026/v8,,Commissioning2026,
400905,11392,216,2026-02-12 10:46:43,2026-02-12 10:50:20,"[CTPPS, CTPPS_TOT, GEM, HCAL, L1SCOUT, RPC]",0.0,0.0,121461,cosmics2026/v8,/cdaq/cosmic/commissioning2026/v0.1.0/HLT/V1,Commissioning2026,4
400906,11392,634,2026-02-12 10:53:28,2026-02-12 11:04:02,"[CTPPS, CTPPS_TOT, GEM, HCAL, L1SCOUT, RPC]",0.0,0.0,68198590,cosmics2026/v8,/cdaq/cosmic/commissioning2026/v0.1.0/HLT/V1,Commissioning2026,4
400907,11392,2496,2026-02-12 11:07:21,2026-02-12 11:48:57,"[CTPPS, CTPPS_TOT, DT, GEM, HCAL, L1SCOUT, RPC]",0.0,0.0,278543028,cosmics2026/v8,/cdaq/cosmic/commissioning2026/v0.1.0/HLT/V1,Commissioning2026,4
400911,11392,43,2026-02-12 11:52:07,2026-02-12 11:52:50,"[CSC, CTPPS, CTPPS_TOT, DT, GEM, HCAL, L1SCOUT, RPC]",0.0,0.0,11559,cosmics2026/v8,/cdaq/cosmic/commissioning2026/v0.1.0/HLT/V1,Commissioning2026,4
400912,11392,2148,2026-02-12 11:55:40,2026-02-12 12:31:27,"[CSC, CTPPS, CTPPS_TOT, DT, GEM, L1SCOUT, RPC]",0.0,0.0,241713237,cosmics2026/v8,/cdaq/cosmic/commissioning2026/v0.1.0/HLT/V1,Commissioning2026,4
400913,11392,5826,2026-02-12 12:35:26,2026-02-12 14:12:32,"[CSC, CTPPS, CTPPS_TOT, DT, GEM, HCAL, L1SCOUT, RPC]",0.0,0.0,659448153,cosmics2026/v8,/cdaq/cosmic/commissioning2026/v0.1.0/HLT/V1,Commissioning2026,4
400917,11393,1457,2026-02-12 14:28:58,2026-02-12 14:53:15,"[CTPPS, CTPPS_TOT, DT, GEM, L1SCOUT, RPC]",0.0,0.0,161906330,cosmics2026/v8,/cdaq/cosmic/commissioning2026/v0.1.0/HLT/V1,Commissioning2026,4
400918,11393,2677,2026-02-12 14:54:38,2026-02-12 15:39:16,"[CTPPS, CTPPS_TOT, DT, GEM, L1SCOUT, RPC]",0.0,0.0,299964402,cosmics2026/v8,/cdaq/cosmic/commissioning2026/v0.1.0/HLT/V1,Commissioning2026,4
400919,11393,1557,2026-02-12 15:42:07,2026-02-12 16:08:03,"[CSC, CTPPS, CTPPS_TOT, DT, GEM, L1SCOUT, RPC]",0.0,0.0,169876890,cosmics2026/v8,/cdaq/cosmic/commissioning2026/v0.1.0/HLT/V1,Commissioning2026,4
400921,11393,1766,2026-02-12 16:11:02,2026-02-12 16:40:29,"[CSC, CTPPS, CTPPS_TOT, DT, L1SCOUT, RPC]",0.0,0.0,195631865,cosmics2026/v8,/cdaq/cosmic/commissioning2026/v0.1.0/HLT/V1,Commissioning2026,4
400922,11393,5377,2026-02-12 16:44:20,2026-02-12 18:13:57,"[CSC, CTPPS, CTPPS_TOT, L1SCOUT, RPC]",0.0,0.0,607345630,cosmics2026/v8,/cdaq/cosmic/commissioning2026/v0.1.0/HLT/V1,Commissioning2026,4
400925,11393,606,2026-02-12 18:17:56,2026-02-12 18:28:02,"[CTPPS, CTPPS_TOT, L1SCOUT, RPC]",0.0,0.0,63992010,cosmics2026/v8,/cdaq/cosmic/commissioning2026/v0.1.0/HLT/V1,Commissioning2026,4
400926,11393,11057,2026-02-12 18:32:18,2026-02-12 21:36:34,"[CTPPS, CTPPS_TOT, L1SCOUT]",0.0,0.0,1254332428,cosmics2026/v8,/cdaq/cosmic/commissioning2026/v0.1.0/HLT/V1,Commissioning2026,4
400927,11393,25751,2026-02-12 21:44:28,2026-02-13 04:53:39,"[CTPPS, CTPPS_TOT, L1SCOUT]",0.0,0.0,2914752058,cosmics2026/v8,/cdaq/cosmic/commissioning2026/v0.1.0/HLT/V1,Commissioning2026,4
400928,11393,10857,2026-02-13 05:01:28,2026-02-13 08:02:25,"[CTPPS, CTPPS_TOT, L1SCOUT]",0.0,0.0,1235082033,cosmics2026/v8,/cdaq/cosmic/commissioning2026/v0.1.0/HLT/V1,Commissioning2026,6
400929,11393,1246,2026-02-13 08:05:45,2026-02-13 08:26:31,"[CSC, CTPPS, CTPPS_TOT, L1SCOUT]",0.0,0.0,124550386,cosmics2026/v8,/cdaq/cosmic/commissioning2026/v0.1.0/HLT/V1,Commissioning2026,4
400930,11393,1868,2026-02-13 08:29:46,2026-02-13 09:00:54,"[CSC, CTPPS, CTPPS_TOT, HCAL, L1SCOUT]",0.0,0.0,206791509,cosmics2026/v8,/cdaq/cosmic/commissioning2026/v0.1.0/HLT/V1,Commissioning2026,4
400934,11393,2058,2026-02-13 09:03:58,2026-02-13 09:38:16,"[CSC, CTPPS, CTPPS_TOT, DT, HCAL, L1SCOUT]",0.0,0.0,226781540,cosmics2026/v8,/cdaq/cosmic/commissioning2026/v0.1.0/HLT/V1,Commissioning2026,4
400940,11393,4084,2026-02-13 09:41:26,2026-02-13 10:49:30,"[CSC, CTPPS, CTPPS_TOT, DT, GEM, HCAL, L1SCOUT]",0.0,0.0,459609155,cosmics2026/v8,/cdaq/cosmic/commissioning2026/v0.1.0/HLT/V1,Commissioning2026,4
400943,11393,6507,2026-02-13 10:52:33,2026-02-13 12:41:00,"[CTPPS, CTPPS_TOT, DT, GEM, HCAL, L1SCOUT]",0.0,0.0,736207210,cosmics2026/v8,/cdaq/cosmic/commissioning2026/v0.1.0/HLT/V1,Commissioning2026,4
400948,11393,4188,2026-02-13 12:44:56,2026-02-13 13:54:44,"[CTPPS, CTPPS_TOT, GEM, HCAL, L1SCOUT]",0.0,0.0,466468682,cosmics2026/v9,/cdaq/cosmic/commissioning2026/v0.1.0/HLT/V1,Commissioning2026,4
400949,11393,1778,2026-02-13 13:58:08,2026-02-13 14:27:46,"[CTPPS, CTPPS_TOT, GEM, HCAL, L1SCOUT]",0.0,0.0,197575710,cosmics2026/v9,/cdaq/cosmic/commissioning2026/v0.1.0/HLT/V1,Commissioning2026,4
400950,11393,3659,2026-02-13 14:31:15,2026-02-13 15:32:14,"[CTPPS, CTPPS_TOT, GEM, L1SCOUT]",0.0,0.0,412733684,cosmics2026/v9,/cdaq/cosmic/commissioning2026/v0.1.0/HLT/V1,Commissioning2026,4
400951,11393,4699,2026-02-13 15:35:13,2026-02-13 16:53:32,"[CTPPS, CTPPS_TOT, L1SCOUT]",0.0,0.0,529887248,cosmics2026/v9,/cdaq/cosmic/commissioning2026/v0.1.0/HLT/V1,Commissioning2026,4
400952,11393,10368,2026-02-13 16:56:56,2026-02-13 19:49:44,"[CTPPS, CTPPS_TOT, L1SCOUT]",0.0,0.0,1169689193,cosmics2026/v9,/cdaq/cosmic/commissioning2026/v0.1.0/HLT/V1,Commissioning2026,4
400953,11393,9356,2026-02-13 19:55:20,2026-02-13 22:31:16,"[CTPPS, CTPPS_TOT, L1SCOUT]",0.0,0.0,1062899826,cosmics2026/v9,/cdaq/cosmic/commissioning2026/v0.1.0/HLT/V1,Commissioning2026,6
400954,11393,33283,2026-02-13 22:39:28,2026-02-14 07:54:11,"[CTPPS, CTPPS_TOT, L1SCOUT]",0.0,0.0,3760738696,cosmics2026/v9,/cdaq/cosmic/commissioning2026/v0.1.0/HLT/V1,Commissioning2026,6
400955,11393,1278,2026-02-14 07:58:42,2026-02-14 08:20:00,"[CTPPS, CTPPS_TOT, L1SCOUT]",0.0,0.0,134816313,cosmics2026/v9,/cdaq/cosmic/commissioning2026/v0.1.0/HLT/V1,Commissioning2026,6
400956,11393,334,2026-02-14 08:25:00,2026-02-14 08:30:34,"[CTPPS, CTPPS_TOT, L1SCOUT]",0.0,0.0,35341549,cosmics2026/v9,/cdaq/cosmic/commissioning2026/v0.1.0/HLT/V1,Commissioning2026,6
400957,11393,175,2026-02-14 08:35:54,2026-02-14 08:38:49,"[CTPPS, CTPPS_TOT, L1SCOUT]",0.0,0.0,17630298,cosmics2026/v9,/cdaq/cosmic/commissioning2026/v0.1.0/HLT/V1,Commissioning2026,6
400958,11393,8771,2026-02-14 08:41:53,2026-02-14 11:08:04,"[CTPPS, CTPPS_TOT, L1SCOUT]",0.0,0.0,991314899,cosmics2026/v9,/cdaq/cosmic/commissioning2026/v0.1.0/HLT/V1,Commissioning2026,4
400959,11393,1282,2026-02-14 11:10:40,2026-02-14 11:32:02,"[CTPPS, CTPPS_TOT, HCAL, L1SCOUT]",0.0,0.0,853483,cosmics2026/v9,/cdaq/cosmic/commissioning2026/v0.1.0/HLT/V1,Commissioning2026,4
400965,11393,103,2026-02-14 12:09:52,2026-02-14 12:11:35,"[CTPPS, CTPPS_TOT, HCAL, L1SCOUT]",,,,cosmics2026/v9,,Commissioning2026,
400966,11393,2636,2026-02-14 12:14:01,2026-02-14 12:57:56,"[CTPPS, CTPPS_TOT, HCAL, L1SCOUT]",0.0,0.0,1764285,cosmics2026/v9,/cdaq/cosmic/commissioning2026/v0.1.0/HLT/V1,Commissioning2026,4
400967,11393,3019,2026-02-14 13:06:26,2026-02-14 13:56:45,"[CTPPS, CTPPS_TOT, L1SCOUT]",0.0,0.0,4005253,cosmics2026/v9,/cdaq/cosmic/commissioning2026/v0.1.0/HLT/V1,Commissioning2026,4
400968,11393,1539,2026-02-14 14:00:34,2026-02-14 14:26:12,"[CSC, CTPPS, CTPPS_TOT, L1SCOUT]",0.0,0.0,167351442,cosmics2026/v9,/cdaq/cosmic/commissioning2026/v0.1.0/HLT/V1,Commissioning2026,4
400970,11393,3184,2026-02-14 14:28:57,2026-02-14 15:22:01,"[CSC, CTPPS, CTPPS_TOT, GEM, L1SCOUT]",0.0,0.0,353440541,cosmics2026/v9,/cdaq/cosmic/commissioning2026/v0.1.0/HLT/V1,Commissioning2026,4
400972,11393,10705,2026-02-14 15:25:06,2026-02-14 18:23:31,"[CTPPS, CTPPS_TOT, L1SCOUT]",0.0,0.0,1211918538,cosmics2026/v9,/cdaq/cosmic/commissioning2026/v0.1.0/HLT/V1,Commissioning2026,4
400973,11393,10326,2026-02-14 18:28:12,2026-02-14 21:20:18,"[CTPPS, CTPPS_TOT, L1SCOUT]",0.0,0.0,1172379589,cosmics2026/v9,/cdaq/cosmic/commissioning2026/v0.1.0/HLT/V1,Commissioning2026,4
400974,11393,25886,2026-02-14 21:27:05,2026-02-15 04:38:31,"[CTPPS, CTPPS_TOT, L1SCOUT]",0.0,0.0,2935683519,cosmics2026/v9,/cdaq/cosmic/commissioning2026/v0.1.0/HLT/V1,Commissioning2026,4
400975,11393,17999,2026-02-15 04:40:48,2026-02-15 09:40:46,"[CTPPS, CTPPS_TOT, L1SCOUT]",0.0,0.0,2038779930,cosmics2026/v9,/cdaq/cosmic/commissioning2026/v0.1.0/HLT/V1,Commissioning2026,4
400976,11393,757,2026-02-15 09:43:24,2026-02-15 09:56:01,"[CTPPS, CTPPS_TOT, L1SCOUT]",0.0,0.0,81975572,cosmics2026/v10,/cdaq/cosmic/commissioning2025/v1.4.1/HLT/V1,Commissioning2026,4
400977,11393,766,2026-02-15 09:58:46,2026-02-15 10:11:32,"[CTPPS, CTPPS_TOT, L1SCOUT]",0.0,0.0,82458332,cosmics2026/v11,/cdaq/cosmic/commissioning2025/v1.4.1/HLT/V1,Commissioning2026,4
400978,11393,455,2026-02-15 10:14:12,2026-02-15 10:21:47,"[CSC, CTPPS, CTPPS_TOT, L1SCOUT]",0.0,0.0,47724412,cosmics2026/v11,/cdaq/cosmic/commissioning2025/v1.4.1/HLT/V1,Commissioning2026,4
400979,11393,1685,2026-02-15 10:24:56,2026-02-15 10:53:01,"[CSC, CTPPS, CTPPS_TOT, HCAL, L1SCOUT]",0.0,0.0,188647469,cosmics2026/v11,/cdaq/cosmic/commissioning2025/v1.4.1/HLT/V1,Commissioning2026,4
400984,11393,1859,2026-02-15 10:56:02,2026-02-15 11:27:01,"[CTPPS, CTPPS_TOT, HCAL, L1SCOUT]",0.0,0.0,205569944,cosmics2026/v11,/cdaq/cosmic/commissioning2025/v1.4.1/HLT/V1,Commissioning2026,4
400987,11393,10621,2026-02-15 11:30:40,2026-02-15 14:27:41,"[CTPPS, CTPPS_TOT, L1SCOUT]",0.0,0.0,1203948195,cosmics2026/v11,/cdaq/cosmic/commissioning2025/v1.4.1/HLT/V1,Commissioning2026,4
400988,11393,52,2026-02-15 14:34:13,2026-02-15 14:35:05,"[CTPPS, CTPPS_TOT, L1SCOUT]",0.0,0.0,96,cosmics2026/v11,/cdaq/cosmic/commissioning2025/v1.4.1/HLT/V1,Commissioning2026,4
400989,11393,11248,2026-02-15 14:37:18,2026-02-15 17:44:46,"[CTPPS, CTPPS_TOT, L1SCOUT]",0.0,0.0,1276159846,cosmics2026/v11,/cdaq/cosmic/commissioning2025/v1.4.1/HLT/V1,Commissioning2026,4
400990,11393,4783,2026-02-15 17:51:05,2026-02-15 19:10:48,"[CTPPS, CTPPS_TOT, L1SCOUT]",0.0,0.0,526589978,cosmics2026/v11,/cdaq/cosmic/commissioning2025/v1.4.1/HLT/V1,Commissioning2026,4
400991,11393,88,2026-02-15 19:14:39,2026-02-15 19:16:07,"[CTPPS, CTPPS_TOT, L1SCOUT]",0.0,0.0,5122,cosmics2026/v11,/cdaq/cosmic/commissioning2025/v1.4.1/HLT/V1,Commissioning2026,4
400992,11393,10662,2026-02-15 19:47:20,2026-02-15 22:45:02,"[CTPPS, CTPPS_TOT, L1SCOUT, TRACKER]",0.0,0.0,737491701,cosmics2026/v11,/cdaq/cosmic/commissioning2025/v1.4.1/HLT/V1,Commissioning2026,4
400993,11393,34920,2026-02-15 22:53:02,2026-02-16 08:35:01,"[CTPPS, CTPPS_TOT, L1SCOUT, TRACKER]",0.0,0.0,3981566710,cosmics2026/v11,/cdaq/cosmic/commissioning2025/v1.4.1/HLT/V1,Commissioning2026,4
400994,11393,629,2026-02-16 08:37:17,2026-02-16 08:47:45,"[CTPPS, CTPPS_TOT, L1SCOUT, PIXEL, TRACKER]",0.0,0.0,71164973,cosmics2026/v11,/cdaq/cosmic/commissioning2025/v1.4.1/HLT/V1,Commissioning2026,4
401019,11393,113,2026-02-16 11:02:44,2026-02-16 11:04:37,"[CTPPS, CTPPS_TOT, ECAL, ES, HCAL, L1SCOUT, PIXEL]",,,,cosmics2026/v12,,Commissioning2026,
401020,11393,1542,2026-02-16 11:07:22,2026-02-16 11:33:04,"[CTPPS, CTPPS_TOT, ECAL, ES, HCAL, L1SCOUT, PIXEL]",0.0,0.0,171595034,cosmics2026/v12,/cdaq/cosmic/commissioning2025/v1.4.1/HLT/V1,Commissioning2026,4
401021,11393,1209,2026-02-16 11:36:50,2026-02-16 11:56:59,"[CTPPS, CTPPS_TOT, ECAL, ES, HCAL, L1SCOUT, PIXEL]",0.0,0.0,133528225,cosmics2026/v13,/cdaq/cosmic/commissioning2026/v0.1.0/HLT/V1,Commissioning2026,4
401024,11393,125,2026-02-16 11:59:18,2026-02-16 12:01:23,"[CTPPS, CTPPS_TOT, HCAL, L1SCOUT, PIXEL]",,,,cosmics2026/v13,,Commissioning2026,
401025,11393,320,2026-02-16 12:02:36,2026-02-16 12:07:56,"[CTPPS, CTPPS_TOT, HCAL, L1SCOUT, PIXEL]",,,,cosmics2026/v13,,Commissioning2026,
401027,11393,117,2026-02-16 12:11:26,2026-02-16 12:13:23,"[CTPPS, CTPPS_TOT, HCAL, L1SCOUT, PIXEL]",,,,cosmics2026/v13,,Commissioning2026,
401030,11393,9623,2026-02-16 12:17:50,2026-02-16 14:58:13,"[CTPPS, CTPPS_TOT, L1SCOUT, PIXEL]",0.0,0.0,1095765567,cosmics2026/v13,/cdaq/cosmic/commissioning2026/v0.1.0/HLT/V1,Commissioning2026,4
401033,11393,18146,2026-02-16 15:01:39,2026-02-16 20:04:05,"[CTPPS, CTPPS_TOT, L1SCOUT]",0.0,0.0,2053319620,cosmics2026/v13,/cdaq/cosmic/commissioning2026/v0.1.0/HLT/V1,Commissioning2026,4
401034,11393,30539,2026-02-16 20:06:42,2026-02-17 04:35:42,"[CTPPS, CTPPS_TOT, L1SCOUT]",0.0,0.0,3477282113,cosmics2026/v13,/cdaq/cosmic/commissioning2026/v0.1.0/HLT/V1,Commissioning2026,4
401035,11393,12521,2026-02-17 04:40:35,2026-02-17 08:09:16,"[CTPPS, CTPPS_TOT, L1SCOUT]",0.0,0.0,1424192343,cosmics2026/v13,/cdaq/cosmic/commissioning2026/v0.1.0/HLT/V1,Commissioning2026,4
401036,11393,162,2026-02-17 08:12:21,2026-02-17 08:15:03,"[CTPPS, CTPPS_TOT, L1SCOUT]",0.0,0.0,15258633,cosmics2026/v13,/cdaq/cosmic/commissioning2026/v0.1.0/HLT/V1,Commissioning2026,4
401037,11393,106,2026-02-17 08:18:16,2026-02-17 08:20:02,"[CSC, CTPPS, CTPPS_TOT, L1SCOUT]",0.0,0.0,10473888,cosmics2026/v13,/cdaq/cosmic/commissioning2026/v0.1.0/HLT/V1,Commissioning2026,4
401038,11393,1716,2026-02-17 08:22:57,2026-02-17 08:51:33,"[CSC, CTPPS, CTPPS_TOT, ECAL, L1SCOUT]",0.0,0.0,191945230,cosmics2026/v13,/cdaq/cosmic/commissioning2026/v0.1.0/HLT/V1,Commissioning2026,4
401039,11393,2934,2026-02-17 10:46:49,2026-02-17 11:35:43,"[CSC, CTPPS, CTPPS_TOT, L1SCOUT, PIXEL]",0.0,0.0,330910238,cosmics2026/v13,/cdaq/cosmic/commissioning2026/v0.1.0/HLT/V1,Commissioning2026,4
401048,11393,1239,2026-02-17 11:38:37,2026-02-17 11:59:16,"[CTPPS, CTPPS_TOT, L1SCOUT, PIXEL]",0.0,0.0,138968126,cosmics2026/v13,/cdaq/cosmic/commissioning2026/v0.1.0/HLT/V1,Commissioning2026,4
401049,11393,3811,2026-02-17 12:01:56,2026-02-17 13:05:27,"[CTPPS, CTPPS_TOT, L1SCOUT, PIXEL]",0.0,0.0,434265314,cosmics2026/v13,/cdaq/cosmic/commissioning2026/v0.1.0/HLT/V1,Commissioning2026,4
401050,11393,2988,2026-02-17 13:08:44,2026-02-17 13:58:32,"[CTPPS, CTPPS_TOT, HCAL, L1SCOUT]",0.0,0.0,334540226,cosmics2026/v13,/cdaq/cosmic/commissioning2026/v0.1.0/HLT/V1,Commissioning2026,4
401051,11393,2177,2026-02-17 14:01:15,2026-02-17 14:37:32,"[CTPPS, CTPPS_TOT, HCAL, L1SCOUT, TRACKER]",0.0,0.0,240883397,cosmics2026/v13,/cdaq/cosmic/commissioning2026/v0.1.0/HLT/V1,Commissioning2026,4
401052,11393,305,2026-02-17 14:40:44,2026-02-17 14:45:49,"[CTPPS, CTPPS_TOT, L1SCOUT, TRACKER]",0.0,0.0,36434692,cosmics2026/v13,/cdaq/cosmic/commissioning2026/v0.1.0/HLT/V1,Commissioning2026,4
401053,11393,51,2026-02-17 14:49:59,2026-02-17 14:50:50,"[CTPPS, CTPPS_TOT, HCAL, L1SCOUT]",0.0,0.0,31682,cosmics2026/v13,/cdaq/cosmic/commissioning2026/v0.1.0/HLT/V1,Commissioning2026,4
401054,11393,1952,2026-02-17 14:53:24,2026-02-17 15:25:57,"[CTPPS, CTPPS_TOT, ES, HCAL, L1SCOUT]",0.0,0.0,213702747,cosmics2026/v13,/cdaq/cosmic/commissioning2026/v0.1.0/HLT/V1,Commissioning2026,4
401060,11393,545,2026-02-17 15:28:21,2026-02-17 15:37:26,"[CTPPS, CTPPS_TOT, HCAL, L1SCOUT]",0.0,0.0,52832954,cosmics2026/v13,/cdaq/cosmic/commissioning2026/v0.1.0/HLT/V1,Commissioning2026,4
401062,11393,1479,2026-02-17 15:40:33,2026-02-17 16:05:12,"[CTPPS, CTPPS_TOT, L1SCOUT]",0.0,0.0,163504729,cosmics2026/v13,/cdaq/cosmic/commissioning2026/v0.1.0/HLT/V1,Commissioning2026,4
401063,11393,1039,2026-02-17 16:07:58,2026-02-17 16:25:17,"[CTPPS, CTPPS_TOT, L1SCOUT]",0.0,0.0,114905078,cosmics2026/v13,/cdaq/cosmic/commissioning2026/v0.1.0/HLT/V1,Commissioning2026,6
401065,11393,6291,2026-02-17 16:28:11,2026-02-17 18:13:02,"[CTPPS, CTPPS_TOT, L1SCOUT]",0.0,0.0,713874863,cosmics2026/v13,/cdaq/cosmic/commissioning2026/v0.1.0/HLT/V1,Commissioning2026,6
401082,11393,8435,2026-02-17 18:16:10,2026-02-17 20:36:45,"[CTPPS, CTPPS_TOT, L1SCOUT]",0.0,0.0,948014824,cosmics2026/v13,/cdaq/cosmic/commissioning2026/v0.1.0/HLT/V1,Commissioning2026,6
401083,11393,39880,2026-02-17 20:39:57,2026-02-18 07:44:37,"[CTPPS, CTPPS_TOT, L1SCOUT]",0.0,0.0,4531557705,cosmics2026/v13,/cdaq/cosmic/commissioning2026/v0.1.0/HLT/V1,Commissioning2026,6
401084,11393,51,2026-02-18 07:48:11,2026-02-18 07:49:02,"[CTPPS, CTPPS_TOT, L1SCOUT]",0.0,0.0,5086664,cosmics2026/v13,/cdaq/cosmic/commissioning2026/v0.1.0/HLT/V1,Commissioning2026,6
401085,11393,1452,2026-02-18 07:53:06,2026-02-18 08:17:18,"[CTPPS, CTPPS_TOT, ES, HCAL, L1SCOUT]",0.0,0.0,160356153,cosmics2026/v13,/cdaq/cosmic/commissioning2026/v0.1.0/HLT/V1,Commissioning2026,4
401090,11393,1702,2026-02-18 08:20:09,2026-02-18 08:48:31,"[CSC, CTPPS, CTPPS_TOT, ES, HCAL, L1SCOUT]",0.0,0.0,190235889,cosmics2026/v13,/cdaq/cosmic/commissioning2026/v0.1.0/HLT/V1,Commissioning2026,4
401093,11393,157,2026-02-18 08:50:57,2026-02-18 08:53:34,"[CSC, CTPPS, CTPPS_TOT, HCAL, L1SCOUT]",0.0,0.0,15168969,cosmics2026/v13,/cdaq/cosmic/commissioning2026/v0.1.0/HLT/V1,Commissioning2026,4
401108,11393,1411,2026-02-18 12:26:28,2026-02-18 12:49:58,"[CTPPS, CTPPS_TOT, L1SCOUT]",0.0,0.0,155554989,cosmics2026/v13,/cdaq/cosmic/commissioning2026/v0.1.0/HLT/V1,Commissioning2026,4
401109,11393,1744,2026-02-18 12:52:41,2026-02-18 13:21:45,"[CTPPS, CTPPS_TOT, HCAL, L1SCOUT]",0.0,0.0,194708964,cosmics2026/v13,/cdaq/cosmic/commissioning2026/v0.1.0/HLT/V1,Commissioning2026,4
401110,11393,1227,2026-02-18 13:24:33,2026-02-18 13:45:00,"[CTPPS, CTPPS_TOT, GEM, HCAL, L1SCOUT]",0.0,0.0,136077877,cosmics2026/v13,/cdaq/cosmic/commissioning2026/v0.1.0/HLT/V1,Commissioning2026,4
401111,11393,2695,2026-02-18 13:48:09,2026-02-18 14:33:04,"[CTPPS, CTPPS_TOT, GEM, HCAL, L1SCOUT]",0.0,0.0,303900645,cosmics2026/v13,/cdaq/cosmic/commissioning2026/v0.1.0/HLT/V1,Commissioning2026,4
401113,11393,3184,2026-02-18 14:36:24,2026-02-18 15:29:28,"[CTPPS, CTPPS_TOT, L1SCOUT]",0.0,0.0,343914926,cosmics2026/v14,/cdaq/cosmic/commissioning2026/v0.1.0/HLT/V4,Commissioning2026,4
401115,11393,1333,2026-02-18 15:34:30,2026-02-18 15:56:43,"[CTPPS, CTPPS_TOT, HCAL, L1SCOUT]",0.0,0.0,126444592,cosmics2026/v14,/cdaq/cosmic/commissioning2026/v0.1.0/HLT/V4,Commissioning2026,4
401116,11393,25154,2026-02-18 16:00:05,2026-02-18 22:59:19,"[CTPPS, CTPPS_TOT, L1SCOUT]",0.0,0.0,2859192037,cosmics2026/v14,/cdaq/cosmic/commissioning2026/v0.1.0/HLT/V4,Commissioning2026,4
401117,11393,1391,2026-02-18 23:03:21,2026-02-18 23:26:32,"[CTPPS, CTPPS_TOT, L1SCOUT, PIXEL]",0.0,0.0,946435,cosmics2026/v14,/cdaq/cosmic/commissioning2026/v0.1.0/HLT/V4,Commissioning2026,4
401118,11393,33774,2026-02-18 23:30:38,2026-02-19 08:53:32,"[CTPPS, CTPPS_TOT, L1SCOUT]",0.0,0.0,3840941323,cosmics2026/v14,/cdaq/cosmic/commissioning2026/v0.1.0/HLT/V4,Commissioning2026,4
401120,11393,115,2026-02-19 08:58:35,2026-02-19 09:00:30,"[CTPPS, CTPPS_TOT, DT, L1SCOUT]",0.0,0.0,12293224,cosmics2026/v14,/cdaq/cosmic/commissioning2026/v0.1.0/HLT/V4,Commissioning2026,4
401121,11393,1852,2026-02-19 09:03:58,2026-02-19 09:34:50,"[CSC, CTPPS, CTPPS_TOT, DT, GEM, L1SCOUT]",0.0,0.0,207708722,cosmics2026/v14,/cdaq/cosmic/commissioning2026/v0.1.0/HLT/V4,Commissioning2026,4
401124,11393,501,2026-02-19 09:39:37,2026-02-19 09:47:58,"[CTPPS, CTPPS_TOT, DT, GEM, HCAL, L1SCOUT]",0.0,0.0,52385538,cosmics2026/v14,/cdaq/cosmic/commissioning2026/v0.1.0/HLT/V4,Commissioning2026,4
401126,11393,231,2026-02-19 09:49:41,2026-02-19 09:53:32,"[CTPPS, CTPPS_TOT, DT, GEM, HCAL, L1SCOUT, PIXEL]",0.0,0.0,24105435,cosmics2026/v14,/cdaq/cosmic/commissioning2026/v0.1.0/HLT/V4,Commissioning2026,4
401128,11393,1561,2026-02-19 09:56:27,2026-02-19 10:22:28,"[CTPPS, CTPPS_TOT, DT, HCAL, L1SCOUT, PIXEL]",0.0,0.0,177659306,cosmics2026/v14,/cdaq/cosmic/commissioning2026/v0.1.0/HLT/V4,Commissioning2026,4
401133,11393,936,2026-02-19 10:26:13,2026-02-19 10:41:50,"[CTPPS, CTPPS_TOT, DT, L1SCOUT, PIXEL]",0.0,0.0,106209959,cosmics2026/v14,/cdaq/cosmic/commissioning2026/v0.1.0/HLT/V4,Commissioning2026,4
401134,11393,140,2026-02-19 10:45:11,2026-02-19 10:47:31,"[CTPPS, CTPPS_TOT, L1SCOUT, PIXEL]",0.0,0.0,14999336,cosmics2026/v14,/cdaq/cosmic/commissioning2026/v0.1.0/HLT/V4,Commissioning2026,4
401135,11393,429,2026-02-19 10:51:50,2026-02-19 10:58:59,"[CTPPS, CTPPS_TOT, L1SCOUT]",0.0,0.0,45830008,cosmics2026/v14,/cdaq/cosmic/commissioning2026/v0.1.0/HLT/V4,Commissioning2026,4
401137,11393,5281,2026-02-19 11:01:43,2026-02-19 12:29:44,"[CTPPS, CTPPS_TOT, ECAL, L1SCOUT]",0.0,0.0,597268127,cosmics2026/v14,/cdaq/cosmic/commissioning2026/v0.1.0/HLT/V4,Commissioning2026,4
401139,11393,1283,2026-02-19 12:35:50,2026-02-19 12:57:13,"[CTPPS, CTPPS_TOT, L1SCOUT]",0.0,0.0,143679631,cosmics2026/v14,/cdaq/cosmic/commissioning2026/v0.1.0/HLT/V4,Commissioning2026,4
401144,11393,984,2026-02-19 14:39:22,2026-02-19 14:55:47,"[CTPPS, CTPPS_TOT, L1SCOUT]",0.0,0.0,91531726,cosmics2026/v14,/cdaq/cosmic/commissioning2026/v0.1.0/HLT/V4,Commissioning2026,4
401145,11393,355,2026-02-19 16:10:02,2026-02-19 16:15:57,"[CTPPS, CTPPS_TOT, GEM, PIXEL, TRACKER]",0.0,0.0,240603,cosmics2026/v14,/cdaq/cosmic/commissioning2026/v0.1.0/HLT/V4,Commissioning2026,4
401147,11393,302,2026-02-19 16:30:17,2026-02-19 16:35:19,"[CTPPS, CTPPS_TOT, GEM, PIXEL, TRACKER]",0.0,0.0,192673,cosmics2026/v14,/cdaq/cosmic/commissioning2026/v0.1.0/HLT/V4,Commissioning2026,4
401148,11393,130,2026-02-19 16:38:19,2026-02-19 16:40:29,"[CTPPS, CTPPS_TOT, GEM, PIXEL, TRACKER]",0.0,0.0,70874,cosmics2026/v14,/cdaq/cosmic/commissioning2026/v0.1.0/HLT/V4,Commissioning2026,4
401149,11393,70,2026-02-19 16:44:31,2026-02-19 16:45:41,"[CTPPS, CTPPS_TOT, GEM, PIXEL, TRACKER]",0.0,0.0,47988,cosmics2026/v14,/cdaq/cosmic/commissioning2026/v0.1.0/HLT/V4,Commissioning2026,4
401150,11393,199,2026-02-19 16:50:34,2026-02-19 16:53:53,"[CTPPS, CTPPS_TOT, GEM, PIXEL, TRACKER]",0.0,0.0,138147,cosmics2026/v14,/cdaq/cosmic/commissioning2026/v0.1.0/HLT/V4,Commissioning2026,4
401151,11393,233,2026-02-19 17:18:05,2026-02-19 17:21:58,"[CTPPS, CTPPS_TOT, GEM, PIXEL, TRACKER]",0.0,0.0,161034,cosmics2026/v14,/cdaq/cosmic/commissioning2026/v0.1.0/HLT/V4,Commissioning2026,4
401152,11393,1036,2026-02-19 17:25:45,2026-02-19 17:43:01,"[CTPPS, CTPPS_TOT, GEM, PIXEL, TRACKER]",0.0,0.0,706358,cosmics2026/v14,/cdaq/cosmic/commissioning2026/v0.1.0/HLT/V4,Commissioning2026,4
401154,11393,1002,2026-02-19 17:51:46,2026-02-19 18:08:28,"[CTPPS, CTPPS_TOT, L1SCOUT]",0.0,0.0,109211997,cosmics2026/v14,/cdaq/cosmic/commissioning2026/v0.1.0/HLT/V4,Commissioning2026,4
401155,11393,45758,2026-02-19 18:09:57,2026-02-20 06:52:35,"[CTPPS, CTPPS_TOT, L1SCOUT]",0.0,0.0,5214966965,cosmics2026/v14,/cdaq/cosmic/commissioning2026/v0.1.0/HLT/V4,Commissioning2026,4
401156,11393,7220,2026-02-20 06:55:14,2026-02-20 08:55:33,"[CTPPS, CTPPS_TOT, HCAL, L1SCOUT]",0.0,0.0,816233345,cosmics2026/v14,/cdaq/cosmic/commissioning2026/v0.1.0/HLT/V4,Commissioning2026,4
401165,11393,143,2026-02-20 09:04:35,2026-02-20 09:06:58,"[CSC, CTPPS, CTPPS_TOT, L1SCOUT]",0.0,0.0,80798,cosmics2026/v14,/cdaq/cosmic/commissioning2026/v0.1.0/HLT/V4,Commissioning2026,4
401166,11393,206,2026-02-20 09:10:04,2026-02-20 09:13:30,"[CSC, CTPPS, CTPPS_TOT, GEM, L1SCOUT]",0.0,0.0,7142722,cosmics2026/v14,/cdaq/cosmic/commissioning2026/v0.1.0/HLT/V4,Commissioning2026,4
401167,11393,299,2026-02-20 09:17:04,2026-02-20 09:22:03,"[CSC, CTPPS, CTPPS_TOT, GEM, L1SCOUT, PIXEL]",0.0,0.0,2673331,cosmics2026/v14,/cdaq/cosmic/commissioning2026/v0.1.0/HLT/V4,Commissioning2026,4
401168,11393,91,2026-02-20 09:25:18,2026-02-20 09:26:48,"[CSC, CTPPS, CTPPS_TOT, ES, GEM, L1SCOUT, PIXEL]",0.0,0.0,43034,cosmics2026/v14,/cdaq/cosmic/commissioning2026/v0.1.0/HLT/V4,Commissioning2026,4
401169,11393,330,2026-02-20 09:30:15,2026-02-20 09:35:45,"[CSC, CTPPS, CTPPS_TOT, ES, L1SCOUT, PIXEL]",0.0,0.0,34875580,cosmics2026/v14,/cdaq/cosmic/commissioning2026/v0.1.0/HLT/V4,Commissioning2026,4
401170,11393,7727,2026-02-20 09:38:53,2026-02-20 11:47:41,"[CSC, CTPPS, CTPPS_TOT, L1SCOUT, PIXEL]",0.0,0.0,877255987,cosmics2026/v14,/cdaq/cosmic/commissioning2026/v0.1.0/HLT/V4,Commissioning2026,4
401172,11393,16524,2026-02-20 11:51:34,2026-02-20 16:26:58,"[CSC, CTPPS, CTPPS_TOT, L1SCOUT]",0.0,0.0,1878623697,cosmics2026/v14,/cdaq/cosmic/commissioning2026/v0.1.0/HLT/V4,Commissioning2026,4
401174,11393,3926,2026-02-20 16:30:20,2026-02-20 17:35:46,"[CTPPS, CTPPS_TOT, ECAL, L1SCOUT]",0.0,0.0,445110178,cosmics2026/v14,/cdaq/cosmic/commissioning2026/v0.1.0/HLT/V4,Commissioning2026,4
401180,11393,37,2026-02-20 17:38:01,2026-02-20 17:38:38,"[CTPPS, CTPPS_TOT, L1SCOUT]",,,,cosmics2026/v14,,Commissioning2026,
401181,11393,58669,2026-02-20 17:40:59,2026-02-21 09:58:48,"[CTPPS, CTPPS_TOT, L1SCOUT]",0.0,0.0,6686327027,cosmics2026/v14,/cdaq/cosmic/commissioning2026/v0.1.0/HLT/V4,Commissioning2026,4
401182,11393,1256,2026-02-21 10:01:20,2026-02-21 10:22:16,"[CTPPS, CTPPS_TOT, GEM, L1SCOUT]",0.0,0.0,101834526,cosmics2026/v14,/cdaq/cosmic/commissioning2026/v0.1.0/HLT/V4,Commissioning2026,4
401183,11393,3043,2026-02-21 10:24:47,2026-02-21 11:15:30,"[CTPPS, CTPPS_TOT, HCAL, L1SCOUT]",0.0,0.0,277408144,cosmics2026/v14,/cdaq/cosmic/commissioning2026/v0.1.0/HLT/V4,Commissioning2026,4
401189,11393,18132,2026-02-21 11:18:32,2026-02-21 16:20:44,"[CTPPS, CTPPS_TOT, L1SCOUT]",0.0,0.0,2017246547,cosmics2026/v14,/cdaq/cosmic/commissioning2026/v0.1.0/HLT/V4,Commissioning2026,4
401190,11393,2936,2026-02-21 16:23:50,2026-02-21 17:12:46,"[CSC, CTPPS, CTPPS_TOT, L1SCOUT]",0.0,0.0,332616070,cosmics2026/v14,/cdaq/cosmic/commissioning2026/v0.1.0/HLT/V4,Commissioning2026,4
401192,11393,38051,2026-02-21 17:15:52,2026-02-22 03:50:03,"[CTPPS, CTPPS_TOT, L1SCOUT]",0.0,0.0,4311815432,cosmics2026/v14,/cdaq/cosmic/commissioning2026/v0.1.0/HLT/V4,Commissioning2026,4
401193,11393,31135,2026-02-22 03:54:07,2026-02-22 12:33:02,"[CTPPS, CTPPS_TOT, L1SCOUT]",0.0,0.0,3548253524,cosmics2026/v14,/cdaq/cosmic/commissioning2026/v0.1.0/HLT/V4,Commissioning2026,4
401194,11393,2561,2026-02-22 12:36:06,2026-02-22 13:18:47,"[CTPPS, CTPPS_TOT, HCAL, L1SCOUT]",0.0,0.0,1728229,cosmics2026/v14,/cdaq/cosmic/commissioning2026/v0.1.0/HLT/V4,Commissioning2026,4
401200,11393,17067,2026-02-22 13:22:04,2026-02-22 18:06:31,"[CTPPS, CTPPS_TOT, L1SCOUT]",0.0,0.0,1672667440,cosmics2026/v14,/cdaq/cosmic/commissioning2026/v0.1.0/HLT/V4,Commissioning2026,4
401201,11393,50437,2026-02-22 18:09:23,2026-02-23 08:10:00,"[CTPPS, CTPPS_TOT, L1SCOUT]",0.0,0.0,5745478814,cosmics2026/v14,/cdaq/cosmic/commissioning2026/v0.1.0/HLT/V4,Commissioning2026,4
401205,11393,1182,2026-02-23 08:36:05,2026-02-23 08:55:47,"[CSC, CTPPS, CTPPS_TOT, ECAL, HCAL, L1SCOUT, PIXEL]",0.0,0.0,133109063,cosmics2026/v14,/cdaq/cosmic/commissioning2026/v0.1.0/HLT/V4,Commissioning2026,4
401212,11393,1348,2026-02-23 09:00:05,2026-02-23 09:22:33,"[CSC, CTPPS, CTPPS_TOT, DT, ECAL, GEM, L1SCOUT, PIXEL]",0.0,0.0,130731457,cosmics2026/v14,/cdaq/cosmic/commissioning2026/v0.1.0/HLT/V4,Commissioning2026,4
401216,11393,435,2026-02-23 09:25:42,2026-02-23 09:32:57,"[CSC, CTPPS, CTPPS_TOT, DT, ECAL, L1SCOUT, PIXEL]",0.0,0.0,47802811,cosmics2026/v14,/cdaq/cosmic/commissioning2026/v0.1.0/HLT/V4,Commissioning2026,4
401217,11393,4290,2026-02-23 09:35:55,2026-02-23 10:47:25,"[CSC, CTPPS, CTPPS_TOT, DT, ECAL, L1SCOUT, PIXEL, RPC]",0.0,0.0,473370553,cosmics2026/v14,/cdaq/cosmic/commissioning2026/v0.1.0/HLT/V4,Commissioning2026,4
401222,11393,698,2026-02-23 10:51:08,2026-02-23 11:02:46,"[CTPPS, CTPPS_TOT, DT, L1SCOUT, PIXEL, RPC]",0.0,0.0,67284762,cosmics2026/v14,/cdaq/cosmic/commissioning2026/v0.1.0/HLT/V4,Commissioning2026,4
401223,11393,6958,2026-02-23 11:05:21,2026-02-23 13:01:19,"[CTPPS, CTPPS_TOT, L1SCOUT, PIXEL, RPC]",0.0,0.0,791196860,cosmics2026/v14,/cdaq/cosmic/commissioning2026/v0.1.0/HLT/V4,Commissioning2026,4
401225,11393,424,2026-02-23 13:08:52,2026-02-23 13:15:55,"[CTPPS, CTPPS_TOT, L1SCOUT, PIXEL, RPC]",0.0,0.0,45182637,cosmics2026/v15,/cdaq/cosmic/commissioning2026/v0.1.0/HLT/V4,Commissioning2026,4
401227,11393,285,2026-02-23 13:21:42,2026-02-23 13:26:27,"[CTPPS, CTPPS_TOT, L1SCOUT, PIXEL, RPC]",0.0,0.0,29213400,cosmics2026/v15,/cdaq/cosmic/commissioning2026/v0.1.0/HLT/V4,Commissioning2026,4
401228,11393,696,2026-02-23 13:29:40,2026-02-23 13:41:16,"[CSC, CTPPS, CTPPS_TOT, L1SCOUT, PIXEL, RPC]",0.0,0.0,62211193,cosmics2026/v15,/cdaq/cosmic/commissioning2026/v0.1.0/HLT/V4,Commissioning2026,4
401229,11393,79,2026-02-23 13:44:41,2026-02-23 13:46:00,"[CSC, CTPPS, CTPPS_TOT, L1SCOUT, PIXEL]",0.0,0.0,5200638,cosmics2026/v15,/cdaq/cosmic/commissioning2026/v0.1.0/HLT/V4,Commissioning2026,4
401230,11393,185,2026-02-23 13:49:13,2026-02-23 13:52:17,"[CSC, CTPPS, CTPPS_TOT, L1SCOUT, PIXEL]",0.0,0.0,0,cosmics2026/v15,/cdaq/cosmic/commissioning2026/v0.1.0/HLT/V4,Commissioning2026,4
401232,11393,3237,2026-02-23 13:55:04,2026-02-23 14:49:01,"[CSC, CTPPS, CTPPS_TOT, L1SCOUT, PIXEL]",0.0,0.0,359465074,cosmics2026/v15,/cdaq/cosmic/commissioning2026/v0.1.0/HLT/V4,Commissioning2026,4
401235,11393,6775,2026-02-23 14:52:03,2026-02-23 16:44:57,"[CSC, CTPPS, CTPPS_TOT, L1SCOUT]",0.0,0.0,764175512,cosmics2026/v15,/cdaq/cosmic/commissioning2026/v0.1.0/HLT/V4,Commissioning2026,4
401248,11396,14100,2026-02-23 16:48:08,2026-02-23 20:43:08,"[CTPPS, CTPPS_TOT, L1SCOUT]",0.0,0.0,1605323501,cosmics2026/v15,/cdaq/cosmic/commissioning2026/v0.1.0/HLT/V4,Commissioning2026,4
401251,11396,4750,2026-02-23 20:44:52,2026-02-23 22:04:02,"[CTPPS, CTPPS_TOT, L1SCOUT]",0.0,0.0,528525452,cosmics2026/v16,/cdaq/cosmic/commissioning2026/v0.1.0/HLT/V6,Commissioning2026,4
401252,11396,38047,2026-02-23 22:06:26,2026-02-24 08:40:33,"[CTPPS, CTPPS_TOT, L1SCOUT]",0.0,0.0,4324247046,cosmics2026/v16,/cdaq/cosmic/commissioning2026/v0.1.0/HLT/V6,Commissioning2026,14
401253,11396,2233,2026-02-24 08:43:51,2026-02-24 09:21:05,"[CTPPS, CTPPS_TOT, HCAL, L1SCOUT]",0.0,0.0,232061792,cosmics2026/v16,/cdaq/cosmic/commissioning2026/v0.1.0/HLT/V6,Commissioning2026,4
401254,11396,1968,2026-02-24 09:24:11,2026-02-24 09:56:59,"[CSC, CTPPS, CTPPS_TOT, HCAL, L1SCOUT]",0.0,0.0,221128054,cosmics2026/v16,/cdaq/cosmic/commissioning2026/v0.1.0/HLT/V6,Commissioning2026,14
401256,11396,300,2026-02-24 10:00:15,2026-02-24 10:05:15,"[CSC, CTPPS, CTPPS_TOT, HCAL, L1SCOUT, PIXEL]",0.0,0.0,31878529,cosmics2026/v16,/cdaq/cosmic/commissioning2026/v0.1.0/HLT/V6,Commissioning2026,14
401257,11396,748,2026-02-24 10:08:51,2026-02-24 10:21:19,"[CTPPS, CTPPS_TOT, HCAL, L1SCOUT, PIXEL]",0.0,0.0,82484346,cosmics2026/v16,/cdaq/cosmic/commissioning2026/v0.1.0/HLT/V6,Commissioning2026,14
401258,11396,1553,2026-02-24 10:24:40,2026-02-24 10:50:33,"[CTPPS, CTPPS_TOT, HCAL, L1SCOUT]",0.0,0.0,147167263,cosmics2026/v16,/cdaq/cosmic/commissioning2026/v0.1.0/HLT/V6,Commissioning2026,14
401259,11397,1166,2026-02-24 10:53:16,2026-02-24 11:12:41,"[CTPPS, CTPPS_TOT, HCAL, L1SCOUT]",0.0,0.0,128037753,cosmics2026/v16,/cdaq/cosmic/commissioning2026/v0.1.0/HLT/V6,Commissioning2026,4
401262,11397,263,2026-02-24 11:17:54,2026-02-24 11:22:17,"[CTPPS_TOT, HCAL, L1SCOUT]",0.0,0.0,0,cosmics2026/v16,/cdaq/cosmic/commissioning2026/v0.1.0/HLT/V6,Commissioning2026,14
401265,11397,200,2026-02-24 11:24:11,2026-02-24 11:27:31,"[CTPPS_TOT, HCAL, L1SCOUT]",0.0,0.0,0,cosmics2026/v16,/cdaq/cosmic/commissioning2026/v0.1.0/HLT/V6,Commissioning2026,14
401266,11397,7530,2026-02-24 11:30:48,2026-02-24 13:36:18,"[HCAL, L1SCOUT]",0.0,0.0,849301628,cosmics2026/v16,/cdaq/cosmic/commissioning2026/v0.1.0/HLT/V6,Commissioning2026,14
401268,11397,165,2026-02-24 13:38:13,2026-02-24 13:40:58,"[GEM, HCAL, L1SCOUT]",,,,cosmics2026/v16,,Commissioning2026,
401269,11397,219,2026-02-24 13:41:56,2026-02-24 13:45:35,"[GEM, HCAL, L1SCOUT]",,,,cosmics2026/v16,,Commissioning2026,
401270,11397,374,2026-02-24 13:46:31,2026-02-24 13:52:45,"[GEM, HCAL, L1SCOUT]",,,,cosmics2026/v16,,Commissioning2026,
401271,11397,388,2026-02-24 13:55:12,2026-02-24 14:01:40,"[GEM, HCAL, L1SCOUT]",,,,cosmics2026/v16,,Commissioning2026,
401272,11397,97,2026-02-24 14:04:20,2026-02-24 14:05:57,"[GEM, L1SCOUT, PIXEL, TRACKER]",0.0,0.0,47904,cosmics2026/v16,/cdaq/cosmic/commissioning2026/v0.1.0/HLT/V6,Commissioning2026,4
401273,11397,97,2026-02-24 14:08:50,2026-02-24 14:10:27,"[GEM, PIXEL, TRACKER]",0.0,0.0,47568,cosmics2026/v16,/cdaq/cosmic/commissioning2026/v0.1.0/HLT/V6,Commissioning2026,4
401274,11397,222,2026-02-24 14:12:38,2026-02-24 14:16:20,"[GEM, PIXEL, TRACKER]",0.0,0.0,143437,cosmics2026/v16,/cdaq/cosmic/commissioning2026/v0.1.0/HLT/V6,Commissioning2026,4
401275,11397,975,2026-02-24 14:18:26,2026-02-24 14:34:41,"[GEM, PIXEL, TRACKER]",0.0,0.0,651521,cosmics2026/v16,/cdaq/cosmic/commissioning2026/v0.1.0/HLT/V6,Commissioning2026,12
401276,11397,1218,2026-02-24 14:40:48,2026-02-24 15:01:06,"[GEM, PIXEL, TRACKER]",0.0,0.0,822514,cosmics2026/v16,/cdaq/cosmic/commissioning2026/v0.1.0/HLT/V6,Commissioning2026,12
401277,11397,745,2026-02-24 15:08:20,2026-02-24 15:20:45,"[GEM, PIXEL, TRACKER]",0.0,0.0,493124,cosmics2026/v16,/cdaq/cosmic/commissioning2026/v0.1.0/HLT/V6,Commissioning2026,12
401278,11397,3449,2026-02-24 15:25:01,2026-02-24 16:22:30,"[]",0.0,0.0,386103089,cosmics2026/v16,/cdaq/cosmic/commissioning2026/v0.1.0/HLT/V6,Commissioning2026,4
401279,11397,2457,2026-02-24 16:25:48,2026-02-24 17:06:45,"[]",0.0,0.0,272510435,cosmics2026/v16,/cdaq/cosmic/commissioning2026/v0.1.0/HLT/V6,Commissioning2026,14
401280,11397,153,2026-02-24 17:10:29,2026-02-24 17:13:02,"[]",0.0,0.0,11651393,cosmics2026/v16,/cdaq/cosmic/commissioning2026/v0.1.0/HLT/V6,Commissioning2026,4
401281,11397,20000,2026-02-24 17:16:02,2026-02-24 22:49:22,"[]",0.0,0.0,2257725016,cosmics2026/v16,/cdaq/cosmic/commissioning2026/v0.1.0/HLT/V6,Commissioning2026,4
401282,11397,7308,2026-02-24 22:53:42,2026-02-25 00:55:30,"[]",0.0,0.0,778481250,cosmics2026/v16,/cdaq/cosmic/commissioning2026/v0.1.0/HLT/V6,Commissioning2026,14
401283,11397,25875,2026-02-25 00:58:58,2026-02-25 08:10:13,"[]",2.89E-10,2.51E-10,2940760256,cosmics2026/v16,/cdaq/cosmic/commissioning2026/v0.1.0/HLT/V6,Commissioning2026,14
401284,11397,1351,2026-02-25 08:13:25,2026-02-25 08:35:56,"[CSC]",6.93E-10,6.19E-10,149049182,cosmics2026/v16,/cdaq/cosmic/commissioning2026/v0.1.0/HLT/V6,Commissioning2026,4
401285,11397,667,2026-02-25 08:39:15,2026-02-25 08:50:22,"[CSC, HCAL]",3.12E-10,2.19E-10,71992382,cosmics2026/v16,/cdaq/cosmic/commissioning2026/v0.1.0/HLT/V6,Commissioning2026,4
401286,11397,3096,2026-02-25 08:53:25,2026-02-25 09:45:01,"[CSC, HCAL, TRACKER]",0.0,0.0,348290422,cosmics2026/v16,/cdaq/cosmic/commissioning2026/v0.1.0/HLT/V6,Commissioning2026,4
401299,11397,201,2026-02-25 09:47:56,2026-02-25 09:51:17,"[HCAL, TRACKER]",,,,cosmics2026/v16,,Commissioning2026,
401300,11397,6241,2026-02-25 09:53:42,2026-02-25 11:37:43,"[HCAL, TRACKER]",0.0,0.0,707066175,cosmics2026/v16,/cdaq/cosmic/commissioning2026/v0.1.0/HLT/V6,Commissioning2026,4
401302,11397,8450,2026-02-25 11:42:15,2026-02-25 14:03:05,"[HCAL]",0.0,0.0,954280955,cosmics2026/v16,/cdaq/cosmic/commissioning2026/v0.1.0/HLT/V6,Commissioning2026,14
401303,11397,5965,2026-02-25 14:07:18,2026-02-25 15:46:43,"[]",0.0,0.0,670928913,cosmics2026/v16,/cdaq/cosmic/commissioning2026/v0.1.0/HLT/V6,Commissioning2026,4
401304,11397,13,2026-02-25 15:50:20,2026-02-25 15:50:33,"[CSC, TRG]",0.0,0.0,,cosmics2026/v16,/cdaq/cosmic/commissioning2026/v0.1.0/HLT/V6,Commissioning2026,
401305,11397,2539,2026-02-25 15:53:21,2026-02-25 16:35:40,"[CSC, TRG]",0.0,0.0,268921236,cosmics2026/v16,/cdaq/cosmic/commissioning2026/v0.1.0/HLT/V6,Commissioning2026,
401306,11397,63,2026-02-25 16:38:25,2026-02-25 16:39:28,"[]",,,,cosmics2026/v17,,Commissioning2026,
401307,11397,1227,2026-02-25 16:41:37,2026-02-25 17:02:04,"[]",0.0,0.0,127222265,cosmics2026/v17,/cdaq/cosmic/commissioning2026/v1.0.0/HLT/V2,Commissioning2026,4
401308,11397,2058,2026-02-25 17:13:48,2026-02-25 17:48:06,"[]",0.0,0.0,1687121,circulating2026/v1,/cdaq/circulating/2026/v1.0.0/HLT/V1,Commissioning2026,11
401309,11397,890,2026-02-25 17:53:19,2026-02-25 18:08:09,"[]",0.0,0.0,98696305,cosmics2026/v17,/cdaq/cosmic/commissioning2026/v1.0.0/HLT/V2,Commissioning2026,4
401310,11398,1920,2026-02-25 18:12:40,2026-02-25 18:44:40,"[GEM]",0.0,0.0,215536356,cosmics2026/v17,/cdaq/cosmic/commissioning2026/v1.0.0/HLT/V2,Commissioning2026,4
401311,11399,4651,2026-02-25 18:49:42,2026-02-25 20:07:13,"[]",0.0,0.0,522917339,cosmics2026/v17,/cdaq/cosmic/commissioning2026/v1.0.0/HLT/V2,Commissioning2026,4
401313,11399,512,2026-02-25 20:13:17,2026-02-25 20:21:49,"[]",0.0,0.0,219854,circulating_hi/v43,/cdaq/circulating/2025/v1.4.0/HLT/V3,Commissioning2026,11
401315,11399,1541,2026-02-25 20:44:35,2026-02-25 21:10:16,"[]",0.0,0.0,739255,collisions_hi/v309,/cdaq/physics/Run2025HI/v1.0.1/HLT/V43,Commissioning2026,0
401316,11399,420,2026-02-25 21:16:56,2026-02-25 21:23:56,"[]",0.0,0.0,200613,circulating2026/v1,/cdaq/circulating/2026/v1.0.0/HLT/V1,Commissioning2026,11
401318,11399,300,2026-02-25 21:28:16,2026-02-25 21:33:16,"[]",0.0,0.0,141499,circulating2026/v1,/cdaq/circulating/2026/v1.0.0/HLT/V1,Commissioning2026,11
401319,11399,36070,2026-02-25 21:38:06,2026-02-26 07:39:16,"[]",0.0,0.0,4089035490,cosmics2026/v17,/cdaq/cosmic/commissioning2026/v1.0.0/HLT/V2,Commissioning2026,4
401320,11401,2038,2026-02-26 07:42:11,2026-02-26 08:16:09,"[RPC]",0.0,0.0,223422542,cosmics2026/v17,/cdaq/cosmic/commissioning2026/v1.0.0/HLT/V2,Commissioning2026,4
401321,11401,253,2026-02-26 08:19:54,2026-02-26 08:24:07,"[CSC, RPC]",0.0,0.0,22356257,cosmics2026/v17,/cdaq/cosmic/commissioning2026/v1.0.0/HLT/V2,Commissioning2026,4
401322,11401,657,2026-02-26 08:28:56,2026-02-26 08:39:53,"[CSC, RPC]",0.0,0.0,315735,circulating_hi/v43,/cdaq/circulating/2025/v1.4.0/HLT/V3,Commissioning2026,11
401323,11401,762,2026-02-26 08:44:05,2026-02-26 08:56:47,"[CSC, RPC]",0.0,0.0,366007,circulating2026/v1,/cdaq/circulating/2026/v1.0.0/HLT/V1,Commissioning2026,11
401325,11401,1379,2026-02-26 09:01:29,2026-02-26 09:24:28,"[CSC, HCAL, RPC]",0.0,0.0,658290,circulating2026/v1,/cdaq/circulating/2026/v1.0.0/HLT/V1,Commissioning2026,11
401327,11401,691,2026-02-26 09:42:41,2026-02-26 09:54:12,"[HCAL, RPC]",0.0,0.0,297997,circulating2026/v1,/cdaq/circulating/2026/v1.0.0/HLT/V1,Commissioning2026,11
401328,11401,344,2026-02-26 09:57:02,2026-02-26 10:02:46,"[HCAL, RPC]",,,,circulating2026/v1,,Commissioning2026,
401329,11401,4215,2026-02-26 10:04:44,2026-02-26 11:14:59,"[HCAL, RPC]",0.0,0.0,2097360,circulating2026/v1,/cdaq/circulating/2026/v1.0.0/HLT/V1,Commissioning2026,11
401333,11401,4629,2026-02-26 11:20:24,2026-02-26 12:37:34,"[HCAL]",7.60994E-7,7.60994E-7,2233334,circulating2026/v2,/cdaq/circulating/2026/v1.0.0/HLT/V1,Commissioning2026,11
401335,11401,186,2026-02-26 12:40:29,2026-02-26 12:43:35,"[HCAL]",,,,cosmics2026/v18,/cdaq/cosmic/commissioning2026/v1.0.0/HLT/V2,Commissioning2026,
401336,11401,255,2026-02-26 12:47:03,2026-02-26 12:51:18,"[HCAL]",,,,cosmics2026/v18,,Commissioning2026,
401338,11401,1943,2026-02-26 13:00:20,2026-02-26 13:32:43,"[HCAL]",0.0,0.0,809954,circulating2026/v2,/cdaq/circulating/2026/v1.0.0/HLT/V1,Commissioning2026,11
401340,11401,765,2026-02-26 13:39:24,2026-02-26 13:52:09,"[HCAL]",,,,circulating2026/v2,/cdaq/circulating/2026/v1.0.0/HLT/V1,Commissioning2026,
401344,11401,3109,2026-02-26 14:18:14,2026-02-26 15:10:03,"[]",0.0,0.0,1535065,circulating2026/v2,/cdaq/circulating/2026/v1.0.0/HLT/V1,Commissioning2026,11
401347,11401,660,2026-02-26 15:23:24,2026-02-26 15:34:24,"[GEM]",0.0,0.0,313986,beamsplash/v30,/cdaq/special/2026/Splashes/v1.0.0/HLT/V1,Commissioning2026,0
401352,11401,5568,2026-02-26 15:45:51,2026-02-26 17:18:39,"[ECAL]",0.0,0.0,2737711,circulating2026/v2,/cdaq/circulating/2026/v1.0.0/HLT/V1,Commissioning2026,11
401357,11405,2149,2026-02-26 17:24:15,2026-02-26 18:00:04,"[]",0.005937115565,0.0,1056274,circulating2026/v2,/cdaq/circulating/2026/v1.0.0/HLT/V1,Commissioning2026,11
401358,11409,4170,2026-02-27 07:03:51,2026-02-27 08:13:21,"[]",0.0,0.0,2109505,circulating2026/v2,/cdaq/circulating/2026/v1.0.0/HLT/V1,Commissioning2026,11
401359,11409,535,2026-02-27 08:17:42,2026-02-27 08:26:37,"[CSC, PIXEL]",0.0,0.0,261623,circulating2026/v2,/cdaq/circulating/2026/v1.0.0/HLT/V1,Commissioning2026,11
401362,11409,5,2026-02-27 08:36:07,2026-02-27 08:36:12,"[CSC, PIXEL]",0.0,0.0,,beamsplash/v30,/cdaq/special/2026/Splashes/v1.0.0/HLT/V1,Commissioning2026,2
401363,11409,193,2026-02-27 08:38:51,2026-02-27 08:42:04,"[CSC, PIXEL]",0.0,0.0,16616,beamsplash/v30,/cdaq/special/2026/Splashes/v1.0.0/HLT/V1,Commissioning2026,2
401364,11409,732,2026-02-27 08:45:56,2026-02-27 08:58:08,"[CSC, PIXEL]",0.0,0.0,73399,beamsplash/v30,/cdaq/special/2026/Splashes/v1.0.0/HLT/V1,Commissioning2026,2
401365,11409,982,2026-02-27 09:02:41,2026-02-27 09:19:03,"[CSC, PIXEL]",0.0,0.0,486403,circulating2026/v2,/cdaq/circulating/2026/v1.0.0/HLT/V1,Commissioning2026,11
401366,11409,3199,2026-02-27 09:25:22,2026-02-27 10:18:41,"[CSC]",0.0,0.0,1636561,circulating2026/v2,/cdaq/circulating/2026/v1.0.0/HLT/V1,Commissioning2026,9
401368,11410,5722,2026-02-27 10:22:05,2026-02-27 11:57:27,"[]",0.0,0.0,2930717,circulating2026/v2,/cdaq/circulating/2026/v1.0.0/HLT/V1,Commissioning2026,9
401369,11412,356,2026-02-27 11:59:52,2026-02-27 12:05:48,"[HCAL]",0.0,0.0,0,circulating2026/v2,/cdaq/circulating/2026/v1.0.0/HLT/V1,Commissioning2026,9
401371,11412,572,2026-02-27 12:09:18,2026-02-27 12:18:50,"[HCAL]",0.0,0.0,271755,circulating2026/v2,/cdaq/circulating/2026/v1.0.0/HLT/V1,Commissioning2026,11
401375,11412,690,2026-02-27 12:24:20,2026-02-27 12:35:50,"[HCAL]",2.964E-9,0.0,318462,circulating2026/v2,/cdaq/circulating/2026/v1.0.0/HLT/V1,Commissioning2026,11
401377,11412,121,2026-02-27 12:43:33,2026-02-27 12:45:34,"[L1SCOUT]",0.0,0.0,46592,circulating2026/v2,/cdaq/circulating/2026/v1.0.0/HLT/V1,Commissioning2026,11
401378,11412,613,2026-02-27 12:54:54,2026-02-27 13:05:07,"[]",0.0,0.0,291434,circulating2026/v2,/cdaq/circulating/2026/v1.0.0/HLT/V1,Commissioning2026,11
401379,11412,5287,2026-02-27 13:15:52,2026-02-27 14:43:59,"[]",4.3805E-8,4.3805E-8,2707918,circulating2026/v2,/cdaq/circulating/2026/v1.0.0/HLT/V1,Commissioning2026,11
401380,11412,3241,2026-02-27 14:47:43,2026-02-27 15:41:44,"[]",3.515E-9,0.0,1653036,circulating2026/v2,/cdaq/circulating/2026/v1.0.0/HLT/V1,Commissioning2026,9
401381,11412,2291,2026-02-27 15:45:25,2026-02-27 16:23:36,"[GEM]",0.0,0.0,1165584,circulating2026/v2,/cdaq/circulating/2026/v1.0.0/HLT/V1,Commissioning2026,11
401382,11412,1594,2026-02-27 16:28:09,2026-02-27 16:54:43,"[]",5.61249029E-4,0.0,805822,circulating2026/v2,/cdaq/circulating/2026/v1.0.0/HLT/V1,Commissioning2026,11
401393,11428,1368,2026-03-02 07:53:07,2026-03-02 08:15:55,"[]",0.0,0.0,147412463,cosmics2026/v18,/cdaq/cosmic/commissioning2026/v1.0.0/HLT/V2,Commissioning2026,4
401394,11430,1896,2026-03-02 08:22:33,2026-03-02 08:54:09,"[CSC]",0.0,0.0,203505169,cosmics2026/v18,/cdaq/cosmic/commissioning2026/v1.0.0/HLT/V2,Commissioning2026,4
401411,11431,8688,2026-03-02 12:12:54,2026-03-02 14:37:42,"[]",0.0,0.0,27211415,circulating2026/v2,/cdaq/circulating/2026/v1.0.0/HLT/V1,Commissioning2026,11
401412,11433,2419,2026-03-02 14:43:43,2026-03-02 15:24:02,"[]",0.0,0.0,3357,beamsplash/v30,/cdaq/special/2026/Splashes/v1.0.0/HLT/V1,Commissioning2026,0
401413,11433,277,2026-03-02 15:42:37,2026-03-02 15:47:14,"[]",0.0,0.0,122301,circulating2026/v2,/cdaq/circulating/2026/v1.0.0/HLT/V1,Commissioning2026,11
401414,11433,3314,2026-03-02 15:52:44,2026-03-02 16:47:58,"[GEM]",0.0,0.0,1646352,circulating2026/v2,/cdaq/circulating/2026/v1.0.0/HLT/V1,Commissioning2026,11
401415,11433,1538,2026-03-02 16:53:12,2026-03-02 17:18:50,"[]",0.0,0.0,763233,circulating2026/v2,/cdaq/circulating/2026/v1.0.0/HLT/V1,Commissioning2026,11
401416,11433,3434,2026-03-02 17:23:22,2026-03-02 18:20:36,"[ECAL, ES]",0.11090789402,0.0,1697256,circulating2026/v2,/cdaq/circulating/2026/v1.0.0/HLT/V1,Commissioning2026,11
401446,11442,1046,2026-03-03 14:54:55,2026-03-03 15:12:21,"[]",0.0,0.0,25804594,cosmics2026/v18,/cdaq/cosmic/commissioning2026/v1.0.0/HLT/V2,Commissioning2026,4
401447,11442,181,2026-03-03 15:14:16,2026-03-03 15:17:17,"[]",0.0,0.0,0,cosmics2026/v18,/cdaq/cosmic/commissioning2026/v1.0.0/HLT/V2,Commissioning2026,14
401448,11442,340,2026-03-03 15:19:30,2026-03-03 15:25:10,"[]",0.0,0.0,16,cosmics2026/v18,/cdaq/cosmic/commissioning2026/v1.0.0/HLT/V2,Commissioning2026,14
401449,11442,221,2026-03-03 15:30:04,2026-03-03 15:33:45,"[CSC]",0.0,0.0,16,cosmics2026/v18,/cdaq/cosmic/commissioning2026/v1.0.0/HLT/V2,Commissioning2026,4
401452,11443,67,2026-03-03 16:09:53,2026-03-03 16:10:59,"[CSC, CTPPS, CTPPS_TOT]",0.0,0.0,21710,cosmics2026/v19,/cdaq/cosmic/commissioning2026/v1.0.0/HLT/V2,Commissioning2026,14
401453,11443,2748,2026-03-03 16:13:08,2026-03-03 16:58:56,"[CSC, CTPPS, CTPPS_TOT]",0.0,0.0,297304940,cosmics2026/v19,/cdaq/cosmic/commissioning2026/v1.0.0/HLT/V2,Commissioning2026,14
401454,11443,1527,2026-03-03 17:04:06,2026-03-03 17:29:33,"[CSC, CTPPS, CTPPS_TOT]",0.0,0.0,775041,circulating2026/v3,/cdaq/circulating/2026/v1.0.0/HLT/V1,Commissioning2026,11
401457,11443,1276,2026-03-03 17:32:30,2026-03-03 17:53:46,"[CSC, CTPPS, CTPPS_TOT]",0.0,0.0,626195,circulating2026/v3,/cdaq/circulating/2026/v1.0.0/HLT/V1,Commissioning2026,11
401459,11443,215,2026-03-03 17:57:43,2026-03-03 18:01:18,"[CTPPS, CTPPS_TOT]",,,,circulating2026/v3,,Commissioning2026,
401460,11443,93,2026-03-03 18:06:53,2026-03-03 18:08:26,"[CTPPS, CTPPS_TOT]",0.02520810764,0.0,43876,circulating2026/v3,/cdaq/circulating/2026/v1.0.0/HLT/V1,Commissioning2026,11
401475,11448,390,2026-03-04 09:59:20,2026-03-04 10:05:50,"[CTPPS, CTPPS_TOT, DT, ECAL, ES, GEM, L1SCOUT, PIXEL, RPC, TRACKER]",0.0,0.0,181962,circulating2026/v3,/cdaq/circulating/2026/v1.0.0/HLT/V1,Commissioning2026,11
401476,11448,4289,2026-03-04 10:11:17,2026-03-04 11:22:46,"[CTPPS, CTPPS_TOT, DT, ECAL, ES, GEM, L1SCOUT, PIXEL, RPC, TRACKER]",1.66956008E-4,6.57613E-7,1965763,circulating2026/v3,/cdaq/circulating/2026/v1.0.0/HLT/V1,Commissioning2026,11
401482,11449,12828,2026-03-04 11:28:10,2026-03-04 15:01:57,"[CTPPS, CTPPS_TOT, DT, ECAL, ES, GEM, L1SCOUT, PIXEL, RPC, TRACKER]",0.0,0.0,6346785,circulating2026/v3,/cdaq/circulating/2026/v1.0.0/HLT/V1,Commissioning2026,11
401484,11449,25,2026-03-04 15:11:48,2026-03-04 15:12:13,"[]",0.0,0.0,10192,circulating2026/v4,/cdaq/circulating/2026/v1.0.0/HLT/V1,Commissioning2026,11
401485,11449,777,2026-03-04 15:17:12,2026-03-04 15:30:09,"[]",0.0,0.0,380424,pps/v22,/cdaq/special/2026/PPS/v1.0.0/HLT/V1,Commissioning2026,0
401486,11449,3133,2026-03-04 15:34:03,2026-03-04 16:26:16,"[]",0.0,0.0,2320505,collisions2026/v2,/cdaq/physics/Run2026/2e34/v1.0.0/HLT/V1,Commissioning2026,13
401487,11449,3241,2026-03-04 16:32:01,2026-03-04 17:26:02,"[]",0.0,0.0,1600177,circulating2026/v4,/cdaq/circulating/2026/v1.0.0/HLT/V1,Commissioning2026,11
401488,11450,1698,2026-03-04 17:30:54,2026-03-04 17:59:12,"[CSC]",0.0,0.0,837426,circulating2026/v4,/cdaq/circulating/2026/v1.0.0/HLT/V1,Commissioning2026,11
401510,11455,615,2026-03-05 09:30:30,2026-03-05 09:40:45,"[CSC, CTPPS, CTPPS_TOT, DT, ECAL, ES, GEM, HCAL, L1SCOUT, PIXEL, RPC]",0.0,0.0,401339,special/v49,/cdaq/special/2026/TrackerVR/V1.0.0/HLT/V1,Commissioning2026,0
401514,11455,784,2026-03-05 09:42:53,2026-03-05 09:55:57,"[CSC, CTPPS, CTPPS_TOT, DT, ECAL, ES, GEM, HCAL, L1SCOUT, PIXEL, RPC]",0.0,0.0,535309,special/v49,/cdaq/special/2026/TrackerVR/V1.0.0/HLT/V1,Commissioning2026,1
401534,11456,944,2026-03-05 11:57:25,2026-03-05 12:13:08,"[GEM, L1SCOUT, TRACKER]",0.0,0.0,99549014,cosmics2026/v19,/cdaq/cosmic/commissioning2026/v1.0.0/HLT/V2,Commissioning2026,4
401535,11456,85,2026-03-05 12:25:31,2026-03-05 12:26:56,"[GEM, L1SCOUT, TRACKER]",,,,circulating2026/v4,,Commissioning2026,
401536,11456,3146,2026-03-05 12:30:03,2026-03-05 13:22:29,"[GEM, L1SCOUT, TRACKER]",0.0,0.0,1567910,circulating2026/v4,/cdaq/circulating/2026/v1.0.0/HLT/V1,Commissioning2026,11
401537,11457,392,2026-03-05 13:27:39,2026-03-05 13:34:10,"[ECAL, GEM, L1SCOUT, TRACKER]",0.0,0.0,184796,circulating2026/v4,/cdaq/circulating/2026/v1.0.0/HLT/V1,Commissioning2026,11
401538,11457,1237,2026-03-05 13:38:25,2026-03-05 13:59:02,"[ECAL, ES, GEM, L1SCOUT, TRACKER]",0.0,0.0,601139,circulating2026/v4,/cdaq/circulating/2026/v1.0.0/HLT/V1,Commissioning2026,11
401540,11457,3162,2026-03-05 14:06:51,2026-03-05 14:59:33,"[CSC, ECAL, ES, GEM, L1SCOUT, TRACKER]",0.0,0.0,1558823,circulating2026/v4,/cdaq/circulating/2026/v1.0.0/HLT/V1,Commissioning2026,11
401542,11458,46,2026-03-05 15:02:56,2026-03-05 15:03:42,"[ECAL, ES, GEM, L1SCOUT, TRACKER]",,,,circulating2026/v4,,Commissioning2026,
401543,11458,5839,2026-03-05 15:07:26,2026-03-05 16:44:45,"[GEM, L1SCOUT, TRACKER]",0.003307643345,0.0,2920137,circulating2026/v4,/cdaq/circulating/2026/v1.0.0/HLT/V1,Commissioning2026,11
401544,11459,2576,2026-03-05 17:32:03,2026-03-05 18:14:58,"[CSC, DT, ECAL, ES, GEM, HCAL, L1SCOUT, PIXEL, RPC, TRACKER]",0.017676427541,0.016792510079,68326180,pps/v22,/cdaq/special/2026/PPS/v1.0.0/HLT/V1,Commissioning2026,3
401545,11459,1214,2026-03-05 18:16:46,2026-03-05 18:37:00,"[CSC, DT, ECAL, ES, GEM, HCAL, L1SCOUT, PIXEL, RPC, TRACKER]",0.00819375895,0.007443422251,35732847,pps/v22,/cdaq/special/2026/PPS/v1.0.0/HLT/V1,Commissioning2026,3
401546,11459,362,2026-03-05 18:38:45,2026-03-05 18:44:47,"[CSC, DT, ECAL, ES, GEM, HCAL, L1SCOUT, PIXEL, RPC, TRACKER]",0.002879860225,0.002170148914,10336729,pps/v22,/cdaq/special/2026/PPS/v1.0.0/HLT/V1,Commissioning2026,3
401547,11459,421,2026-03-05 18:46:42,2026-03-05 18:53:44,"[CSC, DT, ECAL, ES, GEM, HCAL, L1SCOUT, PIXEL, RPC, TRACKER]",0.003109788297,0.002440560565,12315053,pps/v22,/cdaq/special/2026/PPS/v1.0.0/HLT/V1,Commissioning2026,3
401548,11459,873,2026-03-05 18:55:29,2026-03-05 19:10:02,"[CSC, DT, ECAL, ES, GEM, HCAL, L1SCOUT, PIXEL, RPC, TRACKER]",0.00571584322,0.00503831404,25502985,pps/v22,/cdaq/special/2026/PPS/v1.0.0/HLT/V1,Commissioning2026,3
401549,11459,770,2026-03-05 19:11:52,2026-03-05 19:24:42,"[CSC, DT, ECAL, ES, GEM, HCAL, L1SCOUT, PIXEL, RPC, TRACKER]",0.005011045408,0.00432907344,22743451,pps/v22,/cdaq/special/2026/PPS/v1.0.0/HLT/V1,Commissioning2026,3
401550,11459,624,2026-03-05 19:26:37,2026-03-05 19:37:02,"[CSC, DT, ECAL, ES, GEM, HCAL, L1SCOUT, PIXEL, RPC, TRACKER]",0.003991412818,0.003381520703,17915222,pps/v22,/cdaq/special/2026/PPS/v1.0.0/HLT/V1,Commissioning2026,3
401551,11459,439,2026-03-05 19:38:44,2026-03-05 19:46:02,"[CSC, DT, ECAL, ES, GEM, HCAL, L1SCOUT, PIXEL, RPC, TRACKER]",0.002899955857,0.002295499499,12407797,pps/v22,/cdaq/special/2026/PPS/v1.0.0/HLT/V1,Commissioning2026,3
401552,11459,630,2026-03-05 19:47:48,2026-03-05 19:58:18,"[CSC, DT, ECAL, ES, GEM, HCAL, L1SCOUT, PIXEL, RPC, TRACKER]",0.003829424848,0.003226926948,17915864,pps/v22,/cdaq/special/2026/PPS/v1.0.0/HLT/V1,Commissioning2026,3
401553,11459,450,2026-03-05 20:00:02,2026-03-05 20:07:32,"[CSC, DT, ECAL, ES, GEM, HCAL, L1SCOUT, PIXEL, RPC, TRACKER]",0.002821987214,0.002256610266,13096191,pps/v22,/cdaq/special/2026/PPS/v1.0.0/HLT/V1,Commissioning2026,3
401554,11459,646,2026-03-05 20:09:17,2026-03-05 20:20:03,"[CSC, DT, ECAL, ES, GEM, HCAL, L1SCOUT, PIXEL, RPC, TRACKER]",0.003731227119,0.00315860468,18604445,pps/v22,/cdaq/special/2026/PPS/v1.0.0/HLT/V1,Commissioning2026,3
401555,11459,479,2026-03-05 20:21:48,2026-03-05 20:29:47,"[CSC, DT, ECAL, ES, GEM, HCAL, L1SCOUT, PIXEL, RPC, TRACKER]",0.0028545801,0.002305399621,13785827,pps/v22,/cdaq/special/2026/PPS/v1.0.0/HLT/V1,Commissioning2026,3
401556,11459,648,2026-03-05 20:31:37,2026-03-05 20:42:25,"[CSC, DT, ECAL, ES, GEM, HCAL, L1SCOUT, PIXEL, RPC, TRACKER]",0.003995154324,0.003036011944,18605742,pps/v22,/cdaq/special/2026/PPS/v1.0.0/HLT/V1,Commissioning2026,3
401557,11459,969,2026-03-05 20:45:38,2026-03-05 21:01:47,"[CSC, DT, ECAL, ES, GEM, HCAL, L1SCOUT, PIXEL, RPC, TRACKER]",0.006623033396,0.004445035956,32639155,pps/v22,/cdaq/special/2026/PPS/v1.0.0/HLT/V1,Commissioning2026,2
401558,11459,622,2026-03-05 21:09:27,2026-03-05 21:19:49,"[CSC, DT, ECAL, ES, GEM, HCAL, L1SCOUT, PIXEL, RPC, TRACKER]",0.003645622836,0.003030800811,17914474,pps/v22,/cdaq/special/2026/PPS/v1.0.0/HLT/V1,Commissioning2026,3
401559,11459,417,2026-03-05 21:21:41,2026-03-05 21:28:38,"[CSC, DT, ECAL, ES, GEM, HCAL, L1SCOUT, PIXEL, RPC, TRACKER]",0.002830800666,0.002173989343,12338468,pps/v22,/cdaq/special/2026/PPS/v1.0.0/HLT/V1,Commissioning2026,3
401560,11459,426,2026-03-05 21:30:40,2026-03-05 21:37:45,"[CSC, DT, ECAL, ES, GEM, HCAL, L1SCOUT, PIXEL, RPC, TRACKER]",0.002758001756,0.002171677446,12400930,pps/v22,/cdaq/special/2026/PPS/v1.0.0/HLT/V1,Commissioning2026,3
401561,11459,641,2026-03-05 21:39:29,2026-03-05 21:50:10,"[CSC, DT, ECAL, ES, GEM, HCAL, L1SCOUT, PIXEL, RPC, TRACKER]",0.003843987303,0.003251456422,18606388,pps/v22,/cdaq/special/2026/PPS/v1.0.0/HLT/V1,Commissioning2026,3
401562,11459,977,2026-03-05 21:51:55,2026-03-05 22:08:12,"[CSC, DT, ECAL, ES, GEM, HCAL, L1SCOUT, PIXEL, RPC, TRACKER]",0.009943432043,0.006943723188,28253743,pps/v22,/cdaq/special/2026/PPS/v1.0.0/HLT/V1,Commissioning2026,3
401563,11459,529,2026-03-05 22:12:08,2026-03-05 22:20:57,"[CSC, DT, ECAL, ES, GEM, HCAL, L1SCOUT, PIXEL, RPC, TRACKER]",0.008942682964,0.007262815953,15160779,pps/v22,/cdaq/special/2026/PPS/v1.0.0/HLT/V1,Commissioning2026,3
401564,11459,620,2026-03-05 22:22:54,2026-03-05 22:33:15,"[CSC, DT, ECAL, ES, GEM, HCAL, L1SCOUT, PIXEL, RPC, TRACKER]",0.009988806284,0.008266696078,17914183,pps/v22,/cdaq/special/2026/PPS/v1.0.0/HLT/V1,Commissioning2026,3
401565,11459,2051,2026-03-05 22:35:07,2026-03-05 23:09:18,"[CSC, DT, ECAL, ES, GEM, HCAL, L1SCOUT, PIXEL, RPC, TRACKER]",0.03584904455,0.026695849496,59952570,pps/v22,/cdaq/special/2026/PPS/v1.0.0/HLT/V1,Commissioning2026,3
401566,11459,1148,2026-03-05 23:21:04,2026-03-05 23:40:12,"[CSC, DT, ECAL, ES, GEM, HCAL, L1SCOUT, PIXEL, RPC, TRACKER]",0.01665691616,0.013977720099,33769949,pps/v22,/cdaq/special/2026/PPS/v1.0.0/HLT/V1,Commissioning2026,3
401567,11459,1307,2026-03-05 23:43:38,2026-03-06 00:05:25,"[CSC, DT, ECAL, ES, GEM, HCAL, L1SCOUT, PIXEL, RPC, TRACKER]",0.017071768418,0.015177717872,38506762,pps/v22,/cdaq/special/2026/PPS/v1.0.0/HLT/V1,Commissioning2026,3
401568,11459,2938,2026-03-06 00:07:51,2026-03-06 00:56:49,"[CSC, DT, ECAL, ES, GEM, HCAL, L1SCOUT, PIXEL, RPC, TRACKER]",0.03286338022,0.031891827393,86134036,pps/v22,/cdaq/special/2026/PPS/v1.0.0/HLT/V1,Commissioning2026,3
401569,11459,3164,2026-03-06 00:57:51,2026-03-06 01:50:35,"[CSC, DT, ECAL, ES, GEM, HCAL, L1SCOUT, PIXEL, RPC, TRACKER]",0.036655636,0.035037334893,195395217,pps/v22,/cdaq/special/2026/PPS/v1.0.0/HLT/V1,Commissioning2026,3
401570,11459,4565,2026-03-06 01:52:25,2026-03-06 03:08:30,"[CSC, DT, ECAL, ES, GEM, HCAL, L1SCOUT, PIXEL, RPC, TRACKER]",0.048055374729,0.045073054348,276503303,pps/v22,/cdaq/special/2026/PPS/v1.0.0/HLT/V1,Commissioning2026,2
401571,11459,5882,2026-03-06 03:10:11,2026-03-06 04:48:13,"[CSC, DT, ECAL, ES, GEM, HCAL, L1SCOUT, PIXEL, RPC, TRACKER]",0.061880137109,0.060651796775,322697765,pps/v22,/cdaq/special/2026/PPS/v1.0.0/HLT/V1,Commissioning2026,2
401572,11459,6441,2026-03-06 04:49:13,2026-03-06 06:36:33,"[CSC, DT, ECAL, ES, GEM, HCAL, L1SCOUT, PIXEL, RPC, TRACKER]",0.067672605503,0.0603952206,303933907,pps/v22,/cdaq/special/2026/PPS/v1.0.0/HLT/V1,Commissioning2026,2
401573,11459,723,2026-03-06 06:40:56,2026-03-06 06:52:59,"[CSC, DT, ECAL, ES, GEM, HCAL, L1SCOUT, PIXEL, RPC, TRACKER]",0.009876214315,0.006842772825,30751742,pps/v22,/cdaq/special/2026/PPS/v1.0.0/HLT/V1,Commissioning2026,2
401574,11459,66,2026-03-06 06:58:14,2026-03-06 06:59:20,"[CSC, DT, ECAL, ES, GEM, HCAL, L1SCOUT, PIXEL, RPC, TRACKER]",0.002750570833,1.78129263E-4,641227,pps/v22,/cdaq/special/2026/PPS/v1.0.0/HLT/V1,Commissioning2026,2
401575,11459,50,2026-03-06 07:03:07,2026-03-06 07:03:57,"[CSC, DT, ECAL, ES, GEM, HCAL, L1SCOUT, PIXEL, RPC, TRACKER]",0.011302849729,2.24157266E-4,977697,pps/v22,/cdaq/special/2026/PPS/v1.0.0/HLT/V1,Commissioning2026,2
401579,11460,614,2026-03-06 09:31:05,2026-03-06 09:41:19,"[CSC, GEM, HCAL, PIXEL, RPC]",0.0,0.0,310046,circulating2026/v4,/cdaq/circulating/2026/v1.0.0/HLT/V1,Commissioning2026,11
401582,11460,135,2026-03-06 09:47:13,2026-03-06 09:49:28,"[CSC, GEM, HCAL, RPC]",0.0,0.0,46295,circulating2026/v4,/cdaq/circulating/2026/v1.0.0/HLT/V1,Commissioning2026,11
401583,11460,1305,2026-03-06 09:54:24,2026-03-06 10:16:09,"[GEM, HCAL, RPC]",0.0,0.0,677703,circulating2026/v4,/cdaq/circulating/2026/v1.0.0/HLT/V1,Commissioning2026,11
401586,11460,1948,2026-03-06 10:21:00,2026-03-06 10:53:28,"[GEM, HCAL, RPC]",2.160391E-6,2.160391E-6,1149719,special/v50,/cdaq/special/2026/TrackerVR/V1.0.1/HLT/V1,Commissioning2026,0
401589,11461,1088,2026-03-06 10:57:05,2026-03-06 11:15:13,"[GEM, HCAL, RPC]",0.0,0.0,748776,ecal/v30,/cdaq/special/2026/ECAL/v1.0.0/HLT/V1,Commissioning2026,0
401590,11461,5295,2026-03-06 11:18:18,2026-03-06 12:46:33,"[GEM, HCAL, RPC]",2.4405579E-5,2.4405579E-5,2648752,circulating2026/v4,/cdaq/circulating/2026/v1.0.0/HLT/V1,Commissioning2026,11
401593,11462,1165,2026-03-06 12:50:17,2026-03-06 13:09:42,"[GEM, HCAL, RPC]",0.0,0.0,614885,special/v51,/cdaq/special/2026/TrackerVR/V1.0.1/HLT/V2,Commissioning2026,1
401594,11462,652,2026-03-06 13:14:15,2026-03-06 13:25:07,"[GEM, HCAL, RPC]",0.0,0.0,321317,special/v51,/cdaq/special/2026/TrackerVR/V1.0.1/HLT/V2,Commissioning2026,0
401596,11462,300,2026-03-06 13:39:49,2026-03-06 13:44:49,"[RPC]",,,,cosmics2026/v19,,Commissioning2026,
401597,11462,253,2026-03-06 13:48:44,2026-03-06 13:52:57,"[RPC]",0.0,0.0,14730460,cosmics2026/v19,/cdaq/cosmic/commissioning2026/v1.0.0/HLT/V2,Commissioning2026,4
401598,11462,2343,2026-03-06 13:59:16,2026-03-06 14:38:19,"[RPC]",0.0,0.0,262025308,cosmics2026/v19,/cdaq/cosmic/commissioning2026/v1.0.0/HLT/V2,Commissioning2026,14
401599,11462,4977,2026-03-06 14:43:20,2026-03-06 16:06:17,"[RPC]",0.0,0.0,558059397,cosmics2026/v19,/cdaq/cosmic/commissioning2026/v1.0.0/HLT/V2,Commissioning2026,14
401605,11464,5626,2026-03-06 16:15:25,2026-03-06 17:49:11,"[CSC]",0.042728784171,0.0,2791197,circulating2026/v4,/cdaq/circulating/2026/v1.0.0/HLT/V1,Run2026A,11
401606,11469,1714,2026-03-07 09:43:24,2026-03-07 10:11:58,"[GEM, HCAL]",0.0,0.0,1438818,collisions2026/v2,/cdaq/physics/Run2026/2e34/v1.0.0/HLT/V1,Run2026A,13
401613,11469,63,2026-03-07 10:15:55,2026-03-07 10:16:58,"[HCAL]",0.0,0.0,44104,collisions2026/v2,/cdaq/physics/Run2026/2e34/v1.0.0/HLT/V1,Run2026A,13
401614,11469,2874,2026-03-07 10:20:35,2026-03-07 11:08:29,"[]",0.0,0.0,1805894,collisions2026/v2,/cdaq/physics/Run2026/2e34/v1.0.0/HLT/V1,Run2026A,13
401615,11469,1633,2026-03-07 11:13:36,2026-03-07 11:40:49,"[]",0.0,0.0,1017778,collisions2026/v3,/cdaq/physics/Run2026/2e34/v1.0.0/HLT/V2,Run2026A,13
401616,11469,5652,2026-03-07 11:43:03,2026-03-07 13:17:15,"[]",0.0,0.0,3561643,collisions2026/v3,/cdaq/physics/Run2026/2e34/v1.0.0/HLT/V2,Run2026A,25
401617,11470,1914,2026-03-07 13:24:37,2026-03-07 13:56:31,"[]",0.0,0.0,209754526,cosmics2026/v20,/cdaq/cosmic/commissioning2026/v1.0.0/HLT/V2,Run2026A,4
401618,11470,58,2026-03-07 14:00:38,2026-03-07 14:01:36,"[]",,,,circulating2026/v4,,Run2026A,
401619,11470,106,2026-03-07 14:02:36,2026-03-07 14:04:22,"[]",,,,circulating2026/v4,/cdaq/circulating/2026/v1.0.0/HLT/V1,Run2026A,
401621,11470,669,2026-03-07 14:10:38,2026-03-07 14:21:47,"[]",0.0,0.0,65524060,cosmics2026/v20,/cdaq/cosmic/commissioning2026/v1.0.0/HLT/V2,Run2026A,4
401622,11471,1417,2026-03-07 14:26:37,2026-03-07 14:50:14,"[]",1.431E-9,0.0,706363,circulating2026/v4,/cdaq/circulating/2026/v1.0.0/HLT/V1,Run2026A,11
401623,11471,3983,2026-03-07 14:56:40,2026-03-07 16:03:03,"[]",0.051413602275,0.048657070238,72916362,collisions2026/v3,/cdaq/physics/Run2026/2e34/v1.0.0/HLT/V2,Run2026A,13
401624,11471,7719,2026-03-07 16:04:48,2026-03-07 18:13:27,"[]",0.140852749011,0.122019059899,149028226,collisions2026/v3,/cdaq/physics/Run2026/2e34/v1.0.0/HLT/V2,Run2026A,3
401625,11471,2860,2026-03-07 18:16:06,2026-03-07 19:03:46,"[]",0.054868203342,0.043093607836,52346272,collisions2026/v3,/cdaq/physics/Run2026/2e34/v1.0.0/HLT/V2,Run2026A,3
401626,11471,2932,2026-03-07 19:07:01,2026-03-07 19:55:53,"[]",0.055446278588,0.048348513889,57871454,collisions2026/v3,/cdaq/physics/Run2026/2e34/v1.0.0/HLT/V2,Run2026A,3
401627,11471,5499,2026-03-07 19:57:40,2026-03-07 21:29:19,"[]",0.100549395364,0.09888821253,117789057,collisions2026/v3,/cdaq/physics/Run2026/2e34/v1.0.0/HLT/V2,Run2026A,3
401628,11472,1970,2026-03-07 21:34:31,2026-03-07 22:07:21,"[]",0.0,0.0,216606393,cosmics2026/v20,/cdaq/cosmic/commissioning2026/v1.0.0/HLT/V2,Run2026A,4
401629,11472,584,2026-03-07 22:42:01,2026-03-07 22:51:45,"[]",7.005E-9,0.0,281235,circulating2026/v4,/cdaq/circulating/2026/v1.0.0/HLT/V1,Run2026A,11
401630,11472,1928,2026-03-07 22:56:21,2026-03-07 23:28:29,"[]",0.125657940214,0.109533619695,40440955,collisions2026/v3,/cdaq/physics/Run2026/2e34/v1.0.0/HLT/V2,Run2026A,13
401631,11472,788,2026-03-07 23:31:10,2026-03-07 23:44:18,"[]",0.06954647624,0.05536781941,16558496,collisions2026/v3,/cdaq/physics/Run2026/2e34/v1.0.0/HLT/V2,Run2026A,4
401632,11472,716,2026-03-07 23:46:58,2026-03-07 23:58:54,"[]",0.06522504586,0.051519698545,15044522,collisions2026/v3,/cdaq/physics/Run2026/2e34/v1.0.0/HLT/V2,Run2026A,4
401633,11472,766,2026-03-08 00:01:38,2026-03-08 00:14:23,"[]",0.067134083476,0.053590206807,16379168,collisions2026/v3,/cdaq/physics/Run2026/2e34/v1.0.0/HLT/V2,Run2026A,4
401634,11472,786,2026-03-08 00:17:01,2026-03-08 00:30:07,"[]",0.070305981882,0.056505005008,16586235,collisions2026/v3,/cdaq/physics/Run2026/2e34/v1.0.0/HLT/V2,Run2026A,4
401635,11472,775,2026-03-08 00:32:53,2026-03-08 00:45:48,"[]",0.067496863013,0.054116948772,16570918,collisions2026/v3,/cdaq/physics/Run2026/2e34/v1.0.0/HLT/V2,Run2026A,4
401636,11472,798,2026-03-08 00:48:28,2026-03-08 01:01:46,"[]",0.071597669238,0.058010555022,17115505,collisions2026/v3,/cdaq/physics/Run2026/2e34/v1.0.0/HLT/V2,Run2026A,4
401637,11472,758,2026-03-08 01:04:22,2026-03-08 01:17:00,"[]",0.067207578929,0.053409481522,16066988,collisions2026/v3,/cdaq/physics/Run2026/2e34/v1.0.0/HLT/V2,Run2026A,4
401638,11472,785,2026-03-08 01:19:38,2026-03-08 01:32:43,"[]",0.070876522505,0.057102640321,16602549,collisions2026/v3,/cdaq/physics/Run2026/2e34/v1.0.0/HLT/V2,Run2026A,4
401639,11472,798,2026-03-08 01:35:20,2026-03-08 01:48:38,"[]",0.070416913398,0.056671797558,16591377,collisions2026/v3,/cdaq/physics/Run2026/2e34/v1.0.0/HLT/V2,Run2026A,4
401640,11472,776,2026-03-08 01:51:16,2026-03-08 02:04:12,"[]",0.070170241459,0.054988906737,16176782,collisions2026/v3,/cdaq/physics/Run2026/2e34/v1.0.0/HLT/V2,Run2026A,4
401641,11472,744,2026-03-08 02:06:48,2026-03-08 02:19:12,"[]",0.067353912797,0.053266509619,15558018,collisions2026/v3,/cdaq/physics/Run2026/2e34/v1.0.0/HLT/V2,Run2026A,4
401642,11472,18770,2026-03-08 02:21:56,2026-03-08 07:34:46,"[]",1.555537442368,1.53608478234,414032218,collisions2026/v3,/cdaq/physics/Run2026/2e34/v1.0.0/HLT/V2,Run2026A,4
401645,11473,1182,2026-03-08 07:52:33,2026-03-08 08:12:15,"[CSC, GEM, HCAL]",0.0,0.0,122463362,cosmics2026/v20,/cdaq/cosmic/commissioning2026/v1.0.0/HLT/V2,Run2026A,4
401650,11473,45,2026-03-08 08:16:14,2026-03-08 08:16:59,"[CSC, HCAL]",0.0,0.0,11423,cosmics2026/v20,/cdaq/cosmic/commissioning2026/v1.0.0/HLT/V2,Run2026A,4
401652,11473,2067,2026-03-08 08:26:49,2026-03-08 09:01:16,"[]",0.0,0.0,1000283,circulating2026/v4,/cdaq/circulating/2026/v1.0.0/HLT/V1,Run2026A,11
401653,11473,362,2026-03-08 09:06:50,2026-03-08 09:12:52,"[]",0.0,0.0,166060,collisions2026/v3,/cdaq/physics/Run2026/2e34/v1.0.0/HLT/V2,Run2026A,0
401654,11473,501,2026-03-08 09:17:28,2026-03-08 09:25:49,"[]",0.0,0.0,243582,circulating2026/v4,/cdaq/circulating/2026/v1.0.0/HLT/V1,Run2026A,11
401655,11474,235,2026-03-08 09:32:00,2026-03-08 09:35:55,"[]",,,,collisions2026/v4,,Run2026A,
401658,11474,398,2026-03-08 09:44:12,2026-03-08 09:50:50,"[]",0.0,0.0,238095,collisions2026/v4,/cdaq/physics/Run2026/2e34/v1.0.0/HLT/V3,Run2026A,13
401659,11474,236,2026-03-08 09:54:44,2026-03-08 09:58:40,"[]",0.0,0.0,25247065,cosmics2026/v20,/cdaq/cosmic/commissioning2026/v1.0.0/HLT/V2,Run2026A,4
401660,11474,5975,2026-03-08 10:06:10,2026-03-08 11:45:45,"[]",5.0115E-8,0.0,2979354,circulating2026/v4,/cdaq/circulating/2026/v1.0.0/HLT/V1,Run2026A,11
401661,11474,2311,2026-03-08 11:52:26,2026-03-08 12:30:57,"[]",1.162721782534,0.892549151124,14460299,collisions2026/v4,/cdaq/physics/Run2026/2e34/v1.0.0/HLT/V3,Run2026A,5
401662,11474,13708,2026-03-08 12:36:44,2026-03-08 16:25:12,"[]",9.135820345696,8.272295850959,23621590,special/v51,/cdaq/special/2026/TrackerVR/V1.0.1/HLT/V2,Run2026A,0
401663,11474,14392,2026-03-08 16:30:00,2026-03-08 20:29:52,"[]",9.66152160631,8.200794507965,120560509,collisions2026/v4,/cdaq/physics/Run2026/2e34/v1.0.0/HLT/V3,Run2026A,5
401664,11474,1654,2026-03-08 20:37:39,2026-03-08 21:05:13,"[]",1.138085824398,0.973850863911,14245070,collisions2026/v4,/cdaq/physics/Run2026/2e34/v1.0.0/HLT/V3,Run2026A,5
401665,11475,2440,2026-03-08 21:20:26,2026-03-08 22:01:06,"[]",0.0,0.0,268162160,cosmics2026/v20,/cdaq/cosmic/commissioning2026/v1.0.0/HLT/V2,Run2026A,4
401666,11475,140,2026-03-08 22:07:04,2026-03-08 22:09:24,"[]",,,,circulating2026/v4,/cdaq/circulating/2026/v1.0.0/HLT/V1,Run2026A,
401667,11475,1070,2026-03-08 22:11:57,2026-03-08 22:29:47,"[]",0.0,0.0,524359,circulating2026/v4,/cdaq/circulating/2026/v1.0.0/HLT/V1,Run2026A,11
401668,11475,1842,2026-03-08 22:52:35,2026-03-08 23:23:17,"[]",0.974584424283,0.735675018631,11551660,collisions2026/v4,/cdaq/physics/Run2026/2e34/v1.0.0/HLT/V3,Run2026A,13
401669,11475,9211,2026-03-08 23:28:23,2026-03-09 02:01:54,"[]",6.374135464564,5.622969439876,82158795,collisions2026/v4,/cdaq/physics/Run2026/2e34/v1.0.0/HLT/V3,Run2026A,5
401670,11475,5217,2026-03-09 02:05:51,2026-03-09 03:32:48,"[]",3.591231886569,3.361536388404,49059287,collisions2026/v4,/cdaq/physics/Run2026/2e34/v1.0.0/HLT/V3,Run2026A,5
401671,11475,18270,2026-03-09 03:34:46,2026-03-09 08:39:16,"[]",12.716902448221,12.34286779788,179621700,collisions2026/v4,/cdaq/physics/Run2026/2e34/v1.0.0/HLT/V3,Run2026A,5
401672,11475,176,2026-03-09 08:50:11,2026-03-09 08:53:07,"[]",0.0,0.0,14910016,cosmics2026/v20,/cdaq/cosmic/commissioning2026/v1.0.0/HLT/V2,Run2026A,14
401673,11476,1509,2026-03-09 08:57:02,2026-03-09 09:22:11,"[]",0.0,0.0,168150619,cosmics2026/v20,/cdaq/cosmic/commissioning2026/v1.0.0/HLT/V2,Run2026A,16
401676,11477,844,2026-03-09 09:30:00,2026-03-09 09:44:04,"[CSC, ECAL, GEM, HCAL]",0.0,0.0,84440932,cosmics2026/v20,/cdaq/cosmic/commissioning2026/v1.0.0/HLT/V2,Run2026A,4
401681,11477,663,2026-03-09 09:58:14,2026-03-09 10:09:17,"[CSC, ECAL, GEM, HCAL]",0.0,0.0,72087482,cosmics2026/v20,/cdaq/cosmic/commissioning2026/v1.0.0/HLT/V2,Run2026A,14
401684,11477,156,2026-03-09 10:11:59,2026-03-09 10:14:35,"[CSC, CTPPS, ECAL, GEM, HCAL]",0.0,0.0,13863078,cosmics2026/v20,/cdaq/cosmic/commissioning2026/v1.0.0/HLT/V2,Run2026A,14
401685,11477,7,2026-03-09 10:19:54,2026-03-09 10:20:01,"[CSC, CTPPS, ECAL, GEM, HCAL]",0.0,0.0,,collisions2026/v5,/cdaq/physics/Run2026/2e34/v1.0.0/HLT/V4,Run2026A,
401686,11477,2802,2026-03-09 10:22:06,2026-03-09 11:08:48,"[CSC, CTPPS, ECAL, GEM, HCAL]",0.0,0.0,2720701,collisions2026/v5,/cdaq/physics/Run2026/2e34/v1.0.0/HLT/V4,Run2026A,13
401689,11477,1557,2026-03-09 11:15:41,2026-03-09 11:41:38,"[]",0.0,0.0,170404671,cosmics2026/v20,/cdaq/cosmic/commissioning2026/v1.0.0/HLT/V2,Run2026A,14
401690,11477,3255,2026-03-09 12:11:29,2026-03-09 13:05:44,"[]",6.59723E-7,0.0,1628682,circulating2026/v4,/cdaq/circulating/2026/v1.0.0/HLT/V1,Run2026A,11
401691,11477,1641,2026-03-09 13:12:12,2026-03-09 13:39:33,"[]",5.613806262582,4.676043361891,63879133,collisions2026/v5,/cdaq/physics/Run2026/2e34/v1.0.0/HLT/V4,Run2026A,6
401692,11477,7774,2026-03-09 13:42:05,2026-03-09 15:51:39,"[]",31.016479958105,29.008217188829,398019865,collisions2026/v5,/cdaq/physics/Run2026/2e34/v1.0.0/HLT/V4,Run2026A,8
401693,11477,23352,2026-03-09 15:54:51,2026-03-09 22:24:03,"[]",92.987451650699,88.407425433776,1185002662,collisions2026/v5,/cdaq/physics/Run2026/2e34/v1.0.0/HLT/V4,Run2026A,8
401694,11477,2919,2026-03-09 22:26:40,2026-03-09 23:15:19,"[]",12.651998064752,12.088450542931,161520249,collisions2026/v5,/cdaq/physics/Run2026/2e34/v1.0.0/HLT/V4,Run2026A,6
401695,11478,179,2026-03-09 23:25:40,2026-03-09 23:28:39,"[]",,,,cosmics2026/v20,/cdaq/cosmic/commissioning2026/v1.0.0/HLT/V2,Run2026A,
401696,11478,1291,2026-03-09 23:31:15,2026-03-09 23:52:46,"[]",0.0,0.0,129880314,cosmics2026/v20,/cdaq/cosmic/commissioning2026/v1.0.0/HLT/V2,Run2026A,4
401698,11478,2892,2026-03-10 00:03:25,2026-03-10 00:51:37,"[]",0.0,0.0,1448723,circulating2026/v4,/cdaq/circulating/2026/v1.0.0/HLT/V1,Run2026A,11
401699,11479,30410,2026-03-10 00:58:04,2026-03-10 09:24:54,"[]",115.035722806178,110.03839868963,1488038959,collisions2026/v5,/cdaq/physics/Run2026/2e34/v1.0.0/HLT/V4,Run2026A,6
401703,11480,757,2026-03-10 09:40:37,2026-03-10 09:53:14,"[CSC, ECAL, ES, GEM, HCAL, RPC]",0.0,0.0,353113,lumiscan/v50,/cdaq/special/2026/LumiScan/v1.0.0/HLT/V2,Run2026A,1
401707,11480,329,2026-03-10 09:59:40,2026-03-10 10:05:09,"[ECAL, ES, GEM, HCAL, PIXEL, RPC]",0.0,0.0,25714363,cosmics2026/v20,/cdaq/cosmic/commissioning2026/v1.0.0/HLT/V2,Run2026A,4
401709,11480,40,2026-03-10 10:10:57,2026-03-10 10:11:37,"[HCAL, PIXEL, RPC]",0.0,0.0,18478,cosmics2026/v20,/cdaq/cosmic/commissioning2026/v1.0.0/HLT/V2,Run2026A,14
401712,11480,27,2026-03-10 10:16:45,2026-03-10 10:17:12,"[HCAL, PIXEL, RPC]",0.0,0.0,11469,circulating2026/v4,/cdaq/circulating/2026/v1.0.0/HLT/V1,Run2026A,11
401715,11480,271,2026-03-10 10:24:15,2026-03-10 10:28:46,"[PIXEL, RPC]",0.0,0.0,126300,circulating2026/v4,/cdaq/circulating/2026/v1.0.0/HLT/V1,Run2026A,11
401718,11480,4058,2026-03-10 10:39:32,2026-03-10 11:47:10,"[]",0.0,0.0,2038625,circulating2026/v4,/cdaq/circulating/2026/v1.0.0/HLT/V1,Run2026A,11
401720,11481,1166,2026-03-10 12:14:26,2026-03-10 12:33:52,"[]",0.0,0.0,106847807,cosmics2026/v20,/cdaq/cosmic/commissioning2026/v1.0.0/HLT/V2,Run2026A,4
401722,11481,3049,2026-03-10 12:39:25,2026-03-10 13:30:14,"[]",0.395062246796,0.0,1500222,circulating2026/v4,/cdaq/circulating/2026/v1.0.0/HLT/V1,Run2026A,11
401724,11481,74,2026-03-10 13:51:06,2026-03-10 13:52:20,"[]",,,,ecal/v30,,Run2026A,
401725,11481,6511,2026-03-10 13:54:26,2026-03-10 15:42:57,"[]",44.118838913992,40.838860103223,119043236,ecal/v30,/cdaq/special/2026/ECAL/v1.0.0/HLT/V1,Run2026A,3
401726,11481,1189,2026-03-10 15:45:32,2026-03-10 16:05:21,"[]",10.906095292896,8.267989288077,21645662,ecal/v30,/cdaq/special/2026/ECAL/v1.0.0/HLT/V1,Run2026A,3
401727,11481,32,2026-03-10 16:09:30,2026-03-10 16:10:02,"[]",1.812222661395,0.251862742462,449850,ecal/v30,/cdaq/special/2026/ECAL/v1.0.0/HLT/V1,Run2026A,3
401728,11481,2224,2026-03-10 16:13:29,2026-03-10 16:50:33,"[]",18.672736822668,15.916240125519,39877077,ecal/v30,/cdaq/special/2026/ECAL/v1.0.0/HLT/V1,Run2026A,3
401730,11481,614,2026-03-10 16:54:35,2026-03-10 17:04:49,"[]",5.774318771372,4.220749035891,41311562,collisions2026/v5,/cdaq/physics/Run2026/2e34/v1.0.0/HLT/V4,Run2026A,9
401731,11481,5639,2026-03-10 17:07:18,2026-03-10 18:41:17,"[]",44.227040563117,40.560642168069,392250280,collisions2026/v5,/cdaq/physics/Run2026/2e34/v1.0.0/HLT/V4,Run2026A,11
401732,11481,1034,2026-03-10 18:44:36,2026-03-10 19:01:50,"[]",8.986006101209,7.328282612157,68391319,collisions2026/v5,/cdaq/physics/Run2026/2e34/v1.0.0/HLT/V4,Run2026A,9
401733,11481,24725,2026-03-10 19:04:22,2026-03-11 01:56:27,"[]",187.130067877223,178.546754984032,1663639256,collisions2026/v5,/cdaq/physics/Run2026/2e34/v1.0.0/HLT/V4,Run2026A,9
401734,11482,949,2026-03-11 02:04:49,2026-03-11 02:20:38,"[]",0.0,0.0,101208801,cosmics2026/v20,/cdaq/cosmic/commissioning2026/v1.0.0/HLT/V2,Run2026A,4
401736,11482,85,2026-03-11 02:43:00,2026-03-11 02:44:25,"[]",,,,circulating2026/v4,/cdaq/circulating/2026/v1.0.0/HLT/V1,Run2026A,
401737,11482,16704,2026-03-11 02:47:18,2026-03-11 07:25:42,"[]",0.0,0.0,8443479,circulating2026/v4,/cdaq/circulating/2026/v1.0.0/HLT/V1,Run2026A,11
401738,11486,689,2026-03-11 07:29:48,2026-03-11 07:41:17,"[]",0.0,0.0,1639484,pps/v23,/cdaq/special/2026/PPS/v1.0.1/HLT/V1,Run2026A,1
401739,11486,386,2026-03-11 07:45:59,2026-03-11 07:52:25,"[]",0.0,0.0,4760854,collisions2026/v6,/cdaq/physics/Run2026/2e34/v1.0.0/HLT/V5,Run2026A,19
401740,11487,3881,2026-03-11 08:02:00,2026-03-11 09:06:41,"[]",0.0,0.0,2368315,circulating2026/v4,/cdaq/circulating/2026/v1.0.0/HLT/V1,Run2026A,11
401746,11489,23,2026-03-11 09:29:43,2026-03-11 09:30:06,"[CSC, GEM, HCAL, PIXEL, RPC]",7.744244E-6,0.0,10222,circulating2026/v4,/cdaq/circulating/2026/v1.0.0/HLT/V1,Run2026A,11
401752,11489,396,2026-03-11 09:54:32,2026-03-11 10:01:08,"[CSC, GEM, HCAL, PIXEL, RPC]",1.11959301E-4,9.002969E-6,200331,circulating2026/v4,/cdaq/circulating/2026/v1.0.0/HLT/V1,Run2026A,11
401758,11489,2617,2026-03-11 10:08:29,2026-03-11 10:52:06,"[CSC, GEM, HCAL, PIXEL]",5.0273733E-4,5.00976822E-4,1362980,circulating2026/v4,/cdaq/circulating/2026/v1.0.0/HLT/V1,Run2026A,11
401767,11489,1571,2026-03-11 11:03:37,2026-03-11 11:29:48,"[CSC, GEM, PIXEL]",2.84176E-7,0.0,823746,circulating2026/v4,/cdaq/circulating/2026/v1.0.0/HLT/V1,Run2026A,11
401769,11489,114,2026-03-11 11:34:08,2026-03-11 11:36:02,"[CSC, PIXEL]",,,,circulating2026/v4,/cdaq/circulating/2026/v1.0.0/HLT/V1,Run2026A,
401770,11489,3240,2026-03-11 11:39:10,2026-03-11 12:33:10,"[CSC, PIXEL]",0.0,0.0,1669541,circulating2026/v4,/cdaq/circulating/2026/v1.0.0/HLT/V1,Run2026A,11
401772,11490,367,2026-03-11 12:41:23,2026-03-11 12:47:30,"[CSC, PIXEL]",0.0,0.0,172018,circulating2026/v4,/cdaq/circulating/2026/v1.0.0/HLT/V1,Run2026A,11
401773,11490,707,2026-03-11 12:49:13,2026-03-11 13:01:00,"[CSC, PIXEL]",2.301E-9,0.0,355424,circulating2026/v4,/cdaq/circulating/2026/v1.0.0/HLT/V1,Run2026A,11
401775,11490,487,2026-03-11 13:09:13,2026-03-11 13:17:20,"[CSC]",0.0,0.0,238626,circulating2026/v4,/cdaq/circulating/2026/v1.0.0/HLT/V1,Run2026A,11
401777,11491,264,2026-03-11 13:23:16,2026-03-11 13:27:40,"[]",4.281E-9,0.0,120032,circulating2026/v4,/cdaq/circulating/2026/v1.0.0/HLT/V1,Run2026A,11
401779,11491,418,2026-03-11 13:33:23,2026-03-11 13:40:21,"[DT]",0.0,0.0,209393,circulating2026/v4,/cdaq/circulating/2026/v1.0.0/HLT/V1,Run2026A,11
401783,11491,3646,2026-03-11 15:40:17,2026-03-11 16:41:03,"[]",0.0,0.0,1881847,circulating2026/v4,/cdaq/circulating/2026/v1.0.0/HLT/V1,Run2026A,11
401784,11491,276,2026-03-11 16:47:24,2026-03-11 16:52:00,"[GEM]",0.0,0.0,27821482,cosmics2026/v20,/cdaq/cosmic/commissioning2026/v1.0.0/HLT/V2,Run2026A,4
401785,11491,2726,2026-03-11 16:56:02,2026-03-11 17:41:28,"[CSC]",0.0,0.0,304837081,cosmics2026/v20,/cdaq/cosmic/commissioning2026/v1.0.0/HLT/V2,Run2026A,14
401788,11491,47,2026-03-11 17:42:50,2026-03-11 17:43:37,"[CSC, GEM]",,,,cosmics2026/v20,,Run2026A,
401789,11491,1653,2026-03-11 17:45:37,2026-03-11 18:13:10,"[CSC, GEM]",0.0,0.0,186237319,cosmics2026/v20,/cdaq/cosmic/commissioning2026/v1.0.0/HLT/V2,Run2026A,4
401790,11491,578,2026-03-11 18:18:05,2026-03-11 18:27:43,"[CSC, GEM]",0.0,0.0,61754364,cosmics2026/v20,/cdaq/cosmic/commissioning2026/v1.0.0/HLT/V2,Run2026A,14
401791,11492,294,2026-03-11 18:30:04,2026-03-11 18:34:58,"[GEM]",0.0,0.0,192522,cosmics2026/v20,/cdaq/cosmic/commissioning2026/v1.0.0/HLT/V2,Run2026A,4
401792,11492,3286,2026-03-11 18:37:30,2026-03-11 19:32:16,"[]",0.0,0.0,363685931,cosmics2026/v20,/cdaq/cosmic/commissioning2026/v1.0.0/HLT/V2,Run2026A,4
401793,11493,2185,2026-03-11 19:36:00,2026-03-11 20:12:25,"[]",0.0,0.0,1075670,circulating2026/v4,/cdaq/circulating/2026/v1.0.0/HLT/V1,Run2026A,11
401794,11493,504,2026-03-11 20:17:02,2026-03-11 20:25:26,"[]",0.0,0.0,834253,collisions2026/v7,/cdaq/physics/Run2026/2e34/v1.0.0/HLT/V6,Run2026A,19
401795,11493,11359,2026-03-11 20:27:51,2026-03-11 23:37:10,"[]",0.0,0.0,5736199,circulating2026/v4,/cdaq/circulating/2026/v1.0.0/HLT/V1,Run2026A,11
401796,11494,713,2026-03-11 23:45:14,2026-03-11 23:57:07,"[]",0.0,0.0,338578,collisions2026/v7,/cdaq/physics/Run2026/2e34/v1.0.0/HLT/V6,Run2026A,0
401797,11495,1263,2026-03-12 00:02:39,2026-03-12 00:23:42,"[]",0.0,0.0,133524642,cosmics2026/v20,/cdaq/cosmic/commissioning2026/v1.0.0/HLT/V2,Run2026A,4
401799,11495,1901,2026-03-12 00:38:50,2026-03-12 01:10:31,"[]",0.0,0.0,1043010,circulating2026/v4,/cdaq/circulating/2026/v1.0.0/HLT/V1,Run2026A,11
401800,,95,2026-03-12 01:32:34,2026-03-12 01:34:09,"[]",,,,cosmics2026/v20,/cdaq/cosmic/commissioning2026/v1.0.0/HLT/V2,Run2026A,
401801,11496,1005,2026-03-12 01:38:33,2026-03-12 01:55:18,"[]",0.0,0.0,110341794,cosmics2026/v20,/cdaq/cosmic/commissioning2026/v1.0.0/HLT/V2,Run2026A,4
401802,11496,1279,2026-03-12 02:10:43,2026-03-12 02:32:02,"[]",0.0,0.0,645855,circulating2026/v4,/cdaq/circulating/2026/v1.0.0/HLT/V1,Run2026A,11
401803,11496,33344,2026-03-12 02:54:18,2026-03-12 12:10:02,"[]",249.081699759668,238.908777172261,2232459595,collisions2026/v7,/cdaq/physics/Run2026/2e34/v1.0.0/HLT/V6,Run2026A,6
401805,11497,42,2026-03-12 12:19:39,2026-03-12 12:20:21,"[]",,,,collisions2026/v8,,Run2026A,
401810,11497,415,2026-03-12 12:30:11,2026-03-12 12:37:06,"[CSC, DT, ECAL, GEM, HCAL]",0.0,0.0,217647,collisions2026/v8,/cdaq/physics/Run2026/2e34/v1.0.1/HLT/V1,Run2026A,2
401813,11497,89,2026-03-12 12:47:29,2026-03-12 12:48:58,"[CSC, DT, ECAL, GEM, HCAL, PIXEL]",0.0,0.0,34778,cosmics2026/v20,/cdaq/cosmic/commissioning2026/v1.0.0/HLT/V2,Run2026A,14
401817,11497,247,2026-03-12 12:54:33,2026-03-12 12:58:40,"[CSC, ECAL, GEM, HCAL, PIXEL]",0.024157133906,0.0,20794838,cosmics2026/v20,/cdaq/cosmic/commissioning2026/v1.0.0/HLT/V2,Run2026A,14
401831,11498,45,2026-03-12 15:14:32,2026-03-12 15:15:17,"[]",,,,collisions2026/v8,,Run2026A,
401832,11498,297,2026-03-12 15:17:21,2026-03-12 15:22:18,"[]",0.010751030414,0.005299459821,116206,collisions2026/v8,/cdaq/physics/Run2026/2e34/v1.0.1/HLT/V1,Run2026A,0
401833,11498,2771,2026-03-12 15:25:50,2026-03-12 16:12:01,"[]",0.113323264221,0.093695082876,223797702,lumiscan/v50,/cdaq/special/2026/LumiScan/v1.0.0/HLT/V2,Run2026A,7
401834,11498,1853,2026-03-12 16:14:39,2026-03-12 16:45:32,"[CSC]",0.048449032412,0.039653358838,155519622,lumiscan/v50,/cdaq/special/2026/LumiScan/v1.0.0/HLT/V2,Run2026A,7
401835,11498,611,2026-03-12 16:49:45,2026-03-12 16:59:56,"[CSC]",0.047539989471,0.035184187722,52908347,lumiscan/v50,/cdaq/special/2026/LumiScan/v1.0.0/HLT/V2,Run2026A,3
401836,11498,439,2026-03-12 17:02:53,2026-03-12 17:10:12,"[]",0.024019653582,0.021401506523,29444711,lumiscan/v50,/cdaq/special/2026/LumiScan/v1.0.0/HLT/V2,Run2026A,7
401837,11499,916,2026-03-12 17:16:26,2026-03-12 17:31:42,"[]",0.0,0.0,77500245,cosmics2026/v20,/cdaq/cosmic/commissioning2026/v1.0.0/HLT/V2,Run2026B,4
401838,11499,1151,2026-03-12 17:33:59,2026-03-12 17:53:10,"[CSC]",0.0,0.0,88134669,cosmics2026/v20,/cdaq/cosmic/commissioning2026/v1.0.0/HLT/V2,Run2026B,4
401839,11499,3928,2026-03-12 17:57:05,2026-03-12 19:02:33,"[CSC]",0.0,0.0,2028720,circulating2026/v4,/cdaq/circulating/2026/v1.0.0/HLT/V1,Run2026B,11
401842,11500,4626,2026-03-12 19:06:24,2026-03-12 20:23:30,"[]",9.577105965264,0.0,2354212,circulating2026/v4,/cdaq/circulating/2026/v1.0.0/HLT/V1,Run2026B,11
401844,11500,11857,2026-03-12 20:55:38,2026-03-13 00:13:15,"[]",121.690779691442,117.727060397461,672415616,collisions2026/v9,/cdaq/physics/Run2026/2e34/v1.0.1/HLT/V4,Run2026B,2
401845,11501,1935,2026-03-13 00:18:16,2026-03-13 00:50:31,"[]",0.0,0.0,207308454,cosmics2026/v20,/cdaq/cosmic/commissioning2026/v1.0.0/HLT/V2,Run2026B,4
401846,11501,2079,2026-03-13 01:00:09,2026-03-13 01:34:49,"[]",0.0,0.0,1020195,circulating2026/v4,/cdaq/circulating/2026/v1.0.0/HLT/V1,Run2026B,11
401847,11501,710,2026-03-13 01:38:34,2026-03-13 01:50:24,"[]",1.030071815762,0.0,353898,circulating2026/v4,/cdaq/circulating/2026/v1.0.0/HLT/V1,Run2026B,11
401848,11501,32523,2026-03-13 02:00:31,2026-03-13 11:02:34,"[]",340.233901415031,324.427965857629,2591625748,collisions2026/v9,/cdaq/physics/Run2026/2e34/v1.0.1/HLT/V4,Run2026B,9
401849,11502,712,2026-03-13 11:17:39,2026-03-13 11:29:31,"[CSC, CTPPS_TOT, ECAL, ES, HCAL, PIXEL]",0.0,0.0,76255590,cosmics2026/v20,/cdaq/cosmic/commissioning2026/v1.0.0/HLT/V2,Run2026B,4
401864,11502,13813,2026-03-13 12:17:35,2026-03-13 16:07:48,"[]",0.0,0.0,7126764,circulating2026/v4,/cdaq/circulating/2026/v1.0.0/HLT/V1,Run2026B,11
401865,11505,2527,2026-03-13 16:09:24,2026-03-13 16:51:31,"[]",1.08112737E-4,0.0,1275969,circulating2026/v4,/cdaq/circulating/2026/v1.0.0/HLT/V1,Run2026B,11
401866,11505,3750,2026-03-13 16:58:00,2026-03-13 18:00:29,"[]",3.275544286482,2.832921256322,133764253,collisions2026/v9,/cdaq/physics/Run2026/2e34/v1.0.1/HLT/V4,Run2026B,0
401867,11505,380,2026-03-13 18:03:13,2026-03-13 18:09:34,"[]",0.335099507481,0.203208521273,14589777,collisions2026/v9,/cdaq/physics/Run2026/2e34/v1.0.1/HLT/V4,Run2026B,20
401868,11505,11526,2026-03-13 18:12:47,2026-03-13 21:24:53,"[]",6.85689571039,6.54113814158,669677726,collisions2026/v9,/cdaq/physics/Run2026/2e34/v1.0.1/HLT/V4,Run2026B,20
401869,11505,2024,2026-03-13 21:28:43,2026-03-13 22:02:27,"[]",1.25114772705,1.112962965769,216901792,collisions2026/v10,/cdaq/physics/Run2026/2e34/v1.0.1/HLT/V5,Run2026B,0
401870,11505,3869,2026-03-13 22:06:34,2026-03-13 23:11:03,"[]",0.475877293684,0.430980123961,268884515,pps/v23,/cdaq/special/2026/PPS/v1.0.1/HLT/V1,Run2026B,0
401871,11505,2552,2026-03-13 23:14:32,2026-03-13 23:57:04,"[]",0.292323900836,0.272705475104,253918421,pps/v24,/cdaq/special/2026/PPS/v1.0.2/HLT/V2,Run2026B,4
401872,11506,191,2026-03-14 00:02:39,2026-03-14 00:05:50,"[HCAL]",0.0,0.0,11810,cosmics2026/v20,/cdaq/cosmic/commissioning2026/v1.0.0/HLT/V2,Run2026B,4
401874,11506,1534,2026-03-14 00:09:22,2026-03-14 00:34:56,"[]",0.0,0.0,167344163,cosmics2026/v20,/cdaq/cosmic/commissioning2026/v1.0.0/HLT/V2,Run2026B,4
401876,11506,2998,2026-03-14 00:44:49,2026-03-14 01:34:47,"[]",0.736522197032,0.0,1477026,circulating2026/v4,/cdaq/circulating/2026/v1.0.0/HLT/V1,Run2026B,11
401878,11506,8958,2026-03-14 01:44:13,2026-03-14 04:13:31,"[]",81.107519742581,77.706358274435,625652141,collisions2026/v10,/cdaq/physics/Run2026/2e34/v1.0.1/HLT/V5,Run2026B,9
401879,11507,1975,2026-03-14 04:20:22,2026-03-14 04:53:17,"[]",0.0,0.0,203875276,cosmics2026/v20,/cdaq/cosmic/commissioning2026/v1.0.0/HLT/V2,Run2026B,4
401881,11507,4486,2026-03-14 05:04:49,2026-03-14 06:19:35,"[]",2.939351E-6,0.0,2233376,circulating2026/v4,/cdaq/circulating/2026/v1.0.0/HLT/V1,Run2026B,11
401882,11508,30484,2026-03-14 06:26:12,2026-03-14 14:54:16,"[]",310.81227196812,295.736287162918,2351952576,collisions2026/v10,/cdaq/physics/Run2026/2e34/v1.0.1/HLT/V5,Run2026B,0
401885,11509,22,2026-03-14 15:15:26,2026-03-14 15:15:48,"[CSC, GEM, HCAL]",0.0,0.0,,cosmics2026/v20,/cdaq/cosmic/commissioning2026/v1.0.0/HLT/V2,Run2026B,
401887,11509,369,2026-03-14 15:18:07,2026-03-14 15:24:16,"[CSC, HCAL]",0.0,0.0,51564,cosmics2026/v20,/cdaq/cosmic/commissioning2026/v1.0.0/HLT/V2,Run2026B,4
401891,11509,1537,2026-03-14 15:26:16,2026-03-14 15:51:53,"[CSC, CTPPS, HCAL]",0.0,0.0,103964245,cosmics2026/v20,/cdaq/cosmic/commissioning2026/v1.0.0/HLT/V2,Run2026B,16
401895,11509,801,2026-03-14 16:01:45,2026-03-14 16:15:06,"[CTPPS, PIXEL]",0.0,0.0,391968,circulating2026/v4,/cdaq/circulating/2026/v1.0.0/HLT/V1,Run2026B,11
401896,11509,863,2026-03-14 16:19:13,2026-03-14 16:33:36,"[CTPPS]",0.0,0.0,421846,circulating2026/v4,/cdaq/circulating/2026/v1.0.0/HLT/V1,Run2026B,11
401898,11510,3422,2026-03-14 16:37:43,2026-03-14 17:34:45,"[]",0.0,0.0,1712572,circulating2026/v4,/cdaq/circulating/2026/v1.0.0/HLT/V1,Run2026B,11
401899,11510,2086,2026-03-14 17:41:07,2026-03-14 18:15:53,"[]",17.176038070555,16.619089178282,34761933,collisions2026/v10,/cdaq/physics/Run2026/2e34/v1.0.1/HLT/V5,Run2026B,0
401900,11510,726,2026-03-14 18:23:20,2026-03-14 18:35:26,"[]",0.0,0.0,70218863,cosmics2026/v20,/cdaq/cosmic/commissioning2026/v1.0.0/HLT/V2,Run2026B,4
401901,11511,745,2026-03-14 18:37:56,2026-03-14 18:50:21,"[]",0.0,0.0,72510106,cosmics2026/v20,/cdaq/cosmic/commissioning2026/v1.0.0/HLT/V2,Run2026B,16
401902,11511,1020,2026-03-14 18:58:13,2026-03-14 19:15:13,"[]",0.0,0.0,95273142,cosmics2026/v20,/cdaq/cosmic/commissioning2026/v1.0.0/HLT/V2,Run2026B,16
401903,11511,1288,2026-03-14 19:17:45,2026-03-14 19:39:13,"[PIXEL]",0.0,0.0,69121960,cosmics2026/v20,/cdaq/cosmic/commissioning2026/v1.0.0/HLT/V2,Run2026B,16
401904,11511,118,2026-03-14 19:41:34,2026-03-14 19:43:32,"[PIXEL]",0.0,0.0,12216621,cosmics2026/v20,/cdaq/cosmic/commissioning2026/v1.0.0/HLT/V2,Run2026B,16
401905,11511,1061,2026-03-14 19:46:09,2026-03-14 20:03:50,"[PIXEL]",0.0,0.0,66407323,cosmics2026/v20,/cdaq/cosmic/commissioning2026/v1.0.0/HLT/V2,Run2026B,16
401906,11511,264,2026-03-14 20:06:55,2026-03-14 20:11:19,"[]",0.0,0.0,21423906,cosmics2026/v20,/cdaq/cosmic/commissioning2026/v1.0.0/HLT/V2,Run2026B,16
401907,11511,134,2026-03-14 20:13:31,2026-03-14 20:15:45,"[]",0.0,0.0,11592496,cosmics2026/v20,/cdaq/cosmic/commissioning2026/v1.0.0/HLT/V2,Run2026B,16
401908,11511,177,2026-03-14 20:18:11,2026-03-14 20:21:08,"[]",0.0,0.0,3678990,cosmics2026/v20,/cdaq/cosmic/commissioning2026/v1.0.0/HLT/V2,Run2026B,16
401909,11511,91,2026-03-14 20:23:00,2026-03-14 20:24:31,"[PIXEL]",0.0,0.0,7555460,cosmics2026/v20,/cdaq/cosmic/commissioning2026/v1.0.0/HLT/V2,Run2026B,16
401910,11511,202,2026-03-14 20:27:28,2026-03-14 20:30:50,"[PIXEL]",0.0,0.0,11892728,cosmics2026/v20,/cdaq/cosmic/commissioning2026/v1.0.0/HLT/V2,Run2026B,16
401911,11511,1032,2026-03-14 20:33:48,2026-03-14 20:51:00,"[]",0.0,0.0,57754929,cosmics2026/v20,/cdaq/cosmic/commissioning2026/v1.0.0/HLT/V2,Run2026B,16
401912,11511,647,2026-03-14 20:55:29,2026-03-14 21:06:16,"[]",0.0,0.0,2527544,circulating2026/v4,/cdaq/circulating/2026/v1.0.0/HLT/V1,Run2026B,11
401913,11511,136,2026-03-14 21:10:56,2026-03-14 21:13:12,"[ES]",0.0,0.0,14454425,circulating2026/v4,/cdaq/circulating/2026/v1.0.0/HLT/V1,Run2026B,11
401914,11511,134,2026-03-14 21:17:47,2026-03-14 21:20:01,"[]",0.0,0.0,10823022,circulating2026/v4,/cdaq/circulating/2026/v1.0.0/HLT/V1,Run2026B,11
401915,11511,1088,2026-03-14 21:23:45,2026-03-14 21:41:53,"[]",1.457339384251,0.0,111415481,circulating2026/v4,/cdaq/circulating/2026/v1.0.0/HLT/V1,Run2026B,3
401916,11511,3499,2026-03-14 22:03:58,2026-03-14 23:02:17,"[]",49.447362424861,41.779991856584,259453468,collisions2026/v10,/cdaq/physics/Run2026/2e34/v1.0.1/HLT/V5,Run2026B,0
401917,11511,202,2026-03-14 23:06:25,2026-03-14 23:09:47,"[]",8.64744116647,3.056822265219,18522633,collisions2026/v10,/cdaq/physics/Run2026/2e34/v1.0.1/HLT/V5,Run2026B,14
401918,11511,3763,2026-03-14 23:14:58,2026-03-15 00:17:42,"[]",67.084925815233,57.774793884617,350663750,collisions2026/v10,/cdaq/physics/Run2026/2e34/v1.0.1/HLT/V5,Run2026B,14
401919,11511,29410,2026-03-15 00:21:26,2026-03-15 08:31:36,"[]",480.584861527368,458.456405528638,2711034052,collisions2026/v10,/cdaq/physics/Run2026/2e34/v1.0.1/HLT/V5,Run2026B,14
401925,11512,86,2026-03-15 08:45:43,2026-03-15 08:47:09,"[CSC, CTPPS, HCAL]",0.0,0.0,1792,cosmics2026/v20,/cdaq/cosmic/commissioning2026/v1.0.0/HLT/V2,Run2026B,14
401926,11512,885,2026-03-15 08:53:50,2026-03-15 09:08:35,"[CSC, CTPPS, HCAL]",4.2446E-8,0.0,76811986,cosmics2026/v20,/cdaq/cosmic/commissioning2026/v1.0.0/HLT/V2,Run2026B,14
401933,11512,213,2026-03-15 09:15:44,2026-03-15 09:19:17,"[CSC, CTPPS, HCAL]",5.293307E-6,2.7008E-8,109344,circulating2026/v4,/cdaq/circulating/2026/v1.0.0/HLT/V1,Run2026B,1
401940,11512,126,2026-03-15 09:28:31,2026-03-15 09:30:37,"[CSC, HCAL]",,,,circulating2026/v4,,Run2026B,
401942,11512,57,2026-03-15 09:32:40,2026-03-15 09:33:37,"[CSC, HCAL]",0.0,0.0,22101,circulating2026/v4,/cdaq/circulating/2026/v1.0.0/HLT/V1,Run2026B,11
401945,11512,130,2026-03-15 09:41:11,2026-03-15 09:43:21,"[CSC]",0.005712806759,0.0,62315,circulating2026/v4,/cdaq/circulating/2026/v1.0.0/HLT/V1,Run2026B,11
401948,11512,184,2026-03-15 09:50:43,2026-03-15 09:53:48,"[]",0.0,0.0,74250,circulating2026/v4,/cdaq/circulating/2026/v1.0.0/HLT/V1,Run2026B,11
401949,11512,808,2026-03-15 09:56:30,2026-03-15 10:09:58,"[]",4.600765E-6,0.0,418050,circulating2026/v4,/cdaq/circulating/2026/v1.0.0/HLT/V1,Run2026B,11
401951,11512,1814,2026-03-15 10:15:49,2026-03-15 10:46:03,"[]",20.458943452039,15.529680909963,85520959,collisions2026/v10,/cdaq/physics/Run2026/2e34/v1.0.1/HLT/V5,Run2026B,14
401952,11512,5357,2026-03-15 10:49:21,2026-03-15 12:18:38,"[]",86.995107810677,81.708547810596,490203522,collisions2026/v10,/cdaq/physics/Run2026/2e34/v1.0.1/HLT/V5,Run2026B,14
401955,11512,956,2026-03-15 12:28:54,2026-03-15 12:44:50,"[CTPPS_TOT]",0.0,0.0,87835363,cosmics2026/v20,/cdaq/cosmic/commissioning2026/v1.0.0/HLT/V2,Run2026B,14
401957,11513,2468,2026-03-15 12:49:29,2026-03-15 13:30:37,"[]",0.0,0.0,264712346,cosmics2026/v20,/cdaq/cosmic/commissioning2026/v1.0.0/HLT/V2,Run2026B,16
401959,11513,533,2026-03-15 13:35:37,2026-03-15 13:44:30,"[]",0.0,0.0,248481,circulating2026/v4,/cdaq/circulating/2026/v1.0.0/HLT/V1,Run2026B,1
401960,11513,2767,2026-03-15 13:47:13,2026-03-15 14:33:20,"[]",0.10653483042,0.0,1489421,circulating2026/v4,/cdaq/circulating/2026/v1.0.0/HLT/V1,Run2026B,9
401961,11513,7194,2026-03-15 14:40:25,2026-03-15 16:40:19,"[]",96.714723664529,91.340424832238,541600417,collisions2026/v10,/cdaq/physics/Run2026/2e34/v1.0.1/HLT/V5,Run2026B,14
401963,11513,140,2026-03-15 16:46:26,2026-03-15 16:48:46,"[]",0.0,0.0,15227344,cosmics2026/v20,/cdaq/cosmic/commissioning2026/v1.0.0/HLT/V2,Run2026B,4
401964,11513,1343,2026-03-15 16:52:12,2026-03-15 17:14:35,"[HCAL]",0.0,0.0,145334129,cosmics2026/v20,/cdaq/cosmic/commissioning2026/v1.0.0/HLT/V2,Run2026B,4
401968,11514,422,2026-03-15 17:18:18,2026-03-15 17:25:20,"[PIXEL]",0.0,0.0,47740087,cosmics2026/v20,/cdaq/cosmic/commissioning2026/v1.0.0/HLT/V2,Run2026B,4
401969,11514,651,2026-03-15 17:32:47,2026-03-15 17:43:38,"[PIXEL]",0.0,0.0,322719,circulating2026/v4,/cdaq/circulating/2026/v1.0.0/HLT/V1,Run2026B,11
401970,11514,1886,2026-03-15 17:49:04,2026-03-15 18:20:30,"[]",0.0,0.0,929573,circulating2026/v4,/cdaq/circulating/2026/v1.0.0/HLT/V1,Run2026B,11
401971,11514,3244,2026-03-15 18:36:57,2026-03-15 19:31:01,"[]",50.412895451384,44.703532107171,263810020,collisions2026/v10,/cdaq/physics/Run2026/2e34/v1.0.1/HLT/V5,Run2026B,0
401972,11514,703,2026-03-15 19:33:55,2026-03-15 19:45:38,"[]",15.278383678833,10.920318475993,65069870,collisions2026/v10,/cdaq/physics/Run2026/2e34/v1.0.1/HLT/V5,Run2026B,14
401973,11514,15733,2026-03-15 19:49:04,2026-03-16 00:11:17,"[]",263.156651058006,251.174822350794,1497747239,collisions2026/v10,/cdaq/physics/Run2026/2e34/v1.0.1/HLT/V5,Run2026B,14
401974,11515,1230,2026-03-16 00:19:06,2026-03-16 00:39:36,"[]",0.0,0.0,135071395,cosmics2026/v20,/cdaq/cosmic/commissioning2026/v1.0.0/HLT/V2,Run2026B,4
401975,11515,3259,2026-03-16 00:55:05,2026-03-16 01:49:24,"[]",3.957217E-6,0.0,1640449,circulating2026/v4,/cdaq/circulating/2026/v1.0.0/HLT/V1,Run2026B,11
401976,11515,3767,2026-03-16 01:54:50,2026-03-16 02:57:37,"[]",54.799264376915,51.100104467823,309620645,collisions2026/v10,/cdaq/physics/Run2026/2e34/v1.0.1/HLT/V5,Run2026B,0
401977,11515,17182,2026-03-16 03:03:10,2026-03-16 07:49:32,"[]",0.0,0.0,1948003135,cosmics2026/v20,/cdaq/cosmic/commissioning2026/v1.0.0/HLT/V2,Run2026B,4
401978,11515,1567,2026-03-16 07:52:39,2026-03-16 08:18:46,"[HCAL]",0.0,0.0,170466291,cosmics2026/v20,/cdaq/cosmic/commissioning2026/v1.0.0/HLT/V2,Run2026B,14
401983,11515,988,2026-03-16 08:22:25,2026-03-16 08:38:53,"[ECAL, ES, HCAL, PIXEL]",0.0,0.0,110986847,cosmics2026/v20,/cdaq/cosmic/commissioning2026/v1.0.0/HLT/V2,Run2026B,14
401988,11516,529,2026-03-16 08:43:34,2026-03-16 08:52:23,"[CSC, ECAL, ES, HCAL, PIXEL, TRACKER]",0.0,0.0,47710527,cosmics2026/v20,/cdaq/cosmic/commissioning2026/v1.0.0/HLT/V2,Run2026B,14
401991,11516,122,2026-03-16 08:54:54,2026-03-16 08:56:56,"[CSC, ECAL, ES, HCAL, PIXEL, TRACKER]",,,,cosmics2026/v20,,Run2026B,
401992,11516,244,2026-03-16 08:59:22,2026-03-16 09:03:26,"[CSC, ECAL, ES, HCAL, PIXEL, TRACKER]",0.0,0.0,33,cosmics2026/v20,/cdaq/cosmic/commissioning2026/v1.0.0/HLT/V2,Run2026B,14
401995,11516,99,2026-03-16 09:05:27,2026-03-16 09:07:06,"[CSC, CTPPS, CTPPS_TOT, ECAL, ES, HCAL, PIXEL, TRACKER]",,,,cosmics2026/v20,,Run2026B,
401996,11516,223,2026-03-16 09:08:07,2026-03-16 09:11:50,"[CSC, CTPPS, CTPPS_TOT, ECAL, ES, HCAL, PIXEL, TRACKER]",,,,cosmics2026/v20,,Run2026B,
401998,11516,492,2026-03-16 09:14:19,2026-03-16 09:22:31,"[CSC, CTPPS, CTPPS_TOT, ECAL, ES, HCAL, PIXEL, TRACKER]",0.0,0.0,54770308,cosmics2026/v20,/cdaq/cosmic/commissioning2026/v1.0.0/HLT/V2,Run2026B,14
401999,11516,221,2026-03-16 09:28:01,2026-03-16 09:31:42,"[CSC, CTPPS, CTPPS_TOT, GEM, HCAL, PIXEL, TRACKER]",0.0,0.0,23953138,cosmics2026/v20,/cdaq/cosmic/commissioning2026/v1.0.0/HLT/V2,Run2026B,14
402000,11516,80,2026-03-16 09:33:12,2026-03-16 09:34:32,"[CSC, CTPPS, CTPPS_TOT, GEM, HCAL, PIXEL, TRACKER]",0.0,0.0,4541935,cosmics2026/v20,/cdaq/cosmic/commissioning2026/v1.0.0/HLT/V2,Run2026B,14
402001,11516,43,2026-03-16 09:36:48,2026-03-16 09:37:31,"[CSC, CTPPS, CTPPS_TOT, GEM, HCAL, PIXEL, TRACKER]",0.0,0.0,1494782,cosmics2026/v20,/cdaq/cosmic/commissioning2026/v1.0.0/HLT/V2,Run2026B,14
402003,11516,27,2026-03-16 09:40:16,2026-03-16 09:40:43,"[CSC, CTPPS, CTPPS_TOT, GEM, HCAL, PIXEL, TRACKER]",0.0,0.0,1521640,cosmics2026/v20,/cdaq/cosmic/commissioning2026/v1.0.0/HLT/V2,Run2026B,14
402004,11516,947,2026-03-16 09:42:38,2026-03-16 09:58:25,"[CSC, CTPPS, CTPPS_TOT, ES, GEM, HCAL, PIXEL, TRACKER]",0.0,0.0,102913173,cosmics2026/v20,/cdaq/cosmic/commissioning2026/v1.0.0/HLT/V2,Run2026B,14
402009,11516,364,2026-03-16 10:01:47,2026-03-16 10:07:51,"[CSC, CTPPS, CTPPS_TOT, HCAL, PIXEL, TRACKER]",0.0,0.0,39901633,cosmics2026/v20,/cdaq/cosmic/commissioning2026/v1.0.0/HLT/V2,Run2026B,14
402011,11516,208,2026-03-16 10:12:09,2026-03-16 10:15:37,"[CSC, CTPPS, CTPPS_TOT, PIXEL, TRACKER]",0.0,0.0,23059326,cosmics2026/v20,/cdaq/cosmic/commissioning2026/v1.0.0/HLT/V2,Run2026B,14
402012,11516,1800,2026-03-16 10:18:42,2026-03-16 10:48:42,"[CSC, CTPPS, CTPPS_TOT, GEM, PIXEL, TRACKER]",0.0,0.0,204029088,cosmics2026/v20,/cdaq/cosmic/commissioning2026/v1.0.0/HLT/V2,Run2026B,4
402014,11516,18,2026-03-16 10:51:56,2026-03-16 10:52:14,"[CTPPS, CTPPS_TOT, GEM, PIXEL, TRACKER]",0.0,0.0,,cosmics2026/v20,/cdaq/cosmic/commissioning2026/v1.0.0/HLT/V2,Run2026B,4
402015,11516,1210,2026-03-16 10:55:58,2026-03-16 11:16:08,"[CTPPS, CTPPS_TOT, GEM, PIXEL]",0.0,0.0,135611943,cosmics2026/v20,/cdaq/cosmic/commissioning2026/v1.0.0/HLT/V2,Run2026B,14
402016,11516,4046,2026-03-16 11:19:22,2026-03-16 12:26:48,"[CTPPS, CTPPS_TOT, PIXEL]",0.0,0.0,459550805,cosmics2026/v20,/cdaq/cosmic/commissioning2026/v1.0.0/HLT/V2,Run2026B,16
402018,11516,700,2026-03-16 12:30:16,2026-03-16 12:41:56,"[CTPPS, CTPPS_TOT]",0.0,0.0,72916979,cosmics2026/v20,/cdaq/cosmic/commissioning2026/v1.0.0/HLT/V2,Run2026B,16
402019,11517,405,2026-03-16 12:44:58,2026-03-16 12:51:43,"[CTPPS, CTPPS_TOT, PIXEL]",0.0,0.0,41306432,cosmics2026/v20,/cdaq/cosmic/commissioning2026/v1.0.0/HLT/V2,Run2026B,16
402020,11517,390,2026-03-16 12:57:15,2026-03-16 13:03:45,"[CTPPS, CTPPS_TOT, PIXEL]",0.0,0.0,296380,collisions2026/v11,/cdaq/physics/Run2026/2e34/v1.0.1/HLT/V6,Run2026B,17
402022,11517,832,2026-03-16 13:06:15,2026-03-16 13:20:07,"[CTPPS, CTPPS_TOT, PIXEL]",0.0,0.0,90801168,cosmics2026/v20,/cdaq/cosmic/commissioning2026/v1.0.0/HLT/V2,Run2026B,16
402023,11517,644,2026-03-16 13:23:55,2026-03-16 13:34:39,"[CTPPS, CTPPS_TOT]",0.0,0.0,66106634,cosmics2026/v20,/cdaq/cosmic/commissioning2026/v1.0.0/HLT/V2,Run2026B,16
402024,11517,2574,2026-03-16 13:39:10,2026-03-16 14:22:04,"[]",0.0,0.0,284132759,cosmics2026/v20,/cdaq/cosmic/commissioning2026/v1.0.0/HLT/V2,Run2026B,16
402025,11518,596,2026-03-16 14:25:16,2026-03-16 14:35:12,"[PIXEL]",0.0,0.0,50997111,cosmics2026/v20,/cdaq/cosmic/commissioning2026/v1.0.0/HLT/V2,Run2026B,16
402027,11518,15,2026-03-16 14:40:50,2026-03-16 14:41:05,"[PIXEL]",0.0,0.0,7371,circulating2026/v4,/cdaq/circulating/2026/v1.0.0/HLT/V1,Run2026B,11
402028,11518,212,2026-03-16 14:46:04,2026-03-16 14:49:36,"[]",0.0,0.0,99791,circulating2026/v4,/cdaq/circulating/2026/v1.0.0/HLT/V1,Run2026B,11
402030,11518,625,2026-03-16 14:55:47,2026-03-16 15:06:12,"[]",0.0,0.0,399421,collisions2026/v11,/cdaq/physics/Run2026/2e34/v1.0.1/HLT/V6,Run2026B,0
402031,11518,342,2026-03-16 15:08:51,2026-03-16 15:14:33,"[]",0.0,0.0,618896,collisions2026/v11,/cdaq/physics/Run2026/2e34/v1.0.1/HLT/V6,Run2026B,20
402032,11518,1017,2026-03-16 15:16:40,2026-03-16 15:33:37,"[]",0.0,0.0,799361,collisions2026/v11,/cdaq/physics/Run2026/2e34/v1.0.1/HLT/V6,Run2026B,20
402033,11518,4494,2026-03-16 15:36:40,2026-03-16 16:51:34,"[]",0.0,0.0,2219555,circulating2026/v4,/cdaq/circulating/2026/v1.0.0/HLT/V1,Run2026B,11
402037,11520,9024,2026-03-16 17:01:31,2026-03-16 19:31:55,"[]",0.0,0.0,4504676,circulating2026/v4,/cdaq/circulating/2026/v1.0.0/HLT/V1,Run2026B,11
402039,11521,2761,2026-03-16 19:36:32,2026-03-16 20:22:33,"[]",42.738143656217,35.363080973438,184623415,collisions2026/v11,/cdaq/physics/Run2026/2e34/v1.0.1/HLT/V6,Run2026B,0
402040,11521,12378,2026-03-16 20:24:48,2026-03-16 23:51:06,"[]",206.378646273412,194.698654225175,1188858242,collisions2026/v11,/cdaq/physics/Run2026/2e34/v1.0.1/HLT/V6,Run2026B,19
402041,11522,1025,2026-03-17 00:03:04,2026-03-17 00:20:09,"[]",0.0,0.0,98246285,cosmics2026/v20,/cdaq/cosmic/commissioning2026/v1.0.0/HLT/V2,Run2026B,4
402042,11522,2595,2026-03-17 00:37:47,2026-03-17 01:21:02,"[]",0.0,0.0,1244083,circulating2026/v4,/cdaq/circulating/2026/v1.0.0/HLT/V1,Run2026B,11
402043,11522,30,2026-03-17 01:41:38,2026-03-17 01:42:08,"[]",0.0,0.0,338,collisions2026/v11,/cdaq/physics/Run2026/2e34/v1.0.1/HLT/V6,Run2026B,0
402044,11522,2120,2026-03-17 01:46:44,2026-03-17 02:22:04,"[]",0.0,0.0,234383981,cosmics2026/v20,/cdaq/cosmic/commissioning2026/v1.0.0/HLT/V2,Run2026B,4
402045,11523,3324,2026-03-17 02:33:54,2026-03-17 03:29:18,"[]",3.108031E-6,0.0,1663314,circulating2026/v4,/cdaq/circulating/2026/v1.0.0/HLT/V1,Run2026B,11
402046,11523,46435,2026-03-17 03:35:13,2026-03-17 16:29:08,"[]",728.300210828688,694.391423193171,4166394213,collisions2026/v11,/cdaq/physics/Run2026/2e34/v1.0.1/HLT/V6,Run2026B,0
402047,11523,1739,2026-03-17 16:39:13,2026-03-17 17:08:12,"[CSC, CTPPS_TOT, GEM, HCAL]",0.0,0.0,190857622,cosmics2026/v20,/cdaq/cosmic/commissioning2026/v1.0.0/HLT/V2,Run2026B,4
402051,11524,122,2026-03-17 17:10:57,2026-03-17 17:12:59,"[CSC, HCAL]",0.0,0.0,10678715,cosmics2026/v20,/cdaq/cosmic/commissioning2026/v1.0.0/HLT/V2,Run2026B,4
402052,11524,350,2026-03-17 17:14:59,2026-03-17 17:20:49,"[CSC, HCAL, PIXEL]",7.817E-9,0.0,33905999,cosmics2026/v20,/cdaq/cosmic/commissioning2026/v1.0.0/HLT/V2,Run2026B,4
402058,11524,117,2026-03-17 17:46:17,2026-03-17 17:48:14,"[CSC, HCAL]",,,,cosmics2026/v20,,Run2026B,
402060,11524,120,2026-03-17 17:49:11,2026-03-17 17:51:11,"[CSC, HCAL]",,,,cosmics2026/v20,,Run2026B,
402061,11524,70,2026-03-17 17:52:14,2026-03-17 17:53:24,"[CSC, HCAL]",,,,cosmics2026/v20,,Run2026B,
402062,11524,215,2026-03-17 17:56:29,2026-03-17 18:00:04,"[CSC, HCAL]",7.211E-9,7.211E-9,98423,circulating2026/v4,/cdaq/circulating/2026/v1.0.0/HLT/V1,Run2026B,11
402066,11524,652,2026-03-17 18:03:01,2026-03-17 18:13:53,"[CSC]",0.0,0.0,320253,circulating2026/v4,/cdaq/circulating/2026/v1.0.0/HLT/V1,Run2026B,11
402067,11524,278,2026-03-17 18:41:00,2026-03-17 18:45:38,"[]",0.02401775784,0.0,876086,circulating2026/v4,/cdaq/circulating/2026/v1.0.0/HLT/V1,Run2026B,11
402069,11524,43741,2026-03-17 18:52:18,2026-03-18 07:01:19,"[]",943.810886685296,896.882671815912,4251111831,collisions2026/v11,/cdaq/physics/Run2026/2e34/v1.0.1/HLT/V6,Run2026B,0
402070,11524,4097,2026-03-18 07:04:12,2026-03-18 08:12:29,"[]",65.045699798004,61.587466624659,364398155,collisions2026/v11,/cdaq/physics/Run2026/2e34/v1.0.1/HLT/V6,Run2026B,14
402073,11525,1305,2026-03-18 08:34:49,2026-03-18 08:56:34,"[CSC, ES, GEM, HCAL]",0.0,0.0,143484911,cosmics2026/v20,/cdaq/cosmic/commissioning2026/v1.0.0/HLT/V2,Run2026B,4
402076,11525,265,2026-03-18 08:59:39,2026-03-18 09:04:04,"[CSC, GEM, HCAL]",0.0,0.0,24873942,cosmics2026/v20,/cdaq/cosmic/commissioning2026/v1.0.0/HLT/V2,Run2026B,4
402077,11525,89,2026-03-18 09:09:26,2026-03-18 09:10:55,"[CSC, GEM, HCAL]",,,,collisions2026/v12,/cdaq/physics/Run2026/2e34/v1.0.1/HLT/V7,Run2026B,
402078,11525,50,2026-03-18 09:12:46,2026-03-18 09:13:36,"[CSC, GEM, HCAL, PIXEL]",,,,collisions2026/v12,,Run2026B,
402080,11525,344,2026-03-18 09:17:06,2026-03-18 09:22:50,"[CSC, GEM, HCAL, PIXEL]",0.0,0.0,4328637,collisions2026/v12,/cdaq/physics/Run2026/2e34/v1.0.1/HLT/V7,Run2026B,0
402087,11525,364,2026-03-18 09:47:44,2026-03-18 09:53:48,"[CSC, HCAL]",2.5213E-8,0.0,165983,circulating2026/v4,/cdaq/circulating/2026/v1.0.0/HLT/V1,Run2026B,11
402089,11525,275,2026-03-18 09:57:49,2026-03-18 10:02:24,"[HCAL]",6.40200635E-4,5.70002429E-4,142748,circulating2026/v4,/cdaq/circulating/2026/v1.0.0/HLT/V1,Run2026B,11
402092,11525,2666,2026-03-18 10:06:06,2026-03-18 10:50:32,"[]",0.0,0.0,1696249,circulating2026/v4,/cdaq/circulating/2026/v1.0.0/HLT/V1,Run2026B,11
402093,11526,705,2026-03-18 10:56:36,2026-03-18 11:08:21,"[]",0.0,0.0,68445828,cosmics2026/v20,/cdaq/cosmic/commissioning2026/v1.0.0/HLT/V2,Run2026B,4
402094,11526,894,2026-03-18 11:11:16,2026-03-18 11:26:10,"[CTPPS_TOT]",0.0,0.0,95228067,cosmics2026/v20,/cdaq/cosmic/commissioning2026/v1.0.0/HLT/V2,Run2026B,4
402097,11526,4151,2026-03-18 11:48:58,2026-03-18 12:58:09,"[]",0.0,0.0,2094656,circulating2026/v4,/cdaq/circulating/2026/v1.0.0/HLT/V1,Run2026B,11
402098,11526,22390,2026-03-18 13:02:39,2026-03-18 19:15:49,"[]",488.788702196507,449.070359967305,2126681570,collisions2026/v12,/cdaq/physics/Run2026/2e34/v1.0.1/HLT/V7,Run2026B,0
402099,11526,6450,2026-03-18 19:20:49,2026-03-18 21:08:19,"[TRACKER]",146.225419138947,91.508266205521,434511993,collisions2026/v12,/cdaq/physics/Run2026/2e34/v1.0.1/HLT/V7,Run2026B,10
402100,11526,15683,2026-03-18 21:11:39,2026-03-19 01:33:02,"[TRACKER]",280.076515817684,245.680472170253,265845451,collisions2026/v12,/cdaq/physics/Run2026/2e34/v1.0.1/HLT/V7,Run2026B,10
402101,11526,517,2026-03-19 01:37:19,2026-03-19 01:45:56,"[]",10.689152414037,6.291798682522,22451298,collisions2026/v12,/cdaq/physics/Run2026/2e34/v1.0.1/HLT/V7,Run2026B,0
402102,11526,4536,2026-03-19 01:49:18,2026-03-19 03:04:54,"[]",61.388454359821,58.542458131129,261445039,collisions2026/v12,/cdaq/physics/Run2026/2e34/v1.0.1/HLT/V7,Run2026B,10
402107,11527,594,2026-03-19 04:20:55,2026-03-19 04:30:48,"[PIXEL]",0.0,0.0,53831740,cosmics2026/v20,/cdaq/cosmic/commissioning2026/v1.0.0/HLT/V2,Run2026B,4
402108,11527,562,2026-03-19 04:32:35,2026-03-19 04:41:57,"[PIXEL]",0.0,0.0,52377488,cosmics2026/v20,/cdaq/cosmic/commissioning2026/v1.0.0/HLT/V2,Run2026B,16
402109,11527,227,2026-03-19 04:43:42,2026-03-19 04:47:29,"[PIXEL]",0.0,0.0,22999420,cosmics2026/v20,/cdaq/cosmic/commissioning2026/v1.0.0/HLT/V2,Run2026B,16
402110,11527,319,2026-03-19 04:53:50,2026-03-19 04:59:09,"[PIXEL]",0.0,0.0,150239,circulating2026/v4,/cdaq/circulating/2026/v1.0.0/HLT/V1,Run2026B,11
402111,11527,14,2026-03-19 05:03:05,2026-03-19 05:03:19,"[ECAL, PIXEL]",0.0,0.0,,circulating2026/v4,/cdaq/circulating/2026/v1.0.0/HLT/V1,Run2026B,11
402112,11527,1258,2026-03-19 05:07:30,2026-03-19 05:28:28,"[PIXEL]",0.0,0.0,624478,circulating2026/v4,/cdaq/circulating/2026/v1.0.0/HLT/V1,Run2026B,11
402113,11528,3633,2026-03-19 05:34:12,2026-03-19 06:34:45,"[]",0.0,0.0,1803925,circulating2026/v4,/cdaq/circulating/2026/v1.0.0/HLT/V1,Run2026B,11
402114,11529,683,2026-03-19 06:37:29,2026-03-19 06:48:52,"[]",0.0,0.0,366408,circulating2026/v4,/cdaq/circulating/2026/v1.0.0/HLT/V1,Run2026B,11
402115,11529,9573,2026-03-19 06:54:18,2026-03-19 09:33:51,"[]",187.992741136533,178.316543276713,860935989,collisions2026/v12,/cdaq/physics/Run2026/2e34/v1.0.1/HLT/V7,Run2026B,10
402116,11530,69,2026-03-19 09:47:02,2026-03-19 09:48:11,"[CSC, ECAL, GEM, HCAL, PIXEL]",0.0,0.0,109,cosmics2026/v20,/cdaq/cosmic/commissioning2026/v1.0.0/HLT/V2,Run2026B,4
402119,11530,44,2026-03-19 10:00:38,2026-03-19 10:01:22,"[CSC, ECAL, GEM, HCAL, PIXEL]",0.0,0.0,4936001,cosmics2026/v20,/cdaq/cosmic/commissioning2026/v1.0.0/HLT/V2,Run2026B,4
402120,11530,456,2026-03-19 10:04:35,2026-03-19 10:12:11,"[CSC, GEM, HCAL, PIXEL]",0.0,0.0,50377570,cosmics2026/v20,/cdaq/cosmic/commissioning2026/v1.0.0/HLT/V2,Run2026B,4
402123,11530,236,2026-03-19 10:16:13,2026-03-19 10:20:09,"[CSC, GEM, HCAL, PIXEL]",1.318998E-6,7.2323E-8,113477,circulating2026/v4,/cdaq/circulating/2026/v1.0.0/HLT/V1,Run2026B,11
402128,11530,271,2026-03-19 10:38:35,2026-03-19 10:43:06,"[CSC, HCAL, PIXEL]",0.0,0.0,133961,circulating2026/v4,/cdaq/circulating/2026/v1.0.0/HLT/V1,Run2026B,11
402131,11530,739,2026-03-19 10:49:36,2026-03-19 11:01:55,"[CSC]",0.0,0.0,372034,circulating2026/v4,/cdaq/circulating/2026/v1.0.0/HLT/V1,Run2026B,11
402134,11530,181,2026-03-19 11:04:19,2026-03-19 11:07:20,"[]",,,,circulating2026/v4,/cdaq/circulating/2026/v1.0.0/HLT/V1,Run2026B,
402135,11530,1307,2026-03-19 11:09:41,2026-03-19 11:31:28,"[]",0.0,0.0,631721,circulating2026/v4,/cdaq/circulating/2026/v1.0.0/HLT/V1,Run2026B,11
402136,11531,2280,2026-03-19 11:35:11,2026-03-19 12:13:11,"[]",0.0,0.0,241758402,cosmics2026/v20,/cdaq/cosmic/commissioning2026/v1.0.0/HLT/V2,Run2026B,4
402137,11531,661,2026-03-19 12:16:14,2026-03-19 12:27:15,"[CSC]",0.0,0.0,70536975,cosmics2026/v20,/cdaq/cosmic/commissioning2026/v1.0.0/HLT/V2,Run2026B,4
402139,11531,3346,2026-03-19 12:30:47,2026-03-19 13:26:33,"[]",0.0,0.0,1664853,circulating2026/v4,/cdaq/circulating/2026/v1.0.0/HLT/V1,Run2026B,11
402140,11531,4451,2026-03-19 13:48:48,2026-03-19 15:02:59,"[]",0.0,0.0,460123953,cosmics2026/v20,/cdaq/cosmic/commissioning2026/v1.0.0/HLT/V2,Run2026B,4
402141,11532,4198,2026-03-19 15:07:28,2026-03-19 16:17:26,"[]",0.268130133987,0.0,2124818,circulating2026/v4,/cdaq/circulating/2026/v1.0.0/HLT/V1,Run2026B,11
402143,11532,20491,2026-03-19 16:26:19,2026-03-19 22:07:50,"[]",447.506688632477,418.961115281397,2016612370,collisions2026/v12,/cdaq/physics/Run2026/2e34/v1.0.1/HLT/V7,Run2026B,0
402144,11532,24664,2026-03-19 22:11:11,2026-03-20 05:02:15,"[]",490.423421177796,467.855249719213,2415883562,collisions2026/v12,/cdaq/physics/Run2026/2e34/v1.0.1/HLT/V7,Run2026B,10
402146,11532,1472,2026-03-20 05:09:05,2026-03-20 05:33:37,"[]",0.0,0.0,148615193,cosmics2026/v20,/cdaq/cosmic/commissioning2026/v1.0.0/HLT/V2,Run2026B,4
402147,11532,2593,2026-03-20 05:38:16,2026-03-20 06:21:29,"[]",0.0,0.0,291863786,cosmics2026/v20,/cdaq/cosmic/commissioning2026/v1.0.0/HLT/V2,Run2026B,16
402148,11532,2416,2026-03-20 06:24:45,2026-03-20 07:05:01,"[ECAL]",0.0,0.0,268349040,cosmics2026/v20,/cdaq/cosmic/commissioning2026/v1.0.0/HLT/V2,Run2026B,4
402151,11532,1630,2026-03-20 07:09:51,2026-03-20 07:37:01,"[CSC]",0.0,0.0,181278975,cosmics2026/v20,/cdaq/cosmic/commissioning2026/v1.0.0/HLT/V2,Run2026B,4
402152,11533,1342,2026-03-20 07:40:02,2026-03-20 08:02:24,"[CSC, PIXEL]",0.0,0.0,149399063,cosmics2026/v20,/cdaq/cosmic/commissioning2026/v1.0.0/HLT/V2,Run2026B,4
402154,11533,1574,2026-03-20 08:06:40,2026-03-20 08:32:54,"[CSC, GEM, HCAL, PIXEL]",0.0,0.0,175790036,cosmics2026/v20,/cdaq/cosmic/commissioning2026/v1.0.0/HLT/V2,Run2026B,4
402155,11533,683,2026-03-20 08:36:55,2026-03-20 08:48:18,"[CSC, HCAL, PIXEL]",0.0,0.0,75327115,cosmics2026/v20,/cdaq/cosmic/commissioning2026/v1.0.0/HLT/V2,Run2026B,4
402157,11533,537,2026-03-20 08:55:26,2026-03-20 09:04:23,"[CSC, HCAL, PIXEL]",0.0,0.0,58446403,cosmics2026/v20,/cdaq/cosmic/commissioning2026/v1.0.0/HLT/V2,Run2026B,4
402160,11533,936,2026-03-20 09:09:34,2026-03-20 09:25:10,"[CSC, HCAL, PIXEL]",0.0,0.0,773406,collisions2026/v13,/cdaq/physics/Run2026/2e34/v1.0.1/HLT/V9,Run2026B,3
402163,11534,503,2026-03-20 09:29:23,2026-03-20 09:37:46,"[CSC, PIXEL]",0.0,0.0,334178,collisions2026/v13,/cdaq/physics/Run2026/2e34/v1.0.1/HLT/V9,Run2026B,0
402165,11534,82,2026-03-20 09:41:12,2026-03-20 09:42:34,"[CSC, PIXEL]",0.0,0.0,1792,cosmics2026/v20,/cdaq/cosmic/commissioning2026/v1.0.0/HLT/V2,Run2026B,4
402166,11534,265,2026-03-20 09:46:32,2026-03-20 09:50:57,"[CSC, PIXEL]",0.0,0.0,29138283,cosmics2026/v20,/cdaq/cosmic/commissioning2026/v1.0.0/HLT/V2,Run2026B,4
402167,11534,90,2026-03-20 09:54:26,2026-03-20 09:55:56,"[PIXEL]",0.0,0.0,9147436,cosmics2026/v20,/cdaq/cosmic/commissioning2026/v1.0.0/HLT/V2,Run2026B,4
402168,11534,14144,2026-03-20 09:59:39,2026-03-20 13:55:23,"[]",0.0,0.0,1601669297,cosmics2026/v20,/cdaq/cosmic/commissioning2026/v1.0.0/HLT/V2,Run2026B,6
402170,11534,4251,2026-03-20 14:13:57,2026-03-20 15:24:48,"[]",0.0,0.0,2187665,circulating2026/v4,/cdaq/circulating/2026/v1.0.0/HLT/V1,Run2026B,9
402171,11534,13378,2026-03-20 15:30:48,2026-03-20 19:13:46,"[]",274.436730372686,257.208602286903,1235298100,collisions2026/v13,/cdaq/physics/Run2026/2e34/v1.0.1/HLT/V9,Run2026B,3
402172,11534,634,2026-03-20 19:16:43,2026-03-20 19:27:17,"[]",17.595635134065,12.895561438941,61600918,collisions2026/v14,/cdaq/physics/Run2026/2e34/v1.0.1/HLT/V9,Run2026B,3
402173,11534,16685,2026-03-20 19:30:03,2026-03-21 00:08:07,"[]",370.811624492731,343.509882991163,1645525291,collisions2026/v14,/cdaq/physics/Run2026/2e34/v1.0.1/HLT/V9,Run2026B,3
402174,11534,22384,2026-03-21 00:10:54,2026-03-21 06:23:58,"[]",408.785092995747,391.988897542412,2179471302,collisions2026/v14,/cdaq/physics/Run2026/2e34/v1.0.1/HLT/V9,Run2026B,3
402175,11535,193,2026-03-21 06:31:16,2026-03-21 06:34:29,"[CSC, CTPPS, GEM, PIXEL]",0.0,0.0,20438784,cosmics2026/v21,/cdaq/cosmic/commissioning2026/v1.0.0/HLT/V2,Run2026B,4
402176,11535,820,2026-03-21 06:38:42,2026-03-21 06:52:22,"[CSC, CTPPS_TOT, GEM, PIXEL]",0.0,0.0,86680506,cosmics2026/v21,/cdaq/cosmic/commissioning2026/v1.0.0/HLT/V2,Run2026B,14
402179,11535,34,2026-03-21 06:55:31,2026-03-21 06:56:05,"[CSC, GEM, PIXEL]",0.0,0.0,3877012,cosmics2026/v21,/cdaq/cosmic/commissioning2026/v1.0.0/HLT/V2,Run2026B,14
402180,11535,1146,2026-03-21 07:00:54,2026-03-21 07:20:00,"[CSC, PIXEL]",0.0,0.0,129776357,cosmics2026/v21,/cdaq/cosmic/commissioning2026/v1.0.0/HLT/V2,Run2026B,4
402181,11535,3578,2026-03-21 07:22:43,2026-03-21 08:22:21,"[CSC]",0.0,0.0,401024722,cosmics2026/v21,/cdaq/cosmic/commissioning2026/v1.0.0/HLT/V2,Run2026B,14
402182,11535,56,2026-03-21 08:27:59,2026-03-21 08:28:55,"[CSC]",0.0,0.0,22367,circulating2026/v5,/cdaq/circulating/2026/v1.0.0/HLT/V1,Run2026B,11
402183,11535,2189,2026-03-21 08:32:25,2026-03-21 09:08:54,"[]",0.0,0.0,1093116,circulating2026/v5,/cdaq/circulating/2026/v1.0.0/HLT/V1,Run2026B,11
402184,11535,650,2026-03-21 09:17:37,2026-03-21 09:28:27,"[HCAL]",4.279387E-4,3.11218446E-4,308520,circulating2026/v5,/cdaq/circulating/2026/v1.0.0/HLT/V1,Run2026B,11
402186,11535,821,2026-03-21 09:32:21,2026-03-21 09:46:02,"[HCAL]",1.61004306E-4,1.60536724E-4,423158,circulating2026/v5,/cdaq/circulating/2026/v1.0.0/HLT/V1,Run2026B,11
402189,11535,1572,2026-03-21 09:52:57,2026-03-21 10:19:09,"[]",16.920456814279,16.029900564313,77174659,collisions2026/v14,/cdaq/physics/Run2026/2e34/v1.0.1/HLT/V9,Run2026B,0
402190,11535,1453,2026-03-21 10:23:02,2026-03-21 10:47:15,"[]",0.0,0.0,162855643,cosmics2026/v21,/cdaq/cosmic/commissioning2026/v1.0.0/HLT/V2,Run2026B,4
402191,11535,8858,2026-03-21 10:50:57,2026-03-21 13:18:35,"[HCAL]",0.0,0.0,998928264,cosmics2026/v21,/cdaq/cosmic/commissioning2026/v1.0.0/HLT/V2,Run2026B,4
402194,11535,91,2026-03-21 13:32:06,2026-03-21 13:33:37,"[HCAL]",,,,cosmics2026/v21,,Run2026B,
402195,11535,1820,2026-03-21 13:35:52,2026-03-21 14:06:12,"[HCAL]",0.0,0.0,205282490,cosmics2026/v21,/cdaq/cosmic/commissioning2026/v1.0.0/HLT/V2,Run2026B,4
402196,11535,4334,2026-03-21 14:14:24,2026-03-21 15:26:38,"[]",0.0,0.0,464051173,cosmics2026/v21,/cdaq/cosmic/commissioning2026/v1.0.0/HLT/V2,Run2026B,4
402198,11536,5050,2026-03-21 15:36:25,2026-03-21 17:00:35,"[]",0.0,0.0,2575522,circulating2026/v5,/cdaq/circulating/2026/v1.0.0/HLT/V1,Run2026B,1
402200,11537,12212,2026-03-21 17:08:33,2026-03-21 20:32:05,"[]",0.0,0.0,1377561875,cosmics2026/v21,/cdaq/cosmic/commissioning2026/v1.0.0/HLT/V2,Run2026B,4
402201,11538,270,2026-03-21 20:42:09,2026-03-21 20:46:39,"[PIXEL]",0.0,0.0,134985,circulating2026/v5,/cdaq/circulating/2026/v1.0.0/HLT/V1,Run2026B,1
402202,11538,3729,2026-03-21 20:50:41,2026-03-21 21:52:50,"[]",0.0,0.0,1886336,circulating2026/v5,/cdaq/circulating/2026/v1.0.0/HLT/V1,Run2026B,1
402203,11538,4994,2026-03-21 21:58:28,2026-03-21 23:21:42,"[]",0.0,0.0,554214919,cosmics2026/v21,/cdaq/cosmic/commissioning2026/v1.0.0/HLT/V2,Run2026B,4
402204,11539,2531,2026-03-21 23:38:49,2026-03-22 00:21:00,"[]",0.0,0.0,1254456,circulating2026/v5,/cdaq/circulating/2026/v1.0.0/HLT/V1,Run2026B,11
402205,11539,31416,2026-03-22 00:40:26,2026-03-22 09:24:02,"[]",689.268175716497,638.461256505456,3062750549,collisions2026/v14,/cdaq/physics/Run2026/2e34/v1.0.1/HLT/V9,Run2026B,0
402206,11539,7611,2026-03-22 09:31:11,2026-03-22 11:38:02,"[]",170.545640674099,157.508027430508,745888449,collisions2026/v14,/cdaq/physics/Run2026/2e34/v1.0.1/HLT/V9,Run2026B,3
402207,11539,11282,2026-03-22 11:41:20,2026-03-22 14:49:22,"[]",192.13587268644,182.92455558492,1099858674,collisions2026/v14,/cdaq/physics/Run2026/2e34/v1.0.1/HLT/V9,Run2026B,4
402208,11541,883,2026-03-22 14:59:37,2026-03-22 15:14:20,"[CSC, CTPPS_TOT, GEM, HCAL]",0.0,0.0,85639164,cosmics2026/v21,/cdaq/cosmic/commissioning2026/v1.0.0/HLT/V2,Run2026B,4
402216,11541,1722,2026-03-22 15:36:51,2026-03-22 16:05:33,"[CSC]",0.0,0.0,881319,circulating2026/v5,/cdaq/circulating/2026/v1.0.0/HLT/V1,Run2026B,1
402218,11541,25,2026-03-22 16:09:37,2026-03-22 16:10:02,"[CSC, PIXEL]",0.0,0.0,9511,circulating2026/v5,/cdaq/circulating/2026/v1.0.0/HLT/V1,Run2026B,11
402219,11541,843,2026-03-22 16:13:43,2026-03-22 16:27:46,"[PIXEL]",0.0,0.0,431637,circulating2026/v5,/cdaq/circulating/2026/v1.0.0/HLT/V1,Run2026B,11
402220,11541,680,2026-03-22 16:32:06,2026-03-22 16:43:26,"[]",1.1464204E-5,0.0,372152,circulating2026/v5,/cdaq/circulating/2026/v1.0.0/HLT/V1,Run2026B,11
402221,11541,38239,2026-03-22 16:47:16,2026-03-23 03:24:35,"[]",824.131356024386,771.949663098657,3628315505,collisions2026/v14,/cdaq/physics/Run2026/2e34/v1.0.1/HLT/V9,Run2026B,3
402222,11541,16544,2026-03-23 03:27:45,2026-03-23 08:03:29,"[]",266.360694828972,253.902590951645,1527796438,collisions2026/v14,/cdaq/physics/Run2026/2e34/v1.0.1/HLT/V9,Run2026B,3
402223,11541,379,2026-03-23 08:12:52,2026-03-23 08:19:11,"[ECAL, GEM, HCAL, PIXEL]",0.0,0.0,383349,cosmics2026/v21,/cdaq/cosmic/commissioning2026/v1.0.0/HLT/V2,Run2026B,4
402225,11542,744,2026-03-23 08:24:54,2026-03-23 08:37:18,"[CSC, ECAL, GEM, HCAL, PIXEL, RPC]",0.0,0.0,443011,cosmics2026/v21,/cdaq/cosmic/commissioning2026/v1.0.0/HLT/V2,Run2026B,4
402229,11542,1161,2026-03-23 08:41:31,2026-03-23 09:00:52,"[CSC, ECAL, GEM, HCAL, RPC]",4.51673E-7,0.0,604129,cosmics2026/v21,/cdaq/cosmic/commissioning2026/v1.0.0/HLT/V2,Run2026B,4
402235,11542,147,2026-03-23 09:06:05,2026-03-23 09:08:32,"[CSC, ECAL, GEM, HCAL, RPC]",,,,circulating2026/v5,,Run2026B,
402236,11542,1393,2026-03-23 09:10:31,2026-03-23 09:33:44,"[CSC, ECAL, GEM, RPC]",,,,circulating2026/v5,,Run2026B,
402239,11542,596,2026-03-23 09:35:52,2026-03-23 09:45:48,"[RPC]",,,,circulating2026/v5,/cdaq/circulating/2026/v1.0.0/HLT/V1,Run2026B,
402240,11542,151,2026-03-23 09:50:31,2026-03-23 09:53:02,"[RPC]",0.0,0.0,63868,circulating2026/v5,/cdaq/circulating/2026/v1.0.0/HLT/V1,Run2026B,11
402241,11542,129,2026-03-23 09:57:58,2026-03-23 10:00:07,"[]",,,,circulating2026/v5,,Run2026B,
402242,11542,822,2026-03-23 10:02:02,2026-03-23 10:15:44,"[]",0.961414222969,0.0,449659,circulating2026/v5,/cdaq/circulating/2026/v1.0.0/HLT/V1,Run2026B,11
402243,11542,7212,2026-03-23 10:20:46,2026-03-23 12:20:57,"[]",156.707796493162,143.501860220521,658818773,collisions2026/v14,/cdaq/physics/Run2026/2e34/v1.0.1/HLT/V9,Run2026B,0
402244,11542,46465,2026-03-23 12:23:38,2026-03-24 01:18:03,"[]",975.284166433717,925.752685636933,4649443220,collisions2026/v14,/cdaq/physics/Run2026/2e34/v1.0.1/HLT/V9,Run2026B,3
402245,11543,1375,2026-03-24 01:25:15,2026-03-24 01:48:10,"[RPC]",0.0,0.0,141736444,cosmics2026/v21,/cdaq/cosmic/commissioning2026/v1.0.0/HLT/V2,Run2026B,4
402246,11543,3099,2026-03-24 02:18:26,2026-03-24 03:10:05,"[]",8.063024E-6,0.0,1583645,circulating2026/v5,/cdaq/circulating/2026/v1.0.0/HLT/V1,Run2026B,11
402247,11543,43637,2026-03-24 03:15:52,2026-03-24 15:23:09,"[]",934.393473762495,888.336892420934,4123530783,collisions2026/v15,/cdaq/physics/Run2026/2e34/v1.0.1/HLT/V9,Run2026B,0
402248,11543,720,2026-03-24 15:25:56,2026-03-24 15:37:56,"[]",15.909994454236,10.75224040862,22118729,collisions2026/v16,/cdaq/physics/Run2026/2e34/v1.0.1/HLT/V9,Run2026B,0
402249,11543,618,2026-03-24 15:39:48,2026-03-24 15:50:06,"[]",10.866454725239,9.485095252077,49806063,collisions2026/v16,/cdaq/physics/Run2026/2e34/v1.0.1/HLT/V9,Run2026B,5
402256,11544,329,2026-03-24 16:59:21,2026-03-24 17:04:49,"[]",0.0,0.0,17592630,cosmics2026/v23,/cdaq/cosmic/commissioning2026/v1.0.0/HLT/V2,Run2026B,4
402259,11544,269,2026-03-24 17:07:52,2026-03-24 17:12:21,"[]",0.0,0.0,126939,circulating2026/v7,/cdaq/circulating/2026/v1.0.0/HLT/V1,Run2026B,11
402260,11544,314,2026-03-24 17:15:43,2026-03-24 17:20:57,"[]",0.0,0.0,167950,collisions2026/v17,/cdaq/physics/Run2026/2e34/v1.0.1/HLT/V9,Run2026B,3
402261,11544,3673,2026-03-24 17:23:30,2026-03-24 18:24:43,"[]",0.0,0.0,1885305,circulating2026/v7,/cdaq/circulating/2026/v1.0.0/HLT/V1,Run2026B,11
402262,11544,17214,2026-03-24 18:27:49,2026-03-24 23:14:43,"[]",380.311150461561,327.080290184927,1629750156,collisions2026/v17,/cdaq/physics/Run2026/2e34/v1.0.1/HLT/V9,Run2026B,3
402263,11544,12758,2026-03-24 23:21:46,2026-03-25 02:54:24,"[]",278.123319928574,264.481489833228,1312828173,collisions2026/v17,/cdaq/physics/Run2026/2e34/v1.0.1/HLT/V9,Run2026B,3
402265,11545,1364,2026-03-25 03:02:23,2026-03-25 03:25:07,"[]",0.0,0.0,147411257,cosmics2026/v23,/cdaq/cosmic/commissioning2026/v1.0.0/HLT/V2,Run2026B,4
402266,11545,4083,2026-03-25 03:42:02,2026-03-25 04:50:05,"[]",0.0,0.0,2090813,circulating2026/v7,/cdaq/circulating/2026/v1.0.0/HLT/V1,Run2026B,11
402267,11545,3670,2026-03-25 04:56:44,2026-03-25 05:57:54,"[]",0.0,0.0,411995238,cosmics2026/v23,/cdaq/cosmic/commissioning2026/v1.0.0/HLT/V2,Run2026B,4
402268,11546,517,2026-03-25 06:09:12,2026-03-25 06:17:49,"[CSC, GEM, HCAL, PIXEL]",0.0,0.0,244215,circulating2026/v7,/cdaq/circulating/2026/v1.0.0/HLT/V1,Run2026B,11
402273,11546,1298,2026-03-25 06:24:23,2026-03-25 06:46:01,"[CSC, GEM, HCAL]",0.0,0.0,1334316,collisions2026/v17,/cdaq/physics/Run2026/2e34/v1.0.1/HLT/V9,Run2026B,3
402278,11546,1841,2026-03-25 06:48:59,2026-03-25 07:19:40,"[CSC, GEM, HCAL]",0.0,0.0,205828383,cosmics2026/v23,/cdaq/cosmic/commissioning2026/v1.0.0/HLT/V2,Run2026B,4
402281,11547,1890,2026-03-25 07:21:24,2026-03-25 07:52:54,"[CSC, GEM, HCAL, TRACKER]",0.0,0.0,205038394,cosmics2026/v23,/cdaq/cosmic/commissioning2026/v1.0.0/HLT/V2,Run2026B,4
402288,11547,841,2026-03-25 07:54:30,2026-03-25 08:08:31,"[CSC, GEM, HCAL, PIXEL, TRACKER]",0.0,0.0,91953109,cosmics2026/v23,/cdaq/cosmic/commissioning2026/v1.0.0/HLT/V2,Run2026B,4
402289,11547,332,2026-03-25 08:11:01,2026-03-25 08:16:33,"[CSC, GEM, HCAL, PIXEL, RPC, TRACKER]",0.0,0.0,13793803,cosmics2026/v23,/cdaq/cosmic/commissioning2026/v1.0.0/HLT/V2,Run2026B,4
402290,11547,8502,2026-03-25 08:20:55,2026-03-25 10:42:37,"[CSC, DT, GEM, HCAL, PIXEL, RPC, TRACKER]",0.0,0.0,963923152,cosmics2026/v23,/cdaq/cosmic/commissioning2026/v1.0.0/HLT/V2,Run2026B,4
402312,11547,424,2026-03-25 10:46:10,2026-03-25 10:53:14,"[DT, GEM, HCAL, PIXEL, RPC, TRACKER]",0.0,0.0,45131628,cosmics2026/v24,/cdaq/cosmic/commissioning2026/v1.0.0/HLT/V2,Run2026B,4
402314,11547,129,2026-03-25 10:56:14,2026-03-25 10:58:23,"[DT, GEM, HCAL, PIXEL, RPC]",0.0,0.0,12645796,cosmics2026/v24,/cdaq/cosmic/commissioning2026/v1.0.0/HLT/V2,Run2026B,4
402316,11547,122,2026-03-25 11:00:52,2026-03-25 11:02:54,"[GEM, HCAL, PIXEL, RPC]",0.0,0.0,4934268,cosmics2026/v24,/cdaq/cosmic/commissioning2026/v1.0.0/HLT/V2,Run2026B,4
402318,11547,95,2026-03-25 11:06:29,2026-03-25 11:08:04,"[GEM, HCAL, PIXEL, RPC]",0.0,0.0,7830419,cosmics2026/v24,/cdaq/cosmic/commissioning2026/v1.0.0/HLT/V2,Run2026B,4
402319,11547,1182,2026-03-25 11:10:40,2026-03-25 11:30:22,"[HCAL, PIXEL, RPC]",0.0,0.0,131187571,cosmics2026/v24,/cdaq/cosmic/commissioning2026/v1.0.0/HLT/V2,Run2026B,4
402320,11547,288,2026-03-25 11:34:33,2026-03-25 11:39:21,"[PIXEL, RPC]",0.0,0.0,205397,collisions2026/v19,/cdaq/physics/Run2026/2e34/v1.0.1/HLT/V9,Run2026B,3
402321,11547,753,2026-03-25 11:42:20,2026-03-25 11:54:53,"[PIXEL, RPC]",0.0,0.0,56543010,cosmics2026/v24,/cdaq/cosmic/commissioning2026/v1.0.0/HLT/V2,Run2026B,4
402322,11547,195,2026-03-25 11:58:20,2026-03-25 12:01:35,"[PIXEL]",0.0,0.0,18522357,cosmics2026/v24,/cdaq/cosmic/commissioning2026/v1.0.0/HLT/V2,Run2026B,4
402323,11547,3670,2026-03-25 12:04:22,2026-03-25 13:05:32,"[]",0.0,0.0,408068691,cosmics2026/v24,/cdaq/cosmic/commissioning2026/v1.0.0/HLT/V2,Run2026B,4
402324,11547,1525,2026-03-25 13:08:01,2026-03-25 13:33:26,"[PIXEL]",0.0,0.0,162348550,cosmics2026/v24,/cdaq/cosmic/commissioning2026/v1.0.0/HLT/V2,Run2026B,6
402325,11547,5346,2026-03-25 13:36:03,2026-03-25 15:05:09,"[GEM, PIXEL]",0.0,0.0,608494511,cosmics2026/v24,/cdaq/cosmic/commissioning2026/v1.0.0/HLT/V2,Run2026B,4
402326,11547,13513,2026-03-25 15:07:55,2026-03-25 18:53:08,"[PIXEL]",0.0,0.0,1511407891,cosmics2026/v24,/cdaq/cosmic/commissioning2026/v1.0.0/HLT/V2,Run2026B,4
402327,11547,5988,2026-03-25 18:56:25,2026-03-25 20:36:14,"[]",0.0,0.0,636156275,cosmics2026/v24,/cdaq/cosmic/commissioning2026/v1.0.0/HLT/V2,Run2026B,6
402328,11549,4951,2026-03-25 20:39:17,2026-03-25 22:01:48,"[]",5.817375E-6,0.0,2507805,circulating2026/v8,/cdaq/circulating/2026/v1.0.0/HLT/V1,Run2026B,11
402329,11549,51,2026-03-25 22:06:45,2026-03-25 22:07:36,"[]",,,,collisions2026/v19,,Run2026B,
402330,11549,36241,2026-03-25 22:09:48,2026-03-26 08:13:49,"[]",770.07916583216,722.791989811025,3767701863,collisions2026/v19,/cdaq/physics/Run2026/2e34/v1.0.1/HLT/V9,Run2026B,3
402332,11549,74,2026-03-26 08:19:09,2026-03-26 08:20:23,"[DT]",,,,cosmics2026/v24,/cdaq/cosmic/commissioning2026/v1.0.0/HLT/V2,Run2026B,
402333,11549,190,2026-03-26 08:24:55,2026-03-26 08:28:05,"[CTPPS_TOT, DT]",0.0,0.0,11596548,cosmics2026/v24,/cdaq/cosmic/commissioning2026/v1.0.0/HLT/V2,Run2026B,4
402334,11549,45,2026-03-26 08:30:22,2026-03-26 08:31:07,"[CSC, CTPPS_TOT, DT]",0.0,0.0,2454974,cosmics2026/v24,/cdaq/cosmic/commissioning2026/v1.0.0/HLT/V2,Run2026B,4
402336,11549,942,2026-03-26 08:38:02,2026-03-26 08:53:44,"[CSC, CTPPS_TOT, GEM]",0.0,0.0,100279773,cosmics2026/v24,/cdaq/cosmic/commissioning2026/v1.0.0/HLT/V2,Run2026B,4
402338,11549,1039,2026-03-26 08:56:45,2026-03-26 09:14:04,"[CSC, CTPPS_TOT, ECAL, GEM]",0.0,0.0,112027579,cosmics2026/v24,/cdaq/cosmic/commissioning2026/v1.0.0/HLT/V2,Run2026B,4
402340,11549,852,2026-03-26 09:18:01,2026-03-26 09:32:13,"[CSC, ECAL, GEM, HCAL, PIXEL]",0.0,0.0,85479671,cosmics2026/v24,/cdaq/cosmic/commissioning2026/v1.0.0/HLT/V2,Run2026B,4
402342,11549,49,2026-03-26 09:34:14,2026-03-26 09:35:03,"[CSC, GEM, HCAL, PIXEL]",,,,cosmics2026/v24,,Run2026B,
402344,11549,361,2026-03-26 09:39:36,2026-03-26 09:45:37,"[CSC, HCAL, PIXEL]",0.0,0.0,39808378,cosmics2026/v24,/cdaq/cosmic/commissioning2026/v1.0.0/HLT/V2,Run2026B,4
402346,11549,788,2026-03-26 09:49:14,2026-03-26 10:02:22,"[CSC, HCAL]",0.0,0.0,82636231,cosmics2026/v24,/cdaq/cosmic/commissioning2026/v1.0.0/HLT/V2,Run2026B,4
402350,11549,1085,2026-03-26 10:05:28,2026-03-26 10:23:33,"[HCAL]",0.0,0.0,120102153,cosmics2026/v24,/cdaq/cosmic/commissioning2026/v1.0.0/HLT/V2,Run2026B,4
402354,11549,956,2026-03-26 10:26:20,2026-03-26 10:42:16,"[]",0.0,0.0,104256880,cosmics2026/v24,/cdaq/cosmic/commissioning2026/v1.0.0/HLT/V2,Run2026B,4
402355,11550,398,2026-03-26 10:44:38,2026-03-26 10:51:16,"[]",0.0,0.0,31456600,collisions2026/v20,/cdaq/physics/Run2026/2e34/v1.0.1/HLT/V10,Run2026B,3
402356,11550,1715,2026-03-26 10:54:43,2026-03-26 11:23:18,"[]",0.0,0.0,192047302,cosmics2026/v24,/cdaq/cosmic/commissioning2026/v1.0.0/HLT/V2,Run2026B,4
402357,11550,2709,2026-03-26 11:28:33,2026-03-26 12:13:42,"[]",0.0,0.0,1348144,circulating2026/v8,/cdaq/circulating/2026/v1.0.0/HLT/V1,Run2026B,11
402358,11550,869,2026-03-26 12:16:17,2026-03-26 12:30:46,"[]",0.96272531053,0.0,468882,circulating2026/v8,/cdaq/circulating/2026/v1.0.0/HLT/V1,Run2026B,11
402360,11550,18661,2026-03-26 12:36:54,2026-03-26 17:47:55,"[]",402.766169583395,381.47770481212,1861179958,collisions2026/v20,/cdaq/physics/Run2026/2e34/v1.0.1/HLT/V10,Run2026B,3
402361,11550,1090,2026-03-26 17:55:23,2026-03-26 18:13:33,"[HCAL]",0.0,0.0,117780982,cosmics2026/v24,/cdaq/cosmic/commissioning2026/v1.0.0/HLT/V2,Run2026B,4
402365,11550,1748,2026-03-26 18:16:21,2026-03-26 18:45:29,"[HCAL, PIXEL]",0.0,0.0,195036011,cosmics2026/v24,/cdaq/cosmic/commissioning2026/v1.0.0/HLT/V2,Run2026B,6
402366,11551,2428,2026-03-26 18:49:35,2026-03-26 19:30:03,"[]",0.0,0.0,255794786,cosmics2026/v24,/cdaq/cosmic/commissioning2026/v1.0.0/HLT/V2,Run2026B,4
402367,11551,3654,2026-03-26 19:35:02,2026-03-26 20:35:56,"[]",0.0,0.0,1858843,circulating2026/v8,/cdaq/circulating/2026/v1.0.0/HLT/V1,Run2026B,11
402368,11551,2557,2026-03-26 20:41:39,2026-03-26 21:24:16,"[]",45.635713568741,37.702422861094,182858511,collisions2026/v20,/cdaq/physics/Run2026/2e34/v1.0.1/HLT/V10,Run2026B,3
402369,11551,67,2026-03-26 21:27:06,2026-03-26 21:28:13,"[]",4.67972827081,0.343207147072,1687371,collisions2026/v20,/cdaq/physics/Run2026/2e34/v1.0.1/HLT/V10,Run2026B,3
402370,11551,159,2026-03-26 21:30:46,2026-03-26 21:33:25,"[]",7.848879459459,0.814604297499,3875346,collisions2026/v20,/cdaq/physics/Run2026/2e34/v1.0.1/HLT/V10,Run2026B,3
402371,11551,4319,2026-03-26 21:36:47,2026-03-26 22:48:46,"[]",103.54212196299,88.379339278892,433438678,collisions2026/v20,/cdaq/physics/Run2026/2e34/v1.0.1/HLT/V10,Run2026B,3
402372,11551,33009,2026-03-26 22:55:34,2026-03-27 08:05:43,"[]",716.980481655757,679.204578881899,3326825599,collisions2026/v20,/cdaq/physics/Run2026/2e34/v1.0.1/HLT/V10,Run2026B,3
402373,11552,456,2026-03-27 08:21:45,2026-03-27 08:29:21,"[GEM, HCAL, RPC]",0.0,0.0,48365292,cosmics2026/v24,/cdaq/cosmic/commissioning2026/v1.0.0/HLT/V2,Run2026B,4
402375,11552,150,2026-03-27 08:32:12,2026-03-27 08:34:42,"[ECAL, GEM, HCAL, RPC]",0.0,0.0,15195368,cosmics2026/v24,/cdaq/cosmic/commissioning2026/v1.0.0/HLT/V2,Run2026B,4
402377,11552,980,2026-03-27 08:37:26,2026-03-27 08:53:46,"[CSC, ECAL, GEM, HCAL, RPC]",0.0,0.0,100484077,cosmics2026/v24,/cdaq/cosmic/commissioning2026/v1.0.0/HLT/V2,Run2026B,4
402381,11552,1882,2026-03-27 08:55:42,2026-03-27 09:27:04,"[CSC, ECAL, GEM, HCAL, PIXEL, RPC]",0.0,0.0,210230936,cosmics2026/v24,/cdaq/cosmic/commissioning2026/v1.0.0/HLT/V2,Run2026B,4
402384,11552,266,2026-03-27 09:30:31,2026-03-27 09:34:57,"[CSC, ECAL, GEM, HCAL, RPC]",0.0,0.0,26626656,cosmics2026/v24,/cdaq/cosmic/commissioning2026/v1.0.0/HLT/V2,Run2026B,4
402386,11552,338,2026-03-27 09:37:34,2026-03-27 09:43:12,"[CSC, ECAL, GEM, RPC]",0.0,0.0,0,cosmics2026/v24,/cdaq/cosmic/commissioning2026/v1.0.0/HLT/V2,Run2026B,4
402387,11552,106,2026-03-27 09:46:41,2026-03-27 09:48:27,"[CSC, ECAL, GEM, RPC]",0.0,0.0,10363804,cosmics2026/v24,/cdaq/cosmic/commissioning2026/v1.0.0/HLT/V2,Run2026B,4
402388,11552,290,2026-03-27 09:51:38,2026-03-27 09:56:28,"[CSC, ECAL, GEM, RPC]",0.0,0.0,133334,circulating2026/v9,/cdaq/circulating/2026/v1.1.0/HLT/V1,Run2026B,11
402389,11552,42,2026-03-27 09:58:28,2026-03-27 09:59:10,"[CSC, ECAL, GEM, RPC]",,,,cosmics2026/v24,,Run2026B,
402390,11552,329,2026-03-27 10:01:11,2026-03-27 10:06:40,"[CSC, ECAL, GEM, RPC]",0.0,0.0,29959608,cosmics2026/v24,/cdaq/cosmic/commissioning2026/v1.0.0/HLT/V2,Run2026B,4
402391,11552,34,2026-03-27 10:09:30,2026-03-27 10:10:04,"[CSC, GEM, RPC]",0.0,0.0,,cosmics2026/v24,/cdaq/cosmic/commissioning2026/v1.0.0/HLT/V2,Run2026B,4
402392,11552,218,2026-03-27 10:13:10,2026-03-27 10:16:48,"[CSC, RPC]",0.0,0.0,17533307,cosmics2026/v24,/cdaq/cosmic/commissioning2026/v1.0.0/HLT/V2,Run2026B,4
402393,11552,303,2026-03-27 10:20:23,2026-03-27 10:25:26,"[CSC]",0.0,0.0,30075543,cosmics2026/v24,/cdaq/cosmic/commissioning2026/v1.0.0/HLT/V2,Run2026B,4
402394,11552,1476,2026-03-27 10:28:03,2026-03-27 10:52:39,"[]",0.0,0.0,161380651,cosmics2026/v24,/cdaq/cosmic/commissioning2026/v1.0.0/HLT/V2,Run2026B,4
402395,11552,277,2026-03-27 10:56:09,2026-03-27 11:00:46,"[]",0.0,0.0,128974,collisions2026/v21,/cdaq/physics/Run2026/2e34/v1.1.0/HLT/V1,Run2026B,3
402396,11552,5503,2026-03-27 11:04:30,2026-03-27 12:36:13,"[]",1.438E-9,0.0,604886582,cosmics2026/v25,/cdaq/cosmic/commissioning2026/v1.1.0/HLT/V2,Run2026B,4
402398,11554,4205,2026-03-27 12:44:29,2026-03-27 13:54:34,"[]",5.775768E-6,0.0,2141299,circulating2026/v9,/cdaq/circulating/2026/v1.1.0/HLT/V1,Run2026B,11
402399,11554,825,2026-03-27 13:59:04,2026-03-27 14:12:49,"[]",15.396616901023,3.833188082573,18040056,collisions2026/v21,/cdaq/physics/Run2026/2e34/v1.1.0/HLT/V1,Run2026B,3
402400,11554,440,2026-03-27 14:15:53,2026-03-27 14:23:12,"[]",25.706290631851,7.284037531414,36015873,collisions2026/v21,/cdaq/physics/Run2026/2e34/v1.1.0/HLT/V1,Run2026B,3
402404,11554,465,2026-03-27 14:36:13,2026-03-27 14:43:58,"[]",14.249680429877,9.295618866001,15750413,collisions2026/v21,/cdaq/physics/Run2026/2e34/v1.1.0/HLT/V1,Run2026B,14
402412,11555,180,2026-03-27 15:23:02,2026-03-27 15:26:02,"[PIXEL]",0.0,0.0,4069108,cosmics2026/v25,/cdaq/cosmic/commissioning2026/v1.1.0/HLT/V2,Run2026B,4
402413,11555,824,2026-03-27 15:30:50,2026-03-27 15:44:34,"[]",1.53836E-7,0.0,377283,circulating2026/v9,/cdaq/circulating/2026/v1.1.0/HLT/V1,Run2026B,11
402416,11555,991,2026-03-27 15:48:34,2026-03-27 16:05:05,"[]",0.0,0.0,476977,circulating2026/v9,/cdaq/circulating/2026/v1.1.0/HLT/V1,Run2026B,11
402417,11555,769,2026-03-27 16:09:03,2026-03-27 16:21:52,"[RPC]",2.185816E-6,0.0,367620,circulating2026/v9,/cdaq/circulating/2026/v1.1.0/HLT/V1,Run2026B,11
402418,11555,648,2026-03-27 16:26:43,2026-03-27 16:37:31,"[]",0.0,0.0,344609,circulating2026/v9,/cdaq/circulating/2026/v1.1.0/HLT/V1,Run2026B,11
402419,11555,11284,2026-03-27 16:42:43,2026-03-27 19:50:47,"[]",236.278058251945,220.565441530009,1074347370,collisions2026/v21,/cdaq/physics/Run2026/2e34/v1.1.0/HLT/V1,Run2026B,1
402420,11555,118,2026-03-27 19:53:18,2026-03-27 19:55:16,"[]",7.47269175716,4.69828898E-4,2049,collisions2026/v21,/cdaq/physics/Run2026/2e34/v1.1.0/HLT/V1,Run2026B,3
402421,11555,96,2026-03-27 19:58:58,2026-03-27 20:00:34,"[]",7.715941627991,0.008573487369,41258,collisions2026/v21,/cdaq/physics/Run2026/2e34/v1.1.0/HLT/V1,Run2026B,3
402422,11555,76,2026-03-27 20:04:49,2026-03-27 20:06:04,"[]",4.607944285078,0.008502494434,41175,collisions2026/v21,/cdaq/physics/Run2026/2e34/v1.1.0/HLT/V1,Run2026B,3
402424,11555,16194,2026-03-27 20:08:19,2026-03-28 00:38:13,"[]",354.891176088821,338.397935931949,1637314101,collisions2026/v21,/cdaq/physics/Run2026/2e34/v1.1.0/HLT/V1,Run2026B,3
402428,11556,62,2026-03-28 01:37:36,2026-03-28 01:38:38,"[CTPPS, CTPPS_TOT, PIXEL]",,,,circulating2026/v9,/cdaq/circulating/2026/v1.1.0/HLT/V1,Run2026B,
402429,11556,89,2026-03-28 01:40:23,2026-03-28 01:41:52,"[CTPPS, CTPPS_TOT, PIXEL]",,,,circulating2026/v9,/cdaq/circulating/2026/v1.1.0/HLT/V1,Run2026B,
402430,11556,508,2026-03-28 01:44:43,2026-03-28 01:53:11,"[CTPPS, CTPPS_TOT, PIXEL]",0.0,0.0,246882,circulating2026/v9,/cdaq/circulating/2026/v1.1.0/HLT/V1,Run2026B,11
402432,11556,138,2026-03-28 02:04:07,2026-03-28 02:06:25,"[CTPPS, CTPPS_TOT, PIXEL]",0.0,0.0,60490,circulating2026/v9,/cdaq/circulating/2026/v1.1.0/HLT/V1,Run2026B,11
402433,11556,722,2026-03-28 02:10:12,2026-03-28 02:22:14,"[CTPPS, CTPPS_TOT]",0.0,0.0,347550,circulating2026/v9,/cdaq/circulating/2026/v1.1.0/HLT/V1,Run2026B,11
402434,11556,634,2026-03-28 02:25:19,2026-03-28 02:35:53,"[CTPPS, CTPPS_TOT]",0.0,0.0,352117,circulating2026/v9,/cdaq/circulating/2026/v1.1.0/HLT/V1,Run2026B,11
402435,11556,25965,2026-03-28 02:40:49,2026-03-28 09:53:34,"[CTPPS, CTPPS_TOT]",558.356855057269,532.128586447785,2601227919,collisions2026/v21,/cdaq/physics/Run2026/2e34/v1.1.0/HLT/V1,Run2026B,3
402436,11557,1099,2026-03-28 10:01:03,2026-03-28 10:19:22,"[CSC, CTPPS, CTPPS_TOT, GEM, HCAL]",0.0,0.0,73948826,cosmics2026/v25,/cdaq/cosmic/commissioning2026/v1.1.0/HLT/V2,Run2026B,4
402442,11557,244,2026-03-28 10:56:59,2026-03-28 11:01:03,"[CSC, CTPPS, CTPPS_TOT, GEM]",0.0,0.0,110080,circulating2026/v9,/cdaq/circulating/2026/v1.1.0/HLT/V1,Run2026B,11
402444,11557,2073,2026-03-28 11:05:01,2026-03-28 11:39:34,"[CSC, CTPPS, CTPPS_TOT]",1.031569E-6,0.0,1036902,circulating2026/v9,/cdaq/circulating/2026/v1.1.0/HLT/V1,Run2026B,11
402445,11557,1348,2026-03-28 11:43:25,2026-03-28 12:05:53,"[CTPPS, CTPPS_TOT]",3.657719541439,0.0,1488443,circulating2026/v9,/cdaq/circulating/2026/v1.1.0/HLT/V1,Run2026B,11
402446,11557,10062,2026-03-28 12:10:08,2026-03-28 14:57:50,"[CTPPS, CTPPS_TOT]",207.309846080017,195.752075718474,965477351,collisions2026/v21,/cdaq/physics/Run2026/2e34/v1.1.0/HLT/V1,Run2026B,3
402448,11558,747,2026-03-28 15:10:18,2026-03-28 15:22:45,"[CTPPS, CTPPS_TOT, HCAL, PIXEL]",0.0,0.0,80526628,cosmics2026/v25,/cdaq/cosmic/commissioning2026/v1.1.0/HLT/V2,Run2026B,4
402451,11558,57,2026-03-28 15:26:06,2026-03-28 15:27:03,"[CTPPS, CTPPS_TOT, PIXEL]",0.0,0.0,1432023,cosmics2026/v25,/cdaq/cosmic/commissioning2026/v1.1.0/HLT/V2,Run2026B,4
402452,11558,14,2026-03-28 15:34:46,2026-03-28 15:34:59,"[CTPPS, CTPPS_TOT]",0.0,0.0,,cosmics2026/v25,/cdaq/cosmic/commissioning2026/v1.1.0/HLT/V2,Run2026B,
402453,11558,4922,2026-03-28 15:38:31,2026-03-28 17:00:33,"[CTPPS, CTPPS_TOT]",92.439922704057,0.0,2713943,circulating2026/v9,/cdaq/circulating/2026/v1.1.0/HLT/V1,Run2026B,11
402456,11559,65,2026-03-28 18:20:37,2026-03-28 18:21:42,"[CTPPS, CTPPS_TOT]",4.811878143333,0.247139470007,1218664,collisions2026/v21,/cdaq/physics/Run2026/2e34/v1.1.0/HLT/V1,Run2026B,3
402457,11559,178,2026-03-28 18:24:16,2026-03-28 18:27:14,"[CTPPS, CTPPS_TOT]",2.915378752584,1.071878784465,5323582,collisions2026/v21,/cdaq/physics/Run2026/2e34/v1.1.0/HLT/V1,Run2026B,3
402458,11559,832,2026-03-28 18:32:08,2026-03-28 18:46:00,"[CTPPS, CTPPS_TOT]",0.0,0.0,86959240,cosmics2026/v25,/cdaq/cosmic/commissioning2026/v1.1.0/HLT/V2,Run2026B,4
402459,11559,140,2026-03-28 18:48:39,2026-03-28 18:50:58,"[CTPPS, CTPPS_TOT]",0.0,0.0,9476760,cosmics2026/v25,/cdaq/cosmic/commissioning2026/v1.1.0/HLT/V2,Run2026B,6
402460,11559,134,2026-03-28 18:53:26,2026-03-28 18:55:40,"[CTPPS, CTPPS_TOT]",0.0,0.0,10524274,cosmics2026/v25,/cdaq/cosmic/commissioning2026/v1.1.0/HLT/V2,Run2026B,6
402461,11559,3258,2026-03-28 18:59:48,2026-03-28 19:54:06,"[CTPPS, CTPPS_TOT]",0.0,0.0,361381776,cosmics2026/v25,/cdaq/cosmic/commissioning2026/v1.1.0/HLT/V2,Run2026B,6
402462,11559,131,2026-03-28 19:56:36,2026-03-28 19:58:47,"[CTPPS, CTPPS_TOT]",0.0,0.0,10370626,cosmics2026/v25,/cdaq/cosmic/commissioning2026/v1.1.0/HLT/V2,Run2026B,6
402463,11559,2683,2026-03-28 20:01:31,2026-03-28 20:46:14,"[CTPPS, CTPPS_TOT]",0.0,0.0,298748683,cosmics2026/v25,/cdaq/cosmic/commissioning2026/v1.1.0/HLT/V2,Run2026B,6
402464,11560,965,2026-03-28 21:00:30,2026-03-28 21:16:35,"[CTPPS, CTPPS_TOT]",0.0,0.0,453884,circulating2026/v9,/cdaq/circulating/2026/v1.1.0/HLT/V1,Run2026B,11
402465,11560,629,2026-03-28 21:20:16,2026-03-28 21:30:45,"[CTPPS, CTPPS_TOT, ES]",0.0,0.0,301318,circulating2026/v9,/cdaq/circulating/2026/v1.1.0/HLT/V1,Run2026B,11
402468,11560,477,2026-03-28 21:34:51,2026-03-28 21:42:48,"[CTPPS, CTPPS_TOT]",0.0,0.0,10536308,circulating2026/v9,/cdaq/circulating/2026/v1.1.0/HLT/V1,Run2026B,11
402469,11560,377,2026-03-28 22:03:17,2026-03-28 22:09:33,"[CTPPS, CTPPS_TOT]",6.415091052816,6.81536478E-4,4352,collisions2026/v21,/cdaq/physics/Run2026/2e34/v1.1.0/HLT/V1,Run2026B,3
402470,11560,173,2026-03-28 22:11:03,2026-03-28 22:13:56,"[CTPPS, CTPPS_TOT]",7.690484015293,0.0,0,collisions2026/v21,/cdaq/physics/Run2026/2e34/v1.1.0/HLT/V1,Run2026B,3
402471,11560,12087,2026-03-28 22:17:31,2026-03-29 01:38:58,"[CTPPS, CTPPS_TOT]",270.791199173613,249.973991544616,1240243321,collisions2026/v21,/cdaq/physics/Run2026/2e34/v1.1.0/HLT/V1,Run2026B,3
402472,11560,11844,2026-03-29 01:43:34,2026-03-29 05:00:57,"[CTPPS, CTPPS_TOT]",257.260747944567,243.475020327727,1202610025,collisions2026/v21,/cdaq/physics/Run2026/2e34/v1.1.0/HLT/V1,Run2026B,3
402474,11560,664,2026-03-29 05:16:42,2026-03-29 05:27:46,"[CSC, CTPPS, CTPPS_TOT, HCAL]",0.0,0.0,60027026,cosmics2026/v25,/cdaq/cosmic/commissioning2026/v1.1.0/HLT/V2,Run2026B,4
402476,11561,1767,2026-03-29 05:31:02,2026-03-29 06:00:29,"[CSC, CTPPS, CTPPS_TOT, HCAL]",0.0,0.0,195374021,cosmics2026/v25,/cdaq/cosmic/commissioning2026/v1.1.0/HLT/V2,Run2026B,4
402481,11561,2386,2026-03-29 06:03:42,2026-03-29 06:43:28,"[CSC, CTPPS, CTPPS_TOT, HCAL, RPC]",0.0,0.0,266666822,cosmics2026/v25,/cdaq/cosmic/commissioning2026/v1.1.0/HLT/V2,Run2026B,4
402485,11561,845,2026-03-29 06:47:41,2026-03-29 07:01:46,"[CSC, CTPPS, CTPPS_TOT]",0.0,0.0,88203467,cosmics2026/v25,/cdaq/cosmic/commissioning2026/v1.1.0/HLT/V2,Run2026B,4
402487,11561,117,2026-03-29 07:07:15,2026-03-29 07:09:12,"[CSC, CTPPS, CTPPS_TOT]",0.0,0.0,46132,circulating2026/v9,/cdaq/circulating/2026/v1.1.0/HLT/V1,Run2026B,11
402488,11561,3458,2026-03-29 07:13:41,2026-03-29 08:11:19,"[CTPPS, CTPPS_TOT]",0.0,0.0,1760509,circulating2026/v9,/cdaq/circulating/2026/v1.1.0/HLT/V1,Run2026B,11
402489,11562,919,2026-03-29 08:14:56,2026-03-29 08:30:15,"[CTPPS, CTPPS_TOT]",5.871608707312,0.0,499997,circulating2026/v9,/cdaq/circulating/2026/v1.1.0/HLT/V1,Run2026B,11
402490,11562,13334,2026-03-29 08:39:10,2026-03-29 12:21:24,"[CTPPS, CTPPS_TOT]",289.021903798556,274.691024468257,1354269354,collisions2026/v21,/cdaq/physics/Run2026/2e34/v1.1.0/HLT/V1,Run2026B,3
402494,11563,143,2026-03-29 13:13:45,2026-03-29 13:16:08,"[CTPPS, CTPPS_TOT, HCAL, PIXEL]",0.0,0.0,69363,circulating2026/v9,/cdaq/circulating/2026/v1.1.0/HLT/V1,Run2026B,11
402496,11563,27,2026-03-29 13:21:19,2026-03-29 13:21:46,"[CTPPS, CTPPS_TOT, PIXEL]",0.0,0.0,,circulating2026/v9,/cdaq/circulating/2026/v1.1.0/HLT/V1,Run2026B,11
402501,11563,281,2026-03-29 13:43:44,2026-03-29 13:48:25,"[CTPPS, CTPPS_TOT, PIXEL]",0.0,0.0,138704,circulating2026/v9,/cdaq/circulating/2026/v1.1.0/HLT/V1,Run2026B,11
402502,11563,2038,2026-03-29 13:52:32,2026-03-29 14:26:30,"[CTPPS, CTPPS_TOT]",0.0,0.0,976141,circulating2026/v9,/cdaq/circulating/2026/v1.1.0/HLT/V1,Run2026B,11
402503,11563,619,2026-03-29 14:31:06,2026-03-29 14:41:25,"[CTPPS, CTPPS_TOT]",0.0,0.0,763554,testinghlt/v85,/cdaq/physics/Run2026/2e34/v1.1.1/HLT/V1,Run2026B,1
402505,11563,3436,2026-03-29 14:45:04,2026-03-29 15:42:20,"[CTPPS, CTPPS_TOT]",4.990941220531,0.0,1724490,circulating2026/v9,/cdaq/circulating/2026/v1.1.0/HLT/V1,Run2026B,11
402507,11563,50,2026-03-29 16:00:44,2026-03-29 16:01:34,"[CTPPS, CTPPS_TOT, PIXEL]",0.0,0.0,20852,cosmics2026/v25,/cdaq/cosmic/commissioning2026/v1.1.0/HLT/V2,Run2026B,4
402508,11563,1216,2026-03-29 16:04:52,2026-03-29 16:25:08,"[CTPPS, CTPPS_TOT]",0.0,0.0,132430526,cosmics2026/v25,/cdaq/cosmic/commissioning2026/v1.1.0/HLT/V2,Run2026B,4
402510,11564,26,2026-03-29 16:32:34,2026-03-29 16:33:00,"[CTPPS, CTPPS_TOT]",0.0,0.0,,cosmics2026/v25,/cdaq/cosmic/commissioning2026/v1.1.0/HLT/V2,Run2026B,4
402511,11564,2766,2026-03-29 16:36:39,2026-03-29 17:22:45,"[CTPPS, CTPPS_TOT]",0.0,0.0,1388351,circulating2026/v9,/cdaq/circulating/2026/v1.1.0/HLT/V1,Run2026B,11
402512,11564,38999,2026-03-29 17:28:29,2026-03-30 04:18:28,"[CTPPS, CTPPS_TOT]",859.270881311502,800.795774284885,3936220242,collisions2026/v21,/cdaq/physics/Run2026/2e34/v1.1.0/HLT/V1,Run2026B,3
402513,11564,15481,2026-03-30 04:21:44,2026-03-30 08:39:45,"[CTPPS, CTPPS_TOT]",310.025056290635,295.012111555359,1540240033,collisions2026/v21,/cdaq/physics/Run2026/2e34/v1.1.0/HLT/V1,Run2026B,3
402523,11565,10,2026-03-30 09:25:02,2026-03-30 09:25:12,"[CSC, ECAL, ES, GEM, HCAL]",1.1684E-8,0.0,,circulating2026/v9,/cdaq/circulating/2026/v1.1.0/HLT/V1,Run2026C,11
402524,11565,58,2026-03-30 09:30:38,2026-03-30 09:31:36,"[CSC, ECAL, ES, GEM, HCAL, PIXEL]",0.0,0.0,23264,circulating2026/v9,/cdaq/circulating/2026/v1.1.0/HLT/V1,Run2026C,11
402526,11565,188,2026-03-30 09:36:57,2026-03-30 09:40:05,"[ECAL, ES, GEM, HCAL]",1.194343E-6,1.503E-8,90948,circulating2026/v9,/cdaq/circulating/2026/v1.1.0/HLT/V1,Run2026C,11
402529,11565,511,2026-03-30 09:44:41,2026-03-30 09:53:12,"[ECAL, ES, GEM, HCAL]",0.0,0.0,554683,collisions2026/v22,/cdaq/physics/Run2026/2e34/v1.1.1/HLT/V2,Run2026B,2
402530,11566,606,2026-03-30 10:02:40,2026-03-30 10:12:46,"[ECAL, ES, HCAL]",6.4226E-8,0.0,282559,circulating2026/v9,/cdaq/circulating/2026/v1.1.0/HLT/V1,Run2026C,11
402531,11566,992,2026-03-30 10:18:15,2026-03-30 10:34:47,"[ECAL, HCAL]",0.0,0.0,29298294,circulating2026/v9,/cdaq/circulating/2026/v1.1.0/HLT/V1,Run2026C,11
402532,11567,212,2026-03-30 10:41:58,2026-03-30 10:45:30,"[ECAL]",0.0,0.0,89933,circulating2026/v9,/cdaq/circulating/2026/v1.1.0/HLT/V1,Run2026C,11
402533,11567,1985,2026-03-30 10:49:42,2026-03-30 11:22:47,"[]",0.0,0.0,959897,circulating2026/v9,/cdaq/circulating/2026/v1.1.0/HLT/V1,Run2026C,11
402534,11568,236,2026-03-30 11:33:27,2026-03-30 11:37:23,"[]",0.0,0.0,107896,cosmics2026/v25,/cdaq/cosmic/commissioning2026/v1.1.0/HLT/V2,Run2026C,4
402535,11568,3296,2026-03-30 11:41:46,2026-03-30 12:36:42,"[]",5.554317033159,0.0,1673313,circulating2026/v9,/cdaq/circulating/2026/v1.1.0/HLT/V1,Run2026C,11
402536,11568,2682,2026-03-30 12:51:35,2026-03-30 13:36:17,"[]",4.747483906138,4.280110425544,196391726,collisions2026/v22,/cdaq/physics/Run2026/2e34/v1.1.1/HLT/V2,Run2026C,2
402537,11568,68677,2026-03-30 13:37:47,2026-03-31 08:42:25,"[]",117.786211547932,114.055407292876,5802422617,collisions2026/v23,/cdaq/physics/Run2026/2e34/v1.1.1/HLT/V4,Run2026C,4
402538,11568,35083,2026-03-31 08:45:32,2026-03-31 18:30:15,"[]",60.232447433512,58.359233227721,2986985778,collisions2026/v26,/cdaq/physics/Run2026/2e34/v1.1.1/HLT/V8,Run2026C,4
402539,11568,47231,2026-03-31 18:31:47,2026-04-01 07:38:57,"[]",80.856130761861,78.439448617837,4021720691,collisions2026/v27,/cdaq/physics/Run2026/2e34/v1.1.1/HLT/V9,Run2026C,4
402542,11569,8,2026-04-01 07:53:41,2026-04-01 07:53:49,"[CSC, CTPPS_TOT, HCAL]",0.0,0.0,,cosmics2026/v26,/cdaq/cosmic/commissioning2026/v1.1.0/HLT/V2,Run2026C,
402544,11569,143,2026-04-01 08:10:36,2026-04-01 08:12:59,"[CSC, CTPPS_TOT, DT, ES, GEM, HCAL]",,,11464688,cosmics2026/v26,/cdaq/cosmic/commissioning2026/v1.1.0/HLT/V2,Run2026C,4
402551,11569,357,2026-04-01 08:43:30,2026-04-01 08:49:27,"[CSC]",0.0,0.0,33870835,cosmics2026/v26,/cdaq/cosmic/commissioning2026/v1.1.0/HLT/V2,Run2026C,4
402557,11569,1626,2026-04-01 09:07:38,2026-04-01 09:34:44,"[]",0.0,0.0,803354,circulating2026/v10,/cdaq/circulating/2026/v1.1.0/HLT/V1,Run2026C,11
402558,11569,80,2026-04-01 09:43:43,2026-04-01 09:45:02,"[]",9.442615266151,0.0,32772,circulating2026/v10,/cdaq/circulating/2026/v1.1.0/HLT/V1,Run2026C,11
402560,11569,4840,2026-04-01 10:23:26,2026-04-01 11:44:07,"[]",13.718949076243,12.93806727934,380803255,collisions2026/v27,/cdaq/physics/Run2026/2e34/v1.1.1/HLT/V9,Run2026C,2
402561,11569,1450,2026-04-01 11:51:09,2026-04-01 12:15:19,"[]",0.0,0.0,157667740,cosmics2026/v26,/cdaq/cosmic/commissioning2026/v1.1.0/HLT/V2,Run2026C,4
402562,11570,3838,2026-04-01 12:31:04,2026-04-01 13:35:02,"[]",2.159365E-6,2.159365E-6,1935778,circulating2026/v10,/cdaq/circulating/2026/v1.1.0/HLT/V1,Run2026C,11
402563,11571,7763,2026-04-01 13:43:21,2026-04-01 15:52:44,"[]",0.0,0.0,869324834,cosmics2026/v26,/cdaq/cosmic/commissioning2026/v1.1.0/HLT/V2,Run2026C,4
402564,11571,4928,2026-04-01 15:56:02,2026-04-01 17:18:10,"[]",0.0,0.0,549941767,cosmics2026/v26,/cdaq/cosmic/commissioning2026/v1.1.0/HLT/V2,Run2026C,4
402565,11571,314,2026-04-01 17:20:18,2026-04-01 17:25:32,"[TRACKER]",0.0,0.0,32825114,cosmics2026/v26,/cdaq/cosmic/commissioning2026/v1.1.0/HLT/V2,Run2026C,4
402566,11571,1602,2026-04-01 17:28:35,2026-04-01 17:55:17,"[]",0.0,0.0,166575577,cosmics2026/v26,/cdaq/cosmic/commissioning2026/v1.1.0/HLT/V2,Run2026C,4
402567,11571,409,2026-04-01 17:57:13,2026-04-01 18:04:02,"[TRACKER]",0.0,0.0,42591950,cosmics2026/v26,/cdaq/cosmic/commissioning2026/v1.1.0/HLT/V2,Run2026C,4
402569,11571,7522,2026-04-01 18:09:21,2026-04-01 20:14:43,"[]",0.0,0.0,3707183,circulating2026/v10,/cdaq/circulating/2026/v1.1.0/HLT/V1,Run2026C,11
402570,11572,3593,2026-04-01 20:20:13,2026-04-01 21:20:06,"[]",8.349291459369,0.0,1823777,circulating2026/v10,/cdaq/circulating/2026/v1.1.0/HLT/V1,Run2026C,11
402574,11572,39067,2026-04-01 21:42:19,2026-04-02 08:33:26,"[]",67.025301439021,65.092208914584,3303958197,collisions2026/v27,/cdaq/physics/Run2026/2e34/v1.1.1/HLT/V9,Run2026C,2
402575,11572,21565,2026-04-02 08:34:50,2026-04-02 14:34:14,"[]",36.668729672293,35.643881426552,1814184131,collisions2026/v27,/cdaq/physics/Run2026/2e34/v1.1.1/HLT/V9,Run2026C,4
402577,11573,1991,2026-04-02 14:42:18,2026-04-02 15:15:29,"[CSC, CTPPS_TOT, ECAL, HCAL]",0.0,0.0,217584679,cosmics2026/v26,/cdaq/cosmic/commissioning2026/v1.1.0/HLT/V2,Run2026C,4
402586,11573,162,2026-04-02 15:18:46,2026-04-02 15:21:28,"[CSC, CTPPS_TOT, ECAL, GEM, HCAL]",0.0,0.0,13927499,cosmics2026/v26,/cdaq/cosmic/commissioning2026/v1.1.0/HLT/V2,Run2026C,4
402588,11573,81,2026-04-02 15:23:23,2026-04-02 15:24:44,"[CSC, CTPPS_TOT, GEM, HCAL]",,,,cosmics2026/v26,,Run2026C,
402590,11573,573,2026-04-02 15:26:51,2026-04-02 15:36:24,"[CSC, CTPPS_TOT, GEM, HCAL]",0.0,0.0,61559312,cosmics2026/v26,/cdaq/cosmic/commissioning2026/v1.1.0/HLT/V2,Run2026C,4
402593,11573,799,2026-04-02 15:39:02,2026-04-02 15:52:21,"[CSC, CTPPS_TOT, HCAL]",0.0,0.0,88081649,cosmics2026/v26,/cdaq/cosmic/commissioning2026/v1.1.0/HLT/V2,Run2026C,4
402594,11573,433,2026-04-02 15:56:03,2026-04-02 16:03:16,"[CSC]",0.0,0.0,43652814,cosmics2026/v26,/cdaq/cosmic/commissioning2026/v1.1.0/HLT/V2,Run2026C,4
402597,11573,415,2026-04-02 16:10:12,2026-04-02 16:17:07,"[CSC]",3.3114E-8,0.0,193954,circulating2026/v10,/cdaq/circulating/2026/v1.1.0/HLT/V1,Run2026C,11
402598,11573,1556,2026-04-02 16:20:33,2026-04-02 16:46:29,"[]",4.594623121297,0.0,765713,circulating2026/v10,/cdaq/circulating/2026/v1.1.0/HLT/V1,Run2026C,11
402601,11573,34449,2026-04-02 17:18:34,2026-04-03 02:52:43,"[]",67.613844978445,61.452063964167,2719237109,collisions2026/v27,/cdaq/physics/Run2026/2e34/v1.1.1/HLT/V9,Run2026C,1
402602,11573,499,2026-04-03 02:55:43,2026-04-03 03:04:02,"[TRACKER]",1.251341064338,0.808960364409,38874138,collisions2026/v27,/cdaq/physics/Run2026/2e34/v1.1.1/HLT/V9,Run2026C,4
402603,11573,55091,2026-04-03 03:07:52,2026-04-03 18:26:03,"[]",95.85281085355,92.296709134972,4541201594,collisions2026/v27,/cdaq/physics/Run2026/2e34/v1.1.1/HLT/V9,Run2026C,4
402604,11573,38704,2026-04-03 18:36:38,2026-04-04 05:21:42,"[]",66.426929938188,64.699813224434,3165636789,collisions2026/v27,/cdaq/physics/Run2026/2e34/v1.1.1/HLT/V9,Run2026C,4
402606,11574,475,2026-04-04 05:29:48,2026-04-04 05:37:43,"[CSC]",0.0,0.0,39659729,cosmics2026/v26,/cdaq/cosmic/commissioning2026/v1.1.0/HLT/V2,Run2026C,4
402607,11574,15,2026-04-04 05:41:14,2026-04-04 05:41:29,"[CSC]",0.0,0.0,,cosmics2026/v26,/cdaq/cosmic/commissioning2026/v1.1.0/HLT/V2,Run2026C,4
402609,11574,4828,2026-04-04 05:51:55,2026-04-04 07:12:23,"[CSC, GEM, HCAL]",0.0,0.0,540108224,cosmics2026/v26,/cdaq/cosmic/commissioning2026/v1.1.0/HLT/V2,Run2026C,4
402616,11574,3216,2026-04-04 07:16:49,2026-04-04 08:10:25,"[]",0.0,0.0,351100851,cosmics2026/v26,/cdaq/cosmic/commissioning2026/v1.1.0/HLT/V2,Run2026C,4
402617,11574,49,2026-04-04 08:14:31,2026-04-04 08:15:20,"[ES]",0.0,0.0,16542,cosmics2026/v26,/cdaq/cosmic/commissioning2026/v1.1.0/HLT/V2,Run2026C,6
402618,11574,6214,2026-04-04 08:18:13,2026-04-04 10:01:47,"[ES]",0.0,0.0,703330510,cosmics2026/v26,/cdaq/cosmic/commissioning2026/v1.1.0/HLT/V2,Run2026C,6
402620,11574,4607,2026-04-04 10:05:03,2026-04-04 11:21:49,"[]",0.0,0.0,510296580,cosmics2026/v26,/cdaq/cosmic/commissioning2026/v1.1.0/HLT/V2,Run2026C,6
402621,11574,27339,2026-04-04 11:24:54,2026-04-04 19:00:33,"[]",0.0,0.0,3103796174,cosmics2026/v26,/cdaq/cosmic/commissioning2026/v1.1.0/HLT/V2,Run2026C,6
402622,11574,1565,2026-04-04 19:07:58,2026-04-04 19:34:03,"[HCAL]",0.0,0.0,136211788,cosmics2026/v26,/cdaq/cosmic/commissioning2026/v1.1.0/HLT/V2,Run2026C,4
402629,11574,147,2026-04-04 20:01:15,2026-04-04 20:03:42,"[HCAL]",,,,cosmics2026/v26,,Run2026C,
402631,11574,6357,2026-04-04 20:11:55,2026-04-04 21:57:52,"[]",0.0,0.0,718920930,cosmics2026/v26,/cdaq/cosmic/commissioning2026/v1.1.0/HLT/V2,Run2026C,4
402632,11574,17768,2026-04-04 22:00:37,2026-04-05 02:56:45,"[]",0.0,0.0,2014404797,cosmics2026/v26,/cdaq/cosmic/commissioning2026/v1.1.0/HLT/V2,Run2026C,6
402634,11575,276,2026-04-05 03:02:23,2026-04-05 03:06:59,"[CSC]",0.0,0.0,142708,cosmics2026/v26,/cdaq/cosmic/commissioning2026/v1.1.0/HLT/V2,Run2026C,4
402635,11575,419,2026-04-05 03:09:44,2026-04-05 03:16:43,"[CSC]",3.29E-10,0.0,197776,cosmics2026/v26,/cdaq/cosmic/commissioning2026/v1.1.0/HLT/V2,Run2026C,4
402638,11575,87,2026-04-05 03:23:25,2026-04-05 03:24:52,"[CSC, GEM]",,,,circulating2026/v10,/cdaq/circulating/2026/v1.1.0/HLT/V1,Run2026C,
402639,11575,633,2026-04-05 03:27:40,2026-04-05 03:38:13,"[CSC, GEM]",4.87E-10,0.0,302779,circulating2026/v10,/cdaq/circulating/2026/v1.1.0/HLT/V1,Run2026C,11
402642,11575,2649,2026-04-05 03:45:21,2026-04-05 04:29:30,"[CSC]",0.0,0.0,1310111,circulating2026/v10,/cdaq/circulating/2026/v1.1.0/HLT/V1,Run2026C,11
402643,11575,47,2026-04-05 04:32:32,2026-04-05 04:33:19,"[CSC]",2.033435E-6,0.0,12102,circulating2026/v10,/cdaq/circulating/2026/v1.1.0/HLT/V1,Run2026C,11
402646,11575,5,2026-04-05 04:42:51,2026-04-05 04:42:56,"[]",0.030079779718,0.0,,circulating2026/v10,/cdaq/circulating/2026/v1.1.0/HLT/V1,Run2026C,
402649,11575,302,2026-04-05 04:51:37,2026-04-05 04:56:39,"[]",2.557180136801,2.412978110622,11919229,collisions2026/v27,/cdaq/physics/Run2026/2e34/v1.1.1/HLT/V9,Run2026C,2
402650,11575,2767,2026-04-05 05:02:44,2026-04-05 05:48:51,"[]",0.0,0.0,297022944,cosmics2026/v26,/cdaq/cosmic/commissioning2026/v1.1.0/HLT/V2,Run2026C,4
402651,11576,5086,2026-04-05 05:52:53,2026-04-05 07:17:39,"[]",4.848041285633,0.0,2564556,circulating2026/v10,/cdaq/circulating/2026/v1.1.0/HLT/V1,Run2026C,11
402652,11576,40451,2026-04-05 07:31:09,2026-04-05 18:45:20,"[]",69.928564546298,67.979888594403,3361133998,collisions2026/v27,/cdaq/physics/Run2026/2e34/v1.1.1/HLT/V9,Run2026C,1
402653,11576,49241,2026-04-05 18:47:12,2026-04-06 08:27:53,"[]",84.822275291453,82.471856252417,4064717441,collisions2026/v27,/cdaq/physics/Run2026/2e34/v1.1.1/HLT/V9,Run2026C,4
402654,11576,36204,2026-04-06 08:29:53,2026-04-06 18:33:17,"[]",62.479585933221,60.367773191076,2967057878,collisions2026/v27,/cdaq/physics/Run2026/2e34/v1.1.1/HLT/V9,Run2026C,4
402655,11576,50135,2026-04-06 18:35:10,2026-04-07 08:30:45,"[]",85.466181239327,83.063868363669,4105022937,collisions2026/v27,/cdaq/physics/Run2026/2e34/v1.1.1/HLT/V9,Run2026C,4
402656,11577,963,2026-04-07 08:40:38,2026-04-07 08:56:41,"[CSC, ECAL, GEM, HCAL]",0.0,0.0,105203904,cosmics2026/v26,/cdaq/cosmic/commissioning2026/v1.1.0/HLT/V2,Run2026C,4
402660,11577,2856,2026-04-07 08:59:41,2026-04-07 09:47:17,"[CSC, ECAL, HCAL]",0.0,0.0,316978146,cosmics2026/v26,/cdaq/cosmic/commissioning2026/v1.1.0/HLT/V2,Run2026C,4
402671,11577,1486,2026-04-07 09:50:37,2026-04-07 10:15:23,"[CSC, ECAL]",0.0,0.0,166626934,cosmics2026/v26,/cdaq/cosmic/commissioning2026/v1.1.0/HLT/V2,Run2026C,4
402673,11577,792,2026-04-07 10:19:20,2026-04-07 10:32:32,"[CSC]",0.0,0.0,81247668,cosmics2026/v26,/cdaq/cosmic/commissioning2026/v1.1.0/HLT/V2,Run2026C,4
402674,11577,92,2026-04-07 10:39:56,2026-04-07 10:41:28,"[]",0.0,0.0,2,circulating2026/v10,/cdaq/circulating/2026/v1.1.0/HLT/V1,Run2026C,11
402675,11577,975,2026-04-07 10:44:49,2026-04-07 11:01:04,"[]",0.0,0.0,449521,circulating2026/v10,/cdaq/circulating/2026/v1.1.0/HLT/V1,Run2026C,11
402676,11577,616,2026-04-07 11:05:13,2026-04-07 11:15:29,"[PIXEL]",0.0,0.0,305977,circulating2026/v10,/cdaq/circulating/2026/v1.1.0/HLT/V1,Run2026C,11
402677,11577,1055,2026-04-07 11:19:44,2026-04-07 11:37:19,"[]",1.778880180722,0.0,515153,circulating2026/v10,/cdaq/circulating/2026/v1.1.0/HLT/V1,Run2026C,11
402678,11577,25,2026-04-07 12:03:40,2026-04-07 12:04:05,"[]",0.933105845894,5.6068384E-5,,collisions2026/v27,/cdaq/physics/Run2026/2e34/v1.1.1/HLT/V9,Run2026C,
402679,11577,228,2026-04-07 12:05:35,2026-04-07 12:09:23,"[]",2.691670085515,0.0,0,collisions2026/v27,/cdaq/physics/Run2026/2e34/v1.1.1/HLT/V9,Run2026C,1
402680,11577,753,2026-04-07 12:13:01,2026-04-07 12:25:34,"[]",8.36751670263,6.515164597397,34950133,collisions2026/v27,/cdaq/physics/Run2026/2e34/v1.1.1/HLT/V9,Run2026C,1
402681,11577,12986,2026-04-07 12:29:09,2026-04-07 16:05:35,"[]",22.733818698684,21.44554987351,1042529121,collisions2026/v27,/cdaq/physics/Run2026/2e34/v1.1.1/HLT/V9,Run2026C,4
402682,11577,25927,2026-04-07 16:08:39,2026-04-07 23:20:46,"[]",44.917276037752,42.953988100893,2094813569,collisions2026/v27,/cdaq/physics/Run2026/2e34/v1.1.1/HLT/V9,Run2026C,4
402683,11577,6420,2026-04-07 23:24:18,2026-04-08 01:11:18,"[]",10.867016860612,10.511877126339,512247001,collisions2026/v27,/cdaq/physics/Run2026/2e34/v1.1.1/HLT/V9,Run2026C,4
402684,11577,183,2026-04-08 01:19:50,2026-04-08 01:22:53,"[]",0.0,0.0,17,cosmics2026/v26,/cdaq/cosmic/commissioning2026/v1.1.0/HLT/V2,Run2026C,4
402685,11577,36,2026-04-08 01:26:13,2026-04-08 01:26:49,"[]",0.0,0.0,16,cosmics2026/v26,/cdaq/cosmic/commissioning2026/v1.1.0/HLT/V2,Run2026C,4
402686,11577,156,2026-04-08 01:33:22,2026-04-08 01:35:57,"[CTPPS_TOT]",0.0,0.0,25545,cosmics2026/v26,/cdaq/cosmic/commissioning2026/v1.1.0/HLT/V2,Run2026C,4
