run_number,fill_number,duration,start_time,end_time,components_out,delivered_lumi,recorded_lumi,l1_triggers_counter,l1_hlt_mode_stripped,hlt_key,era,initial_prescale_index
347431,7531,116,2022-02-11 09:12:24,2022-02-11 09:14:20,"[CSC, CTPPS, CTPPS_TOT, DQM, DT, ECAL, ES, GEM, HCAL, L1SCOUT, PIXEL, RPC, TRACKER, TRG]",,,,cosmicgpu/v17,/cdaq/cosmic/commissioning2021/CRUZET/v2.0/GPU/HLT/V1,Commissioning2021,
347620,7531,474,2022-02-11 09:14:54,2022-02-11 09:22:48,"[CSC, CTPPS, CTPPS_TOT, DQM, DT, ECAL, ES, GEM, HCAL, L1SCOUT, PIXEL, RPC, TRACKER, TRG]",,,,cosmicgpu/v17,/cdaq/cosmic/commissioning2021/CRUZET/v2.0/GPU/HLT/V1,Commissioning2021,
347621,7531,231,2022-02-11 10:11:21,2022-02-11 10:15:12,"[CSC, CTPPS, CTPPS_TOT, DQM, DT, ECAL, ES, GEM, HCAL, L1SCOUT, PIXEL, RPC, TRACKER, TRG]",,,,cosmicgpu/v17,/cdaq/cosmic/commissioning2021/CRUZET/v2.0/GPU/HLT/V1,Commissioning2021,
347655,7531,419,2022-02-14 17:25:36,2022-02-14 17:32:35,"[CSC, CTPPS, CTPPS_TOT, DT, ECAL, ES, GEM, HCAL, PIXEL, RPC, TRACKER, TRG]",,,,cosmic2021/v126,/cdaq/cosmic/commissioning2021/CRUZET/v2.0/HLT/V1,Commissioning2021,
347656,7531,99,2022-02-14 17:40:23,2022-02-14 17:42:02,"[CSC, CTPPS, CTPPS_TOT, DT, ECAL, ES, GEM, HCAL, PIXEL, RPC, TRACKER, TRG]",,,,cosmic2021/v126,/cdaq/cosmic/commissioning2021/CRUZET/v2.0/HLT/V1,Commissioning2021,
347687,7531,908,2022-02-15 20:52:47,2022-02-15 21:07:55,"[CSC, CTPPS, CTPPS_TOT, DQM, DT, ECAL, ES, GEM, HCAL, PIXEL, RPC, TRACKER, TRG]",,,,testinghlt/v2,/cdaq/cosmic/commissioning2022/MWGR/v1.0/GPU/NewDatasetWorkflow/HLT/V1,Commissioning2022,
347689,7531,531,2022-02-15 21:11:58,2022-02-15 21:20:49,"[CSC, CTPPS, CTPPS_TOT, DQM, DT, ECAL, ES, GEM, HCAL, PIXEL, RPC, TRACKER, TRG]",0.0,0.0,,cosmics2022/v1,/cdaq/cosmic/commissioning2022/MWGR/v1.0/GPU/HLT/V3,Commissioning2022,
347719,7531,576,2022-02-16 13:36:55,2022-02-16 13:46:31,"[CSC, CTPPS, CTPPS_TOT, ECAL, ES, GEM, HCAL, PIXEL, TRACKER]",,,,testinghlt/v6,,Commissioning2022,
347721,7531,267,2022-02-16 13:47:41,2022-02-16 13:52:08,"[CSC, CTPPS, CTPPS_TOT, ECAL, ES, GEM, HCAL, PIXEL, TRACKER]",0.0,0.0,,testinghlt/v6,/cdaq/cosmic/commissioning2022/MWGR/v1.0/GPU/NewDatasetWorkflow/HLT/V1,Commissioning2022,2
347723,7531,146,2022-02-16 13:53:41,2022-02-16 13:56:07,"[CSC, CTPPS, CTPPS_TOT, ECAL, ES, GEM, HCAL, PIXEL, TRACKER]",0.0,0.0,,testinghlt/v6,/cdaq/cosmic/commissioning2022/MWGR/v1.0/GPU/NewDatasetWorkflow/HLT/V1,Commissioning2022,2
347724,7531,209,2022-02-16 13:59:32,2022-02-16 14:03:01,"[CSC, CTPPS, CTPPS_TOT, ECAL, ES, GEM, HCAL, PIXEL, TRACKER]",0.0,0.0,,testinghlt/v6,/cdaq/cosmic/commissioning2022/MWGR/v1.0/GPU/NewDatasetWorkflow/HLT/V1,Commissioning2022,2
347728,7531,75,2022-02-16 14:10:12,2022-02-16 14:11:27,"[CSC, CTPPS, CTPPS_TOT, ECAL, ES, GEM, HCAL, PIXEL, TRACKER]",0.0,0.0,,testinghlt/v6,/cdaq/cosmic/commissioning2022/MWGR/v1.0/GPU/NewDatasetWorkflow/HLT/V1,Commissioning2022,2
347731,7531,185,2022-02-16 14:13:48,2022-02-16 14:16:53,"[CSC, CTPPS, CTPPS_TOT, ECAL, ES, GEM, HCAL, PIXEL, TRACKER]",0.0,0.0,,testinghlt/v6,/cdaq/cosmic/commissioning2022/MWGR/v1.0/GPU/NewDatasetWorkflow/HLT/V1,Commissioning2022,2
347733,7531,113,2022-02-16 14:20:24,2022-02-16 14:22:17,"[CSC, CTPPS, CTPPS_TOT, ECAL, ES, GEM, HCAL, PIXEL, TRACKER]",0.0,0.0,,testinghlt/v6,/cdaq/cosmic/commissioning2022/MWGR/v1.0/GPU/NewDatasetWorkflow/HLT/V1,Commissioning2022,2
347734,7531,105,2022-02-16 14:23:38,2022-02-16 14:25:23,"[CSC, CTPPS, CTPPS_TOT, ECAL, ES, GEM, HCAL, PIXEL, TRACKER]",0.0,0.0,,testinghlt/v6,/cdaq/cosmic/commissioning2022/MWGR/v1.0/GPU/NewDatasetWorkflow/HLT/V1,Commissioning2022,2
347736,7531,192,2022-02-16 14:36:36,2022-02-16 14:39:48,"[CSC, CTPPS, CTPPS_TOT, ECAL, ES, GEM, HCAL, PIXEL, TRACKER]",0.0,0.0,,testinghlt/v6,/cdaq/cosmic/commissioning2022/MWGR/v1.0/GPU/NewDatasetWorkflow/HLT/V1,Commissioning2022,2
347739,7531,160,2022-02-16 14:50:56,2022-02-16 14:53:36,"[CSC, CTPPS, CTPPS_TOT, ECAL, ES, GEM, HCAL, PIXEL, TRACKER]",0.0,0.0,,testinghlt/v6,/cdaq/cosmic/commissioning2022/MWGR/v1.0/GPU/NewDatasetWorkflow/HLT/V1,Commissioning2022,2
347741,7531,190,2022-02-16 14:56:41,2022-02-16 14:59:51,"[CSC, CTPPS, CTPPS_TOT, ECAL, ES, GEM, HCAL, PIXEL, TRACKER]",0.0,0.0,,testinghlt/v6,/cdaq/cosmic/commissioning2022/MWGR/v1.0/GPU/NewDatasetWorkflow/HLT/V1,Commissioning2022,2
347742,7531,1598,2022-02-16 15:02:04,2022-02-16 15:28:42,"[CSC, CTPPS, CTPPS_TOT, ECAL, ES, GEM, HCAL, PIXEL, TRACKER]",0.0,0.0,,testinghlt/v6,/cdaq/cosmic/commissioning2022/MWGR/v1.0/GPU/NewDatasetWorkflow/HLT/V1,Commissioning2022,2
347748,7531,287,2022-02-16 15:36:39,2022-02-16 15:41:26,"[CSC, CTPPS, CTPPS_TOT, DT, ECAL, ES, GEM, HCAL, PIXEL, TRACKER]",0.0,0.0,,testinghlt/v6,/cdaq/cosmic/commissioning2022/MWGR/v1.0/GPU/NewDatasetWorkflow/HLT/V1,Commissioning2022,2
347750,7531,215,2022-02-16 15:43:29,2022-02-16 15:47:04,"[CSC, CTPPS, CTPPS_TOT, DT, ECAL, ES, GEM, HCAL, PIXEL, TRACKER]",0.0,0.0,,testinghlt/v6,/cdaq/cosmic/commissioning2022/MWGR/v1.0/GPU/NewDatasetWorkflow/HLT/V1,Commissioning2022,
347752,7531,237,2022-02-16 15:47:58,2022-02-16 15:51:55,"[CSC, CTPPS, CTPPS_TOT, DT, ECAL, ES, GEM, HCAL, PIXEL, TRACKER, TRG]",0.0,0.0,,testinghlt/v6,/cdaq/cosmic/commissioning2022/MWGR/v1.0/GPU/NewDatasetWorkflow/HLT/V1,Commissioning2022,
347753,7531,59,2022-02-16 15:52:56,2022-02-16 15:53:55,"[CSC, CTPPS, CTPPS_TOT, DT, ECAL, ES, GEM, HCAL, PIXEL, TRACKER, TRG]",0.0,0.0,,testinghlt/v6,/cdaq/cosmic/commissioning2022/MWGR/v1.0/GPU/NewDatasetWorkflow/HLT/V1,Commissioning2022,
347754,7531,472,2022-02-16 15:55:23,2022-02-16 16:03:15,"[CSC, CTPPS, CTPPS_TOT, DT, ECAL, ES, GEM, HCAL, PIXEL, TRACKER]",0.0,0.0,,testinghlt/v6,/cdaq/cosmic/commissioning2022/MWGR/v1.0/GPU/NewDatasetWorkflow/HLT/V1,Commissioning2022,2
347757,7531,101,2022-02-16 16:06:49,2022-02-16 16:08:30,"[CSC, CTPPS, CTPPS_TOT, DT, ECAL, ES, GEM, HCAL, PIXEL, TRACKER]",0.0,0.0,,testinghlt/v6,/cdaq/cosmic/commissioning2022/MWGR/v1.0/GPU/NewDatasetWorkflow/HLT/V1,Commissioning2022,2
347758,7531,1102,2022-02-16 16:10:21,2022-02-16 16:28:43,"[CSC, CTPPS, CTPPS_TOT, DT, ECAL, ES, GEM, HCAL, PIXEL, TRACKER]",0.0,0.0,,testinghlt/v6,/cdaq/cosmic/commissioning2022/MWGR/v1.0/GPU/NewDatasetWorkflow/HLT/V1,Commissioning2022,2
347759,7531,692,2022-02-16 16:30:33,2022-02-16 16:42:05,"[CSC, CTPPS, CTPPS_TOT, DT, ECAL, ES, GEM, HCAL, PIXEL, TRACKER]",0.0,0.0,,testinghlt/v7,/cdaq/cosmic/commissioning2022/MWGR/v1.0/GPU/NewDatasetWorkflow/HLT/V1,Commissioning2022,1
347770,7531,1434,2022-02-16 16:59:48,2022-02-16 17:23:42,"[CSC, CTPPS, CTPPS_TOT, DT, ECAL, ES, GEM, HCAL, PIXEL, TRACKER]",0.0,0.0,,testinghlt/v9,/cdaq/cosmic/commissioning2022/MWGR/v1.0/GPU/NewDatasetWorkflow/HLT/V1,Commissioning2022,1
347774,7531,88,2022-02-16 17:47:22,2022-02-16 17:48:50,"[CTPPS, CTPPS_TOT, DT, ECAL, ES, GEM, HCAL, PIXEL, TRACKER]",0.0,0.0,,testinghlt/v10,/cdaq/cosmic/commissioning2022/MWGR/v1.1/GPU/NewDatasetWorkflow/HLT/V3,Commissioning2022,1
347777,7531,247,2022-02-16 17:50:44,2022-02-16 17:54:51,"[CTPPS, CTPPS_TOT, DT, ECAL, ES, GEM, HCAL, PIXEL, TRACKER]",0.0,0.0,,testinghlt/v10,/cdaq/cosmic/commissioning2022/MWGR/v1.1/GPU/NewDatasetWorkflow/HLT/V3,Commissioning2022,1
347778,7531,140,2022-02-16 17:57:52,2022-02-16 18:00:12,"[CSC, CTPPS, CTPPS_TOT, DT, ECAL, ES, GEM, HCAL, PIXEL, TRACKER]",0.0,0.0,,testinghlt/v10,/cdaq/cosmic/commissioning2022/MWGR/v1.1/GPU/NewDatasetWorkflow/HLT/V3,Commissioning2022,1
347779,7531,173,2022-02-16 18:02:27,2022-02-16 18:05:20,"[CTPPS, CTPPS_TOT, DT, ECAL, ES, GEM, HCAL, PIXEL, TRACKER]",0.0,0.0,,testinghlt/v10,/cdaq/cosmic/commissioning2022/MWGR/v1.1/GPU/NewDatasetWorkflow/HLT/V3,Commissioning2022,1
347780,7531,336,2022-02-16 18:06:16,2022-02-16 18:11:52,"[CTPPS, CTPPS_TOT, DT, ECAL, ES, GEM, HCAL, PIXEL, TRACKER]",0.0,0.0,,testinghlt/v10,/cdaq/cosmic/commissioning2022/MWGR/v1.1/GPU/NewDatasetWorkflow/HLT/V3,Commissioning2022,1
347781,7531,583,2022-02-16 18:15:03,2022-02-16 18:24:46,"[CTPPS, CTPPS_TOT, DT, ECAL, ES, GEM, HCAL, PIXEL, TRACKER]",0.0,0.0,,testinghlt/v10,/cdaq/cosmic/commissioning2022/MWGR/v1.1/GPU/NewDatasetWorkflow/HLT/V3,Commissioning2022,1
347782,7531,156,2022-02-16 18:26:47,2022-02-16 18:29:23,"[CTPPS, CTPPS_TOT, ECAL, ES, GEM, HCAL, PIXEL, TRACKER]",0.0,0.0,,testinghlt/v10,/cdaq/cosmic/commissioning2022/MWGR/v1.1/GPU/NewDatasetWorkflow/HLT/V3,Commissioning2022,1
347783,7531,60,2022-02-16 18:31:00,2022-02-16 18:32:00,"[CTPPS, CTPPS_TOT, ECAL, ES, GEM, HCAL, PIXEL, TRACKER]",0.0,0.0,,testinghlt/v10,/cdaq/cosmic/commissioning2022/MWGR/v1.1/GPU/NewDatasetWorkflow/HLT/V3,Commissioning2022,1
347784,7531,1632,2022-02-16 18:33:30,2022-02-16 19:00:42,"[CTPPS, CTPPS_TOT, ECAL, ES, GEM, HCAL, PIXEL, TRACKER]",0.0,0.0,,testinghlt/v10,/cdaq/cosmic/commissioning2022/MWGR/v1.1/GPU/NewDatasetWorkflow/HLT/V3,Commissioning2022,1
347786,7531,1367,2022-02-16 19:02:56,2022-02-16 19:25:43,"[CTPPS, CTPPS_TOT, ECAL, ES, GEM, HCAL, PIXEL, TRACKER]",0.0,0.0,,testinghlt/v10,/cdaq/cosmic/commissioning2022/MWGR/v1.1/GPU/NewDatasetWorkflow/HLT/V3,Commissioning2022,1
347787,7531,101,2022-02-16 19:29:15,2022-02-16 19:30:56,"[CTPPS, CTPPS_TOT, ECAL, ES, GEM, TRACKER]",0.0,0.0,,testinghlt/v10,/cdaq/cosmic/commissioning2022/MWGR/v1.1/GPU/NewDatasetWorkflow/HLT/V3,Commissioning2022,1
347788,7531,225,2022-02-16 19:32:33,2022-02-16 19:36:18,"[CTPPS, CTPPS_TOT, ECAL, ES, GEM, TRACKER]",0.0,0.0,,testinghlt/v10,/cdaq/cosmic/commissioning2022/MWGR/v1.1/GPU/NewDatasetWorkflow/HLT/V3,Commissioning2022,1
347789,7531,235,2022-02-16 19:37:57,2022-02-16 19:41:52,"[CTPPS, CTPPS_TOT, ECAL, ES, GEM, TRACKER]",0.0,0.0,,testinghlt/v10,/cdaq/cosmic/commissioning2022/MWGR/v1.1/GPU/NewDatasetWorkflow/HLT/V3,Commissioning2022,1
347790,7531,83,2022-02-16 19:43:49,2022-02-16 19:45:12,"[CTPPS, CTPPS_TOT, ECAL, ES, GEM, TRACKER]",0.0,0.0,,testinghlt/v10,/cdaq/cosmic/commissioning2022/MWGR/v1.1/GPU/NewDatasetWorkflow/HLT/V3,Commissioning2022,1
347791,7531,102,2022-02-16 19:46:53,2022-02-16 19:48:35,"[CTPPS, CTPPS_TOT, ECAL, ES, GEM, TRACKER]",0.0,0.0,,testinghlt/v10,/cdaq/cosmic/commissioning2022/MWGR/v1.1/GPU/NewDatasetWorkflow/HLT/V3,Commissioning2022,1
347792,7531,225,2022-02-16 19:50:16,2022-02-16 19:54:01,"[CTPPS, CTPPS_TOT, ECAL, ES, GEM, TRACKER]",0.0,0.0,,testinghlt/v10,/cdaq/cosmic/commissioning2022/MWGR/v1.1/GPU/NewDatasetWorkflow/HLT/V3,Commissioning2022,1
347793,7531,301,2022-02-16 19:55:27,2022-02-16 20:00:28,"[CTPPS, CTPPS_TOT, ECAL, ES, GEM, PIXEL, TRACKER]",0.0,0.0,,cosmics2022/v8,/cdaq/cosmic/commissioning2022/MWGR/v1.1/GPU/HLT/V2,Commissioning2022,1
347794,7531,3702,2022-02-16 20:24:15,2022-02-16 21:25:57,"[CTPPS, CTPPS_TOT, ECAL, ES, GEM, PIXEL, TRACKER]",0.0,0.0,,cosmics2022/v8,/cdaq/cosmic/commissioning2022/MWGR/v1.1/GPU/HLT/V2,Commissioning2022,1
347796,7531,5161,2022-02-16 21:28:16,2022-02-16 22:54:17,"[CTPPS, CTPPS_TOT, ECAL, ES, GEM, HCAL, PIXEL, TRACKER]",0.0,0.0,,cosmics2022/v8,/cdaq/cosmic/commissioning2022/MWGR/v1.1/GPU/HLT/V2,Commissioning2022,1
347805,7531,1211,2022-02-16 23:03:42,2022-02-16 23:23:53,"[CTPPS, CTPPS_TOT, ECAL, ES, GEM, HCAL, PIXEL, TRACKER]",0.0,0.0,,cosmics2022/v8,/cdaq/cosmic/commissioning2022/MWGR/v1.1/GPU/HLT/V2,Commissioning2022,1
347807,7531,19546,2022-02-16 23:27:25,2022-02-17 04:53:11,"[CTPPS, CTPPS_TOT, ECAL, ES, GEM, PIXEL, TRACKER]",0.0,0.0,,cosmics2022/v8,/cdaq/cosmic/commissioning2022/MWGR/v1.1/GPU/HLT/V2,Commissioning2022,1
347808,7531,8213,2022-02-17 04:55:23,2022-02-17 07:12:16,"[CTPPS, CTPPS_TOT, ECAL, ES, GEM, HCAL, PIXEL, TRACKER]",0.0,0.0,,cosmics2022/v8,/cdaq/cosmic/commissioning2022/MWGR/v1.1/GPU/HLT/V2,Commissioning2022,1
347809,7531,7768,2022-02-17 07:14:43,2022-02-17 09:24:11,"[CSC, CTPPS, CTPPS_TOT, ECAL, ES, GEM, HCAL, PIXEL, TRACKER]",0.0,0.0,,cosmics2022/v8,/cdaq/cosmic/commissioning2022/MWGR/v1.1/GPU/HLT/V2,Commissioning2022,1
347812,7531,1190,2022-02-17 09:26:35,2022-02-17 09:46:25,"[CSC, CTPPS, CTPPS_TOT, DT, ECAL, ES, GEM, HCAL, PIXEL, RPC, TRACKER]",0.0,0.0,,cosmics2022/v8,/cdaq/cosmic/commissioning2022/MWGR/v1.1/GPU/HLT/V2,Commissioning2022,1
347814,7531,3685,2022-02-17 09:49:42,2022-02-17 10:51:07,"[CTPPS, CTPPS_TOT, DT, ECAL, ES, GEM, HCAL, PIXEL, RPC, TRACKER]",0.0,0.0,,cosmics2022/v8,/cdaq/cosmic/commissioning2022/MWGR/v1.1/GPU/HLT/V2,Commissioning2022,1
347816,7531,48,2022-02-17 10:53:45,2022-02-17 10:54:33,"[CTPPS, CTPPS_TOT, DT, ECAL, ES, GEM, HCAL, PIXEL, RPC, TRACKER]",,,,cosmics2022/v8,,Commissioning2022,
347817,7531,517,2022-02-17 10:55:38,2022-02-17 11:04:15,"[CTPPS, CTPPS_TOT, DT, ECAL, ES, GEM, HCAL, PIXEL, RPC, TRACKER]",,,,cosmics2022/v8,,Commissioning2022,
347818,7531,82,2022-02-17 11:05:49,2022-02-17 11:07:11,"[CTPPS, CTPPS_TOT, DT, ECAL, ES, GEM, HCAL, PIXEL, RPC, TRACKER]",,,,cosmics2022/v8,,Commissioning2022,
347820,7531,166,2022-02-17 11:16:09,2022-02-17 11:18:55,"[CTPPS, CTPPS_TOT, DT, ECAL, ES, GEM, HCAL, PIXEL, RPC, TRACKER]",0.0,0.0,,cosmics2022/v8,/cdaq/cosmic/commissioning2022/MWGR/v1.1/GPU/HLT/V2,Commissioning2022,1
347821,7531,2696,2022-02-17 12:04:43,2022-02-17 12:49:39,"[CSC, CTPPS, CTPPS_TOT, DT, ECAL, ES, GEM, HCAL, PIXEL, RPC, TRACKER]",0.0,0.0,,cosmics2022/v8,/cdaq/cosmic/commissioning2022/MWGR/v1.1/GPU/HLT/V2,Commissioning2022,1
347824,7531,295,2022-02-17 12:52:27,2022-02-17 12:57:22,"[CTPPS, CTPPS_TOT, DT, ECAL, ES, GEM, HCAL, PIXEL, RPC, TRACKER]",0.0,0.0,,cosmics2022/v8,/cdaq/cosmic/commissioning2022/MWGR/v1.1/GPU/HLT/V2,Commissioning2022,1
347825,7531,988,2022-02-17 12:59:24,2022-02-17 13:15:52,"[CTPPS, CTPPS_TOT, DT, ECAL, ES, GEM, HCAL, PIXEL, RPC, TRACKER]",0.0,0.0,,cosmics2022/v8,/cdaq/cosmic/commissioning2022/MWGR/v1.1/GPU/HLT/V2,Commissioning2022,1
347828,7531,950,2022-02-17 13:18:44,2022-02-17 13:34:34,"[CTPPS, CTPPS_TOT, DT, ECAL, ES, GEM, HCAL, PIXEL, RPC, TRACKER]",0.0,0.0,,cosmics2022/v8,/cdaq/cosmic/commissioning2022/MWGR/v1.1/GPU/HLT/V2,Commissioning2022,1
347830,7531,1579,2022-02-17 13:53:22,2022-02-17 14:19:41,"[CSC, CTPPS, CTPPS_TOT, DT, ECAL, ES, HCAL, PIXEL, RPC, TRACKER]",0.0,0.0,,cosmics2022/v8,/cdaq/cosmic/commissioning2022/MWGR/v1.1/GPU/HLT/V2,Commissioning2022,1
347835,7531,535,2022-02-17 14:50:09,2022-02-17 14:59:04,"[CTPPS, CTPPS_TOT, DT, ECAL, ES, GEM, HCAL, PIXEL, RPC, TRACKER]",0.0,0.0,,cosmics2022/v9,/cdaq/cosmic/commissioning2022/MWGR/v1.1/GPU/HLT/V2,Commissioning2022,1
347842,7531,817,2022-02-17 15:19:24,2022-02-17 15:33:01,"[CSC, CTPPS, CTPPS_TOT, ECAL, ES, GEM, HCAL, PIXEL, TRACKER]",0.0,0.0,,cosmics2022/v9,/cdaq/cosmic/commissioning2022/MWGR/v1.1/GPU/HLT/V2,Commissioning2022,1
347847,7531,928,2022-02-17 15:36:27,2022-02-17 15:51:55,"[CSC, CTPPS, CTPPS_TOT, DT, ECAL, ES, GEM, HCAL, PIXEL, RPC, TRACKER]",0.0,0.0,,testinghlt/v12,/cdaq/cosmic/commissioning2022/MWGR/v1.1/GPU/NewDatasetWorkflowTest/HLT/V1,Commissioning2022,1
347853,7531,36,2022-02-17 16:54:05,2022-02-17 16:54:41,"[CTPPS, CTPPS_TOT, ECAL, ES, GEM, PIXEL, RPC, TRACKER]",,,,cosmics2022/v9,,Commissioning2022,
347854,7531,81,2022-02-17 16:55:40,2022-02-17 16:57:01,"[CTPPS, CTPPS_TOT, ECAL, ES, GEM, PIXEL, RPC, TRACKER]",,,,cosmics2022/v9,,Commissioning2022,
347855,7531,129,2022-02-17 16:58:26,2022-02-17 17:00:35,"[CTPPS, CTPPS_TOT, ECAL, ES, GEM, PIXEL, TRACKER]",0.0,0.0,,cosmics2022/v9,/cdaq/cosmic/commissioning2022/MWGR/v1.1/GPU/HLT/V2,Commissioning2022,1
347856,7531,3537,2022-02-17 17:02:40,2022-02-17 18:01:37,"[CTPPS, CTPPS_TOT, DT, ECAL, ES, GEM, PIXEL, TRACKER]",0.0,0.0,,cosmics2022/v9,/cdaq/cosmic/commissioning2022/MWGR/v1.1/GPU/HLT/V2,Commissioning2022,1
347867,7531,49,2022-02-17 18:04:52,2022-02-17 18:05:41,"[CTPPS, CTPPS_TOT, ECAL, ES, GEM, PIXEL, TRACKER]",,,,cosmics2022/v9,,Commissioning2022,
347868,7531,2471,2022-02-17 18:06:40,2022-02-17 18:47:51,"[CTPPS, CTPPS_TOT, ECAL, ES, GEM, PIXEL, TRACKER]",0.0,0.0,,cosmics2022/v9,/cdaq/cosmic/commissioning2022/MWGR/v1.1/GPU/HLT/V2,Commissioning2022,1
347874,7531,45232,2022-02-17 18:55:44,2022-02-18 07:29:36,"[CTPPS, CTPPS_TOT, ECAL, ES, GEM, TRACKER]",0.0,0.0,,cosmics2022/v9,/cdaq/cosmic/commissioning2022/MWGR/v1.1/GPU/HLT/V2,Commissioning2022,1
347875,7531,38,2022-02-18 07:32:00,2022-02-18 07:32:38,"[CSC, CTPPS, CTPPS_TOT, ECAL, ES, GEM, HCAL, RPC, TRACKER]",,,,cosmics2022/v9,,Commissioning2022,
347876,7531,65,2022-02-18 07:34:30,2022-02-18 07:35:35,"[CSC, CTPPS, CTPPS_TOT, ECAL, ES, GEM, HCAL, RPC, TRACKER]",,,,cosmics2022/v9,,Commissioning2022,
347877,7531,1636,2022-02-18 07:39:27,2022-02-18 08:06:43,"[CSC, CTPPS, CTPPS_TOT, ECAL, ES, GEM, HCAL, RPC, TRACKER]",,,,cosmics2022/v9,,Commissioning2022,
347880,7531,4061,2022-02-18 08:11:07,2022-02-18 09:18:48,"[CSC, CTPPS, CTPPS_TOT, DT, ECAL, ES, GEM, HCAL, PIXEL, RPC, TRACKER]",0.0,0.0,,cosmics2022/v9,/cdaq/cosmic/commissioning2022/MWGR/v1.1/GPU/HLT/V2,Commissioning2022,1
347882,7531,1283,2022-02-18 09:20:49,2022-02-18 09:42:12,"[CSC, CTPPS, CTPPS_TOT, DT, ECAL, ES, GEM, HCAL, PIXEL, RPC, TRACKER]",0.0,0.0,,cosmics2022/v10,/cdaq/cosmic/commissioning2022/MWGR/v1.2/GPU/HLT/V1,Commissioning2022,1
347885,7531,2633,2022-02-18 09:42:57,2022-02-18 10:26:50,"[CSC, CTPPS, CTPPS_TOT, DT, ECAL, ES, GEM, HCAL, PIXEL, RPC, TRACKER]",0.0,0.0,,cosmics2022/v10,/cdaq/cosmic/commissioning2022/MWGR/v1.2/GPU/HLT/V1,Commissioning2022,1
347897,7531,9605,2022-02-18 10:29:07,2022-02-18 13:09:12,"[CSC, CTPPS, CTPPS_TOT, ECAL, ES, GEM, HCAL, PIXEL, RPC, TRACKER]",0.0,0.0,,cosmics2022/v10,/cdaq/cosmic/commissioning2022/MWGR/v1.2/GPU/HLT/V1,Commissioning2022,1
347916,7531,3481,2022-02-18 13:11:37,2022-02-18 14:09:38,"[CSC, CTPPS, CTPPS_TOT, ECAL, ES, GEM, HCAL, PIXEL, RPC, TRACKER]",0.0,0.0,,cosmics2022/v11,/cdaq/cosmic/commissioning2022/MWGR/v1.2/GPU/HLT/V1,Commissioning2022,1
347920,7531,793,2022-02-18 14:11:32,2022-02-18 14:24:45,"[CSC, CTPPS, CTPPS_TOT, ECAL, ES, GEM, HCAL, PIXEL, RPC, TRACKER]",0.0,0.0,,cosmics2022/v12,/cdaq/cosmic/commissioning2022/MWGR/v1.2/GPU/HLT/V1,Commissioning2022,1
347940,7531,621,2022-02-18 16:55:19,2022-02-18 17:05:40,"[CTPPS, CTPPS_TOT, DT, ECAL, ES, GEM, HCAL, PIXEL, RPC, TRACKER]",0.0,0.0,,cosmics2022/v12,/cdaq/cosmic/commissioning2022/MWGR/v1.2/GPU/HLT/V1,Commissioning2022,1
347942,7531,80,2022-02-18 17:07:59,2022-02-18 17:09:19,"[CTPPS, CTPPS_TOT, DT, ECAL, ES, GEM, HCAL, RPC, TRACKER]",0.0,0.0,,cosmics2022/v12,/cdaq/cosmic/commissioning2022/MWGR/v1.2/GPU/HLT/V1,Commissioning2022,1
347943,7531,325,2022-02-18 17:11:30,2022-02-18 17:16:55,"[CTPPS, CTPPS_TOT, DT, ECAL, ES, GEM, RPC, TRACKER]",0.0,0.0,,cosmics2022/v12,/cdaq/cosmic/commissioning2022/MWGR/v1.2/GPU/HLT/V1,Commissioning2022,1
347945,7531,2902,2022-02-18 17:21:52,2022-02-18 18:10:14,"[CTPPS, CTPPS_TOT, ECAL, ES, GEM, TRACKER]",0.0,0.0,,cosmics2022/v12,/cdaq/cosmic/commissioning2022/MWGR/v1.2/GPU/HLT/V1,Commissioning2022,1
347947,7531,39,2022-02-18 18:13:46,2022-02-18 18:14:25,"[CTPPS, CTPPS_TOT, ECAL, ES, GEM, TRACKER]",,,,cosmics2022/v13,,Commissioning2022,
347948,7531,85,2022-02-18 18:15:36,2022-02-18 18:17:01,"[CTPPS, CTPPS_TOT, ECAL, ES, GEM, TRACKER]",0.0,0.0,,cosmics2022/v13,/cdaq/cosmic/commissioning2022/MWGR/v1.2/GPU/HLT/V1,Commissioning2022,1
347949,7531,149,2022-02-18 18:19:17,2022-02-18 18:21:46,"[CTPPS, CTPPS_TOT, ECAL, ES, GEM, TRACKER]",,,,cosmics2022/v13,,Commissioning2022,
347950,7531,1503,2022-02-18 18:22:58,2022-02-18 18:48:01,"[CTPPS, CTPPS_TOT, ECAL, ES, GEM, TRACKER]",0.0,0.0,,cosmics2022/v13,/cdaq/cosmic/commissioning2022/MWGR/v1.2/GPU/HLT/V1,Commissioning2022,1
347952,7531,39342,2022-02-18 18:52:02,2022-02-19 05:47:44,"[CTPPS, CTPPS_TOT, ECAL, ES, GEM, TRACKER]",0.0,0.0,,cosmics2022/v14,/cdaq/cosmic/commissioning2022/MWGR/v1.2/GPU/HLT/V1,Commissioning2022,1
347962,7531,96,2022-02-21 09:27:30,2022-02-21 09:29:06,"[CSC, CTPPS, CTPPS_TOT, DT, ECAL, ES, GEM, HCAL, PIXEL, RPC, TRACKER]",0.0,0.0,,cosmics2022/v14,/cdaq/cosmic/commissioning2022/MWGR/v1.2/GPU/HLT/V1,Commissioning2022,1
348053,7531,213,2022-02-24 10:08:55,2022-02-24 10:12:28,"[CSC, CTPPS, CTPPS_TOT, DT, ECAL, ES, GEM, HCAL, RPC, TRACKER, TRG]",0.0,0.0,,cosmics2022/v14,/cdaq/cosmic/commissioning2022/MWGR/v1.2/GPU/HLT/V1,TransferTest2022,
348055,7531,135,2022-02-24 10:14:59,2022-02-24 10:17:14,"[CSC, CTPPS, CTPPS_TOT, DT, ECAL, ES, GEM, HCAL, RPC, TRACKER, TRG]",0.0,0.0,,cosmics2022/v14,/cdaq/cosmic/commissioning2022/MWGR/v1.2/GPU/HLT/V1,TransferTest2022,
348056,7531,1339,2022-02-24 10:17:42,2022-02-24 10:40:01,"[CSC, CTPPS, CTPPS_TOT, DT, ECAL, ES, GEM, HCAL, RPC, TRACKER, TRG]",0.0,0.0,,cosmics2022/v14,/cdaq/cosmic/commissioning2022/MWGR/v1.2/GPU/HLT/V1,TransferTest2022,
348058,7531,1786,2022-02-24 10:44:04,2022-02-24 11:13:50,"[CSC, CTPPS, CTPPS_TOT, DT, ECAL, ES, GEM, HCAL, RPC, TRACKER, TRG]",0.0,0.0,,cosmics2022/v14,/cdaq/cosmic/commissioning2022/MWGR/v1.2/GPU/HLT/V1,TransferTest2022,
348059,7531,399,2022-02-24 11:15:47,2022-02-24 11:22:26,"[CSC, CTPPS, CTPPS_TOT, DT, ECAL, ES, GEM, HCAL, RPC, TRACKER, TRG]",0.0,0.0,,cosmics2022/v14,/cdaq/cosmic/commissioning2022/MWGR/v1.2/GPU/HLT/V1,TransferTest2022,
348062,7531,32,2022-02-24 11:24:28,2022-02-24 11:25:00,"[CSC, CTPPS, CTPPS_TOT, DT, ECAL, ES, GEM, HCAL, RPC, TRACKER, TRG]",0.0,0.0,,cosmics2022/v14,/cdaq/cosmic/commissioning2022/MWGR/v1.2/GPU/HLT/V1,TransferTest2022,
348063,7531,261,2022-02-24 11:25:24,2022-02-24 11:29:45,"[CSC, CTPPS, CTPPS_TOT, DT, ECAL, ES, GEM, HCAL, RPC, TRACKER, TRG]",0.0,0.0,,cosmics2022/v14,/cdaq/cosmic/commissioning2022/MWGR/v1.2/GPU/HLT/V1,TransferTest2022,
348064,7531,196,2022-02-24 11:30:08,2022-02-24 11:33:24,"[CSC, CTPPS, CTPPS_TOT, DT, ECAL, ES, GEM, HCAL, RPC, TRACKER, TRG]",0.0,0.0,,cosmics2022/v14,/cdaq/cosmic/commissioning2022/MWGR/v1.2/GPU/HLT/V1,TransferTest2022,
348066,7531,519,2022-02-24 11:34:45,2022-02-24 11:43:24,"[CSC, CTPPS, CTPPS_TOT, DT, ECAL, ES, GEM, HCAL, RPC, TRACKER, TRG]",0.0,0.0,,cosmics2022/v14,/cdaq/cosmic/commissioning2022/MWGR/v1.2/GPU/HLT/V1,TransferTest2022,
348073,7531,203,2022-02-24 14:38:25,2022-02-24 14:41:48,"[CSC, CTPPS, CTPPS_TOT, DT, ECAL, ES, GEM, HCAL, PIXEL, RPC, TRACKER, TRG]",0.0,0.0,,cosmics2022/v14,/cdaq/cosmic/commissioning2022/MWGR/v1.2/GPU/HLT/V1,TransferTest2022,
348082,7531,1537,2022-02-25 09:53:39,2022-02-25 10:19:16,"[CSC, CTPPS, CTPPS_TOT, DT, ECAL, ES, GEM, L1SCOUT, PIXEL, RPC, TRACKER, TRG]",0.0,0.0,,cosmics2022/v14,/cdaq/cosmic/commissioning2022/MWGR/v1.2/GPU/HLT/V1,TransferTest2022,
348090,7531,1068,2022-02-25 10:23:48,2022-02-25 10:41:36,"[CSC, CTPPS, CTPPS_TOT, DT, ECAL, ES, GEM, L1SCOUT, PIXEL, RPC, TRACKER, TRG]",0.0,0.0,,cosmics2022/v14,/cdaq/cosmic/commissioning2022/MWGR/v1.2/GPU/HLT/V1,TransferTest2022,
348091,7531,1682,2022-02-25 10:45:21,2022-02-25 11:13:23,"[CSC, CTPPS, CTPPS_TOT, DT, ECAL, ES, GEM, L1SCOUT, PIXEL, RPC, TRACKER, TRG]",0.0,0.0,,cosmics2022/v14,/cdaq/cosmic/commissioning2022/MWGR/v1.2/GPU/HLT/V1,TransferTest2022,
348093,7531,946,2022-02-25 11:15:06,2022-02-25 11:30:52,"[CSC, CTPPS, CTPPS_TOT, DT, ECAL, ES, GEM, L1SCOUT, PIXEL, RPC, TRACKER, TRG]",0.0,0.0,,cosmics2022/v14,/cdaq/cosmic/commissioning2022/MWGR/v1.2/GPU/HLT/V1,TransferTest2022,
348095,7531,450,2022-02-25 11:33:01,2022-02-25 11:40:31,"[CSC, CTPPS, CTPPS_TOT, DT, ECAL, ES, GEM, L1SCOUT, PIXEL, RPC, TRACKER, TRG]",0.0,0.0,,cosmics2022/v14,/cdaq/cosmic/commissioning2022/MWGR/v1.2/GPU/HLT/V1,TransferTest2022,
348097,7531,545,2022-02-25 11:44:25,2022-02-25 11:53:30,"[CSC, CTPPS, CTPPS_TOT, DT, ECAL, ES, GEM, L1SCOUT, PIXEL, RPC, TRACKER, TRG]",0.0,0.0,,cosmics2022/v14,/cdaq/cosmic/commissioning2022/MWGR/v1.2/GPU/HLT/V1,TransferTest2022,
348099,7531,462,2022-02-25 11:58:06,2022-02-25 12:05:48,"[CSC, CTPPS, CTPPS_TOT, DT, ECAL, ES, GEM, L1SCOUT, PIXEL, RPC, TRACKER]",0.0,0.0,,cosmics2022/v14,/cdaq/cosmic/commissioning2022/MWGR/v1.2/GPU/HLT/V1,TransferTest2022,
348101,7531,1482,2022-02-25 12:11:11,2022-02-25 12:35:53,"[CSC, CTPPS, CTPPS_TOT, DT, ECAL, ES, GEM, L1SCOUT, PIXEL, RPC, TRACKER]",0.0,0.0,,cosmics2022/v14,/cdaq/cosmic/commissioning2022/MWGR/v1.2/GPU/HLT/V1,TransferTest2022,
348102,7531,273,2022-02-25 12:54:48,2022-02-25 12:59:21,"[CSC, CTPPS, CTPPS_TOT, DT, ECAL, ES, GEM, L1SCOUT, PIXEL, RPC, TRACKER]",0.0,0.0,,cosmics2022/v14,/cdaq/cosmic/commissioning2022/MWGR/v1.2/GPU/HLT/V1,TransferTest2022,
348103,7531,245,2022-02-25 13:00:12,2022-02-25 13:04:17,"[CSC, CTPPS, CTPPS_TOT, DT, ECAL, ES, GEM, L1SCOUT, PIXEL, RPC, TRACKER]",0.0,0.0,,cosmics2022/v14,/cdaq/cosmic/commissioning2022/MWGR/v1.2/GPU/HLT/V1,TransferTest2022,
348106,7531,2493,2022-02-25 13:43:08,2022-02-25 14:24:41,"[CSC, CTPPS, CTPPS_TOT, DT, ECAL, ES, GEM, L1SCOUT, PIXEL, RPC, TRACKER]",0.0,0.0,,cosmics2022/v14,/cdaq/cosmic/commissioning2022/MWGR/v1.2/GPU/HLT/V1,TransferTest2022,
348108,7531,1747,2022-02-25 14:25:53,2022-02-25 14:55:00,"[CSC, CTPPS, CTPPS_TOT, DT, ECAL, ES, GEM, L1SCOUT, PIXEL, RPC, TRACKER]",0.0,0.0,,cosmics2022/v14,/cdaq/cosmic/commissioning2022/MWGR/v1.2/GPU/HLT/V1,TransferTest2022,
348134,7531,927,2022-02-28 11:12:24,2022-02-28 11:27:51,"[CSC, CTPPS, CTPPS_TOT, ECAL, ES, GEM, HCAL, L1SCOUT, PIXEL, RPC, TRACKER]",0.0,0.0,,cosmics2022/v16,/cdaq/cosmic/commissioning2022/CRAFT/v1.1/GPU/HLT/V4,TransferTest2022,1
348135,7531,195,2022-02-28 11:28:36,2022-02-28 11:31:51,"[CSC, CTPPS, CTPPS_TOT, ECAL, ES, GEM, HCAL, L1SCOUT, PIXEL, RPC, TRACKER]",0.0,0.0,,cosmics2022/v16,/cdaq/cosmic/commissioning2022/CRAFT/v1.1/GPU/HLT/V4,TransferTest2022,1
348136,7531,760,2022-02-28 11:33:46,2022-02-28 11:46:26,"[CSC, CTPPS, CTPPS_TOT, ECAL, ES, GEM, HCAL, L1SCOUT, PIXEL, RPC, TRACKER]",0.0,0.0,,cosmics2022/v16,/cdaq/cosmic/commissioning2022/CRAFT/v1.1/GPU/HLT/V4,TransferTest2022,1
348137,7531,1111,2022-02-28 12:00:49,2022-02-28 12:19:20,"[CSC, CTPPS, CTPPS_TOT, ECAL, ES, GEM, HCAL, L1SCOUT, PIXEL, RPC, TRACKER]",0.0,0.0,,cosmics2022/v16,/cdaq/cosmic/commissioning2022/CRAFT/v1.1/GPU/HLT/V4,TransferTest2022,1
348139,7531,294,2022-02-28 12:28:34,2022-02-28 12:33:28,"[CSC, CTPPS, CTPPS_TOT, DT, ECAL, ES, GEM, HCAL, L1SCOUT, PIXEL, RPC, TRACKER, TRG]",0.0,0.0,,,/cdaq/cosmic/commissioning2018/HeavyIon/HLT/V2,TransferTest2022,
348140,7531,1053,2022-02-28 12:35:23,2022-02-28 12:52:56,"[CSC, CTPPS, CTPPS_TOT, DT, ECAL, ES, GEM, HCAL, L1SCOUT, PIXEL, RPC, TRACKER, TRG]",0.0,0.0,,cosmics2022/v16,/cdaq/cosmic/commissioning2022/CRAFT/v1.1/GPU/HLT/V4,TransferTest2022,
348142,7531,712,2022-02-28 12:57:49,2022-02-28 13:09:41,"[CSC, CTPPS, CTPPS_TOT, ECAL, ES, GEM, HCAL, L1SCOUT, PIXEL, RPC, TRACKER]",0.0,0.0,,cosmics2022/v16,/cdaq/cosmic/commissioning2022/CRAFT/v1.1/GPU/HLT/V4,TransferTest2022,1
348143,7531,1107,2022-02-28 13:10:03,2022-02-28 13:28:30,"[CSC, CTPPS, CTPPS_TOT, ECAL, ES, GEM, HCAL, L1SCOUT, PIXEL, RPC, TRACKER]",0.0,0.0,,cosmics2022/v16,/cdaq/cosmic/commissioning2022/CRAFT/v1.1/GPU/HLT/V4,TransferTest2022,1
348144,7531,155,2022-02-28 14:18:08,2022-02-28 14:20:43,"[CSC, CTPPS, CTPPS_TOT, DT, ECAL, ES, GEM, HCAL, L1SCOUT, PIXEL, RPC, TRACKER]",0.0,0.0,,cosmics2022/v16,/cdaq/cosmic/commissioning2022/CRAFT/v1.1/GPU/HLT/V4,TransferTest2022,1
348151,7531,310,2022-02-28 18:25:31,2022-02-28 18:30:41,"[CSC, CTPPS, CTPPS_TOT, ECAL, ES, L1SCOUT, PIXEL, RPC, TRACKER]",0.0,0.0,,cosmics2022/v18,/cdaq/cosmic/commissioning2022/CRAFT/v1.1/GPU/HLT/V4,TransferTest2022,1
348152,7531,1162,2022-02-28 18:31:12,2022-02-28 18:50:34,"[CSC, CTPPS, CTPPS_TOT, ECAL, ES, L1SCOUT, PIXEL, RPC, TRACKER]",0.0,0.0,,cosmics2022/v18,/cdaq/cosmic/commissioning2022/CRAFT/v1.1/GPU/HLT/V4,Commissioning2022,1
348153,7531,53198,2022-02-28 18:53:03,2022-03-01 09:39:41,"[CSC, CTPPS, CTPPS_TOT, ECAL, ES, L1SCOUT, RPC, TRACKER]",0.0,0.0,,cosmics2022/v18,/cdaq/cosmic/commissioning2022/CRAFT/v1.1/GPU/HLT/V4,Commissioning2022,1
348154,7531,576,2022-03-01 10:17:04,2022-03-01 10:26:40,"[CSC, CTPPS, CTPPS_TOT, ECAL, ES, GEM, HCAL, L1SCOUT, PIXEL, RPC, TRACKER]",0.0,0.0,,cosmics2022/v19,/cdaq/cosmic/commissioning2022/CRAFT/v1.1/GPU/HLT/V4,Commissioning2022,1
348179,7531,306,2022-03-01 15:38:44,2022-03-01 15:43:50,"[CSC, CTPPS, CTPPS_TOT, ECAL, ES, GEM, HCAL, L1SCOUT, PIXEL, RPC, TRACKER]",0.0,0.0,,cosmics2022/v19,/cdaq/cosmic/commissioning2022/CRAFT/v1.1/GPU/HLT/V4,TransferTest2022,1
348181,7531,161,2022-03-01 15:51:36,2022-03-01 15:54:17,"[CSC, CTPPS, CTPPS_TOT, ECAL, ES, GEM, HCAL, L1SCOUT, PIXEL, RPC, TRACKER]",0.0,0.0,,cosmics2022/v19,/cdaq/cosmic/commissioning2022/CRAFT/v1.1/GPU/HLT/V4,TransferTest2022,1
348183,7531,192,2022-03-01 15:58:25,2022-03-01 16:01:37,"[CSC, CTPPS, CTPPS_TOT, ECAL, ES, GEM, HCAL, L1SCOUT, PIXEL, RPC, TRACKER]",0.0,0.0,,cosmics2022/v19,/cdaq/cosmic/commissioning2022/CRAFT/v1.1/GPU/HLT/V4,Commissioning2022,1
348184,7531,562,2022-03-01 16:10:37,2022-03-01 16:19:59,"[CSC, CTPPS, CTPPS_TOT, ECAL, ES, GEM, HCAL, L1SCOUT, PIXEL, RPC, TRACKER]",0.0,0.0,,cosmics2022/v19,/cdaq/cosmic/commissioning2022/CRAFT/v1.1/GPU/HLT/V4,TransferTest2022,1
348186,7531,171,2022-03-01 16:32:00,2022-03-01 16:34:51,"[CSC, CTPPS, CTPPS_TOT, ECAL, ES, GEM, HCAL, L1SCOUT, PIXEL, RPC, TRACKER]",0.0,0.0,,cosmics2022/v19,/cdaq/cosmic/commissioning2022/CRAFT/v1.1/GPU/HLT/V4,TransferTest2022,1
348187,7531,384,2022-03-01 16:37:03,2022-03-01 16:43:27,"[CSC, CTPPS, CTPPS_TOT, ECAL, ES, GEM, HCAL, L1SCOUT, PIXEL, RPC, TRACKER]",0.0,0.0,,cosmics2022/v19,/cdaq/cosmic/commissioning2022/CRAFT/v1.1/GPU/HLT/V4,TransferTest2022,1
348188,7531,322,2022-03-01 16:44:15,2022-03-01 16:49:37,"[CSC, CTPPS, CTPPS_TOT, ECAL, ES, GEM, HCAL, L1SCOUT, PIXEL, RPC, TRACKER]",0.0,0.0,,cosmics2022/v19,/cdaq/cosmic/commissioning2022/CRAFT/v1.1/GPU/HLT/V4,TransferTest2022,1
348192,7531,284,2022-03-01 17:15:56,2022-03-01 17:20:40,"[CSC, CTPPS, CTPPS_TOT, ECAL, GEM, L1SCOUT, PIXEL, RPC, TRACKER]",0.0,0.0,,cosmics2022/v19,/cdaq/cosmic/commissioning2022/CRAFT/v1.1/GPU/HLT/V4,TransferTest2022,1
348194,7531,4223,2022-03-01 17:22:55,2022-03-01 18:33:18,"[CSC, CTPPS, CTPPS_TOT, ECAL, GEM, L1SCOUT, PIXEL, RPC, TRACKER]",0.0,0.0,,cosmics2022/v19,/cdaq/cosmic/commissioning2022/CRAFT/v1.1/GPU/HLT/V4,TransferTest2022,1
348199,7531,61,2022-03-01 18:39:20,2022-03-01 18:40:21,"[CSC, CTPPS, CTPPS_TOT, ECAL, L1SCOUT, RPC, TRACKER]",,,,cosmics2022/v19,,TransferTest2022,
348201,7531,596,2022-03-01 18:47:25,2022-03-01 18:57:21,"[CSC, CTPPS, CTPPS_TOT, ECAL, L1SCOUT, RPC, TRACKER]",,,,cosmics2022/v19,,TransferTest2022,
348202,7531,50632,2022-03-01 18:58:40,2022-03-02 09:02:32,"[CSC, CTPPS, CTPPS_TOT, ECAL, L1SCOUT, RPC, TRACKER]",0.0,0.0,,cosmics2022/v19,/cdaq/cosmic/commissioning2022/CRAFT/v1.1/GPU/HLT/V4,Commissioning2022,1
348207,7531,1922,2022-03-02 09:34:53,2022-03-02 10:06:55,"[CSC, CTPPS, CTPPS_TOT, ECAL, ES, GEM, HCAL, L1SCOUT, PIXEL, RPC, TRACKER]",0.0,0.0,,testinghlt/v13,/cdaq/cosmic/commissioning2022/CRAFT/v1.1/ConditionsStressTest/GPU/HLT/V1,Commissioning2022,1
348222,7531,10890,2022-03-02 14:02:59,2022-03-02 17:04:29,"[CSC, CTPPS, CTPPS_TOT, DT, ECAL, ES, HCAL, L1SCOUT, PIXEL, RPC, TRACKER]",0.0,0.0,,testinghlt/v13,/cdaq/cosmic/commissioning2022/CRAFT/v1.1/ConditionsStressTest/GPU/HLT/V1,Commissioning2022,1
348235,7531,903,2022-03-02 17:15:27,2022-03-02 17:30:30,"[CSC, CTPPS, CTPPS_TOT, DT, ECAL, GEM, HCAL, L1SCOUT, PIXEL, RPC, TRACKER]",,,,cosmics2022/v19,,TransferTest2022,
348236,7531,1882,2022-03-02 17:31:46,2022-03-02 18:03:08,"[CSC, CTPPS, CTPPS_TOT, DT, ECAL, GEM, HCAL, L1SCOUT, PIXEL, RPC, TRACKER]",0.0,0.0,,cosmics2022/v19,/cdaq/cosmic/commissioning2022/CRAFT/v1.1/GPU/HLT/V4,Commissioning2022,1
348240,7531,1731,2022-03-02 18:05:20,2022-03-02 18:34:11,"[CSC, CTPPS, CTPPS_TOT, DT, ECAL, GEM, HCAL, L1SCOUT, RPC, TRACKER]",0.0,0.0,,cosmics2022/v19,/cdaq/cosmic/commissioning2022/CRAFT/v1.1/GPU/HLT/V4,Commissioning2022,1
348241,7531,115,2022-03-02 18:37:03,2022-03-02 18:38:58,"[CSC, CTPPS, CTPPS_TOT, ECAL, GEM, HCAL, L1SCOUT, RPC, TRACKER]",0.0,0.0,,cosmics2022/v19,/cdaq/cosmic/commissioning2022/CRAFT/v1.1/GPU/HLT/V4,Commissioning2022,1
348242,7531,118,2022-03-02 18:40:00,2022-03-02 18:41:58,"[CSC, CTPPS, CTPPS_TOT, ECAL, GEM, HCAL, L1SCOUT, RPC, TRACKER]",0.0,0.0,,cosmics2022/v19,/cdaq/cosmic/commissioning2022/CRAFT/v1.1/GPU/HLT/V4,Commissioning2022,1
348243,7531,10445,2022-03-02 18:56:01,2022-03-02 21:50:06,"[CSC, CTPPS, CTPPS_TOT, DT, ECAL, GEM, HCAL, L1SCOUT, RPC, TRACKER]",0.0,0.0,,cosmics2022/v19,/cdaq/cosmic/commissioning2022/CRAFT/v1.1/GPU/HLT/V4,Commissioning2022,1
348245,7531,35285,2022-03-02 21:53:39,2022-03-03 07:41:44,"[CSC, CTPPS, CTPPS_TOT, ECAL, GEM, HCAL, L1SCOUT, RPC, TRACKER]",0.0,0.0,,cosmics2022/v19,/cdaq/cosmic/commissioning2022/CRAFT/v1.1/GPU/HLT/V4,Commissioning2022,1
348247,7531,2596,2022-03-03 09:43:55,2022-03-03 10:27:11,"[CSC, CTPPS, CTPPS_TOT, ECAL, GEM, HCAL, L1SCOUT, PIXEL, RPC, TRACKER]",0.0,0.0,,cosmics2022/v19,/cdaq/cosmic/commissioning2022/CRAFT/v1.1/GPU/HLT/V4,Commissioning2022,1
348248,7531,167,2022-03-03 10:30:09,2022-03-03 10:32:56,"[CSC, CTPPS, CTPPS_TOT, DT, ECAL, GEM, HCAL, L1SCOUT, PIXEL, RPC, TRACKER]",0.0,0.0,,cosmics2022/v19,/cdaq/cosmic/commissioning2022/CRAFT/v1.1/GPU/HLT/V4,Commissioning2022,1
348257,7531,218,2022-03-03 16:49:34,2022-03-03 16:53:12,"[CSC, CTPPS, CTPPS_TOT, DT, ECAL, GEM, HCAL, L1SCOUT, PIXEL, RPC, TRACKER]",0.0,0.0,,cosmics2022/v19,/cdaq/cosmic/commissioning2022/CRAFT/v1.1/GPU/HLT/V4,TransferTest2022,1
348266,7531,315,2022-03-03 18:35:08,2022-03-03 18:40:23,"[CTPPS, CTPPS_TOT, DT, ECAL, GEM, L1SCOUT, PIXEL, RPC, TRACKER]",0.0,0.0,,cosmics2022/v20,/cdaq/cosmic/commissioning2022/CRAFT/v1.1/GPU/HLT/V4,TransferTest2022,1
348267,7531,213,2022-03-03 18:43:08,2022-03-03 18:46:41,"[CTPPS, CTPPS_TOT, DT, ECAL, GEM, L1SCOUT, RPC, TRACKER]",0.0,0.0,,cosmics2022/v20,/cdaq/cosmic/commissioning2022/CRAFT/v1.1/GPU/HLT/V4,TransferTest2022,1
348268,7531,3737,2022-03-03 18:48:41,2022-03-03 19:50:58,"[CTPPS, CTPPS_TOT, DT, ECAL, GEM, L1SCOUT, RPC, TRACKER]",0.0,0.0,,cosmics2022/v20,/cdaq/cosmic/commissioning2022/CRAFT/v1.1/GPU/HLT/V4,Commissioning2022,1
348269,7531,372,2022-03-03 19:54:26,2022-03-03 20:00:38,"[CTPPS, CTPPS_TOT, ECAL, GEM, L1SCOUT, RPC, TRACKER]",,,,cosmics2022/v20,,TransferTest2022,
348271,7531,3315,2022-03-03 20:07:13,2022-03-03 21:02:28,"[CTPPS, CTPPS_TOT, ECAL, GEM, L1SCOUT, RPC, TRACKER]",0.0,0.0,,cosmics2022/v20,/cdaq/cosmic/commissioning2022/CRAFT/v1.1/GPU/HLT/V4,Commissioning2022,1
348273,7531,31753,2022-03-03 21:40:18,2022-03-04 06:29:31,"[CTPPS, CTPPS_TOT, ECAL, GEM, L1SCOUT, RPC, TRACKER]",0.0,0.0,,cosmics2022/v20,/cdaq/cosmic/commissioning2022/CRAFT/v1.1/GPU/HLT/V4,Commissioning2022,1
348276,7531,566,2022-03-04 10:09:15,2022-03-04 10:18:41,"[CSC, CTPPS, CTPPS_TOT, DT, ECAL, ES, GEM, L1SCOUT, PIXEL, RPC, TRACKER]",0.0,0.0,,cosmics2022/v20,/cdaq/cosmic/commissioning2022/CRAFT/v1.1/GPU/HLT/V4,Commissioning2022,1
348278,7531,1424,2022-03-04 10:21:43,2022-03-04 10:45:27,"[CSC, CTPPS, CTPPS_TOT, DT, ECAL, ES, GEM, L1SCOUT, PIXEL, RPC, TRACKER]",0.0,0.0,,cosmics2022/v20,/cdaq/cosmic/commissioning2022/CRAFT/v1.1/GPU/HLT/V4,Commissioning2022,1
348280,7531,315,2022-03-04 10:49:30,2022-03-04 10:54:45,"[CSC, CTPPS, CTPPS_TOT, DT, ECAL, ES, GEM, L1SCOUT, PIXEL, RPC, TRACKER]",0.0,0.0,,cosmics2022/v20,/cdaq/cosmic/commissioning2022/CRAFT/v1.1/GPU/HLT/V4,Commissioning2022,1
348281,7531,213,2022-03-04 10:57:20,2022-03-04 11:00:53,"[CSC, CTPPS, CTPPS_TOT, DT, ECAL, ES, GEM, L1SCOUT, PIXEL, RPC, TRACKER]",0.0,0.0,,cosmics2022/v20,/cdaq/cosmic/commissioning2022/CRAFT/v1.1/GPU/HLT/V4,Commissioning2022,1
348282,7531,222,2022-03-04 11:11:14,2022-03-04 11:14:56,"[CSC, CTPPS, CTPPS_TOT, DT, ECAL, ES, GEM, L1SCOUT, PIXEL, RPC, TRACKER]",0.0,0.0,,cosmics2022/v20,/cdaq/cosmic/commissioning2022/CRAFT/v1.1/GPU/HLT/V4,Commissioning2022,1
348284,7531,58,2022-03-04 13:49:52,2022-03-04 13:50:50,"[CSC, CTPPS, CTPPS_TOT, DT, ECAL, ES, GEM, HCAL, L1SCOUT, PIXEL, RPC, TRACKER, TRG]",,,,cosmics2022/v21,/cdaq/cosmic/commissioning2022/CRAFT/v1.1/GPU/HLT/V4,TransferTest2022,
348285,7531,218,2022-03-04 13:51:28,2022-03-04 13:55:06,"[CSC, CTPPS, CTPPS_TOT, DT, ECAL, ES, GEM, HCAL, L1SCOUT, PIXEL, RPC, TRACKER, TRG]",,,,cosmics2022/v21,/cdaq/cosmic/commissioning2022/CRAFT/v1.1/GPU/HLT/V4,TransferTest2022,
348286,7531,313,2022-03-04 15:07:00,2022-03-04 15:12:13,"[CSC, CTPPS, CTPPS_TOT, DT, ECAL, GEM, HCAL, L1SCOUT, PIXEL, RPC, TRACKER, TRG]",,,,cosmics2022/v22,/cdaq/cosmic/commissioning2022/CRAFT/v1.1/GPU/HLT/V4,Commissioning2022,
348297,7531,122,2022-03-04 15:30:05,2022-03-04 15:32:07,"[CTPPS, CTPPS_TOT, DT, ECAL, GEM, HCAL, L1SCOUT, PIXEL, RPC, TRACKER, TRG]",,,,cosmics2022/v22,/cdaq/cosmic/commissioning2022/CRAFT/v1.1/GPU/HLT/V4,Commissioning2022,
348308,7531,103,2022-03-04 16:46:51,2022-03-04 16:48:34,"[CSC, CTPPS, CTPPS_TOT, DT, ECAL, ES, GEM, HCAL, L1SCOUT, PIXEL, RPC, TRACKER]",,,,cosmics2022/v24,/cdaq/cosmic/commissioning2022/CRAFT/v1.1/GPU/HLT/V4,Commissioning2022,1
348311,7531,690,2022-03-04 17:04:48,2022-03-04 17:16:18,"[CSC, CTPPS, CTPPS_TOT, DT, ECAL, GEM, HCAL, L1SCOUT, PIXEL, RPC, TRACKER]",,,,cosmics2022/v24,/cdaq/cosmic/commissioning2022/CRAFT/v1.1/GPU/HLT/V4,Commissioning2022,1
348312,7531,5506,2022-03-04 17:17:00,2022-03-04 18:48:46,"[CSC, CTPPS, CTPPS_TOT, DT, ECAL, GEM, HCAL, L1SCOUT, PIXEL, RPC, TRACKER]",,,,cosmics2022/v24,/cdaq/cosmic/commissioning2022/CRAFT/v1.1/GPU/HLT/V4,TransferTest2022,1
348315,7531,3294,2022-03-04 18:53:10,2022-03-04 19:48:04,"[CSC, CTPPS, CTPPS_TOT, DT, ECAL, GEM, HCAL, L1SCOUT, PIXEL, RPC, TRACKER]",,,,cosmics2022/v24,/cdaq/cosmic/commissioning2022/CRAFT/v1.1/GPU/HLT/V4,TransferTest2022,1
348316,7531,110,2022-03-04 19:51:00,2022-03-04 19:52:50,"[CSC, CTPPS, CTPPS_TOT, DT, ECAL, GEM, L1SCOUT, PIXEL, RPC, TRACKER]",,,,cosmics2022/v24,/cdaq/cosmic/commissioning2022/CRAFT/v1.1/GPU/HLT/V4,TransferTest2022,1
348317,7531,76,2022-03-04 19:54:46,2022-03-04 19:56:02,"[CSC, CTPPS, CTPPS_TOT, DT, ECAL, GEM, L1SCOUT, PIXEL, RPC, TRACKER]",,,,cosmics2022/v24,/cdaq/cosmic/commissioning2022/CRAFT/v1.1/GPU/HLT/V4,TransferTest2022,1
348318,7531,48,2022-03-04 19:57:37,2022-03-04 19:58:25,"[CSC, CTPPS, CTPPS_TOT, DT, ECAL, GEM, L1SCOUT, PIXEL, RPC, TRACKER]",,,,cosmics2022/v24,/cdaq/cosmic/commissioning2022/CRAFT/v1.1/GPU/HLT/V4,TransferTest2022,1
348320,7531,407,2022-03-04 20:45:10,2022-03-04 20:51:57,"[CSC, CTPPS, CTPPS_TOT, DT, ECAL, GEM, L1SCOUT, PIXEL, RPC, TRACKER]",,,,cosmics2022/v24,/cdaq/cosmic/commissioning2022/CRAFT/v1.1/GPU/HLT/V4,TransferTest2022,1
348321,7531,2618,2022-03-04 20:55:03,2022-03-04 21:38:41,"[CSC, CTPPS, CTPPS_TOT, DT, ECAL, GEM, HCAL, L1SCOUT, PIXEL, RPC, TRACKER]",,,,cosmics2022/v24,/cdaq/cosmic/commissioning2022/CRAFT/v1.1/GPU/HLT/V4,TransferTest2022,1
348330,7531,3533,2022-03-04 21:41:19,2022-03-04 22:40:12,"[CSC, CTPPS, CTPPS_TOT, DT, ECAL, GEM, L1SCOUT, PIXEL, RPC, TRACKER]",,,,cosmics2022/v24,/cdaq/cosmic/commissioning2022/CRAFT/v1.1/GPU/HLT/V4,TransferTest2022,1
348331,7531,83,2022-03-04 22:50:51,2022-03-04 22:52:14,"[CSC, CTPPS, CTPPS_TOT, ECAL, GEM, L1SCOUT, PIXEL, RPC, TRACKER]",,,,cosmics2022/v24,/cdaq/cosmic/commissioning2022/CRAFT/v1.1/GPU/HLT/V4,TransferTest2022,1
348332,7531,31278,2022-03-04 22:54:53,2022-03-05 07:36:11,"[CSC, CTPPS, CTPPS_TOT, ECAL, GEM, L1SCOUT, PIXEL, RPC, TRACKER]",0.0,0.0,,cosmics2022/v24,/cdaq/cosmic/commissioning2022/CRAFT/v1.1/GPU/HLT/V4,Commissioning2022,1
348333,7531,134,2022-03-05 07:41:55,2022-03-05 07:44:09,"[CTPPS, CTPPS_TOT, ECAL, GEM, L1SCOUT, PIXEL, RPC, TRACKER]",0.0,0.0,,cosmics2022/v24,/cdaq/cosmic/commissioning2022/CRAFT/v1.1/GPU/HLT/V4,TransferTest2022,1
348334,7531,109,2022-03-05 07:46:09,2022-03-05 07:47:58,"[CTPPS, CTPPS_TOT, ECAL, GEM, L1SCOUT, PIXEL, RPC, TRACKER]",,,,cosmics2022/v24,,TransferTest2022,
348335,7531,89,2022-03-05 08:24:11,2022-03-05 08:25:40,"[CTPPS, CTPPS_TOT, ECAL, GEM, L1SCOUT, PIXEL, RPC, TRACKER]",0.0,0.0,,cosmics2022/v24,/cdaq/cosmic/commissioning2022/CRAFT/v1.1/GPU/HLT/V4,TransferTest2022,1
348336,7531,304,2022-03-05 08:27:47,2022-03-05 08:32:51,"[CTPPS, CTPPS_TOT, ECAL, GEM, L1SCOUT, PIXEL, RPC, TRACKER]",0.0,0.0,,cosmics2022/v24,/cdaq/cosmic/commissioning2022/CRAFT/v1.1/GPU/HLT/V4,TransferTest2022,1
348337,7531,442,2022-03-05 08:35:24,2022-03-05 08:42:46,"[CSC, CTPPS, CTPPS_TOT, ECAL, GEM, L1SCOUT, PIXEL, RPC, TRACKER]",0.0,0.0,,cosmics2022/v24,/cdaq/cosmic/commissioning2022/CRAFT/v1.1/GPU/HLT/V4,Commissioning2022,1
348338,7531,4146,2022-03-05 08:46:08,2022-03-05 09:55:14,"[CTPPS, CTPPS_TOT, ECAL, GEM, L1SCOUT, PIXEL, RPC, TRACKER]",0.0,0.0,,cosmics2022/v24,/cdaq/cosmic/commissioning2022/CRAFT/v1.1/GPU/HLT/V4,Commissioning2022,1
348339,7531,2323,2022-03-05 09:58:06,2022-03-05 10:36:49,"[CSC, CTPPS, CTPPS_TOT, ECAL, GEM, L1SCOUT, PIXEL, RPC, TRACKER]",0.0,0.0,,cosmics2022/v25,/cdaq/cosmic/commissioning2022/CRAFT/v1.1/GPU/HLT/V4,Commissioning2022,1
348341,7531,3225,2022-03-05 10:40:17,2022-03-05 11:34:02,"[CTPPS, CTPPS_TOT, ECAL, GEM, L1SCOUT, PIXEL, RPC, TRACKER]",0.0,0.0,,cosmics2022/v25,/cdaq/cosmic/commissioning2022/CRAFT/v1.1/GPU/HLT/V4,Commissioning2022,1
348343,7531,18182,2022-03-05 11:52:07,2022-03-05 16:55:09,"[CTPPS, CTPPS_TOT, ECAL, GEM, L1SCOUT, PIXEL, RPC, TRACKER]",0.0,0.0,,cosmics2022/v25,/cdaq/cosmic/commissioning2022/CRAFT/v1.1/GPU/HLT/V4,Commissioning2022,1
348344,7531,672,2022-03-05 16:57:49,2022-03-05 17:09:01,"[CSC, CTPPS, CTPPS_TOT, ECAL, GEM, L1SCOUT, PIXEL, RPC, TRACKER]",0.0,0.0,,cosmics2022/v25,/cdaq/cosmic/commissioning2022/CRAFT/v1.1/GPU/HLT/V4,Commissioning2022,1
348346,7531,86631,2022-03-05 17:11:07,2022-03-06 17:14:58,"[CSC, CTPPS, CTPPS_TOT, ECAL, GEM, L1SCOUT, PIXEL, RPC, TRACKER]",0.0,0.0,,cosmics2022/v25,/cdaq/cosmic/commissioning2022/CRAFT/v1.1/GPU/HLT/V4,Commissioning2022,1
348351,7531,5131,2022-03-06 17:17:39,2022-03-06 18:43:10,"[CTPPS, CTPPS_TOT, ECAL, GEM, L1SCOUT, PIXEL, RPC, TRACKER]",0.0,0.0,,cosmics2022/v25,/cdaq/cosmic/commissioning2022/CRAFT/v1.1/GPU/HLT/V4,Commissioning2022,1
348352,7531,102,2022-03-06 18:44:29,2022-03-06 18:46:11,"[CTPPS, CTPPS_TOT, ECAL, GEM, L1SCOUT, PIXEL, RPC, TRACKER]",0.0,0.0,,cosmics2022/v25,/cdaq/cosmic/commissioning2022/CRAFT/v1.1/GPU/HLT/V4,TransferTest2022,1
348353,7531,47680,2022-03-06 18:46:51,2022-03-07 08:01:31,"[CTPPS, CTPPS_TOT, ECAL, GEM, L1SCOUT, PIXEL, RPC, TRACKER]",0.0,0.0,,cosmics2022/v25,/cdaq/cosmic/commissioning2022/CRAFT/v1.1/GPU/HLT/V4,Commissioning2022,1
348354,7531,4425,2022-03-07 08:05:18,2022-03-07 09:19:03,"[CSC, CTPPS, CTPPS_TOT, ECAL, GEM, L1SCOUT, PIXEL, RPC, TRACKER]",0.0,0.0,,cosmics2022/v25,/cdaq/cosmic/commissioning2022/CRAFT/v1.1/GPU/HLT/V4,Commissioning2022,1
348355,7531,991,2022-03-07 09:36:43,2022-03-07 09:53:14,"[CSC, CTPPS, CTPPS_TOT, DT, ECAL, GEM, L1SCOUT, PIXEL, RPC, TRACKER]",0.0,0.0,,cosmics2022/v25,/cdaq/cosmic/commissioning2022/CRAFT/v1.1/GPU/HLT/V4,Commissioning2022,1
348356,7531,7019,2022-03-07 10:05:15,2022-03-07 12:02:14,"[CSC, CTPPS, CTPPS_TOT, DT, ECAL, ES, GEM, L1SCOUT, PIXEL, RPC, TRACKER]",0.0,0.0,,cosmics2022/v25,/cdaq/cosmic/commissioning2022/CRAFT/v1.1/GPU/HLT/V4,Commissioning2022,1
348364,7531,9447,2022-03-07 12:04:02,2022-03-07 14:41:29,"[CSC, CTPPS, CTPPS_TOT, DT, ECAL, ES, GEM, L1SCOUT, PIXEL, RPC, TRACKER]",0.0,0.0,,cosmics2022/v25,/cdaq/cosmic/commissioning2022/CRAFT/v1.1/GPU/HLT/V4,Commissioning2022,1
348381,7531,4042,2022-03-07 15:30:43,2022-03-07 16:38:05,"[CSC, CTPPS, CTPPS_TOT, ECAL, ES, GEM, L1SCOUT, PIXEL, RPC, TRACKER]",0.0,0.0,,cosmics_toponly/v1,/cdaq/cosmic/commissioning2022/CRAFT/v1.1/GPU/HLT/V4,Commissioning2022,1
348386,7531,566,2022-03-07 16:45:55,2022-03-07 16:55:21,"[CSC, CTPPS, CTPPS_TOT, DT, ECAL, ES, GEM, PIXEL, RPC, TRACKER]",0.0,0.0,,cosmics2022/v27,/cdaq/cosmic/commissioning2022/CRAFT/v1.1/GPU/HLT/V4,Commissioning2022,1
348390,7531,3045,2022-03-07 16:58:11,2022-03-07 17:48:56,"[CTPPS, CTPPS_TOT, DT, ECAL, ES, GEM, PIXEL, RPC, TRACKER]",0.0,0.0,,cosmics2022/v27,/cdaq/cosmic/commissioning2022/CRAFT/v1.1/GPU/HLT/V4,Commissioning2022,1
348396,7531,11873,2022-03-07 17:59:13,2022-03-07 21:17:06,"[CTPPS, CTPPS_TOT, GEM, RPC, TRACKER]",0.0,0.0,,cosmics2022/v28,/cdaq/cosmic/commissioning2022/CRAFT/v1.1/GPU/HLT/V4,Commissioning2022,1
348401,7531,3845,2022-03-07 21:27:34,2022-03-07 22:31:39,"[CTPPS, CTPPS_TOT, RPC, TRACKER]",0.0,0.0,,cosmics2022/v28,/cdaq/cosmic/commissioning2022/CRAFT/v1.1/GPU/HLT/V4,Commissioning2022,1
348403,7531,18553,2022-03-07 22:39:00,2022-03-08 03:48:13,"[CTPPS, CTPPS_TOT, TRACKER]",0.0,0.0,,cosmics2022/v28,/cdaq/cosmic/commissioning2022/CRAFT/v1.1/GPU/HLT/V4,Commissioning2022,1
348409,7531,14441,2022-03-08 04:15:18,2022-03-08 08:15:59,"[CTPPS, CTPPS_TOT, TRACKER]",0.0,0.0,,cosmics2022/v28,/cdaq/cosmic/commissioning2022/CRAFT/v1.1/GPU/HLT/V4,Commissioning2022,1
348410,7531,2539,2022-03-08 08:19:13,2022-03-08 09:01:32,"[CSC, CTPPS, CTPPS_TOT, TRACKER]",0.0,0.0,,cosmics2022/v28,/cdaq/cosmic/commissioning2022/CRAFT/v1.1/GPU/HLT/V4,Commissioning2022,1
348411,7531,2766,2022-03-08 09:18:14,2022-03-08 10:04:20,"[CSC, CTPPS, CTPPS_TOT, TRACKER]",0.0,0.0,,testinghlt/v14,/cdaq/cosmic/commissioning2022/CRAFT/v1.1/PixelTracksPaths/GPU/HLT/V2,Commissioning2022,1
348413,7531,23,2022-03-08 10:09:10,2022-03-08 10:09:33,"[CSC, CTPPS, CTPPS_TOT, DT, GEM, PIXEL, TRACKER]",,,,cosmics2022/v28,,TransferTest2022,
348414,7531,15,2022-03-08 10:11:20,2022-03-08 10:11:35,"[CSC, CTPPS, CTPPS_TOT, DT, GEM, PIXEL, TRACKER]",,,,cosmics2022/v28,,TransferTest2022,
348416,7531,14,2022-03-08 10:13:32,2022-03-08 10:13:46,"[CSC, CTPPS, CTPPS_TOT, DT, GEM, PIXEL, TRACKER]",,,,cosmics2022/v28,,TransferTest2022,
348418,7531,87,2022-03-08 10:16:02,2022-03-08 10:17:29,"[CSC, CTPPS, CTPPS_TOT, DT, GEM, PIXEL, TRACKER]",0.0,0.0,,cosmics2022/v28,/cdaq/cosmic/commissioning2022/CRAFT/v1.1/GPU/HLT/V4,Commissioning2022,1
348419,7531,7787,2022-03-08 10:19:16,2022-03-08 12:29:03,"[CSC, CTPPS, CTPPS_TOT, DT, GEM, PIXEL, TRACKER]",0.0,0.0,,cosmics2022/v29,/cdaq/cosmic/commissioning2022/CRAFT/v1.2/GPU/HLT/V1,Commissioning2022,1
348428,7531,21,2022-03-08 12:31:17,2022-03-08 12:31:38,"[CSC, CTPPS, CTPPS_TOT, DT, ECAL, ES, GEM, PIXEL, TRACKER]",,,,cosmics2022/v29,,TransferTest2022,
348430,7531,6209,2022-03-08 12:35:16,2022-03-08 14:18:45,"[CSC, CTPPS, CTPPS_TOT, DT, ECAL, ES, GEM, HCAL, PIXEL, TRACKER]",0.0,0.0,,cosmics2022/v29,/cdaq/cosmic/commissioning2022/CRAFT/v1.2/GPU/HLT/V1,Commissioning2022,1
348436,7531,98,2022-03-08 14:22:20,2022-03-08 14:23:58,"[CSC, CTPPS, CTPPS_TOT, ECAL, ES, GEM, HCAL, PIXEL, TRACKER]",,,,cosmics_toponly/v3,,TransferTest2022,
348439,7531,148,2022-03-08 14:26:37,2022-03-08 14:29:05,"[CSC, CTPPS, CTPPS_TOT, ECAL, ES, GEM, HCAL, PIXEL, RPC, TRACKER]",0.0,0.0,,cosmics_toponly/v3,/cdaq/cosmic/commissioning2022/CRAFT/v1.2/GPU/HLT/V1,Commissioning2022,1
348440,7531,1679,2022-03-08 14:31:20,2022-03-08 14:59:19,"[CSC, CTPPS, CTPPS_TOT, ECAL, ES, GEM, HCAL, PIXEL, RPC, TRACKER]",0.0,0.0,,cosmics_toponly/v3,/cdaq/cosmic/commissioning2022/CRAFT/v1.2/GPU/HLT/V1,Commissioning2022,1
348456,7531,236,2022-03-08 16:05:24,2022-03-08 16:09:20,"[CSC, CTPPS, CTPPS_TOT, DT, ECAL, ES, GEM, HCAL, PIXEL, RPC, TRACKER]",0.0,0.0,,collisions2021/v35,/cdaq/special/PilotBeamTest2021/Collisions/V55,TransferTest2022,
348457,7532,353,2022-03-08 16:53:17,2022-03-08 16:59:10,"[CSC, CTPPS, CTPPS_TOT, DT, GEM, HCAL, PIXEL, RPC, TRACKER]",,,,collisions2021/v35,/cdaq/special/PilotBeamTest2021/Collisions/V55,TransferTest2022,
348464,7532,615,2022-03-08 17:34:19,2022-03-08 17:44:34,"[CTPPS, CTPPS_TOT, DT, GEM, HCAL, PIXEL, RPC, TRACKER]",,,,cosmics_toponly/v3,/cdaq/cosmic/commissioning2022/CRAFT/v1.2/GPU/HLT/V1,Commissioning2022,1
348471,7532,3478,2022-03-08 17:57:18,2022-03-08 18:55:16,"[CTPPS, CTPPS_TOT, DT, GEM, HCAL, PIXEL, RPC, TRACKER]",,,,cosmics_toponly/v3,/cdaq/cosmic/commissioning2022/CRAFT/v1.2/GPU/HLT/V1,Commissioning2022,1
348481,7532,509,2022-03-08 19:07:46,2022-03-08 19:16:15,"[CTPPS, CTPPS_TOT, DT, PIXEL, RPC, TRACKER]",,,,cosmics_toponly/v3,/cdaq/cosmic/commissioning2022/CRAFT/v1.2/GPU/HLT/V1,Commissioning2022,1
348482,7532,10276,2022-03-08 19:20:40,2022-03-08 22:11:56,"[CTPPS, CTPPS_TOT, DT, RPC, TRACKER]",,,,cosmics_toponly/v3,/cdaq/cosmic/commissioning2022/CRAFT/v1.2/GPU/HLT/V1,Commissioning2022,1
348490,7532,34699,2022-03-08 22:25:49,2022-03-09 08:04:08,"[CTPPS, CTPPS_TOT, TRACKER]",,,,cosmics_toponly/v3,/cdaq/cosmic/commissioning2022/CRAFT/v1.2/GPU/HLT/V1,Commissioning2022,1
348491,7532,36,2022-03-09 08:15:03,2022-03-09 08:15:39,"[CSC, CTPPS, CTPPS_TOT, TRACKER]",,,,cosmics_toponly/v3,,TransferTest2022,
348492,7532,2981,2022-03-09 08:20:17,2022-03-09 09:09:58,"[CSC, CTPPS, CTPPS_TOT, TRACKER]",,,,cosmics_toponly/v3,/cdaq/cosmic/commissioning2022/CRAFT/v1.2/GPU/HLT/V1,Commissioning2022,1
348496,7532,11278,2022-03-09 09:56:59,2022-03-09 13:04:57,"[CSC, CTPPS, CTPPS_TOT, DT, ECAL, GEM, HCAL, L1SCOUT, PIXEL, RPC, TRACKER]",0.0,0.0,,cosmics_toponly/v3,/cdaq/cosmic/commissioning2022/CRAFT/v1.2/GPU/HLT/V1,Commissioning2022,1
348531,7532,96,2022-03-09 13:19:27,2022-03-09 13:21:03,"[CSC, CTPPS, CTPPS_TOT, DT, ECAL, GEM, L1SCOUT, PIXEL, RPC, TRACKER]",0.0,0.0,,cosmics2022/v29,/cdaq/cosmic/commissioning2022/CRAFT/v1.2/GPU/HLT/V1,TransferTest2022,1
348534,7532,263,2022-03-09 13:23:05,2022-03-09 13:27:28,"[CSC, CTPPS, CTPPS_TOT, DT, ECAL, GEM, L1SCOUT, PIXEL, RPC, TRACKER]",0.0,0.0,,cosmics2022/v29,/cdaq/cosmic/commissioning2022/CRAFT/v1.2/GPU/HLT/V1,Commissioning2022,1
348536,7532,154,2022-03-09 13:28:27,2022-03-09 13:31:01,"[CSC, CTPPS, CTPPS_TOT, DT, ECAL, GEM, L1SCOUT, PIXEL, RPC, TRACKER]",0.0,0.0,,cosmics2022/v29,/cdaq/cosmic/commissioning2022/CRAFT/v1.2/GPU/HLT/V1,Commissioning2022,1
348537,7532,93,2022-03-09 13:33:27,2022-03-09 13:35:00,"[CSC, CTPPS, CTPPS_TOT, DT, ECAL, GEM, L1SCOUT, PIXEL, RPC, TRACKER]",,,,cosmics2022/v29,,TransferTest2022,
348539,7532,516,2022-03-09 13:38:58,2022-03-09 13:47:34,"[CSC, CTPPS, CTPPS_TOT, DT, ECAL, GEM, L1SCOUT, PIXEL, RPC, TRACKER]",0.0,0.0,,cosmics2022/v29,/cdaq/cosmic/commissioning2022/CRAFT/v1.2/GPU/HLT/V1,Commissioning2022,1
348540,7532,5724,2022-03-09 13:51:28,2022-03-09 15:26:52,"[CSC, CTPPS, CTPPS_TOT, DT, ECAL, GEM, HCAL, L1SCOUT, PIXEL, RPC, TRACKER]",0.0,0.0,,cosmics2022/v29,/cdaq/cosmic/commissioning2022/CRAFT/v1.2/GPU/HLT/V1,Commissioning2022,1
348549,7532,7173,2022-03-09 15:29:49,2022-03-09 17:29:22,"[CTPPS, CTPPS_TOT, DT, ECAL, GEM, HCAL, PIXEL, RPC, TRACKER]",0.0,0.0,,cosmics2022/v29,/cdaq/cosmic/commissioning2022/CRAFT/v1.2/GPU/HLT/V1,Commissioning2022,1
348575,7532,5270,2022-03-09 17:36:31,2022-03-09 19:04:21,"[CTPPS, CTPPS_TOT, GEM, HCAL, PIXEL, TRACKER]",0.0,0.0,,cosmics2022/v29,/cdaq/cosmic/commissioning2022/CRAFT/v1.2/GPU/HLT/V1,Commissioning2022,1
348585,7532,222,2022-03-09 19:17:52,2022-03-09 19:21:34,"[CTPPS, CTPPS_TOT]",0.0,0.0,,cosmics2022/v29,/cdaq/cosmic/commissioning2022/CRAFT/v1.2/GPU/HLT/V1,Commissioning2022,1
348586,7532,126,2022-03-09 19:24:06,2022-03-09 19:26:12,"[CTPPS, CTPPS_TOT]",0.0,0.0,,cosmics2022/v29,/cdaq/cosmic/commissioning2022/CRAFT/v1.2/GPU/HLT/V1,Commissioning2022,1
348587,7532,593,2022-03-09 19:28:19,2022-03-09 19:38:12,"[CTPPS, CTPPS_TOT]",0.0,0.0,,cosmics2022/v29,/cdaq/cosmic/commissioning2022/CRAFT/v1.2/GPU/HLT/V1,Commissioning2022,1
348588,7532,584,2022-03-09 19:40:01,2022-03-09 19:49:45,"[CTPPS, CTPPS_TOT]",0.0,0.0,,cosmics2022/v29,/cdaq/cosmic/commissioning2022/CRAFT/v1.2/GPU/HLT/V1,TransferTest2022,1
348589,7532,210,2022-03-09 19:50:25,2022-03-09 19:53:55,"[CTPPS, CTPPS_TOT]",0.0,0.0,,cosmics2022/v29,/cdaq/cosmic/commissioning2022/CRAFT/v1.2/GPU/HLT/V1,TransferTest2022,1
348590,7532,2912,2022-03-09 19:54:55,2022-03-09 20:43:27,"[CTPPS, CTPPS_TOT]",0.0,0.0,,cosmics2022/v29,/cdaq/cosmic/commissioning2022/CRAFT/v1.2/GPU/HLT/V1,Commissioning2022,1
348591,7532,115,2022-03-09 20:46:50,2022-03-09 20:48:45,"[CTPPS, CTPPS_TOT]",,,,cosmics2022/v29,/cdaq/cosmic/commissioning2022/CRAFT/v1.2/GPU/HLT/V1,TransferTest2022,
348594,7532,38679,2022-03-09 21:09:20,2022-03-10 07:53:59,"[CTPPS, CTPPS_TOT]",0.0,0.0,,cosmics2022/v29,/cdaq/cosmic/commissioning2022/CRAFT/v1.2/GPU/HLT/V1,Commissioning2022,1
348595,7532,2020,2022-03-10 07:59:52,2022-03-10 08:33:32,"[CSC, CTPPS, CTPPS_TOT]",0.0,0.0,,cosmics2022/v29,/cdaq/cosmic/commissioning2022/CRAFT/v1.2/GPU/HLT/V1,Commissioning2022,1
348596,7532,2289,2022-03-10 08:36:44,2022-03-10 09:14:53,"[CSC, CTPPS, CTPPS_TOT, TRACKER]",0.0,0.0,,cosmics2022/v29,/cdaq/cosmic/commissioning2022/CRAFT/v1.2/GPU/HLT/V1,Commissioning2022,1
348598,7532,1770,2022-03-10 09:17:44,2022-03-10 09:47:14,"[CSC, CTPPS, CTPPS_TOT, DT, TRACKER]",0.0,0.0,,cosmics2022/v29,/cdaq/cosmic/commissioning2022/CRAFT/v1.2/GPU/HLT/V1,Commissioning2022,1
348603,7532,487,2022-03-10 10:00:55,2022-03-10 10:09:02,"[CSC, CTPPS, CTPPS_TOT, DT, GEM, HCAL, L1SCOUT, PIXEL, RPC, TRACKER, TRG]",0.0,0.0,,cosmics2022/v29,/cdaq/cosmic/commissioning2022/CRAFT/v1.2/GPU/HLT/V1,TransferTest2022,
348606,7532,1410,2022-03-10 10:16:44,2022-03-10 10:40:14,"[CSC, CTPPS, CTPPS_TOT, DT, GEM, HCAL, L1SCOUT, PIXEL, RPC, TRACKER, TRG]",0.0,0.0,,cosmics2022/v29,/cdaq/cosmic/commissioning2022/CRAFT/v1.2/GPU/HLT/V1,TransferTest2022,
348618,7532,4880,2022-03-10 11:08:33,2022-03-10 12:29:53,"[CSC, CTPPS, CTPPS_TOT, DT, GEM, HCAL, L1SCOUT, PIXEL, RPC, TRACKER]",0.0,0.0,,cosmics2022/v29,/cdaq/cosmic/commissioning2022/CRAFT/v1.2/GPU/HLT/V1,Commissioning2022,1
348626,7532,866,2022-03-10 12:33:50,2022-03-10 12:48:16,"[CSC, CTPPS, CTPPS_TOT, DT, GEM, L1SCOUT, PIXEL, RPC, TRACKER]",0.0,0.0,,cosmics2022/v29,/cdaq/cosmic/commissioning2022/CRAFT/v1.2/GPU/HLT/V1,Commissioning2022,1
348627,7532,671,2022-03-10 12:51:10,2022-03-10 13:02:21,"[CSC, CTPPS, CTPPS_TOT, DT, GEM, L1SCOUT, PIXEL, RPC, TRACKER]",0.0,0.0,,cosmics2022/v29,/cdaq/cosmic/commissioning2022/CRAFT/v1.2/GPU/HLT/V1,Commissioning2022,1
348628,7532,1931,2022-03-10 13:11:49,2022-03-10 13:44:00,"[CSC, CTPPS, CTPPS_TOT, DT, ECAL, GEM, L1SCOUT, PIXEL, RPC, TRACKER]",0.0,0.0,,cosmics2022/v29,/cdaq/cosmic/commissioning2022/CRAFT/v1.2/GPU/HLT/V1,Commissioning2022,1
348630,7532,487,2022-03-10 13:46:15,2022-03-10 13:54:22,"[CSC, CTPPS, CTPPS_TOT, DT, ECAL, GEM, L1SCOUT, PIXEL, RPC, TRACKER]",0.0,0.0,,cosmics2022/v29,/cdaq/cosmic/commissioning2022/CRAFT/v1.2/GPU/HLT/V1,Commissioning2022,1
348638,7532,312,2022-03-10 14:22:20,2022-03-10 14:27:32,"[CSC, CTPPS, CTPPS_TOT, ECAL, GEM, HCAL, L1SCOUT, PIXEL, TRACKER]",0.0,0.0,,cosmics2022/v29,/cdaq/cosmic/commissioning2022/CRAFT/v1.2/GPU/HLT/V1,Commissioning2022,1
348644,7532,27,2022-03-10 15:08:15,2022-03-10 15:08:42,"[CSC, CTPPS, CTPPS_TOT, ECAL, GEM, HCAL, L1SCOUT, PIXEL, TRACKER]",,,,cosmics2022/v29,,TransferTest2022,
348645,7532,506,2022-03-10 15:11:12,2022-03-10 15:19:38,"[CSC, CTPPS, CTPPS_TOT, ECAL, GEM, HCAL, L1SCOUT, PIXEL, TRACKER]",0.0,0.0,,cosmics2022/v29,/cdaq/cosmic/commissioning2022/CRAFT/v1.2/GPU/HLT/V1,Commissioning2022,1
348648,7532,449,2022-03-10 15:25:09,2022-03-10 15:32:38,"[CTPPS, CTPPS_TOT, DT, ECAL, HCAL, L1SCOUT, PIXEL, RPC, TRACKER]",0.0,0.0,,cosmics2022/v29,/cdaq/cosmic/commissioning2022/CRAFT/v1.2/GPU/HLT/V1,Commissioning2022,1
348650,7532,6863,2022-03-10 15:34:53,2022-03-10 17:29:16,"[CTPPS, CTPPS_TOT, DT, ECAL, HCAL, L1SCOUT, PIXEL, RPC, TRACKER]",0.0,0.0,,cosmics2022/v30,/cdaq/cosmic/commissioning2022/CRAFT/v1.2/GPU/HLT/V1,Commissioning2022,1
348669,7532,121,2022-03-10 17:38:05,2022-03-10 17:40:06,"[CTPPS, CTPPS_TOT, DT, L1SCOUT, PIXEL, RPC, TRACKER]",0.0,0.0,,cosmics2022/v30,/cdaq/cosmic/commissioning2022/CRAFT/v1.2/GPU/HLT/V1,Commissioning2022,1
348671,7532,177,2022-03-10 17:42:06,2022-03-10 17:45:03,"[CTPPS, CTPPS_TOT, DT, L1SCOUT, PIXEL, RPC, TRACKER]",0.0,0.0,,cosmics2022/v30,/cdaq/cosmic/commissioning2022/CRAFT/v1.2/GPU/HLT/V1,Commissioning2022,1
348672,7532,4549,2022-03-10 17:46:21,2022-03-10 19:02:10,"[CTPPS, CTPPS_TOT, DT, L1SCOUT, PIXEL, RPC, TRACKER]",0.0,0.0,,cosmics2022/v30,/cdaq/cosmic/commissioning2022/CRAFT/v1.2/GPU/HLT/V1,Commissioning2022,1
348681,7532,2987,2022-03-10 19:14:32,2022-03-10 20:04:19,"[CTPPS, CTPPS_TOT, TRACKER]",0.0,0.0,,cosmics2022/v31,/cdaq/cosmic/commissioning2022/CRAFT/v1.2/GPU/HLT/V1,Commissioning2022,1
348682,7532,2174,2022-03-10 20:09:14,2022-03-10 20:45:28,"[CTPPS, CTPPS_TOT, TRACKER]",0.0,0.0,,cosmics2022/v31,/cdaq/cosmic/commissioning2022/CRAFT/v1.2/GPU/HLT/V1,Commissioning2022,1
348683,7532,41301,2022-03-10 20:49:22,2022-03-11 08:17:43,"[CTPPS, CTPPS_TOT]",0.0,0.0,,cosmics2022/v31,/cdaq/cosmic/commissioning2022/CRAFT/v1.2/GPU/HLT/V1,Commissioning2022,1
348685,7532,88,2022-03-11 08:28:05,2022-03-11 08:29:33,"[CSC, CTPPS, CTPPS_TOT, HCAL]",0.0,0.0,,cosmics2022/v31,/cdaq/cosmic/commissioning2022/CRAFT/v1.2/GPU/HLT/V1,Commissioning2022,1
348686,7532,2864,2022-03-11 08:33:11,2022-03-11 09:20:55,"[CSC, CTPPS, CTPPS_TOT, HCAL]",0.0,0.0,,cosmics2022/v31,/cdaq/cosmic/commissioning2022/CRAFT/v1.2/GPU/HLT/V1,Commissioning2022,1
348687,7532,2334,2022-03-11 09:26:35,2022-03-11 10:05:29,"[CSC, CTPPS, CTPPS_TOT, DT, ECAL, HCAL]",0.0,0.0,,cosmics2022/v31,/cdaq/cosmic/commissioning2022/CRAFT/v1.2/GPU/HLT/V1,Commissioning2022,1
348698,7532,1631,2022-03-11 10:10:57,2022-03-11 10:38:08,"[CSC, CTPPS, CTPPS_TOT, DT, ECAL, GEM, HCAL, PIXEL, RPC]",0.0,0.0,,cosmics2022/v31,/cdaq/cosmic/commissioning2022/CRAFT/v1.2/GPU/HLT/V1,Commissioning2022,1
348702,7532,4984,2022-03-11 10:41:46,2022-03-11 12:04:50,"[CSC, CTPPS, CTPPS_TOT, DT, ECAL, GEM, HCAL, PIXEL, RPC]",0.0,0.0,,cosmics2022/v31,/cdaq/cosmic/commissioning2022/CRAFT/v1.2/GPU/HLT/V1,Commissioning2022,1
348711,7532,2033,2022-03-11 12:09:29,2022-03-11 12:43:22,"[CSC, CTPPS, CTPPS_TOT, DT, ECAL, GEM, HCAL, PIXEL, RPC]",0.0,0.0,,cosmics2022/v31,/cdaq/cosmic/commissioning2022/CRAFT/v1.2/GPU/HLT/V1,Commissioning2022,1
348714,7532,843,2022-03-11 12:48:30,2022-03-11 13:02:33,"[CSC, CTPPS, CTPPS_TOT, DT, ECAL, GEM, HCAL, PIXEL, RPC]",0.0,0.0,,cosmics2022/v31,/cdaq/cosmic/commissioning2022/CRAFT/v1.2/GPU/HLT/V1,Commissioning2022,1
348716,7532,853,2022-03-11 13:05:49,2022-03-11 13:20:02,"[CSC, CTPPS, CTPPS_TOT, DT, ECAL, GEM, HCAL, PIXEL, RPC]",0.0,0.0,,cosmics2022/v31,/cdaq/cosmic/commissioning2022/CRAFT/v1.2/GPU/HLT/V1,Commissioning2022,1
348719,7532,1203,2022-03-11 13:21:45,2022-03-11 13:41:48,"[CSC, CTPPS, CTPPS_TOT, DT, ECAL, GEM, HCAL, PIXEL, RPC, TRACKER]",0.0,0.0,,cosmics2022/v31,/cdaq/cosmic/commissioning2022/CRAFT/v1.2/GPU/HLT/V1,Commissioning2022,1
348731,7532,454,2022-03-11 13:45:49,2022-03-11 13:53:23,"[CSC, CTPPS, CTPPS_TOT, DT, ECAL, GEM, PIXEL, RPC, TRACKER]",0.0,0.0,,cosmics2022/v31,/cdaq/cosmic/commissioning2022/CRAFT/v1.2/GPU/HLT/V1,Commissioning2022,1
348735,7532,512,2022-03-11 13:56:02,2022-03-11 14:04:34,"[CSC, CTPPS, CTPPS_TOT, DT, ECAL, GEM, HCAL, PIXEL, RPC, TRACKER]",0.0,0.0,,cosmics2022/v31,/cdaq/cosmic/commissioning2022/CRAFT/v1.2/GPU/HLT/V1,Commissioning2022,1
348736,7532,1414,2022-03-11 14:07:20,2022-03-11 14:30:54,"[CSC, CTPPS, CTPPS_TOT, ECAL, GEM, HCAL, PIXEL, RPC, TRACKER]",0.0,0.0,,cosmics2022/v31,/cdaq/cosmic/commissioning2022/CRAFT/v1.2/GPU/HLT/V1,Commissioning2022,1
348740,7532,96,2022-03-11 14:32:40,2022-03-11 14:34:16,"[CSC, CTPPS, CTPPS_TOT, ECAL, GEM, HCAL, PIXEL, RPC, TRACKER]",0.0,0.0,,cosmics2022/v32,/cdaq/cosmic/commissioning2022/CRAFT/v1.2/GPU/HLT/V1,TransferTest2022,1
348742,7532,429,2022-03-11 14:35:52,2022-03-11 14:43:01,"[CSC, CTPPS, CTPPS_TOT, ECAL, GEM, HCAL, PIXEL, RPC, TRACKER]",0.0,0.0,,cosmics2022/v32,/cdaq/cosmic/commissioning2022/CRAFT/v1.2/GPU/HLT/V1,Commissioning2022,1
348743,7532,208,2022-03-11 14:46:41,2022-03-11 14:50:09,"[CSC, CTPPS, CTPPS_TOT, ECAL, GEM, HCAL, PIXEL, RPC, TRACKER]",0.0,0.0,,cosmics2022/v33,/cdaq/cosmic/commissioning2022/CRAFT/v1.2/GPU/HLT/V1,Commissioning2022,1
348744,7532,297,2022-03-11 14:53:01,2022-03-11 14:57:58,"[CSC, CTPPS, CTPPS_TOT, ECAL, GEM, HCAL, PIXEL, TRACKER]",0.0,0.0,,cosmics2022/v33,/cdaq/cosmic/commissioning2022/CRAFT/v1.2/GPU/HLT/V1,Commissioning2022,1
348747,7532,58,2022-03-11 15:11:39,2022-03-11 15:12:37,"[CSC, CTPPS, CTPPS_TOT, ECAL, GEM, HCAL, PIXEL, TRACKER]",,,,cosmics2022/v33,,TransferTest2022,
348748,7532,554,2022-03-11 15:14:19,2022-03-11 15:23:33,"[CSC, CTPPS, CTPPS_TOT, ECAL, GEM, HCAL, PIXEL, TRACKER]",0.0,0.0,,cosmics2022/v33,/cdaq/cosmic/commissioning2022/CRAFT/v1.2/GPU/HLT/V1,Commissioning2022,1
348756,7532,1756,2022-03-11 16:27:33,2022-03-11 16:56:49,"[CSC, CTPPS, CTPPS_TOT, ECAL, GEM, HCAL, PIXEL, RPC, TRACKER]",0.0,0.0,,cosmics2022/v34,/cdaq/cosmic/commissioning2022/CRAFT/v1.2/GPU/HLT/V1,Commissioning2022,1
348763,7532,839,2022-03-11 17:02:26,2022-03-11 17:16:25,"[CTPPS, CTPPS_TOT, GEM, HCAL, PIXEL, RPC, TRACKER]",0.0,0.0,,cosmics2022/v34,/cdaq/cosmic/commissioning2022/CRAFT/v1.2/GPU/HLT/V1,Commissioning2022,1
348767,7532,674,2022-03-11 17:25:11,2022-03-11 17:36:25,"[CTPPS, CTPPS_TOT, GEM, PIXEL, TRACKER]",0.0,0.0,,cosmics2022/v34,/cdaq/cosmic/commissioning2022/CRAFT/v1.2/GPU/HLT/V1,Commissioning2022,1
348768,7532,92,2022-03-11 17:41:31,2022-03-11 17:43:03,"[CTPPS, CTPPS_TOT, PIXEL]",0.0,0.0,,cosmics2022/v34,/cdaq/cosmic/commissioning2022/CRAFT/v1.2/GPU/HLT/V1,TransferTest2022,1
348769,7532,448,2022-03-11 17:45:23,2022-03-11 17:52:51,"[CTPPS, CTPPS_TOT, PIXEL]",0.0,0.0,,cosmics2022/v34,/cdaq/cosmic/commissioning2022/CRAFT/v1.2/GPU/HLT/V1,Commissioning2022,1
348771,7532,87,2022-03-11 18:02:45,2022-03-11 18:04:12,"[CTPPS, CTPPS_TOT]",0.0,0.0,,cosmics2022/v34,/cdaq/cosmic/commissioning2022/CRAFT/v1.2/GPU/HLT/V1,Commissioning2022,1
348772,7532,70,2022-03-11 18:06:40,2022-03-11 18:07:50,"[CTPPS, CTPPS_TOT]",,,,cosmics2022/v34,/cdaq/cosmic/commissioning2022/CRAFT/v1.2/GPU/HLT/V1,TransferTest2022,
348773,7532,75133,2022-03-11 18:10:22,2022-03-12 15:02:35,"[CTPPS, CTPPS_TOT]",0.0,0.0,,cosmics2022/v34,/cdaq/cosmic/commissioning2022/CRAFT/v1.2/GPU/HLT/V1,Commissioning2022,1
348774,7532,153,2022-03-12 15:11:04,2022-03-12 15:13:37,"[CTPPS, CTPPS_TOT]",,,,cosmics2022/v34,,TransferTest2022,
348776,7532,85452,2022-03-12 15:16:49,2022-03-13 15:01:01,"[CTPPS, CTPPS_TOT]",0.0,0.0,,cosmics2022/v34,/cdaq/cosmic/commissioning2022/CRAFT/v1.2/GPU/HLT/V1,Commissioning2022,1
348777,7532,57624,2022-03-13 15:02:02,2022-03-14 07:02:26,"[CTPPS, CTPPS_TOT, L1SCOUT]",0.0,0.0,,cosmics2022/v34,/cdaq/cosmic/commissioning2022/CRAFT/v1.2/GPU/HLT/V1,Commissioning2022,1
348779,7532,1947,2022-03-14 07:20:25,2022-03-14 07:52:52,"[CTPPS, CTPPS_TOT, L1SCOUT, TRACKER]",0.0,0.0,,cosmics2022/v34,/cdaq/cosmic/commissioning2022/CRAFT/v1.2/GPU/HLT/V1,Commissioning2022,1
348780,7532,2149,2022-03-14 07:55:47,2022-03-14 08:31:36,"[CSC, CTPPS, CTPPS_TOT, L1SCOUT, TRACKER]",0.0,0.0,,cosmics2022/v34,/cdaq/cosmic/commissioning2022/CRAFT/v1.2/GPU/HLT/V1,Commissioning2022,1
348782,7532,163,2022-03-14 08:33:30,2022-03-14 08:36:13,"[CSC, CTPPS, CTPPS_TOT, L1SCOUT, TRACKER]",0.0,0.0,,cosmics2022/v34,/cdaq/cosmic/commissioning2022/CRAFT/v1.2/GPU/HLT/V1,TransferTest2022,1
348784,7532,46,2022-03-14 08:36:38,2022-03-14 08:37:24,"[CSC, CTPPS, CTPPS_TOT, L1SCOUT, TRACKER]",,,,cosmics2022/v34,,TransferTest2022,
348785,7532,1215,2022-03-14 08:39:00,2022-03-14 08:59:15,"[CSC, CTPPS, CTPPS_TOT, L1SCOUT, TRACKER]",0.0,0.0,,cosmics2022/v34,/cdaq/cosmic/commissioning2022/CRAFT/v1.2/GPU/HLT/V1,Commissioning2022,1
348788,7532,34,2022-03-14 09:02:07,2022-03-14 09:02:41,"[CSC, CTPPS, CTPPS_TOT, L1SCOUT, TRACKER]",,,,cosmics2022/v34,,TransferTest2022,
348789,7532,18,2022-03-14 09:04:40,2022-03-14 09:04:58,"[CSC, CTPPS, CTPPS_TOT, L1SCOUT, TRACKER]",,,,cosmics2022/v34,,TransferTest2022,
348790,7532,22,2022-03-14 09:07:31,2022-03-14 09:07:53,"[CSC, CTPPS, CTPPS_TOT, L1SCOUT, TRACKER]",,,,cosmics2022/v34,,TransferTest2022,
348791,7532,1119,2022-03-14 09:26:31,2022-03-14 09:45:10,"[CSC, CTPPS, CTPPS_TOT, ECAL, PIXEL, TRACKER]",0.0,0.0,,cosmics2022/v34,/cdaq/cosmic/commissioning2022/CRAFT/v1.2/GPU/HLT/V1,Commissioning2022,1
348793,7532,1889,2022-03-14 09:47:09,2022-03-14 10:18:38,"[CSC, CTPPS, CTPPS_TOT, DT, ECAL, PIXEL, TRACKER]",0.0,0.0,,cosmics2022/v34,/cdaq/cosmic/commissioning2022/CRAFT/v1.2/GPU/HLT/V1,Commissioning2022,1
348795,7532,2313,2022-03-14 10:20:36,2022-03-14 10:59:09,"[CSC, CTPPS, CTPPS_TOT, DT, ECAL, PIXEL, TRACKER]",0.0,0.0,,cosmics2022/v34,/cdaq/cosmic/commissioning2022/CRAFT/v1.2/GPU/HLT/V1,Commissioning2022,1
348797,7532,1689,2022-03-14 11:00:46,2022-03-14 11:28:55,"[CSC, CTPPS, CTPPS_TOT, DT, ECAL, HCAL, PIXEL, TRACKER]",0.0,0.0,,cosmics2022/v34,/cdaq/cosmic/commissioning2022/CRAFT/v1.2/GPU/HLT/V1,Commissioning2022,1
348802,7532,2734,2022-03-14 11:31:01,2022-03-14 12:16:35,"[CSC, CTPPS, CTPPS_TOT, DT, ECAL, HCAL, PIXEL, RPC, TRACKER]",0.0,0.0,,cosmics2022/v34,/cdaq/cosmic/commissioning2022/CRAFT/v1.2/GPU/HLT/V1,Commissioning2022,1
348806,7532,6606,2022-03-14 12:19:23,2022-03-14 14:09:29,"[CTPPS, CTPPS_TOT, DT, ECAL, HCAL, PIXEL, RPC, TRACKER]",0.0,0.0,,cosmics2022/v34,/cdaq/cosmic/commissioning2022/CRAFT/v1.2/GPU/HLT/V1,Commissioning2022,1
348819,7532,803,2022-03-14 14:29:00,2022-03-14 14:42:23,"[CSC, CTPPS, CTPPS_TOT, DT, ECAL, HCAL, PIXEL, RPC, TRACKER]",0.0,0.0,,cosmics2022/v34,/cdaq/cosmic/commissioning2022/CRAFT/v1.2/GPU/HLT/V1,Commissioning2022,1
348824,7532,119,2022-03-14 14:45:42,2022-03-14 14:47:41,"[CSC, CTPPS, CTPPS_TOT, ECAL, HCAL, PIXEL, RPC, TRACKER]",0.0,0.0,,cosmics_toponly/v6,/cdaq/cosmic/commissioning2022/CRAFT/v1.2/GPU/HLT/V1,TransferTest2022,1
348825,7532,7651,2022-03-14 14:48:47,2022-03-14 16:56:18,"[CSC, CTPPS, CTPPS_TOT, ECAL, HCAL, PIXEL, RPC, TRACKER]",0.0,0.0,,cosmics_toponly/v6,/cdaq/cosmic/commissioning2022/CRAFT/v1.2/GPU/HLT/V1,Commissioning2022,1
348830,7532,159,2022-03-14 17:12:21,2022-03-14 17:15:00,"[CTPPS, CTPPS_TOT, RPC, TRACKER]",0.0,0.0,,cosmics2022/v35,/cdaq/cosmic/commissioning2022/CRAFT/v1.2/GPU/HLT/V1,TransferTest2022,1
348831,7532,293,2022-03-14 17:17:24,2022-03-14 17:22:17,"[CTPPS, CTPPS_TOT, RPC, TRACKER]",0.0,0.0,,cosmics2022/v35,/cdaq/cosmic/commissioning2022/CRAFT/v1.2/GPU/HLT/V1,TransferTest2022,1
348832,7532,763,2022-03-14 17:24:26,2022-03-14 17:37:09,"[CTPPS, CTPPS_TOT, RPC, TRACKER]",0.0,0.0,,cosmics2022/v35,/cdaq/cosmic/commissioning2022/CRAFT/v1.2/GPU/HLT/V1,TransferTest2022,1
348833,7532,363,2022-03-14 17:40:03,2022-03-14 17:46:06,"[CTPPS, CTPPS_TOT, RPC, TRACKER]",0.0,0.0,,cosmics2022/v35,/cdaq/cosmic/commissioning2022/CRAFT/v1.2/GPU/HLT/V1,TransferTest2022,1
348834,7532,257,2022-03-14 17:48:17,2022-03-14 17:52:34,"[CTPPS, CTPPS_TOT, RPC, TRACKER]",0.0,0.0,,cosmics2022/v36,/cdaq/cosmic/commissioning2022/CRAFT/v1.2/GPU/HLT/V1,TransferTest2022,1
348835,7532,770,2022-03-14 17:57:49,2022-03-14 18:10:39,"[CTPPS, CTPPS_TOT, PIXEL, RPC, TRACKER]",0.0,0.0,,cosmics2022/v36,/cdaq/cosmic/commissioning2022/CRAFT/v1.2/GPU/HLT/V1,Commissioning2022,1
348837,7532,2334,2022-03-14 18:13:39,2022-03-14 18:52:33,"[CTPPS, CTPPS_TOT, RPC, TRACKER]",0.0,0.0,,cosmics2022/v36,/cdaq/cosmic/commissioning2022/CRAFT/v1.2/GPU/HLT/V1,Commissioning2022,1
348838,7532,47680,2022-03-14 18:55:10,2022-03-15 08:09:50,"[CTPPS, CTPPS_TOT, RPC, TRACKER]",,,,cosmics2022/v36,/cdaq/cosmic/commissioning2022/CRAFT/v1.2/GPU/HLT/V1,Commissioning2022,1
348839,7532,1336,2022-03-15 08:11:59,2022-03-15 08:34:15,"[CSC, CTPPS, CTPPS_TOT, RPC, TRACKER]",,,,cosmics2022/v36,/cdaq/cosmic/commissioning2022/CRAFT/v1.2/GPU/HLT/V1,Commissioning2022,1
348840,7532,781,2022-03-15 08:35:14,2022-03-15 08:48:15,"[CSC, CTPPS, CTPPS_TOT, GEM, RPC, TRACKER]",,,,cosmics2022/v36,/cdaq/cosmic/commissioning2022/CRAFT/v1.2/GPU/HLT/V1,Commissioning2022,1
348841,7532,951,2022-03-15 08:51:10,2022-03-15 09:07:01,"[CSC, CTPPS, CTPPS_TOT, GEM, PIXEL, RPC, TRACKER]",,,,cosmics2022/v37,/cdaq/cosmic/commissioning2022/CRAFT/v1.2/GPU/HLT/V1,Commissioning2022,1
348843,7532,473,2022-03-15 09:09:11,2022-03-15 09:17:04,"[CSC, CTPPS, CTPPS_TOT, GEM, PIXEL, RPC, TRACKER]",0.0,0.0,,cosmics2022/v37,/cdaq/cosmic/commissioning2022/CRAFT/v1.2/GPU/HLT/V1,Commissioning2022,1
348844,7532,57,2022-03-15 09:42:16,2022-03-15 09:43:13,"[CSC, CTPPS, CTPPS_TOT, GEM, PIXEL, RPC, TRACKER]",,,,cosmics2022/v37,,TransferTest2022,
348845,7532,574,2022-03-15 09:45:58,2022-03-15 09:55:32,"[CSC, CTPPS, CTPPS_TOT, GEM, PIXEL, RPC, TRACKER]",0.0,0.0,,cosmics2022/v37,/cdaq/cosmic/commissioning2022/CRAFT/v1.2/GPU/HLT/V1,Commissioning2022,1
348846,7532,244,2022-03-15 10:00:46,2022-03-15 10:04:50,"[CSC, CTPPS, CTPPS_TOT, GEM, HCAL, PIXEL, RPC, TRACKER]",0.0,0.0,,cosmics_toponly/v6,/cdaq/cosmic/commissioning2022/CRAFT/v1.2/GPU/HLT/V1,Commissioning2022,1
348848,7532,298,2022-03-15 10:05:34,2022-03-15 10:10:32,"[CSC, CTPPS, CTPPS_TOT, GEM, HCAL, PIXEL, RPC, TRACKER]",0.0,0.0,,cosmics_toponly/v6,/cdaq/cosmic/commissioning2022/CRAFT/v1.2/GPU/HLT/V1,Commissioning2022,1
348850,7532,316,2022-03-15 10:11:50,2022-03-15 10:17:06,"[CSC, CTPPS, CTPPS_TOT, GEM, HCAL, PIXEL, RPC, TRACKER]",0.0,0.0,,cosmics_toponly/v6,/cdaq/cosmic/commissioning2022/CRAFT/v1.2/GPU/HLT/V1,Commissioning2022,1
348851,7532,83,2022-03-15 10:21:50,2022-03-15 10:23:13,"[CSC, CTPPS, CTPPS_TOT, GEM, HCAL, PIXEL, RPC, TRACKER]",0.0,0.0,,cosmics_toponly/v6,/cdaq/cosmic/commissioning2022/CRAFT/v1.2/GPU/HLT/V1,Commissioning2022,
348852,7532,96,2022-03-15 10:23:46,2022-03-15 10:25:22,"[CSC, CTPPS, CTPPS_TOT, GEM, HCAL, PIXEL, RPC, TRACKER]",0.0,0.0,,cosmics_toponly/v6,/cdaq/cosmic/commissioning2022/CRAFT/v1.2/GPU/HLT/V1,Commissioning2022,1
348853,7532,173,2022-03-15 10:26:47,2022-03-15 10:29:40,"[CSC, CTPPS, CTPPS_TOT, GEM, HCAL, PIXEL, RPC, TRACKER]",0.0,0.0,,cosmics_toponly/v6,/cdaq/cosmic/commissioning2022/CRAFT/v1.2/GPU/HLT/V1,Commissioning2022,1
348857,7532,585,2022-03-15 10:33:59,2022-03-15 10:43:44,"[CSC, CTPPS, CTPPS_TOT, DT, GEM, HCAL, PIXEL, RPC, TRACKER]",0.0,0.0,,cosmics2022/v37,/cdaq/cosmic/commissioning2022/CRAFT/v1.2/GPU/HLT/V1,Commissioning2022,1
348859,7532,286,2022-03-15 10:47:19,2022-03-15 10:52:05,"[CSC, CTPPS, CTPPS_TOT, ECAL, ES, GEM, HCAL, PIXEL, RPC, TRACKER]",0.0,0.0,,cosmics_toponly/v6,/cdaq/cosmic/commissioning2022/CRAFT/v1.2/GPU/HLT/V1,Commissioning2022,1
348861,7532,354,2022-03-15 10:52:53,2022-03-15 10:58:47,"[CSC, CTPPS, CTPPS_TOT, ECAL, ES, GEM, HCAL, PIXEL, RPC, TRACKER]",0.0,0.0,,cosmics_toponly/v6,/cdaq/cosmic/commissioning2022/CRAFT/v1.2/GPU/HLT/V1,Commissioning2022,1
348864,7532,398,2022-03-15 11:04:09,2022-03-15 11:10:47,"[CSC, CTPPS, CTPPS_TOT, DT, GEM, HCAL, PIXEL, RPC, TRACKER]",0.0,0.0,,cosmics2022/v37,/cdaq/cosmic/commissioning2022/CRAFT/v1.2/GPU/HLT/V1,Commissioning2022,1
348867,7532,11332,2022-03-15 11:23:15,2022-03-15 14:32:07,"[CSC, CTPPS, CTPPS_TOT, ES, GEM, PIXEL, RPC, TRACKER]",0.0,0.0,,cosmics_toponly/v6,/cdaq/cosmic/commissioning2022/CRAFT/v1.2/GPU/HLT/V1,Commissioning2022,1
348880,7532,8812,2022-03-15 14:35:22,2022-03-15 17:02:14,"[CTPPS, CTPPS_TOT, ES, HCAL, PIXEL, RPC, TRACKER]",,,,cosmics2022/v37,/cdaq/cosmic/commissioning2022/CRAFT/v1.2/GPU/HLT/V1,Commissioning2022,1
348898,7532,261,2022-03-15 17:29:36,2022-03-15 17:33:57,"[CSC, CTPPS, CTPPS_TOT, ES, RPC]",,,,cosmics2022/v37,/cdaq/cosmic/commissioning2022/CRAFT/v1.2/GPU/HLT/V1,Commissioning2022,1
348900,7532,402,2022-03-15 17:40:21,2022-03-15 17:47:03,"[CTPPS, CTPPS_TOT, ES, RPC]",,,,cosmics2022/v38,/cdaq/cosmic/commissioning2022/CRAFT/v1.2/GPU/HLT/V1,TransferTest2022,1
348901,7532,2453,2022-03-15 17:50:43,2022-03-15 18:31:36,"[CTPPS, CTPPS_TOT, RPC]",0.0,0.0,,cosmics2022/v38,/cdaq/cosmic/commissioning2022/CRAFT/v1.2/GPU/HLT/V1,Commissioning2022,1
348903,7532,429,2022-03-15 19:27:58,2022-03-15 19:35:07,"[CTPPS, CTPPS_TOT, HCAL, RPC]",0.0,0.0,,cosmics2022/v38,/cdaq/cosmic/commissioning2022/CRAFT/v1.2/GPU/HLT/V1,Commissioning2022,1
348904,7532,408,2022-03-15 19:36:12,2022-03-15 19:43:00,"[CTPPS, CTPPS_TOT, HCAL, RPC]",0.0,0.0,,cosmics2022/v38,/cdaq/cosmic/commissioning2022/CRAFT/v1.2/GPU/HLT/V1,Commissioning2022,1
348905,7532,1533,2022-03-15 19:49:12,2022-03-15 20:14:45,"[CTPPS, CTPPS_TOT, HCAL, RPC]",0.0,0.0,,cosmics2022/v38,/cdaq/cosmic/commissioning2022/CRAFT/v1.2/GPU/HLT/V1,Commissioning2022,1
348907,7532,262,2022-03-15 20:17:09,2022-03-15 20:21:31,"[CTPPS, CTPPS_TOT, RPC]",0.0,0.0,,cosmics2022/v38,/cdaq/cosmic/commissioning2022/CRAFT/v1.2/GPU/HLT/V1,Commissioning2022,1
348908,7532,46341,2022-03-15 20:23:25,2022-03-16 09:15:46,"[CTPPS, CTPPS_TOT, RPC]",0.0,0.0,,cosmics2022/v38,/cdaq/cosmic/commissioning2022/CRAFT/v1.2/GPU/HLT/V1,Commissioning2022,1
348909,7532,734,2022-03-16 09:17:53,2022-03-16 09:30:07,"[CTPPS, CTPPS_TOT, ES, RPC]",0.0,0.0,,cosmics2022/v38,/cdaq/cosmic/commissioning2022/CRAFT/v1.2/GPU/HLT/V1,Commissioning2022,1
348911,7532,314,2022-03-16 09:31:09,2022-03-16 09:36:23,"[CTPPS, CTPPS_TOT, ES, RPC]",0.0,0.0,,cosmics2022/v38,/cdaq/cosmic/commissioning2022/CRAFT/v1.2/GPU/HLT/V1,Commissioning2022,1
348914,7532,458,2022-03-16 09:37:20,2022-03-16 09:44:58,"[CTPPS, CTPPS_TOT, ES, RPC]",0.0,0.0,,cosmics2022/v38,/cdaq/cosmic/commissioning2022/CRAFT/v1.2/GPU/HLT/V1,Commissioning2022,1
348916,7532,172,2022-03-16 09:46:41,2022-03-16 09:49:33,"[CTPPS, CTPPS_TOT, ES, PIXEL, RPC]",0.0,0.0,,cosmics2022/v38,/cdaq/cosmic/commissioning2022/CRAFT/v1.2/GPU/HLT/V1,Commissioning2022,1
348918,7532,187,2022-03-16 09:50:43,2022-03-16 09:53:50,"[CTPPS, CTPPS_TOT, ES, PIXEL, RPC]",0.0,0.0,,cosmics2022/v38,/cdaq/cosmic/commissioning2022/CRAFT/v1.2/GPU/HLT/V1,Commissioning2022,1
348919,7532,226,2022-03-16 09:54:20,2022-03-16 09:58:06,"[CTPPS, CTPPS_TOT, ES, PIXEL, RPC]",0.0,0.0,,cosmics2022/v38,/cdaq/cosmic/commissioning2022/CRAFT/v1.2/GPU/HLT/V1,Commissioning2022,1
348920,7532,293,2022-03-16 10:05:37,2022-03-16 10:10:30,"[CTPPS, CTPPS_TOT, ES, PIXEL, RPC]",0.0,0.0,,cosmics2022/v38,/cdaq/cosmic/commissioning2022/CRAFT/v1.2/GPU/HLT/V1,Commissioning2022,1
348923,7532,3387,2022-03-16 10:25:18,2022-03-16 11:21:45,"[CSC, CTPPS, CTPPS_TOT, ES, GEM, PIXEL, RPC]",0.0,0.0,,cosmics_toponly/v6,/cdaq/cosmic/commissioning2022/CRAFT/v1.2/GPU/HLT/V1,Commissioning2022,1
348926,7532,70,2022-03-16 11:22:24,2022-03-16 11:23:34,"[CSC, CTPPS, CTPPS_TOT, ES, GEM, PIXEL, RPC]",0.0,0.0,,cosmics_toponly/v6,/cdaq/cosmic/commissioning2022/CRAFT/v1.2/GPU/HLT/V1,Commissioning2022,1
348927,7532,2995,2022-03-16 11:26:11,2022-03-16 12:16:06,"[CSC, CTPPS, CTPPS_TOT, ES, GEM, RPC]",0.0,0.0,,cosmics_toponly/v6,/cdaq/cosmic/commissioning2022/CRAFT/v1.2/GPU/HLT/V1,Commissioning2022,1
348929,7532,9639,2022-03-16 12:28:07,2022-03-16 15:08:46,"[CSC, CTPPS, CTPPS_TOT, ES, GEM, HCAL, RPC]",0.0,0.0,,cosmics_toponly/v6,/cdaq/cosmic/commissioning2022/CRAFT/v1.2/GPU/HLT/V1,Commissioning2022,1
348939,7532,4879,2022-03-16 15:32:30,2022-03-16 16:53:49,"[CSC, CTPPS, CTPPS_TOT, GEM, HCAL, RPC]",0.0,0.0,,cosmics2022/v38,/cdaq/cosmic/commissioning2022/CRAFT/v1.2/GPU/HLT/V1,Commissioning2022,1
348951,7532,242,2022-03-16 17:10:24,2022-03-16 17:14:26,"[CSC, CTPPS, CTPPS_TOT, GEM, RPC]",0.0,0.0,,cosmics2022/v38,/cdaq/cosmic/commissioning2022/CRAFT/v1.2/GPU/HLT/V1,TransferTest2022,1
348952,7532,3047,2022-03-16 17:15:31,2022-03-16 18:06:18,"[CSC, CTPPS, CTPPS_TOT, GEM, RPC]",0.0,0.0,,cosmics2022/v38,/cdaq/cosmic/commissioning2022/CRAFT/v1.2/GPU/HLT/V1,Commissioning2022,1
348955,7532,50208,2022-03-16 18:12:37,2022-03-17 08:09:25,"[CTPPS, CTPPS_TOT, RPC]",0.0,0.0,,cosmics2022/v39,/cdaq/cosmic/commissioning2022/CRAFT/v1.2/GPU/HLT/V1,Commissioning2022,1
348956,7532,139,2022-03-17 08:13:00,2022-03-17 08:15:19,"[CSC, CTPPS, CTPPS_TOT, RPC]",0.0,0.0,,cosmics2022/v39,/cdaq/cosmic/commissioning2022/CRAFT/v1.2/GPU/HLT/V1,TransferTest2022,1
348957,7532,2105,2022-03-17 08:30:55,2022-03-17 09:06:00,"[CSC, CTPPS, CTPPS_TOT, ES, GEM, HCAL, PIXEL, RPC]",0.0,0.0,,cosmics2022/v39,/cdaq/cosmic/commissioning2022/CRAFT/v1.2/GPU/HLT/V1,Commissioning2022,1
348959,7532,285,2022-03-17 09:38:44,2022-03-17 09:43:29,"[CSC, CTPPS, CTPPS_TOT, ES, GEM, PIXEL, RPC]",0.0,0.0,,cosmics2022/v39,/cdaq/cosmic/commissioning2022/CRAFT/v1.2/GPU/HLT/V1,Commissioning2022,1
348960,7532,396,2022-03-17 09:45:50,2022-03-17 09:52:26,"[CSC, CTPPS, CTPPS_TOT, ES, GEM, PIXEL, RPC]",0.0,0.0,,cosmics2022/v39,/cdaq/cosmic/commissioning2022/CRAFT/v1.2/GPU/HLT/V1,Commissioning2022,1
348961,7532,1283,2022-03-17 09:54:28,2022-03-17 10:15:51,"[CSC, CTPPS, CTPPS_TOT, ES, GEM, PIXEL, RPC]",0.0,0.0,,cosmics2022/v39,/cdaq/cosmic/commissioning2022/CRAFT/v1.2/GPU/HLT/V1,Commissioning2022,1
348964,7532,5029,2022-03-17 10:42:30,2022-03-17 12:06:19,"[CSC, CTPPS, CTPPS_TOT, DT, ES, GEM, HCAL, PIXEL, RPC]",0.0,0.0,,cosmics2022/v39,/cdaq/cosmic/commissioning2022/CRAFT/v1.2/GPU/HLT/V1,TransferTest2022,1
348970,7532,1862,2022-03-17 12:13:11,2022-03-17 12:44:13,"[CSC, CTPPS, CTPPS_TOT, DT, ES, GEM, HCAL, PIXEL, RPC]",0.0,0.0,,cosmics2022/v39,/cdaq/cosmic/commissioning2022/CRAFT/v1.2/GPU/HLT/V1,Commissioning2022,1
348973,7532,249,2022-03-17 12:48:42,2022-03-17 12:52:51,"[CSC, CTPPS, CTPPS_TOT, DT, ES, GEM, HCAL, PIXEL, RPC]",0.0,0.0,,cosmics2022/v39,/cdaq/cosmic/commissioning2022/CRAFT/v1.2/GPU/HLT/V1,Commissioning2022,1
348975,7532,2049,2022-03-17 13:00:22,2022-03-17 13:34:31,"[CSC, CTPPS, CTPPS_TOT, DT, ES, GEM, HCAL, PIXEL, RPC, TRACKER]",0.0,0.0,,cosmics2022/v39,/cdaq/cosmic/commissioning2022/CRAFT/v1.2/GPU/HLT/V1,Commissioning2022,1
348979,7532,989,2022-03-17 13:38:15,2022-03-17 13:54:44,"[CSC, CTPPS, CTPPS_TOT, DT, ES, GEM, HCAL, PIXEL, RPC]",0.0,0.0,,cosmics2022/v39,/cdaq/cosmic/commissioning2022/CRAFT/v1.2/GPU/HLT/V1,Commissioning2022,1
348982,7532,269,2022-03-17 13:58:13,2022-03-17 14:02:42,"[CSC, CTPPS, CTPPS_TOT, DT, ES, GEM, HCAL, PIXEL, RPC]",0.0,0.0,,cosmics2022/v40,/cdaq/cosmic/commissioning2022/CRAFT/v1.2/GPU/HLT/V1,Commissioning2022,1
348986,7532,11135,2022-03-17 14:20:48,2022-03-17 17:26:23,"[CSC, CTPPS, CTPPS_TOT, ES, GEM, HCAL, PIXEL, RPC]",0.0,0.0,,cosmics_toponly/v7,/cdaq/cosmic/commissioning2022/CRAFT/v1.2/GPU/HLT/V1,Commissioning2022,1
349006,7532,613,2022-03-17 17:39:58,2022-03-17 17:50:11,"[CTPPS, CTPPS_TOT, HCAL, RPC]",0.0,0.0,,cosmics2022/v41,/cdaq/cosmic/commissioning2022/CRAFT/v1.2/GPU/HLT/V1,Commissioning2022,1
349007,7532,4642,2022-03-17 17:56:03,2022-03-17 19:13:25,"[CTPPS, CTPPS_TOT, HCAL, RPC]",0.0,0.0,,cosmics2022/v41,/cdaq/cosmic/commissioning2022/CRAFT/v1.2/GPU/HLT/V1,Commissioning2022,1
349016,7532,44757,2022-03-17 19:16:30,2022-03-18 07:42:27,"[CTPPS, CTPPS_TOT, RPC]",0.0,0.0,,cosmics2022/v41,/cdaq/cosmic/commissioning2022/CRAFT/v1.2/GPU/HLT/V1,Commissioning2022,1
349018,7532,142,2022-03-18 07:58:17,2022-03-18 08:00:39,"[CSC, CTPPS, CTPPS_TOT, RPC]",0.0,0.0,,cosmics2022/v41,/cdaq/cosmic/commissioning2022/CRAFT/v1.2/GPU/HLT/V1,TransferTest2022,1
349019,7532,958,2022-03-18 08:02:24,2022-03-18 08:18:22,"[CSC, CTPPS, CTPPS_TOT, RPC]",0.0,0.0,,cosmics2022/v41,/cdaq/cosmic/commissioning2022/CRAFT/v1.2/GPU/HLT/V1,Commissioning2022,1
349020,7532,130,2022-03-18 08:21:05,2022-03-18 08:23:15,"[CSC, CTPPS, CTPPS_TOT, GEM, RPC]",0.0,0.0,,cosmics2022/v41,/cdaq/cosmic/commissioning2022/CRAFT/v1.2/GPU/HLT/V1,TransferTest2022,1
349021,7532,3944,2022-03-18 08:25:57,2022-03-18 09:31:41,"[CSC, CTPPS, CTPPS_TOT, GEM, RPC]",0.0,0.0,,cosmics2022/v41,/cdaq/cosmic/commissioning2022/CRAFT/v1.2/GPU/HLT/V1,Commissioning2022,1
349022,7532,272,2022-03-18 09:34:35,2022-03-18 09:39:07,"[CSC, CTPPS, CTPPS_TOT, GEM, RPC]",0.0,0.0,,cosmics2022/v41,/cdaq/cosmic/commissioning2022/CRAFT/v1.2/GPU/HLT/V1,TransferTest2022,1
349023,7532,293,2022-03-18 09:40:33,2022-03-18 09:45:26,"[CSC, CTPPS, CTPPS_TOT, GEM, RPC]",0.0,0.0,,cosmics2022/v41,/cdaq/cosmic/commissioning2022/CRAFT/v1.2/GPU/HLT/V1,Commissioning2022,1
349024,7532,138,2022-03-18 09:47:00,2022-03-18 09:49:18,"[CSC, CTPPS, CTPPS_TOT, GEM, RPC]",0.0,0.0,,cosmics2022/v41,/cdaq/cosmic/commissioning2022/CRAFT/v1.2/GPU/HLT/V1,Commissioning2022,1
349025,7532,175,2022-03-18 09:49:52,2022-03-18 09:52:47,"[CSC, CTPPS, CTPPS_TOT, GEM, RPC]",0.0,0.0,,cosmics2022/v41,/cdaq/cosmic/commissioning2022/CRAFT/v1.2/GPU/HLT/V1,Commissioning2022,1
349026,7532,309,2022-03-18 09:53:44,2022-03-18 09:58:53,"[CSC, CTPPS, CTPPS_TOT, GEM, RPC]",0.0,0.0,,cosmics2022/v41,/cdaq/cosmic/commissioning2022/CRAFT/v1.2/GPU/HLT/V1,Commissioning2022,1
349027,7532,289,2022-03-18 10:01:43,2022-03-18 10:06:32,"[CSC, CTPPS, CTPPS_TOT, DT, GEM, RPC]",0.0,0.0,,cosmics2022/v41,/cdaq/cosmic/commissioning2022/CRAFT/v1.2/GPU/HLT/V1,Commissioning2022,1
349029,7532,192,2022-03-18 10:07:21,2022-03-18 10:10:33,"[CSC, CTPPS, CTPPS_TOT, DT, GEM, RPC]",0.0,0.0,,cosmics2022/v41,/cdaq/cosmic/commissioning2022/CRAFT/v1.2/GPU/HLT/V1,Commissioning2022,1
349031,7532,402,2022-03-18 10:12:51,2022-03-18 10:19:33,"[CSC, CTPPS, CTPPS_TOT, DT, GEM, HCAL, RPC]",0.0,0.0,,cosmics2022/v41,/cdaq/cosmic/commissioning2022/CRAFT/v1.2/GPU/HLT/V1,Commissioning2022,1
349033,7532,836,2022-03-18 10:22:17,2022-03-18 10:36:13,"[CSC, CTPPS, CTPPS_TOT, DT, GEM, HCAL, RPC]",0.0,0.0,,cosmics2022/v41,/cdaq/cosmic/commissioning2022/CRAFT/v1.2/GPU/HLT/V1,Commissioning2022,1
349037,7532,5798,2022-03-18 10:46:01,2022-03-18 12:22:39,"[CSC, CTPPS, CTPPS_TOT, GEM, HCAL, RPC]",0.0,0.0,,cosmics_toponly/v8,/cdaq/cosmic/commissioning2022/CRAFT/v1.2/GPU/HLT/V1,Commissioning2022,1
349043,7532,134,2022-03-18 12:23:56,2022-03-18 12:26:10,"[CSC, CTPPS, CTPPS_TOT, GEM, HCAL, RPC, TRACKER]",0.0,0.0,,cosmics_toponly/v8,/cdaq/cosmic/commissioning2022/CRAFT/v1.2/GPU/HLT/V1,TransferTest2022,1
349044,7532,5271,2022-03-18 12:27:23,2022-03-18 13:55:14,"[CSC, CTPPS, CTPPS_TOT, GEM, HCAL, RPC, TRACKER]",0.0,0.0,,cosmics_toponly/v8,/cdaq/cosmic/commissioning2022/CRAFT/v1.2/GPU/HLT/V1,Commissioning2022,1
349045,7532,137,2022-03-18 13:58:08,2022-03-18 14:00:25,"[CSC, CTPPS, CTPPS_TOT, GEM, HCAL, PIXEL, RPC, TRACKER]",0.0,0.0,,cosmics_toponly/v8,/cdaq/cosmic/commissioning2022/CRAFT/v1.2/GPU/HLT/V1,TransferTest2022,1
349047,7532,255,2022-03-18 14:01:50,2022-03-18 14:06:05,"[CSC, CTPPS, CTPPS_TOT, GEM, HCAL, PIXEL, RPC, TRACKER]",0.0,0.0,,cosmics_toponly/v8,/cdaq/cosmic/commissioning2022/CRAFT/v1.2/GPU/HLT/V1,Commissioning2022,1
349048,7532,3116,2022-03-18 14:34:43,2022-03-18 15:26:39,"[CSC, CTPPS, CTPPS_TOT, ES, GEM, HCAL, PIXEL, RPC]",0.0,0.0,,cosmics_toponly/v8,/cdaq/cosmic/commissioning2022/CRAFT/v1.2/GPU/HLT/V1,Commissioning2022,1
349051,7532,136,2022-03-18 15:30:07,2022-03-18 15:32:23,"[CSC, CTPPS, CTPPS_TOT, ES, GEM, HCAL, RPC]",0.0,0.0,,cosmics2022/v41,/cdaq/cosmic/commissioning2022/CRAFT/v1.2/GPU/HLT/V1,Commissioning2022,1
349052,7532,1927,2022-03-18 15:34:12,2022-03-18 16:06:19,"[CSC, CTPPS, CTPPS_TOT, ES, GEM, HCAL, RPC]",0.0,0.0,,cosmics2022/v41,/cdaq/cosmic/commissioning2022/CRAFT/v1.2/GPU/HLT/V1,Commissioning2022,1
349053,7532,3796,2022-03-18 16:08:11,2022-03-18 17:11:27,"[CSC, CTPPS, CTPPS_TOT, ES, GEM, HCAL, RPC]",0.0,0.0,,cosmics2022/v41,/cdaq/cosmic/commissioning2022/CRAFT/v1.2/GPU/HLT/V1,Commissioning2022,1
349056,7532,2899,2022-03-18 17:13:11,2022-03-18 18:01:30,"[CSC, CTPPS, CTPPS_TOT, GEM, HCAL, RPC]",0.0,0.0,,cosmics2022/v41,/cdaq/cosmic/commissioning2022/CRAFT/v1.2/GPU/HLT/V1,Commissioning2022,1
349065,7532,1878,2022-03-18 18:04:17,2022-03-18 18:35:35,"[CSC, CTPPS, CTPPS_TOT, GEM, RPC]",0.0,0.0,,cosmics2022/v41,/cdaq/cosmic/commissioning2022/CRAFT/v1.2/GPU/HLT/V1,Commissioning2022,1
349071,7532,14657,2022-03-18 18:38:29,2022-03-18 22:42:46,"[CTPPS, CTPPS_TOT, RPC]",0.0,0.0,,cosmics2022/v41,/cdaq/cosmic/commissioning2022/CRAFT/v1.2/GPU/HLT/V1,Commissioning2022,1
349072,7532,548,2022-03-18 22:44:52,2022-03-18 22:54:00,"[CTPPS, CTPPS_TOT, RPC]",0.0,0.0,,cosmics2022/v41,/cdaq/cosmic/commissioning2022/CRAFT/v1.2/GPU/HLT/V1,Commissioning2022,1
349073,7532,64832,2022-03-18 22:56:13,2022-03-19 16:56:45,"[CTPPS, CTPPS_TOT, RPC]",0.0,0.0,,cosmics2022/v41,/cdaq/cosmic/commissioning2022/CRAFT/v1.2/GPU/HLT/V1,Commissioning2022,1
349077,7532,5432,2022-03-19 16:57:11,2022-03-19 18:27:43,"[CTPPS, CTPPS_TOT, RPC]",0.0,0.0,,cosmics2022/v41,/cdaq/cosmic/commissioning2022/CRAFT/v1.2/GPU/HLT/V1,Commissioning2022,1
349078,7532,50197,2022-03-19 18:30:07,2022-03-20 08:26:44,"[CTPPS, CTPPS_TOT, RPC]",0.0,0.0,,cosmics2022/v41,/cdaq/cosmic/commissioning2022/CRAFT/v1.2/GPU/HLT/V1,Commissioning2022,1
349079,7532,34288,2022-03-20 08:29:16,2022-03-20 18:00:44,"[CTPPS, CTPPS_TOT, RPC]",0.0,0.0,,cosmics2022/v41,/cdaq/cosmic/commissioning2022/CRAFT/v1.2/GPU/HLT/V1,Commissioning2022,1
349080,7532,236,2022-03-20 18:01:09,2022-03-20 18:05:05,"[CTPPS, CTPPS_TOT, RPC]",0.0,0.0,,cosmics2022/v41,/cdaq/cosmic/commissioning2022/CRAFT/v1.2/GPU/HLT/V1,Commissioning2022,1
349081,7532,7746,2022-03-20 18:06:54,2022-03-20 20:16:00,"[CTPPS, CTPPS_TOT, RPC]",0.0,0.0,,cosmics2022/v41,/cdaq/cosmic/commissioning2022/CRAFT/v1.2/GPU/HLT/V1,Commissioning2022,1
349082,7532,3019,2022-03-20 20:17:28,2022-03-20 21:07:47,"[CTPPS, CTPPS_TOT, RPC]",0.0,0.0,,cosmics2022/v41,/cdaq/cosmic/commissioning2022/CRAFT/v1.2/GPU/HLT/V1,Commissioning2022,1
349083,7532,617,2022-03-20 21:09:33,2022-03-20 21:19:50,"[CTPPS, CTPPS_TOT, HCAL, RPC]",0.0,0.0,,cosmics2022/v41,/cdaq/cosmic/commissioning2022/CRAFT/v1.2/GPU/HLT/V1,Commissioning2022,1
349084,7532,37171,2022-03-20 21:21:58,2022-03-21 07:41:29,"[CTPPS, CTPPS_TOT, RPC]",0.0,0.0,,cosmics2022/v41,/cdaq/cosmic/commissioning2022/CRAFT/v1.2/GPU/HLT/V1,Commissioning2022,1
349088,7532,4483,2022-03-21 07:43:55,2022-03-21 08:58:38,"[CSC, CTPPS, CTPPS_TOT, ECAL, ES, RPC]",0.0,0.0,,cosmics2022/v41,/cdaq/cosmic/commissioning2022/CRAFT/v1.2/GPU/HLT/V1,Commissioning2022,1
349091,7532,4223,2022-03-21 09:22:54,2022-03-21 10:33:17,"[CSC, CTPPS, CTPPS_TOT, DT, ECAL, ES, GEM, HCAL, PIXEL, RPC]",0.0,0.0,,cosmics2022/v41,/cdaq/cosmic/commissioning2022/CRAFT/v1.2/GPU/HLT/V1,Commissioning2022,1
349099,7532,18147,2022-03-21 10:35:28,2022-03-21 15:37:55,"[CSC, CTPPS, CTPPS_TOT, DT, ECAL, ES, GEM, HCAL, PIXEL, RPC]",0.0,0.0,,cosmics2022/v41,/cdaq/cosmic/commissioning2022/CRAFT/v1.2/GPU/HLT/V1,Commissioning2022,1
349126,7532,2120,2022-03-21 15:42:38,2022-03-21 16:17:58,"[CSC, CTPPS, CTPPS_TOT, ECAL, ES, GEM, HCAL, PIXEL, RPC]",0.0,0.0,,cosmics2022/v42,/cdaq/cosmic/commissioning2022/CRAFT/v1.2/GPU/HLT/V1,Commissioning2022,1
349128,7532,136,2022-03-21 16:25:56,2022-03-21 16:28:12,"[CSC, CTPPS, CTPPS_TOT, ECAL, GEM, HCAL, PIXEL, RPC]",0.0,0.0,,cosmics2022/v42,/cdaq/cosmic/commissioning2022/CRAFT/v1.2/GPU/HLT/V1,Commissioning2022,4
349129,7532,3630,2022-03-21 16:31:54,2022-03-21 17:32:24,"[CSC, CTPPS, CTPPS_TOT, ECAL, GEM, HCAL, RPC]",0.0,0.0,,cosmics2022/v42,/cdaq/cosmic/commissioning2022/CRAFT/v1.2/GPU/HLT/V1,TransferTest2022,4
349142,7532,177,2022-03-21 17:40:12,2022-03-21 17:43:09,"[CTPPS, CTPPS_TOT, HCAL, RPC]",0.0,0.0,,cosmics2022/v43,/cdaq/cosmic/commissioning2022/CRAFT/v1.2/GPU/HLT/V1,Commissioning2022,4
349144,7532,161,2022-03-21 17:45:39,2022-03-21 17:48:20,"[CTPPS, CTPPS_TOT, RPC]",0.0,0.0,,cosmics2022/v43,/cdaq/cosmic/commissioning2022/CRAFT/v1.2/GPU/HLT/V1,TransferTest2022,1
349145,7532,15519,2022-03-21 17:50:17,2022-03-21 22:08:56,"[CTPPS, CTPPS_TOT, RPC]",0.0,0.0,,cosmics2022/v43,/cdaq/cosmic/commissioning2022/CRAFT/v1.2/GPU/HLT/V1,Commissioning2022,4
349146,7532,19312,2022-03-21 22:09:41,2022-03-22 03:31:33,"[CTPPS, CTPPS_TOT, RPC]",0.0,0.0,,cosmics2022/v43,/cdaq/cosmic/commissioning2022/CRAFT/v1.2/GPU/HLT/V1,Commissioning2022,4
349147,7532,20293,2022-03-22 03:35:53,2022-03-22 09:14:06,"[CTPPS, CTPPS_TOT, RPC]",0.0,0.0,,cosmics2022/v43,/cdaq/cosmic/commissioning2022/CRAFT/v1.2/GPU/HLT/V1,Commissioning2022,4
349148,7532,1101,2022-03-22 09:35:30,2022-03-22 09:53:51,"[CSC, CTPPS, CTPPS_TOT, DT, ECAL, ES, GEM, HCAL, PIXEL, RPC]",0.0,0.0,,cosmics2022/v43,/cdaq/cosmic/commissioning2022/CRAFT/v1.2/GPU/HLT/V1,TransferTest2022,1
349149,7532,1762,2022-03-22 09:56:16,2022-03-22 10:25:38,"[CSC, CTPPS, CTPPS_TOT, DT, ECAL, ES, GEM, HCAL, PIXEL, RPC]",0.0,0.0,,cosmics2022/v43,/cdaq/cosmic/commissioning2022/CRAFT/v1.2/GPU/HLT/V1,TransferTest2022,4
349151,7532,171,2022-03-22 10:27:49,2022-03-22 10:30:40,"[CSC, CTPPS, CTPPS_TOT, DT, ECAL, ES, GEM, HCAL, PIXEL, RPC]",0.0,0.0,,cosmics2022/v43,/cdaq/cosmic/commissioning2022/CRAFT/v1.2/GPU/HLT/V1,TransferTest2022,4
349153,7532,978,2022-03-22 10:32:29,2022-03-22 10:48:47,"[CSC, CTPPS, CTPPS_TOT, DT, ECAL, ES, GEM, HCAL, PIXEL, RPC]",0.0,0.0,,cosmics2022/v43,/cdaq/cosmic/commissioning2022/CRAFT/v1.2/GPU/HLT/V1,TransferTest2022,4
349155,7532,1628,2022-03-22 10:54:23,2022-03-22 11:21:31,"[CSC, CTPPS, CTPPS_TOT, DT, ECAL, ES, GEM, HCAL, PIXEL, RPC]",0.0,0.0,,cosmics2022/v44,/cdaq/cosmic/commissioning2022/CRAFT/v1.2/GPU/HLT/V1,Commissioning2022,1
349161,7532,268,2022-03-22 11:23:33,2022-03-22 11:28:01,"[CSC, CTPPS, CTPPS_TOT, DT, ECAL, ES, GEM, HCAL, PIXEL, RPC]",0.0,0.0,,cosmics_toponly/v9,/cdaq/cosmic/commissioning2022/CRAFT/v1.2/GPU/HLT/V1,Commissioning2022,1
349162,7532,4565,2022-03-22 11:29:41,2022-03-22 12:45:46,"[CSC, CTPPS, CTPPS_TOT, DT, ECAL, ES, GEM, HCAL, PIXEL, RPC]",0.0,0.0,,cosmics2022/v44,/cdaq/cosmic/commissioning2022/CRAFT/v1.2/GPU/HLT/V1,Commissioning2022,1
349173,7532,202,2022-03-22 12:49:39,2022-03-22 12:53:01,"[CSC, CTPPS, CTPPS_TOT, ECAL, ES, GEM, HCAL, PIXEL, RPC, TRACKER]",0.0,0.0,,cosmics2022/v44,/cdaq/cosmic/commissioning2022/CRAFT/v1.2/GPU/HLT/V1,TransferTest2022,1
349177,7532,103,2022-03-23 09:05:29,2022-03-23 09:07:12,"[CSC, CTPPS, CTPPS_TOT, DT, ECAL, ES, GEM, HCAL, PIXEL, RPC, TRACKER, TRG]",0.0,0.0,,cosmics2022/v44,/cdaq/cosmic/commissioning2022/CRAFT/v1.2/GPU/HLT/V1,Commissioning2022,
349178,7532,1246,2022-03-23 09:41:08,2022-03-23 10:01:54,"[CSC, CTPPS, CTPPS_TOT, DT, ECAL, ES, GEM, HCAL, L1SCOUT, PIXEL, RPC, TRACKER, TRG]",,,,cosmics2022/v44,/cdaq/cosmic/commissioning2022/CRAFT/v1.2/GPU/HLT/V1,TransferTest2022,
349180,7532,216,2022-03-23 10:07:06,2022-03-23 10:10:42,"[CSC, CTPPS, CTPPS_TOT, DT, ECAL, ES, GEM, HCAL, L1SCOUT, PIXEL, RPC, TRACKER, TRG]",,,,,/cdaq/test/chenyi/Import/HeavyIon2018OnlineV1.0V21Import/HLT/V14,TransferTest2022,
349181,7532,188,2022-03-23 10:16:33,2022-03-23 10:19:41,"[CSC, CTPPS, CTPPS_TOT, DT, ECAL, ES, GEM, HCAL, L1SCOUT, PIXEL, RPC, TRACKER, TRG]",,,,cosmics2022/v44,/cdaq/cosmic/commissioning2022/CRAFT/v1.2/GPU/HLT/V1,TransferTest2022,
349182,7532,152,2022-03-23 10:35:09,2022-03-23 10:37:41,"[CSC, CTPPS, CTPPS_TOT, DT, ECAL, ES, GEM, HCAL, L1SCOUT, PIXEL, RPC, TRACKER]",,,,cosmics2022/v44,/cdaq/cosmic/commissioning2022/CRAFT/v1.2/GPU/HLT/V1,TransferTest2022,1
349184,7532,43,2022-03-23 10:38:41,2022-03-23 10:39:24,"[CSC, CTPPS, CTPPS_TOT, DT, ECAL, ES, GEM, HCAL, L1SCOUT, PIXEL, RPC, TRACKER]",,,,cosmics2022/v44,/cdaq/cosmic/commissioning2022/CRAFT/v1.2/GPU/HLT/V1,TransferTest2022,1
349185,7532,2387,2022-03-23 10:41:16,2022-03-23 11:21:03,"[CSC, CTPPS, CTPPS_TOT, DT, ECAL, ES, GEM, HCAL, L1SCOUT, PIXEL, RPC, TRACKER]",,,,cosmics2022/v44,/cdaq/cosmic/commissioning2022/CRAFT/v1.2/GPU/HLT/V1,Commissioning2022,1
349187,7532,7323,2022-03-23 11:22:35,2022-03-23 13:24:38,"[CSC, CTPPS, CTPPS_TOT, DT, ECAL, ES, GEM, HCAL, PIXEL, RPC, TRACKER]",,,,cosmics2022/v44,/cdaq/cosmic/commissioning2022/CRAFT/v1.2/GPU/HLT/V1,Commissioning2022,4
349195,7532,240,2022-03-23 13:31:35,2022-03-23 13:35:35,"[CSC, CTPPS, CTPPS_TOT, DT, ECAL, ES, GEM, HCAL, PIXEL, RPC]",,,,cosmics2022/v44,/cdaq/cosmic/commissioning2022/CRAFT/v1.2/GPU/HLT/V1,Commissioning2022,4
349198,7532,143,2022-03-23 13:38:54,2022-03-23 13:41:17,"[CSC, CTPPS, CTPPS_TOT, DT, ECAL, ES, GEM, HCAL, PIXEL, RPC]",,,,cosmics2022/v44,/cdaq/cosmic/commissioning2022/CRAFT/v1.2/GPU/HLT/V1,Commissioning2022,1
349199,7532,2336,2022-03-23 13:46:59,2022-03-23 14:25:55,"[CSC, CTPPS, CTPPS_TOT, DT, ECAL, ES, GEM, HCAL, PIXEL, RPC]",,,,cosmics2022/v44,/cdaq/cosmic/commissioning2022/CRAFT/v1.2/GPU/HLT/V1,Commissioning2022,1
349215,7532,954,2022-03-23 14:29:18,2022-03-23 14:45:12,"[CSC, CTPPS, CTPPS_TOT, DT, ECAL, ES, GEM, HCAL, PIXEL, RPC]",,,,cosmics2022/v44,/cdaq/cosmic/commissioning2022/CRAFT/v1.2/GPU/HLT/V1,Commissioning2022,1
349221,7532,432,2022-03-23 14:50:41,2022-03-23 14:57:53,"[CSC, CTPPS, CTPPS_TOT, DT, ECAL, ES, GEM, HCAL, PIXEL, RPC]",,,,cosmics2022/v45,/cdaq/cosmic/commissioning2022/CRAFT/v1.3/GPU/HLT/V1,Commissioning2022,1
349226,7532,101,2022-03-23 15:01:46,2022-03-23 15:03:27,"[CSC, CTPPS, CTPPS_TOT, DT, ECAL, ES, GEM, HCAL, PIXEL, RPC]",,,,cosmics2022/v45,/cdaq/cosmic/commissioning2022/CRAFT/v1.3/GPU/HLT/V1,Commissioning2022,1
349229,7532,434,2022-03-23 15:05:28,2022-03-23 15:12:42,"[CSC, CTPPS, CTPPS_TOT, DT, ECAL, ES, GEM, HCAL, PIXEL, RPC]",,,,cosmics2022/v45,/cdaq/cosmic/commissioning2022/CRAFT/v1.3/GPU/HLT/V1,Commissioning2022,1
349230,7532,483,2022-03-23 15:14:57,2022-03-23 15:23:00,"[CSC, CTPPS, CTPPS_TOT, DT, ECAL, ES, GEM, HCAL, PIXEL, RPC]",,,,cosmics2022/v45,/cdaq/cosmic/commissioning2022/CRAFT/v1.3/GPU/HLT/V1,Commissioning2022,1
349231,7532,580,2022-03-23 15:28:18,2022-03-23 15:37:58,"[CSC, CTPPS, CTPPS_TOT, DT, ECAL, ES, GEM, HCAL, PIXEL, RPC]",,,,cosmics2022/v45,/cdaq/cosmic/commissioning2022/CRAFT/v1.3/GPU/HLT/V1,Commissioning2022,1
349236,7532,173,2022-03-23 17:05:05,2022-03-23 17:07:58,"[CSC, CTPPS, CTPPS_TOT, ECAL, ES, PIXEL, RPC, TRACKER]",,,,cosmics2022/v45,/cdaq/cosmic/commissioning2022/CRAFT/v1.3/GPU/HLT/V1,TransferTest2022,1
349242,7532,341,2022-03-23 18:02:30,2022-03-23 18:08:11,"[CSC, CTPPS, CTPPS_TOT, RPC, TRACKER]",,,,cosmics2022/v45,/cdaq/cosmic/commissioning2022/CRAFT/v1.3/GPU/HLT/V1,TransferTest2022,1
349245,7532,408,2022-03-23 18:13:44,2022-03-23 18:20:32,"[CSC, CTPPS, CTPPS_TOT, RPC]",,,,cosmics2022/v45,/cdaq/cosmic/commissioning2022/CRAFT/v1.3/GPU/HLT/V1,TransferTest2022,1
349247,7532,327,2022-03-23 18:24:00,2022-03-23 18:29:27,"[CSC, CTPPS, CTPPS_TOT, HCAL, RPC]",,,,cosmics2022/v45,/cdaq/cosmic/commissioning2022/CRAFT/v1.3/GPU/HLT/V1,TransferTest2022,1
349251,7532,341,2022-03-23 19:18:05,2022-03-23 19:23:46,"[CSC, CTPPS, CTPPS_TOT, ES, RPC]",,,,cosmics2022/v45,/cdaq/cosmic/commissioning2022/CRAFT/v1.3/GPU/HLT/V1,TransferTest2022,1
349252,7532,371,2022-03-23 19:26:41,2022-03-23 19:32:52,"[CSC, CTPPS, CTPPS_TOT, ES, HCAL, RPC]",,,,cosmics2022/v45,/cdaq/cosmic/commissioning2022/CRAFT/v1.3/GPU/HLT/V1,TransferTest2022,1
349253,7532,1562,2022-03-23 19:35:05,2022-03-23 20:01:07,"[CSC, CTPPS, CTPPS_TOT, ES, HCAL, RPC]",,,,cosmics2022/v45,/cdaq/cosmic/commissioning2022/CRAFT/v1.3/GPU/HLT/V1,Commissioning2022,1
349254,7532,163,2022-03-23 20:04:22,2022-03-23 20:07:05,"[CTPPS, CTPPS_TOT, ES, HCAL, RPC]",,,,cosmics2022/v45,/cdaq/cosmic/commissioning2022/CRAFT/v1.3/GPU/HLT/V1,Commissioning2022,1
349255,7532,521,2022-03-23 20:09:04,2022-03-23 20:17:45,"[CTPPS, CTPPS_TOT, HCAL, RPC]",,,,cosmics2022/v45,/cdaq/cosmic/commissioning2022/CRAFT/v1.3/GPU/HLT/V1,Commissioning2022,1
349256,7532,307,2022-03-23 20:20:13,2022-03-23 20:25:20,"[CTPPS, CTPPS_TOT, RPC]",,,,cosmics2022/v45,/cdaq/cosmic/commissioning2022/CRAFT/v1.3/GPU/HLT/V1,TransferTest2022,1
349257,7532,321,2022-03-23 20:48:21,2022-03-23 20:53:42,"[CTPPS, CTPPS_TOT, RPC]",,,,cosmics2022/v45,/cdaq/cosmic/commissioning2022/CRAFT/v1.3/GPU/HLT/V1,TransferTest2022,1
349259,7532,207,2022-03-23 21:02:50,2022-03-23 21:06:17,"[CTPPS, CTPPS_TOT, RPC]",,,,cosmics2022/v45,/cdaq/cosmic/commissioning2022/CRAFT/v1.3/GPU/HLT/V1,TransferTest2022,1
349260,7532,17076,2022-03-23 21:08:11,2022-03-24 01:52:47,"[CTPPS, CTPPS_TOT, HCAL, RPC]",,,,cosmics2022/v45,/cdaq/cosmic/commissioning2022/CRAFT/v1.3/GPU/HLT/V1,Commissioning2022,1
349262,7532,396,2022-03-24 01:54:55,2022-03-24 02:01:31,"[CTPPS, CTPPS_TOT, HCAL, RPC]",,,,cosmics2022/v45,/cdaq/cosmic/commissioning2022/CRAFT/v1.3/GPU/HLT/V1,Commissioning2022,1
349263,7532,15092,2022-03-24 02:04:07,2022-03-24 06:15:39,"[CTPPS, CTPPS_TOT, HCAL, RPC]",,,,cosmics2022/v45,/cdaq/cosmic/commissioning2022/CRAFT/v1.3/GPU/HLT/V1,Commissioning2022,1
349267,7532,6106,2022-03-24 06:18:18,2022-03-24 08:00:04,"[CTPPS, CTPPS_TOT, HCAL, RPC]",,,,cosmics2022/v45,/cdaq/cosmic/commissioning2022/CRAFT/v1.3/GPU/HLT/V1,Commissioning2022,1
349268,7532,4352,2022-03-24 08:04:45,2022-03-24 09:17:17,"[CSC, CTPPS, CTPPS_TOT, HCAL, RPC]",,,,cosmics2022/v45,/cdaq/cosmic/commissioning2022/CRAFT/v1.3/GPU/HLT/V1,Commissioning2022,1
349273,7532,5538,2022-03-24 09:29:29,2022-03-24 11:01:47,"[CSC, CTPPS, CTPPS_TOT, DT, ECAL, ES, GEM, HCAL, PIXEL, RPC, TRACKER]",,,,cosmics2022/v45,/cdaq/cosmic/commissioning2022/CRAFT/v1.3/GPU/HLT/V1,Commissioning2022,1
349289,7532,579,2022-03-24 11:04:13,2022-03-24 11:13:52,"[CSC, CTPPS, CTPPS_TOT, DT, ECAL, ES, GEM, HCAL, PIXEL, RPC, TRACKER]",,,,cosmics2022/v46,/cdaq/cosmic/commissioning2022/CRAFT/v1.3/GPU/HLT/V1,Commissioning2022,1
349293,7532,4611,2022-03-24 11:18:30,2022-03-24 12:35:21,"[CTPPS, CTPPS_TOT, DT, ECAL, ES, GEM, HCAL, PIXEL, RPC, TRACKER]",,,,cosmics2022/v47,/cdaq/cosmic/commissioning2022/CRAFT/v1.3/GPU/HLT/V1,Commissioning2022,1
349299,7532,525,2022-03-24 12:39:35,2022-03-24 12:48:20,"[CTPPS, CTPPS_TOT, DT, ECAL, ES, GEM, HCAL, PIXEL, RPC, TRACKER]",,,,cosmics2022/v48,/cdaq/cosmic/commissioning2022/CRAFT/v1.3/GPU/HLT/V1,Commissioning2022,1
349301,7532,204,2022-03-24 12:52:47,2022-03-24 12:56:11,"[CTPPS, CTPPS_TOT, DT, ECAL, ES, GEM, HCAL, PIXEL, RPC, TRACKER]",,,,cosmics2022/v48,/cdaq/cosmic/commissioning2022/CRAFT/v1.3/GPU/HLT/V1,Commissioning2022,1
349303,7532,176,2022-03-24 12:58:39,2022-03-24 13:01:35,"[CTPPS, CTPPS_TOT, DT, ECAL, ES, GEM, HCAL, PIXEL, RPC, TRACKER]",,,,cosmics2022/v48,/cdaq/cosmic/commissioning2022/CRAFT/v1.3/GPU/HLT/V1,Commissioning2022,1
349308,7532,1565,2022-03-24 13:14:31,2022-03-24 13:40:36,"[CSC, CTPPS, CTPPS_TOT, ECAL, ES, GEM, HCAL, PIXEL, RPC, TRACKER]",,,,cosmics_toponly/v12,/cdaq/cosmic/commissioning2022/CRAFT/v1.3/GPU/HLT/V1,Commissioning2022,1
349314,7532,10637,2022-03-24 13:41:09,2022-03-24 16:38:26,"[CSC, CTPPS, CTPPS_TOT, ECAL, ES, GEM, HCAL, PIXEL, RPC, TRACKER]",,,,cosmics_toponly/v12,/cdaq/cosmic/commissioning2022/CRAFT/v1.3/GPU/HLT/V1,Commissioning2022,1
349339,7532,326,2022-03-24 16:43:22,2022-03-24 16:48:48,"[CSC, CTPPS, CTPPS_TOT, ECAL, ES, GEM, PIXEL, RPC, TRACKER]",,,,cosmics2022/v48,/cdaq/cosmic/commissioning2022/CRAFT/v1.3/GPU/HLT/V1,Commissioning2022,1
349340,7532,738,2022-03-24 17:01:33,2022-03-24 17:13:51,"[CSC, CTPPS, CTPPS_TOT, DT, ECAL, ES, GEM, PIXEL, RPC]",,,,cosmics2022/v48,/cdaq/cosmic/commissioning2022/CRAFT/v1.3/GPU/HLT/V1,Commissioning2022,1
349341,7532,444,2022-03-24 17:15:41,2022-03-24 17:23:05,"[CSC, CTPPS, CTPPS_TOT, DT, ECAL, ES, GEM, PIXEL, RPC]",,,,cosmics2022/v48,/cdaq/cosmic/commissioning2022/CRAFT/v1.3/GPU/HLT/V1,Commissioning2022,1
349343,7532,676,2022-03-24 17:41:56,2022-03-24 17:53:12,"[CTPPS, CTPPS_TOT, GEM, RPC]",,,,cosmics2022/v49,/cdaq/cosmic/commissioning2022/CRAFT/v1.3/GPU/HLT/V1,Commissioning2022,1
349344,7532,920,2022-03-24 17:55:28,2022-03-24 18:10:48,"[CTPPS, CTPPS_TOT, GEM, HCAL, RPC]",,,,cosmics2022/v49,/cdaq/cosmic/commissioning2022/CRAFT/v1.3/GPU/HLT/V1,Commissioning2022,1
349346,7532,15153,2022-03-24 18:14:44,2022-03-24 22:27:17,"[CTPPS, CTPPS_TOT, RPC]",,,,cosmics2022/v49,/cdaq/cosmic/commissioning2022/CRAFT/v1.3/GPU/HLT/V1,Commissioning2022,4
349347,7532,668,2022-03-24 22:30:13,2022-03-24 22:41:21,"[CTPPS, CTPPS_TOT, RPC, TRACKER]",,,,cosmics2022/v49,/cdaq/cosmic/commissioning2022/CRAFT/v1.3/GPU/HLT/V1,Commissioning2022,4
349348,7532,35925,2022-03-24 22:43:03,2022-03-25 08:41:48,"[CTPPS, CTPPS_TOT, RPC, TRACKER]",,,,cosmics2022/v49,/cdaq/cosmic/commissioning2022/CRAFT/v1.3/GPU/HLT/V1,Commissioning2022,4
349354,7532,2919,2022-03-25 08:44:59,2022-03-25 09:33:38,"[CSC, CTPPS, CTPPS_TOT, RPC, TRACKER]",,,,cosmics2022/v49,/cdaq/cosmic/commissioning2022/CRAFT/v1.3/GPU/HLT/V1,Commissioning2022,1
349358,7532,2538,2022-03-25 09:44:15,2022-03-25 10:26:33,"[CSC, CTPPS, CTPPS_TOT, DT, ECAL, ES, GEM, PIXEL, RPC, TRACKER]",,,,cosmics2022/v49,/cdaq/cosmic/commissioning2022/CRAFT/v1.3/GPU/HLT/V1,Commissioning2022,1
349363,7532,8691,2022-03-25 10:39:34,2022-03-25 13:04:25,"[CSC, CTPPS, CTPPS_TOT, DT, ECAL, ES, GEM, HCAL, PIXEL, RPC, TRACKER]",,,,cosmics2022/v49,/cdaq/cosmic/commissioning2022/CRAFT/v1.3/GPU/HLT/V1,Commissioning2022,1
349385,,10342,2022-03-25 13:07:08,2022-03-25 15:59:30,"[CSC, CTPPS, CTPPS_TOT, ECAL, ES, GEM, HCAL, PIXEL, RPC, TRACKER]",,,,cosmics_toponly/v13,/cdaq/cosmic/commissioning2022/CRAFT/v1.3/GPU/HLT/V1,Commissioning2022,1
349403,7533,91,2022-03-25 16:42:44,2022-03-25 16:44:15,"[CSC, CTPPS, CTPPS_TOT, DT, ECAL, ES, GEM, HCAL, PIXEL, RPC]",,,,cosmics_toponly/v13,,TransferTest2022,
349404,7533,230,2022-03-25 16:45:37,2022-03-25 16:49:27,"[CSC, CTPPS, CTPPS_TOT, DT, ECAL, ES, GEM, HCAL, PIXEL, RPC]",,,,cosmics_toponly/v13,/cdaq/cosmic/commissioning2022/CRAFT/v1.3/GPU/HLT/V1,Commissioning2022,1
349406,7533,57,2022-03-25 16:54:01,2022-03-25 16:54:58,"[CSC, CTPPS, CTPPS_TOT, DT, ECAL, ES, GEM, HCAL, PIXEL, RPC]",,,,cosmics_toponly/v13,/cdaq/cosmic/commissioning2022/CRAFT/v1.3/GPU/HLT/V1,TransferTest2022,
349407,7533,109,2022-03-25 16:57:25,2022-03-25 16:59:14,"[CSC, CTPPS, CTPPS_TOT, DT, ECAL, ES, GEM, HCAL, PIXEL, RPC]",,,,cosmics_toponly/v13,/cdaq/cosmic/commissioning2022/CRAFT/v1.3/GPU/HLT/V1,Commissioning2022,1
349410,7533,1476,2022-03-25 17:08:29,2022-03-25 17:33:05,"[CSC, CTPPS, CTPPS_TOT, DT, ECAL, ES, GEM, HCAL, PIXEL, RPC]",0.0,0.0,,cosmics_toponly/v13,/cdaq/cosmic/commissioning2022/CRAFT/v1.3/GPU/HLT/V1,Commissioning2022,1
349419,7533,176,2022-03-25 18:07:26,2022-03-25 18:10:22,"[CSC, CTPPS, CTPPS_TOT, GEM, HCAL, RPC]",0.0,0.0,,cosmics2022/v49,/cdaq/cosmic/commissioning2022/CRAFT/v1.3/GPU/HLT/V1,Commissioning2022,1
349421,7533,372,2022-03-25 18:15:36,2022-03-25 18:21:48,"[CSC, CTPPS, CTPPS_TOT, GEM, RPC]",0.0,0.0,,cosmics2022/v49,/cdaq/cosmic/commissioning2022/CRAFT/v1.3/GPU/HLT/V1,Commissioning2022,1
349422,7533,51417,2022-03-25 18:26:42,2022-03-26 08:43:39,"[CTPPS, CTPPS_TOT, RPC]",0.0,0.0,,cosmics2022/v49,/cdaq/cosmic/commissioning2022/CRAFT/v1.3/GPU/HLT/V1,Commissioning2022,1
349425,7533,28635,2022-03-26 08:46:37,2022-03-26 16:43:52,"[CSC, CTPPS, CTPPS_TOT, GEM, RPC]",0.0,0.0,,cosmics2022/v49,/cdaq/cosmic/commissioning2022/CRAFT/v1.3/GPU/HLT/V1,Commissioning2022,1
349426,7533,1136,2022-03-26 16:48:07,2022-03-26 17:07:03,"[CTPPS, CTPPS_TOT, RPC]",0.0,0.0,,cosmics2022/v50,/cdaq/cosmic/commissioning2022/CRAFT/v1.3/GPU/HLT/V1,Commissioning2022,4
349427,7533,2425,2022-03-26 17:09:23,2022-03-26 17:49:48,"[CTPPS, CTPPS_TOT, RPC]",0.0,0.0,,cosmics2022/v50,/cdaq/cosmic/commissioning2022/CRAFT/v1.3/GPU/HLT/V1,Commissioning2022,4
349428,7533,10507,2022-03-26 17:51:17,2022-03-26 20:46:24,"[CTPPS, CTPPS_TOT, GEM, RPC]",0.0,0.0,,cosmics2022/v50,/cdaq/cosmic/commissioning2022/CRAFT/v1.3/GPU/HLT/V1,Commissioning2022,4
349431,7533,1070,2022-03-26 20:51:17,2022-03-26 21:09:07,"[CTPPS, CTPPS_TOT, RPC]",0.0,0.0,,cosmics2022/v50,/cdaq/cosmic/commissioning2022/CRAFT/v1.3/GPU/HLT/V1,Commissioning2022,4
349432,7533,553,2022-03-26 21:12:51,2022-03-26 21:22:04,"[CTPPS, CTPPS_TOT, RPC]",0.0,0.0,,cosmics2022/v50,/cdaq/cosmic/commissioning2022/CRAFT/v1.3/GPU/HLT/V1,Commissioning2022,4
349433,7533,19891,2022-03-26 21:27:59,2022-03-27 02:59:30,"[CTPPS, CTPPS_TOT, RPC]",0.0,0.0,,cosmics2022/v51,/cdaq/cosmic/commissioning2022/CRAFT/v1.3/GPU/HLT/V1,Commissioning2022,4
349435,7533,9134,2022-03-27 03:03:07,2022-03-27 05:35:21,"[CTPPS, CTPPS_TOT, RPC]",0.0,0.0,,cosmics2022/v51,/cdaq/cosmic/commissioning2022/CRAFT/v1.3/GPU/HLT/V1,Commissioning2022,1
349436,7533,38410,2022-03-27 05:38:29,2022-03-27 16:18:39,"[CTPPS, CTPPS_TOT, RPC]",0.0,0.0,,cosmics2022/v51,/cdaq/cosmic/commissioning2022/CRAFT/v1.3/GPU/HLT/V1,Commissioning2022,4
349437,7533,49469,2022-03-27 16:20:35,2022-03-28 06:05:04,"[CTPPS, CTPPS_TOT, RPC]",0.0,0.0,,cosmics2022/v51,/cdaq/cosmic/commissioning2022/CRAFT/v1.3/GPU/HLT/V1,Commissioning2022,1
349438,7533,367,2022-03-28 06:06:42,2022-03-28 06:12:49,"[CTPPS, CTPPS_TOT, RPC]",0.0,0.0,,cosmics2022/v51,/cdaq/cosmic/commissioning2022/CRAFT/v1.3/GPU/HLT/V1,Commissioning2022,4
349439,7533,1202,2022-03-28 06:13:49,2022-03-28 06:33:51,"[CTPPS, CTPPS_TOT, RPC]",0.0,0.0,,cosmics2022/v51,/cdaq/cosmic/commissioning2022/CRAFT/v1.3/GPU/HLT/V1,Commissioning2022,4
349441,7533,1208,2022-03-28 06:38:51,2022-03-28 06:58:59,"[CSC, CTPPS, CTPPS_TOT, RPC]",0.0,0.0,,cosmics2022/v51,/cdaq/cosmic/commissioning2022/CRAFT/v1.3/GPU/HLT/V1,Commissioning2022,1
349443,7533,3913,2022-03-28 07:03:43,2022-03-28 08:08:56,"[CSC, CTPPS, CTPPS_TOT, RPC]",0.0,0.0,,cosmics2022/v51,/cdaq/cosmic/commissioning2022/CRAFT/v1.3/GPU/HLT/V1,Commissioning2022,1
349445,7533,263,2022-03-28 08:15:07,2022-03-28 08:19:30,"[CSC, CTPPS, CTPPS_TOT, DT, ECAL, HCAL, PIXEL, RPC, TRACKER]",0.0,0.0,,cosmics2022/v51,/cdaq/cosmic/commissioning2022/CRAFT/v1.3/GPU/HLT/V1,Commissioning2022,1
349446,7533,5763,2022-03-28 08:21:01,2022-03-28 09:57:04,"[CSC, CTPPS, CTPPS_TOT, DT, ECAL, GEM, HCAL, PIXEL, RPC, TRACKER]",0.0,0.0,,cosmics2022/v51,/cdaq/cosmic/commissioning2022/CRAFT/v1.3/GPU/HLT/V1,Commissioning2022,4
349463,7533,1802,2022-03-28 10:04:46,2022-03-28 10:34:48,"[CSC, CTPPS, CTPPS_TOT, DT, ECAL, ES, HCAL, PIXEL, RPC, TRACKER]",0.0,0.0,,cosmics2022/v51,/cdaq/cosmic/commissioning2022/CRAFT/v1.3/GPU/HLT/V1,TransferTest2022,4
349467,7533,11645,2022-03-28 10:41:10,2022-03-28 13:55:15,"[CSC, CTPPS, CTPPS_TOT, ECAL, GEM, HCAL, PIXEL, RPC, TRACKER]",0.0,0.0,,cosmics_toponly/v14,/cdaq/cosmic/commissioning2022/CRAFT/v1.3/GPU/HLT/V1,Commissioning2022,1
349495,7533,3237,2022-03-28 14:06:53,2022-03-28 15:00:50,"[CSC, CTPPS, CTPPS_TOT, DT, GEM, HCAL, PIXEL, RPC, TRACKER]",0.0,0.0,,cosmics2022/v51,/cdaq/cosmic/commissioning2022/CRAFT/v1.3/GPU/HLT/V1,Commissioning2022,1
349507,7533,2976,2022-03-28 15:13:22,2022-03-28 16:02:58,"[CSC, CTPPS, CTPPS_TOT, DT, ECAL, HCAL, PIXEL, RPC, TRACKER]",0.0,0.0,,cosmics2022/v51,/cdaq/cosmic/commissioning2022/CRAFT/v1.3/GPU/HLT/V1,TransferTest2022,4
349516,7533,1277,2022-03-28 16:15:00,2022-03-28 16:36:17,"[CSC, CTPPS, CTPPS_TOT, DT, HCAL, RPC, TRACKER]",0.0,0.0,,cosmics2022/v52,/cdaq/cosmic/commissioning2022/CRAFT/v1.3/GPU/HLT/V1,Commissioning2022,1
349517,7533,3506,2022-03-28 16:42:55,2022-03-28 17:41:21,"[CSC, CTPPS, CTPPS_TOT, GEM, HCAL, RPC]",0.0,0.0,,cosmics2022/v53,/cdaq/cosmic/commissioning2022/CRAFT/v1.3/GPU/HLT/V1,Commissioning2022,1
349519,7533,2115,2022-03-28 17:43:48,2022-03-28 18:19:03,"[CTPPS, CTPPS_TOT, HCAL, RPC]",0.0,0.0,,cosmics2022/v53,/cdaq/cosmic/commissioning2022/CRAFT/v1.3/GPU/HLT/V1,Commissioning2022,1
349523,7533,2245,2022-03-28 18:21:32,2022-03-28 18:58:57,"[CSC, CTPPS, CTPPS_TOT, HCAL, RPC]",0.0,0.0,,cosmics2022/v53,/cdaq/cosmic/commissioning2022/CRAFT/v1.3/GPU/HLT/V1,Commissioning2022,4
349526,7533,5048,2022-03-28 19:04:20,2022-03-28 20:28:28,"[CTPPS, CTPPS_TOT, RPC]",0.0,0.0,,cosmics2022/v53,/cdaq/cosmic/commissioning2022/CRAFT/v1.3/GPU/HLT/V1,Commissioning2022,1
349527,7533,25221,2022-03-28 20:29:21,2022-03-29 03:29:42,"[CTPPS, CTPPS_TOT, RPC]",0.0,0.0,,cosmics2022/v53,/cdaq/cosmic/commissioning2022/CRAFT/v1.3/GPU/HLT/V1,Commissioning2022,4
349528,7533,10775,2022-03-29 03:31:55,2022-03-29 06:31:30,"[CTPPS, CTPPS_TOT, RPC]",0.0,0.0,,cosmics2022/v53,/cdaq/cosmic/commissioning2022/CRAFT/v1.3/GPU/HLT/V1,Commissioning2022,1
349529,7533,5623,2022-03-29 06:33:49,2022-03-29 08:07:32,"[CSC, CTPPS, CTPPS_TOT, RPC]",0.0,0.0,,cosmics2022/v53,/cdaq/cosmic/commissioning2022/CRAFT/v1.3/GPU/HLT/V1,Commissioning2022,1
349532,7533,71,2022-03-29 08:17:03,2022-03-29 08:18:14,"[CSC, CTPPS, CTPPS_TOT, DT, ECAL, ES, GEM, HCAL, PIXEL, RPC]",0.0,0.0,,cosmics2022/v53,/cdaq/cosmic/commissioning2022/CRAFT/v1.3/GPU/HLT/V1,Commissioning2022,
349534,7533,1768,2022-03-29 08:20:36,2022-03-29 08:50:04,"[CSC, CTPPS, CTPPS_TOT, DT, ECAL, ES, GEM, HCAL, PIXEL, RPC]",0.0,0.0,,cosmics2022/v53,/cdaq/cosmic/commissioning2022/CRAFT/v1.3/GPU/HLT/V1,Commissioning2022,1
349553,7533,3539,2022-03-29 09:31:49,2022-03-29 10:30:48,"[CSC, CTPPS, CTPPS_TOT, DT, GEM, HCAL, L1SCOUT, PIXEL, RPC, TRACKER]",0.0,0.0,,cosmics2022/v53,/cdaq/cosmic/commissioning2022/CRAFT/v1.3/GPU/HLT/V1,TransferTest2022,1
349560,7533,2851,2022-03-29 11:01:46,2022-03-29 11:49:17,"[CSC, CTPPS, CTPPS_TOT, DT, ECAL, ES, HCAL, L1SCOUT, PIXEL, RPC, TRACKER]",0.0,0.0,,cosmics2022/v53,/cdaq/cosmic/commissioning2022/CRAFT/v1.3/GPU/HLT/V1,TransferTest2022,1
349561,7533,150,2022-03-29 11:51:51,2022-03-29 11:54:21,"[CSC, CTPPS, CTPPS_TOT, DT, ECAL, ES, GEM, HCAL, PIXEL, RPC, TRACKER]",0.0,0.0,,cosmics2022/v53,/cdaq/cosmic/commissioning2022/CRAFT/v1.3/GPU/HLT/V1,TransferTest2022,1
349563,7533,217,2022-03-29 11:56:06,2022-03-29 11:59:43,"[CSC, CTPPS, CTPPS_TOT, DT, ECAL, ES, GEM, HCAL, PIXEL, RPC, TRACKER]",0.0,0.0,,cosmics2022/v53,/cdaq/cosmic/commissioning2022/CRAFT/v1.3/GPU/HLT/V1,TransferTest2022,1
349564,7533,533,2022-03-29 12:01:31,2022-03-29 12:10:24,"[CSC, CTPPS, CTPPS_TOT, DT, ECAL, ES, GEM, HCAL, PIXEL, RPC, TRACKER]",0.0,0.0,,cosmics2022/v53,/cdaq/cosmic/commissioning2022/CRAFT/v1.3/GPU/HLT/V1,TransferTest2022,1
349566,7533,846,2022-03-29 12:13:20,2022-03-29 12:27:26,"[CSC, CTPPS, CTPPS_TOT, DT, ECAL, ES, GEM, HCAL, PIXEL, RPC, TRACKER]",0.0,0.0,,cosmics2022/v53,/cdaq/cosmic/commissioning2022/CRAFT/v1.3/GPU/HLT/V1,TransferTest2022,1
349568,7533,74,2022-03-29 12:29:21,2022-03-29 12:30:35,"[CSC, CTPPS, CTPPS_TOT, DT, ECAL, ES, GEM, HCAL, PIXEL, RPC, TRACKER]",0.0,0.0,,cosmics2022/v53,/cdaq/cosmic/commissioning2022/CRAFT/v1.3/GPU/HLT/V1,TransferTest2022,
349570,7533,134,2022-03-29 12:30:49,2022-03-29 12:33:03,"[CSC, CTPPS, CTPPS_TOT, DT, ECAL, ES, GEM, HCAL, PIXEL, RPC, TRACKER]",0.0,0.0,,cosmics2022/v53,/cdaq/cosmic/commissioning2022/CRAFT/v1.3/GPU/HLT/V1,TransferTest2022,1
349571,7533,833,2022-03-29 12:35:10,2022-03-29 12:49:03,"[CSC, CTPPS, CTPPS_TOT, DT, ECAL, ES, GEM, HCAL, PIXEL, RPC, TRACKER]",0.0,0.0,,cosmics2022/v53,/cdaq/cosmic/commissioning2022/CRAFT/v1.3/GPU/HLT/V1,Commissioning2022,1
349575,7533,1421,2022-03-29 12:50:59,2022-03-29 13:14:40,"[CSC, CTPPS, CTPPS_TOT, DT, ECAL, ES, GEM, HCAL, PIXEL, RPC, TRACKER]",0.0,0.0,,cosmics2022/v53,/cdaq/cosmic/commissioning2022/CRAFT/v1.3/GPU/HLT/V1,Commissioning2022,1
349580,7533,4109,2022-03-29 13:17:00,2022-03-29 14:25:29,"[CSC, CTPPS, CTPPS_TOT, DT, ECAL, ES, GEM, HCAL, RPC, TRACKER]",0.0,0.0,,cosmics2022/v53,/cdaq/cosmic/commissioning2022/CRAFT/v1.3/GPU/HLT/V1,Commissioning2022,4
349608,7533,1553,2022-03-29 17:20:17,2022-03-29 17:46:10,"[CTPPS, CTPPS_TOT, DT, RPC, TRACKER]",,,,cosmics2022/v54,/cdaq/cosmic/commissioning2022/CRAFT/v1.3/GPU/HLT/V1,TransferTest2022,
349609,7533,4862,2022-03-29 17:48:00,2022-03-29 19:09:02,"[CTPPS, CTPPS_TOT, RPC, TRACKER]",,,,cosmics2022/v54,/cdaq/cosmic/commissioning2022/CRAFT/v1.3/GPU/HLT/V1,Commissioning2022,1
349610,7533,10365,2022-03-29 19:13:05,2022-03-29 22:05:50,"[CTPPS, CTPPS_TOT, RPC]",0.0,0.0,,cosmics2022/v54,/cdaq/cosmic/commissioning2022/CRAFT/v1.3/GPU/HLT/V1,Commissioning2022,4
349611,7533,33342,2022-03-29 22:09:31,2022-03-30 07:25:13,"[CTPPS, CTPPS_TOT, RPC]",0.0,0.0,,cosmics2022/v54,/cdaq/cosmic/commissioning2022/CRAFT/v1.3/GPU/HLT/V1,Commissioning2022,4
349612,7533,362,2022-03-30 07:27:44,2022-03-30 07:33:46,"[CSC, CTPPS, CTPPS_TOT, RPC]",0.0,0.0,,cosmics2022/v54,/cdaq/cosmic/commissioning2022/CRAFT/v1.3/GPU/HLT/V1,Commissioning2022,1
349614,7533,248,2022-03-30 07:44:52,2022-03-30 07:49:00,"[CSC, CTPPS, CTPPS_TOT, HCAL, RPC]",0.0,0.0,,cosmics2022/v54,/cdaq/cosmic/commissioning2022/CRAFT/v1.3/GPU/HLT/V1,Commissioning2022,1
349617,7533,2882,2022-03-30 08:57:07,2022-03-30 09:45:09,"[CSC, CTPPS, CTPPS_TOT, DT, ECAL, ES, GEM, HCAL, L1SCOUT, PIXEL, RPC]",0.0,0.0,,cosmics2022/v54,/cdaq/cosmic/commissioning2022/CRAFT/v1.3/GPU/HLT/V1,TransferTest2022,1
349624,7533,323,2022-03-30 09:53:18,2022-03-30 09:58:41,"[CTPPS, CTPPS_TOT, DT, ECAL, ES, GEM, HCAL, L1SCOUT, PIXEL, RPC, TRACKER]",0.0,0.0,,cosmics2022/v54,/cdaq/cosmic/commissioning2022/CRAFT/v1.3/GPU/HLT/V1,Commissioning2022,1
349627,7533,169,2022-03-30 10:11:39,2022-03-30 10:14:28,"[CSC, CTPPS, CTPPS_TOT, DT, ECAL, ES, GEM, HCAL, PIXEL, RPC, TRACKER]",0.0,0.0,,cosmics2022/v54,/cdaq/cosmic/commissioning2022/CRAFT/v1.3/GPU/HLT/V1,Commissioning2022,1
349628,7533,179,2022-03-30 10:14:57,2022-03-30 10:17:56,"[CSC, CTPPS, CTPPS_TOT, DT, ECAL, ES, GEM, HCAL, PIXEL, RPC, TRACKER]",0.0,0.0,,cosmics2022/v54,/cdaq/cosmic/commissioning2022/CRAFT/v1.3/GPU/HLT/V1,Commissioning2022,1
349629,7533,161,2022-03-30 10:18:21,2022-03-30 10:21:02,"[CSC, CTPPS, CTPPS_TOT, DT, ECAL, ES, GEM, HCAL, PIXEL, RPC, TRACKER]",0.0,0.0,,cosmics2022/v54,/cdaq/cosmic/commissioning2022/CRAFT/v1.3/GPU/HLT/V1,Commissioning2022,1
349632,7533,188,2022-03-30 10:24:23,2022-03-30 10:27:31,"[CSC, CTPPS, CTPPS_TOT, DT, ECAL, ES, GEM, HCAL, PIXEL, RPC, TRACKER]",0.0,0.0,,cosmics2022/v54,/cdaq/cosmic/commissioning2022/CRAFT/v1.3/GPU/HLT/V1,Commissioning2022,1
349633,7533,2613,2022-03-30 10:30:11,2022-03-30 11:13:44,"[CSC, CTPPS, CTPPS_TOT, ECAL, ES, GEM, HCAL, L1SCOUT, PIXEL, RPC, TRACKER]",0.0,0.0,,cosmics2022/v54,/cdaq/cosmic/commissioning2022/CRAFT/v1.3/GPU/HLT/V1,TransferTest2022,1
349638,7533,237,2022-03-30 11:22:56,2022-03-30 11:26:53,"[CSC, CTPPS, CTPPS_TOT, DT, ECAL, ES, GEM, HCAL, PIXEL, RPC, TRACKER]",0.0,0.0,,cosmics2022/v54,/cdaq/cosmic/commissioning2022/CRAFT/v1.3/GPU/HLT/V1,Commissioning2022,1
349648,7533,1880,2022-03-30 12:07:35,2022-03-30 12:38:55,"[CSC, CTPPS, CTPPS_TOT, DT, ECAL, ES, GEM, HCAL, L1SCOUT, PIXEL, RPC]",0.0,0.0,,cosmics2022/v54,/cdaq/cosmic/commissioning2022/CRAFT/v1.3/GPU/HLT/V1,TransferTest2022,1
349659,7533,183,2022-03-30 12:46:11,2022-03-30 12:49:14,"[CSC, CTPPS, CTPPS_TOT, DT, ECAL, ES, GEM, HCAL, PIXEL, RPC, TRACKER]",0.0,0.0,,cosmics2022/v54,/cdaq/cosmic/commissioning2022/CRAFT/v1.3/GPU/HLT/V1,Commissioning2022,1
349667,7533,2319,2022-03-30 13:12:42,2022-03-30 13:51:21,"[CTPPS, CTPPS_TOT, DT, ECAL, ES, GEM, HCAL, L1SCOUT, PIXEL, RPC, TRACKER]",0.0,0.0,0,cosmics2022/v54,/cdaq/cosmic/commissioning2022/CRAFT/v1.3/GPU/HLT/V1,TransferTest2022,1
349673,7533,658,2022-03-30 13:54:49,2022-03-30 14:05:47,"[CTPPS, CTPPS_TOT, DT, ECAL, ES, GEM, HCAL, L1SCOUT, PIXEL, RPC, TRACKER]",0.0,0.0,70576974,cosmics2022/v54,/cdaq/cosmic/commissioning2022/CRAFT/v1.3/GPU/HLT/V1,TransferTest2022,1
349676,7533,1175,2022-03-30 14:23:39,2022-03-30 14:43:14,"[CSC, CTPPS, CTPPS_TOT, ECAL, ES, GEM, HCAL, PIXEL, RPC, TRACKER]",0.0,0.0,770898,cosmics_toponly/v14,/cdaq/cosmic/commissioning2022/CRAFT/v1.3/GPU/HLT/V1,Commissioning2022,1
349678,7533,2591,2022-03-30 14:45:56,2022-03-30 15:29:07,"[CSC, CTPPS, CTPPS_TOT, DT, ECAL, ES, GEM, L1SCOUT, PIXEL, RPC, TRACKER]",0.0,0.0,169078417,cosmics_toponly/v14,/cdaq/cosmic/commissioning2022/CRAFT/v1.3/GPU/HLT/V1,TransferTest2022,1
349683,7533,1202,2022-03-30 15:47:02,2022-03-30 16:07:04,"[CSC, CTPPS, CTPPS_TOT, DT, ECAL, ES, GEM, RPC]",0.0,0.0,75587306,cosmics2022/v54,/cdaq/cosmic/commissioning2022/CRAFT/v1.3/GPU/HLT/V1,Commissioning2022,1
349692,7533,5000,2022-03-30 16:27:47,2022-03-30 17:51:07,"[CSC, CTPPS, CTPPS_TOT, GEM, HCAL, RPC]",0.0,0.0,333133690,cosmics2022/v54,/cdaq/cosmic/commissioning2022/CRAFT/v1.3/GPU/HLT/V1,Commissioning2022,1
349693,7533,154,2022-03-30 17:53:34,2022-03-30 17:56:08,"[CSC, CTPPS, CTPPS_TOT, HCAL, RPC]",0.0,0.0,29882,cosmics2022/v54,/cdaq/cosmic/commissioning2022/CRAFT/v1.3/GPU/HLT/V1,Commissioning2022,4
349694,7533,371,2022-03-30 17:58:09,2022-03-30 18:04:20,"[CSC, CTPPS, CTPPS_TOT, HCAL, RPC]",0.0,0.0,19599963,cosmics2022/v54,/cdaq/cosmic/commissioning2022/CRAFT/v1.3/GPU/HLT/V1,Commissioning2022,1
349695,7533,1627,2022-03-30 18:11:42,2022-03-30 18:38:49,"[CSC, CTPPS, CTPPS_TOT, HCAL, RPC]",0.0,0.0,104827836,cosmics2022/v54,/cdaq/cosmic/commissioning2022/CRAFT/v1.3/GPU/HLT/V1,Commissioning2022,1
349697,7533,5742,2022-03-30 18:40:58,2022-03-30 20:16:40,"[CSC, CTPPS, CTPPS_TOT, RPC]",0.0,0.0,370812448,cosmics2022/v54,/cdaq/cosmic/commissioning2022/CRAFT/v1.3/GPU/HLT/V1,Commissioning2022,1
349698,7533,186,2022-03-30 20:18:25,2022-03-30 20:21:31,"[CSC, CTPPS, CTPPS_TOT, RPC]",0.0,0.0,129,cosmics2022/v54,/cdaq/cosmic/commissioning2022/CRAFT/v1.3/GPU/HLT/V1,Commissioning2022,4
349699,7533,142,2022-03-30 20:24:00,2022-03-30 20:26:22,"[CSC, CTPPS, CTPPS_TOT, RPC]",0.0,0.0,768,cosmics2022/v54,/cdaq/cosmic/commissioning2022/CRAFT/v1.3/GPU/HLT/V1,Commissioning2022,4
349700,7533,142,2022-03-30 20:28:30,2022-03-30 20:30:52,"[CSC, CTPPS, CTPPS_TOT, RPC]",0.0,0.0,153,cosmics2022/v54,/cdaq/cosmic/commissioning2022/CRAFT/v1.3/GPU/HLT/V1,Commissioning2022,4
349701,7533,17189,2022-03-30 20:34:02,2022-03-31 01:20:31,"[CSC, CTPPS, CTPPS_TOT, RPC]",0.0,0.0,1156357153,cosmics2022/v54,/cdaq/cosmic/commissioning2022/CRAFT/v1.3/GPU/HLT/V1,Commissioning2022,4
349703,7533,22017,2022-03-31 01:24:40,2022-03-31 07:31:37,"[CTPPS, CTPPS_TOT, RPC]",0.0,0.0,1484032479,cosmics2022/v54,/cdaq/cosmic/commissioning2022/CRAFT/v1.3/GPU/HLT/V1,Commissioning2022,1
349704,7533,4405,2022-03-31 07:34:58,2022-03-31 08:48:23,"[CSC, CTPPS, CTPPS_TOT, ES, RPC]",0.0,0.0,273400580,cosmics2022/v54,/cdaq/cosmic/commissioning2022/CRAFT/v1.3/GPU/HLT/V1,Commissioning2022,1
349711,7533,6337,2022-03-31 08:52:09,2022-03-31 10:37:46,"[CSC, CTPPS, CTPPS_TOT, ECAL, ES, HCAL, PIXEL, RPC]",0.0,0.0,423657977,cosmics2022/v55,/cdaq/cosmic/commissioning2022/CRAFT/v1.4/GPU/HLT/V1,Commissioning2022,1
349717,7533,179,2022-03-31 10:40:40,2022-03-31 10:43:39,"[CSC, CTPPS, CTPPS_TOT, DT, ES, HCAL, PIXEL, RPC]",0.0,0.0,4604185,cosmics2022/v56,/cdaq/cosmic/commissioning2022/CRAFT/v1.4/GPU/HLT/V1,Commissioning2022,3
349718,7533,858,2022-03-31 10:44:44,2022-03-31 10:59:02,"[CSC, CTPPS, CTPPS_TOT, DT, ES, GEM, HCAL, PIXEL, RPC]",0.0,0.0,50105168,cosmics2022/v56,/cdaq/cosmic/commissioning2022/CRAFT/v1.4/GPU/HLT/V1,Commissioning2022,3
349721,7533,6060,2022-03-31 11:02:57,2022-03-31 12:43:57,"[CSC, CTPPS, CTPPS_TOT, ES, GEM, HCAL, PIXEL, RPC]",0.0,0.0,4205257,cosmics_toponly/v15,/cdaq/cosmic/commissioning2022/CRAFT/v1.4/GPU/HLT/V1,Commissioning2022,1
349725,7533,965,2022-03-31 12:47:40,2022-03-31 13:03:45,"[CSC, CTPPS, CTPPS_TOT, DT, ES, GEM, HCAL, PIXEL, RPC]",0.0,0.0,51338867,cosmics2022/v56,/cdaq/cosmic/commissioning2022/CRAFT/v1.4/GPU/HLT/V1,Commissioning2022,3
349730,7533,1013,2022-03-31 13:17:55,2022-03-31 13:34:48,"[CSC, CTPPS, CTPPS_TOT, DT, ES, GEM, HCAL, PIXEL, RPC]",0.0,0.0,58858051,cosmics2022/v56,/cdaq/cosmic/commissioning2022/CRAFT/v1.4/GPU/HLT/V1,Commissioning2022,3
349731,7533,4951,2022-03-31 13:35:52,2022-03-31 14:58:23,"[CSC, CTPPS, CTPPS_TOT, DT, ES, GEM, HCAL, PIXEL, RPC]",0.0,0.0,331148932,cosmics2022/v56,/cdaq/cosmic/commissioning2022/CRAFT/v1.4/GPU/HLT/V1,Commissioning2022,3
349736,7533,736,2022-03-31 15:05:14,2022-03-31 15:17:30,"[CSC, CTPPS, CTPPS_TOT, DT, GEM, HCAL, PIXEL, RPC]",0.0,0.0,44338182,cosmics2022/v56,/cdaq/cosmic/commissioning2022/CRAFT/v1.4/GPU/HLT/V1,Commissioning2022,3
349737,7533,2975,2022-03-31 15:21:50,2022-03-31 16:11:25,"[CSC, CTPPS, CTPPS_TOT, DT, ECAL, ES, GEM, HCAL, RPC, TRACKER]",0.0,0.0,219871712,cosmics2022/v56,/cdaq/cosmic/commissioning2022/CRAFT/v1.4/GPU/HLT/V1,TransferTest2022,1
349738,7533,43,2022-03-31 16:20:59,2022-03-31 16:21:42,"[CSC, CTPPS, CTPPS_TOT, GEM, RPC]",,,,cosmics2022/v56,,TransferTest2022,
349739,7533,2320,2022-03-31 16:23:47,2022-03-31 17:02:27,"[CSC, CTPPS, CTPPS_TOT, GEM, RPC]",0.0,0.0,153096628,cosmics2022/v56,/cdaq/cosmic/commissioning2022/CRAFT/v1.4/GPU/HLT/V1,Commissioning2022,1
349740,7533,116,2022-03-31 17:04:05,2022-03-31 17:06:01,"[CSC, CTPPS, CTPPS_TOT, GEM, RPC]",0.0,0.0,3142576,cosmics2022/v56,/cdaq/cosmic/commissioning2022/CRAFT/v1.4/GPU/HLT/V1,Commissioning2022,3
349741,7533,730,2022-03-31 17:08:40,2022-03-31 17:20:50,"[CSC, CTPPS, CTPPS_TOT, DT, GEM, RPC]",0.0,0.0,38923158,cosmics2022/v56,/cdaq/cosmic/commissioning2022/CRAFT/v1.4/GPU/HLT/V1,Commissioning2022,1
349743,7533,2166,2022-03-31 17:24:00,2022-03-31 18:00:06,"[CSC, CTPPS, CTPPS_TOT, GEM, RPC]",0.0,0.0,142261080,cosmics2022/v56,/cdaq/cosmic/commissioning2022/CRAFT/v1.4/GPU/HLT/V1,Commissioning2022,1
349744,7533,1215,2022-03-31 18:02:20,2022-03-31 18:22:35,"[CSC, CTPPS, CTPPS_TOT, GEM, RPC]",0.0,0.0,77460186,cosmics2022/v56,/cdaq/cosmic/commissioning2022/CRAFT/v1.4/GPU/HLT/V1,Commissioning2022,3
349745,7533,2048,2022-03-31 18:25:10,2022-03-31 18:59:18,"[CSC, CTPPS, CTPPS_TOT, GEM, HCAL, RPC]",0.0,0.0,133241547,cosmics2022/v56,/cdaq/cosmic/commissioning2022/CRAFT/v1.4/GPU/HLT/V1,Commissioning2022,1
349746,7533,203,2022-03-31 19:01:56,2022-03-31 19:05:19,"[CSC, CTPPS, CTPPS_TOT, GEM, RPC]",0.0,0.0,83,cosmics2022/v56,/cdaq/cosmic/commissioning2022/CRAFT/v1.4/GPU/HLT/V1,TransferTest2022,1
349747,7533,131,2022-03-31 19:09:57,2022-03-31 19:12:08,"[CSC, CTPPS, CTPPS_TOT, GEM, RPC]",0.0,0.0,83,cosmics2022/v56,/cdaq/cosmic/commissioning2022/CRAFT/v1.4/GPU/HLT/V1,TransferTest2022,1
349748,7533,111,2022-03-31 19:16:19,2022-03-31 19:18:10,"[CSC, CTPPS, CTPPS_TOT, GEM, RPC]",0.0,0.0,83,cosmics2022/v56,/cdaq/cosmic/commissioning2022/CRAFT/v1.4/GPU/HLT/V1,TransferTest2022,3
349749,7533,335,2022-03-31 19:20:48,2022-03-31 19:26:23,"[CSC, CTPPS, CTPPS_TOT, GEM, RPC]",0.0,0.0,83,cosmics2022/v56,/cdaq/cosmic/commissioning2022/CRAFT/v1.4/GPU/HLT/V1,TransferTest2022,3
349751,7533,735,2022-03-31 19:48:33,2022-03-31 20:00:48,"[CSC, CTPPS, CTPPS_TOT, HCAL, RPC]",0.0,0.0,25129307,cosmics2022/v56,/cdaq/cosmic/commissioning2022/CRAFT/v1.4/GPU/HLT/V1,Commissioning2022,1
349753,7533,1750,2022-03-31 20:04:29,2022-03-31 20:33:39,"[CTPPS, CTPPS_TOT, HCAL, RPC]",0.0,0.0,105088509,cosmics2022/v56,/cdaq/cosmic/commissioning2022/CRAFT/v1.4/GPU/HLT/V1,Commissioning2022,1
349756,7533,8065,2022-03-31 20:36:19,2022-03-31 22:50:44,"[CTPPS, CTPPS_TOT, RPC]",0.0,0.0,541226001,cosmics2022/v56,/cdaq/cosmic/commissioning2022/CRAFT/v1.4/GPU/HLT/V1,Commissioning2022,1
349757,7533,1201,2022-03-31 22:51:18,2022-03-31 23:11:19,"[CTPPS, CTPPS_TOT, RPC]",0.0,0.0,76531056,cosmics2022/v56,/cdaq/cosmic/commissioning2022/CRAFT/v1.4/GPU/HLT/V1,Commissioning2022,3
349758,7533,28416,2022-03-31 23:13:20,2022-04-01 07:06:56,"[CTPPS, CTPPS_TOT, RPC]",0.0,0.0,1921021229,cosmics2022/v56,/cdaq/cosmic/commissioning2022/CRAFT/v1.4/GPU/HLT/V1,Commissioning2022,3
349759,7533,4583,2022-04-01 07:10:21,2022-04-01 08:26:44,"[CSC, CTPPS, CTPPS_TOT, RPC]",0.0,0.0,296842682,cosmics2022/v56,/cdaq/cosmic/commissioning2022/CRAFT/v1.4/GPU/HLT/V1,Commissioning2022,1
349761,7533,1375,2022-04-01 08:33:44,2022-04-01 08:56:39,"[CSC, CTPPS, CTPPS_TOT, GEM, HCAL, RPC]",0.0,0.0,799298,testinghlt/v15,/cdaq/cosmic/commissioning2022/CRAFT/v1.4/ConditionsStressTest/GPU/HLT/V1,Commissioning2022,1
349767,7533,2810,2022-04-01 09:01:23,2022-04-01 09:48:13,"[CSC, CTPPS, CTPPS_TOT, GEM, HCAL, RPC]",0.0,0.0,180053691,cosmics2022/v56,/cdaq/cosmic/commissioning2022/CRAFT/v1.4/GPU/HLT/V1,Commissioning2022,1
349773,7533,1732,2022-04-01 09:49:44,2022-04-01 10:18:36,"[CSC, CTPPS, CTPPS_TOT, GEM, HCAL, RPC]",0.0,0.0,112033427,cosmics2022/v56,/cdaq/cosmic/commissioning2022/CRAFT/v1.4/GPU/HLT/V1,Commissioning2022,3
349780,7533,1008,2022-04-01 10:21:19,2022-04-01 10:38:07,"[CSC, CTPPS, CTPPS_TOT, GEM, HCAL, RPC]",0.0,0.0,63292356,cosmics2022/v56,/cdaq/cosmic/commissioning2022/CRAFT/v1.4/GPU/HLT/V1,Commissioning2022,3
349791,7533,318,2022-04-01 10:54:26,2022-04-01 10:59:44,"[CSC, CTPPS, CTPPS_TOT, DT, ES, GEM, HCAL, PIXEL, RPC, TRACKER]",0.0,0.0,988277,beamsplash/v1,/cdaq/special/Splash/2022/HLT/V3,TransferTest2022,0
349794,7533,1382,2022-04-01 11:03:47,2022-04-01 11:26:49,"[CSC, CTPPS, CTPPS_TOT, DT, ES, GEM, HCAL, PIXEL, RPC, TRACKER]",0.0,0.0,1304,beamsplash/v1,/cdaq/special/Splash/2022/HLT/V3,TransferTest2022,0
349796,7533,363,2022-04-01 11:33:38,2022-04-01 11:39:41,"[CSC, CTPPS, CTPPS_TOT, GEM, HCAL, PIXEL, RPC]",0.0,0.0,210290,cosmics_toponly/v15,/cdaq/cosmic/commissioning2022/CRAFT/v1.4/GPU/HLT/V1,Commissioning2022,1
349798,7533,15033,2022-04-01 11:41:04,2022-04-01 15:51:37,"[CSC, CTPPS, CTPPS_TOT, GEM, HCAL, PIXEL, RPC, TRACKER]",0.0,0.0,10515128,cosmics_toponly/v15,/cdaq/cosmic/commissioning2022/CRAFT/v1.4/GPU/HLT/V1,Commissioning2022,1
349820,7533,247,2022-04-01 15:55:17,2022-04-01 15:59:24,"[CSC, CTPPS, CTPPS_TOT, GEM, HCAL, RPC]",0.0,0.0,123,cosmics2022/v57,/cdaq/cosmic/commissioning2022/CRAFT/v1.5/GPU/HLT/V1,Commissioning2022,1
349830,7533,4237,2022-04-01 16:34:18,2022-04-01 17:44:55,"[CTPPS, CTPPS_TOT, GEM, HCAL, RPC]",0.0,0.0,282567350,cosmics2022/v57,/cdaq/cosmic/commissioning2022/CRAFT/v1.5/GPU/HLT/V1,Commissioning2022,3
349833,7533,26604,2022-04-01 17:48:35,2022-04-02 01:11:59,"[CTPPS, CTPPS_TOT, RPC]",0.0,0.0,1772490272,cosmics2022/v57,/cdaq/cosmic/commissioning2022/CRAFT/v1.5/GPU/HLT/V1,Commissioning2022,1
349834,7533,21132,2022-04-02 01:12:44,2022-04-02 07:04:56,"[CTPPS, CTPPS_TOT, RPC]",0.0,0.0,1427196975,cosmics2022/v57,/cdaq/cosmic/commissioning2022/CRAFT/v1.5/GPU/HLT/V1,Commissioning2022,3
349835,7533,5266,2022-04-02 07:07:49,2022-04-02 08:35:35,"[CSC, CTPPS, CTPPS_TOT, RPC]",0.0,0.0,337200765,cosmics2022/v57,/cdaq/cosmic/commissioning2022/CRAFT/v1.5/GPU/HLT/V1,Commissioning2022,1
349837,7533,132,2022-04-02 08:38:46,2022-04-02 08:40:58,"[CSC, CTPPS, CTPPS_TOT, RPC]",,,,cosmics2022/v57,/cdaq/cosmic/commissioning2022/CRAFT/v1.5/GPU/HLT/V1,TransferTest2022,
349838,7533,14096,2022-04-02 08:43:36,2022-04-02 12:38:32,"[CSC, CTPPS, CTPPS_TOT, RPC]",0.0,0.0,950164814,cosmics2022/v57,/cdaq/cosmic/commissioning2022/CRAFT/v1.5/GPU/HLT/V1,Commissioning2022,3
349839,7533,73133,2022-04-02 12:41:33,2022-04-03 09:00:26,"[CTPPS, CTPPS_TOT, RPC]",0.0,0.0,4944247701,cosmics2022/v57,/cdaq/cosmic/commissioning2022/CRAFT/v1.5/GPU/HLT/V1,Commissioning2022,1
349840,7533,79284,2022-04-03 09:16:29,2022-04-04 07:17:53,"[CTPPS, CTPPS_TOT, RPC]",0.0,0.0,5373096646,cosmics2022/v57,/cdaq/cosmic/commissioning2022/CRAFT/v1.5/GPU/HLT/V1,Commissioning2022,3
349841,7533,2392,2022-04-04 07:20:52,2022-04-04 08:00:44,"[CSC, CTPPS, CTPPS_TOT, RPC]",0.0,0.0,147597112,cosmics2022/v57,/cdaq/cosmic/commissioning2022/CRAFT/v1.5/GPU/HLT/V1,Commissioning2022,1
349842,7533,1265,2022-04-04 08:04:11,2022-04-04 08:25:16,"[CSC, CTPPS, CTPPS_TOT, GEM, HCAL, RPC]",0.0,0.0,79268334,cosmics2022/v57,/cdaq/cosmic/commissioning2022/CRAFT/v1.5/GPU/HLT/V1,Commissioning2022,1
349843,7533,171,2022-04-04 08:25:48,2022-04-04 08:28:39,"[CSC, CTPPS, CTPPS_TOT, GEM, HCAL, RPC]",0.0,0.0,36841,cosmics2022/v57,/cdaq/cosmic/commissioning2022/CRAFT/v1.5/GPU/HLT/V1,TransferTest2022,3
349844,7533,8099,2022-04-04 08:29:54,2022-04-04 10:44:53,"[CSC, CTPPS, CTPPS_TOT, GEM, HCAL, RPC]",0.0,0.0,545042083,cosmics2022/v57,/cdaq/cosmic/commissioning2022/CRAFT/v1.5/GPU/HLT/V1,Commissioning2022,3
349856,7533,292,2022-04-04 10:48:16,2022-04-04 10:53:08,"[CSC, CTPPS, CTPPS_TOT, HCAL, RPC]",0.0,0.0,13860005,cosmics2022/v57,/cdaq/cosmic/commissioning2022/CRAFT/v1.5/GPU/HLT/V1,Commissioning2022,1
349857,7533,2118,2022-04-04 10:54:06,2022-04-04 11:29:24,"[CSC, CTPPS, CTPPS_TOT, GEM, HCAL, RPC]",0.0,0.0,124536815,cosmics2022/v57,/cdaq/cosmic/commissioning2022/CRAFT/v1.5/GPU/HLT/V1,Commissioning2022,3
349858,7533,7034,2022-04-04 11:33:03,2022-04-04 13:30:17,"[CSC, CTPPS, CTPPS_TOT, GEM, HCAL, RPC]",0.0,0.0,472828210,cosmics2022/v57,/cdaq/cosmic/commissioning2022/CRAFT/v1.5/GPU/HLT/V1,Commissioning2022,3
349876,7533,2514,2022-04-04 13:44:11,2022-04-04 14:26:05,"[CSC, CTPPS, CTPPS_TOT, DT, ECAL, ES, GEM, PIXEL, RPC, TRACKER]",0.0,0.0,188527388,cosmics2022/v57,/cdaq/cosmic/commissioning2022/CRAFT/v1.5/GPU/HLT/V1,TransferTest2022,1
349877,7533,1435,2022-04-04 14:28:29,2022-04-04 14:52:24,"[CSC, CTPPS, CTPPS_TOT, DT, ECAL, ES, GEM, PIXEL, RPC, TRACKER]",0.0,0.0,127815920,cosmics2022/v57,/cdaq/cosmic/commissioning2022/CRAFT/v1.5/GPU/HLT/V1,TransferTest2022,3
349878,7533,913,2022-04-04 14:54:27,2022-04-04 15:09:40,"[CSC, CTPPS, CTPPS_TOT, DT, ECAL, ES, GEM, PIXEL, RPC, TRACKER]",0.0,0.0,84789206,cosmics2022/v57,/cdaq/cosmic/commissioning2022/CRAFT/v1.5/GPU/HLT/V1,TransferTest2022,3
349879,7533,683,2022-04-04 15:11:26,2022-04-04 15:22:49,"[CSC, CTPPS, CTPPS_TOT, DT, ECAL, ES, GEM, PIXEL, RPC, TRACKER]",0.0,0.0,59510330,cosmics2022/v57,/cdaq/cosmic/commissioning2022/CRAFT/v1.5/GPU/HLT/V1,TransferTest2022,3
349880,7533,4254,2022-04-04 15:29:36,2022-04-04 16:40:30,"[CSC, CTPPS, CTPPS_TOT, GEM, HCAL, RPC]",0.0,0.0,283404496,cosmics2022/v57,/cdaq/cosmic/commissioning2022/CRAFT/v1.5/GPU/HLT/V1,Commissioning2022,1
349882,7533,442,2022-04-04 16:45:14,2022-04-04 16:52:36,"[CSC, CTPPS, CTPPS_TOT, DT, ECAL, ES, GEM, PIXEL, RPC, TRACKER]",0.0,0.0,31906456,cosmics2022/v57,/cdaq/cosmic/commissioning2022/CRAFT/v1.5/GPU/HLT/V1,TransferTest2022,1
349884,7533,271,2022-04-04 16:55:08,2022-04-04 16:59:39,"[CSC, CTPPS, CTPPS_TOT, DT, ECAL, ES, GEM, PIXEL, RPC, TRACKER]",0.0,0.0,21896783,cosmics2022/v57,/cdaq/cosmic/commissioning2022/CRAFT/v1.5/GPU/HLT/V1,TransferTest2022,1
349885,7533,214,2022-04-04 17:01:46,2022-04-04 17:05:20,"[CSC, CTPPS, CTPPS_TOT, DT, ECAL, ES, GEM, PIXEL, RPC, TRACKER]",0.0,0.0,17300882,cosmics2022/v57,/cdaq/cosmic/commissioning2022/CRAFT/v1.5/GPU/HLT/V1,TransferTest2022,1
349886,7533,270,2022-04-04 17:07:55,2022-04-04 17:12:25,"[CSC, CTPPS, CTPPS_TOT, DT, ECAL, ES, GEM, PIXEL, RPC, TRACKER]",0.0,0.0,18140781,cosmics2022/v57,/cdaq/cosmic/commissioning2022/CRAFT/v1.5/GPU/HLT/V1,TransferTest2022,1
349887,7533,3408,2022-04-04 17:16:50,2022-04-04 18:13:38,"[CSC, CTPPS, CTPPS_TOT, GEM, RPC]",0.0,0.0,226418865,cosmics2022/v57,/cdaq/cosmic/commissioning2022/CRAFT/v1.5/GPU/HLT/V1,Commissioning2022,1
349889,7533,1279,2022-04-04 18:15:58,2022-04-04 18:37:17,"[CSC, CTPPS, CTPPS_TOT, RPC]",0.0,0.0,82127310,cosmics2022/v57,/cdaq/cosmic/commissioning2022/CRAFT/v1.5/GPU/HLT/V1,Commissioning2022,3
349890,7533,2073,2022-04-04 18:40:51,2022-04-04 19:15:24,"[CTPPS, CTPPS_TOT, RPC]",0.0,0.0,133928359,cosmics2022/v57,/cdaq/cosmic/commissioning2022/CRAFT/v1.5/GPU/HLT/V1,Commissioning2022,1
349891,7533,2979,2022-04-04 19:19:37,2022-04-04 20:09:16,"[CSC, CTPPS, CTPPS_TOT, RPC]",0.0,0.0,195526268,cosmics2022/v57,/cdaq/cosmic/commissioning2022/CRAFT/v1.5/GPU/HLT/V1,Commissioning2022,3
349893,7533,40237,2022-04-04 20:11:56,2022-04-05 07:22:33,"[CTPPS, CTPPS_TOT, RPC]",0.0,0.0,2718169122,cosmics2022/v57,/cdaq/cosmic/commissioning2022/CRAFT/v1.5/GPU/HLT/V1,Commissioning2022,1
349894,7533,83,2022-04-05 07:25:20,2022-04-05 07:26:43,"[CSC, CTPPS, CTPPS_TOT, RPC]",,,,cosmics2022/v57,/cdaq/cosmic/commissioning2022/CRAFT/v1.5/GPU/HLT/V1,TransferTest2022,
349896,7533,2699,2022-04-05 07:36:12,2022-04-05 08:21:11,"[CSC, CTPPS, CTPPS_TOT, RPC]",0.0,0.0,173183033,cosmics2022/v57,/cdaq/cosmic/commissioning2022/CRAFT/v1.5/GPU/HLT/V1,Commissioning2022,1
349899,7533,321,2022-04-05 08:28:56,2022-04-05 08:34:17,"[CSC, CTPPS, CTPPS_TOT, RPC]",0.0,0.0,17295399,cosmics2022/v57,/cdaq/cosmic/commissioning2022/CRAFT/v1.5/GPU/HLT/V1,Commissioning2022,1
349900,7533,713,2022-04-05 08:36:52,2022-04-05 08:48:45,"[CSC, CTPPS, CTPPS_TOT, GEM, HCAL, PIXEL, RPC, TRACKER]",0.0,0.0,42739167,cosmics2022/v57,/cdaq/cosmic/commissioning2022/CRAFT/v1.5/GPU/HLT/V1,Commissioning2022,1
349901,7533,9737,2022-04-05 08:51:45,2022-04-05 11:34:02,"[CSC, CTPPS, CTPPS_TOT, GEM, HCAL, PIXEL, RPC, TRACKER]",0.0,0.0,658707168,cosmics2022/v57,/cdaq/cosmic/commissioning2022/CRAFT/v1.5/GPU/HLT/V1,Commissioning2022,1
349906,7533,2857,2022-04-05 11:34:36,2022-04-05 12:22:13,"[CSC, CTPPS, CTPPS_TOT, GEM, HCAL, PIXEL, RPC, TRACKER]",0.0,0.0,190121040,cosmics2022/v58,/cdaq/cosmic/commissioning2022/CRAFT/v1.5/GPU/HLT/V1,Commissioning2022,3
349918,7533,223,2022-04-05 12:28:25,2022-04-05 12:32:08,"[CSC, CTPPS, CTPPS_TOT, DT, ECAL, GEM, HCAL, PIXEL, RPC, TRACKER]",0.0,0.0,9502873,cosmics2022/v58,/cdaq/cosmic/commissioning2022/CRAFT/v1.5/GPU/HLT/V1,Commissioning2022,1
349920,7533,522,2022-04-05 12:44:17,2022-04-05 12:52:59,"[CSC, CTPPS, CTPPS_TOT, DT, ECAL, GEM, HCAL, PIXEL, RPC, TRACKER]",0.0,0.0,30109102,cosmics2022/v58,/cdaq/cosmic/commissioning2022/CRAFT/v1.5/GPU/HLT/V1,Commissioning2022,3
349921,7533,1345,2022-04-05 13:06:44,2022-04-05 13:29:09,"[CSC, CTPPS, CTPPS_TOT, DT, ECAL, GEM, HCAL, PIXEL, RPC, TRACKER]",0.0,0.0,7588534,cosmics2022/v58,/cdaq/cosmic/commissioning2022/CRAFT/v1.5/GPU/HLT/V1,Commissioning2022,1
349923,7533,727,2022-04-05 13:32:05,2022-04-05 13:44:12,"[CSC, CTPPS, CTPPS_TOT, DT, ECAL, GEM, HCAL, PIXEL, RPC, TRACKER]",0.0,0.0,322171,cosmics2022/v58,/cdaq/cosmic/commissioning2022/CRAFT/v1.5/GPU/HLT/V1,Commissioning2022,1
349924,7533,4879,2022-04-05 13:46:21,2022-04-05 15:07:40,"[CSC, CTPPS, CTPPS_TOT, ECAL, GEM, HCAL, PIXEL, RPC, TRACKER]",0.0,0.0,2942301,cosmics2022/v58,/cdaq/cosmic/commissioning2022/CRAFT/v1.5/GPU/HLT/V1,Commissioning2022,1
349932,7533,2910,2022-04-05 16:03:11,2022-04-05 16:51:41,"[CSC, CTPPS, CTPPS_TOT, GEM, RPC, TRACKER]",0.0,0.0,193615788,cosmics2022/v58,/cdaq/cosmic/commissioning2022/CRAFT/v1.5/GPU/HLT/V1,Commissioning2022,3
349939,7533,76,2022-04-05 16:58:26,2022-04-05 16:59:42,"[CSC, CTPPS, CTPPS_TOT, GEM, RPC]",,,,cosmics2022/v58,/cdaq/cosmic/commissioning2022/CRAFT/v1.5/GPU/HLT/V1,TransferTest2022,
349943,7533,333,2022-04-05 17:11:08,2022-04-05 17:16:41,"[CTPPS, CTPPS_TOT, GEM, RPC]",0.0,0.0,18077067,cosmics2022/v59,/cdaq/cosmic/commissioning2022/CRAFT/v1.5/GPU/HLT/V1,Commissioning2022,1
349948,7533,2098,2022-04-05 17:46:27,2022-04-05 18:21:25,"[CSC, CTPPS, CTPPS_TOT, GEM, RPC]",0.0,0.0,137182099,cosmics2022/v59,/cdaq/cosmic/commissioning2022/CRAFT/v1.5/GPU/HLT/V1,Commissioning2022,1
349953,7533,1447,2022-04-05 18:23:09,2022-04-05 18:47:16,"[CSC, CTPPS, CTPPS_TOT, RPC]",0.0,0.0,93601857,cosmics2022/v59,/cdaq/cosmic/commissioning2022/CRAFT/v1.5/GPU/HLT/V1,Commissioning2022,3
349954,7533,1599,2022-04-05 18:49:12,2022-04-05 19:15:51,"[CSC, CTPPS, CTPPS_TOT, RPC]",0.0,0.0,101943937,cosmics2022/v59,/cdaq/cosmic/commissioning2022/CRAFT/v1.5/GPU/HLT/V1,Commissioning2022,3
349955,7533,10959,2022-04-05 19:17:20,2022-04-05 22:19:59,"[CSC, CTPPS, CTPPS_TOT, RPC]",0.0,0.0,735147726,cosmics2022/v59,/cdaq/cosmic/commissioning2022/CRAFT/v1.5/GPU/HLT/V1,Commissioning2022,3
349962,7533,1164,2022-04-05 22:22:24,2022-04-05 22:41:48,"[CTPPS, CTPPS_TOT, RPC]",0.0,0.0,911361,cosmics2022/v59,/cdaq/cosmic/commissioning2022/CRAFT/v1.5/GPU/HLT/V1,Commissioning2022,1
349963,7533,29980,2022-04-05 22:45:16,2022-04-06 07:04:56,"[CTPPS, CTPPS_TOT, RPC]",0.0,0.0,2006131473,cosmics2022/v59,/cdaq/cosmic/commissioning2022/CRAFT/v1.5/GPU/HLT/V1,Commissioning2022,1
349964,7533,339,2022-04-06 07:07:05,2022-04-06 07:12:44,"[CTPPS, CTPPS_TOT, RPC]",0.0,0.0,0,cosmics2022/v59,/cdaq/cosmic/commissioning2022/CRAFT/v1.5/GPU/HLT/V1,TransferTest2022,3
349965,7533,197,2022-04-06 07:15:36,2022-04-06 07:18:53,"[CTPPS, CTPPS_TOT, RPC]",0.0,0.0,0,cosmics2022/v59,/cdaq/cosmic/commissioning2022/CRAFT/v1.5/GPU/HLT/V1,TransferTest2022,3
349966,7533,570,2022-04-06 07:22:07,2022-04-06 07:31:37,"[CSC, CTPPS, CTPPS_TOT, RPC]",0.0,0.0,27421296,cosmics2022/v59,/cdaq/cosmic/commissioning2022/CRAFT/v1.5/GPU/HLT/V1,Commissioning2022,1
349967,7533,2812,2022-04-06 07:35:27,2022-04-06 08:22:19,"[CSC, CTPPS, CTPPS_TOT, RPC]",0.0,0.0,176169675,cosmics2022/v59,/cdaq/cosmic/commissioning2022/CRAFT/v1.5/GPU/HLT/V1,Commissioning2022,3
349968,7533,708,2022-04-06 08:53:41,2022-04-06 09:05:29,"[CSC, CTPPS, CTPPS_TOT, GEM, HCAL, PIXEL, RPC]",0.0,0.0,385191,cosmics2022/v59,/cdaq/cosmic/commissioning2022/CRAFT/v1.5/GPU/HLT/V1,Commissioning2022,1
349969,7533,3617,2022-04-06 09:26:47,2022-04-06 10:27:04,"[CSC, CTPPS, CTPPS_TOT, GEM, HCAL, PIXEL, RPC]",0.0,0.0,101429351,testinghlt/v16,/cdaq/cosmic/commissioning2022/CRAFT/v1.5/ConditionsStressTest/GPU/HLT/V1,TransferTest2022,1
349970,7533,152,2022-04-06 10:31:42,2022-04-06 10:34:14,"[CSC, CTPPS, CTPPS_TOT, GEM, HCAL, RPC]",0.0,0.0,36,testinghlt/v16,/cdaq/cosmic/commissioning2022/CRAFT/v1.5/ConditionsStressTest/GPU/HLT/V1,TransferTest2022,4
349971,7533,1509,2022-04-06 10:36:53,2022-04-06 11:02:02,"[CSC, CTPPS, CTPPS_TOT, GEM, HCAL, RPC]",0.0,0.0,56387946,testinghlt/v16,/cdaq/cosmic/commissioning2022/CRAFT/v1.5/ConditionsStressTest/GPU/HLT/V1,TransferTest2022,4
349973,7533,545,2022-04-06 11:14:27,2022-04-06 11:23:32,"[CSC, CTPPS, CTPPS_TOT, GEM, HCAL, RPC]",0.0,0.0,294016,cosmics2022/v59,/cdaq/cosmic/commissioning2022/CRAFT/v1.5/GPU/HLT/V1,Commissioning2022,4
349974,7533,543,2022-04-06 11:26:12,2022-04-06 11:35:15,"[CSC, CTPPS, CTPPS_TOT, GEM, HCAL, RPC]",0.0,0.0,279209,cosmics2022/v59,/cdaq/cosmic/commissioning2022/CRAFT/v1.5/GPU/HLT/V1,Commissioning2022,1
349984,7533,1092,2022-04-06 14:48:54,2022-04-06 15:07:06,"[CSC, CTPPS, CTPPS_TOT, DT, ECAL, ES, GEM, L1SCOUT, PIXEL, RPC, TRACKER]",,,115798893,cosmics2022/v59,/cdaq/cosmic/commissioning2022/CRAFT/v1.5/GPU/HLT/V1,TransferTest2022,1
349985,7533,110,2022-04-06 15:10:57,2022-04-06 15:12:47,"[CSC, CTPPS, CTPPS_TOT, DT, ECAL, ES, GEM, L1SCOUT, PIXEL, RPC, TRACKER]",,,,cosmics2022/v59,/cdaq/cosmic/commissioning2022/CRAFT/v1.5/GPU/HLT/V1,TransferTest2022,
349986,7533,885,2022-04-06 15:19:30,2022-04-06 15:34:15,"[CSC, CTPPS, CTPPS_TOT, DT, ECAL, ES, GEM, L1SCOUT, PIXEL, RPC, TRACKER]",,,88126500,cosmics2022/v59,/cdaq/cosmic/commissioning2022/CRAFT/v1.5/GPU/HLT/V1,TransferTest2022,3
349989,7533,843,2022-04-06 15:36:58,2022-04-06 15:51:01,"[CSC, CTPPS, CTPPS_TOT, DT, ECAL, ES, GEM, L1SCOUT, PIXEL, RPC, TRACKER]",,,90825769,cosmics2022/v59,/cdaq/cosmic/commissioning2022/CRAFT/v1.5/GPU/HLT/V1,TransferTest2022,1
349990,7533,684,2022-04-06 15:53:58,2022-04-06 16:05:22,"[CSC, CTPPS, CTPPS_TOT, DT, ECAL, ES, GEM, L1SCOUT, PIXEL, RPC, TRACKER]",,,64739835,cosmics2022/v59,/cdaq/cosmic/commissioning2022/CRAFT/v1.5/GPU/HLT/V1,TransferTest2022,1
349991,7533,190,2022-04-06 16:07:34,2022-04-06 16:10:44,"[CSC, CTPPS, CTPPS_TOT, DT, ECAL, ES, GEM, L1SCOUT, PIXEL, RPC, TRACKER]",,,13999538,cosmics2022/v59,/cdaq/cosmic/commissioning2022/CRAFT/v1.5/GPU/HLT/V1,TransferTest2022,3
349992,7533,88,2022-04-06 16:12:35,2022-04-06 16:14:03,"[CSC, CTPPS, CTPPS_TOT, DT, ECAL, ES, GEM, L1SCOUT, PIXEL, RPC, TRACKER]",,,4664349,cosmics2022/v59,/cdaq/cosmic/commissioning2022/CRAFT/v1.5/GPU/HLT/V1,TransferTest2022,3
349997,7533,682,2022-04-06 17:52:01,2022-04-06 18:03:23,"[CSC, CTPPS, CTPPS_TOT, L1SCOUT, PIXEL, RPC]",,,22468810,cosmics2022/v59,/cdaq/cosmic/commissioning2022/CRAFT/v1.5/GPU/HLT/V1,Commissioning2022,3
349998,7533,2721,2022-04-06 18:18:10,2022-04-06 19:03:31,"[CSC, CTPPS, CTPPS_TOT, PIXEL, RPC, TRACKER]",0.0,0.0,79074149,cosmics2022/v59,/cdaq/cosmic/commissioning2022/CRAFT/v1.5/GPU/HLT/V1,Commissioning2022,3
350000,7533,171,2022-04-06 19:06:10,2022-04-06 19:09:01,"[CSC, CTPPS, CTPPS_TOT, PIXEL, RPC, TRACKER]",0.0,0.0,83,cosmics2022/v59,/cdaq/cosmic/commissioning2022/CRAFT/v1.5/GPU/HLT/V1,TransferTest2022,1
350001,7533,137,2022-04-06 19:11:07,2022-04-06 19:13:24,"[CSC, CTPPS, CTPPS_TOT, PIXEL, RPC, TRACKER]",0.0,0.0,86,cosmics2022/v59,/cdaq/cosmic/commissioning2022/CRAFT/v1.5/GPU/HLT/V1,TransferTest2022,3
350002,7533,1843,2022-04-06 19:25:40,2022-04-06 19:56:23,"[CSC, CTPPS, CTPPS_TOT, HCAL, PIXEL, RPC, TRACKER]",0.0,0.0,120603072,cosmics2022/v59,/cdaq/cosmic/commissioning2022/CRAFT/v1.5/GPU/HLT/V1,Commissioning2022,3
350006,7533,2457,2022-04-06 19:58:53,2022-04-06 20:39:50,"[CSC, CTPPS, CTPPS_TOT, PIXEL, RPC, TRACKER]",0.0,0.0,75468894,cosmics2022/v59,/cdaq/cosmic/commissioning2022/CRAFT/v1.5/GPU/HLT/V1,Commissioning2022,1
350007,7533,8255,2022-04-06 20:43:21,2022-04-06 23:00:56,"[CSC, CTPPS, CTPPS_TOT, PIXEL, RPC]",0.0,0.0,241022787,cosmics2022/v59,/cdaq/cosmic/commissioning2022/CRAFT/v1.5/GPU/HLT/V1,Commissioning2022,3
350010,7533,29782,2022-04-06 23:03:25,2022-04-07 07:19:47,"[CTPPS, CTPPS_TOT, PIXEL, RPC]",0.0,0.0,879147395,cosmics2022/v59,/cdaq/cosmic/commissioning2022/CRAFT/v1.5/GPU/HLT/V1,Commissioning2022,1
350011,7533,3798,2022-04-07 07:22:25,2022-04-07 08:25:43,"[CSC, CTPPS, CTPPS_TOT, DT, PIXEL, RPC]",0.0,0.0,104337778,cosmics2022/v59,/cdaq/cosmic/commissioning2022/CRAFT/v1.5/GPU/HLT/V1,Commissioning2022,1
350012,7533,960,2022-04-07 08:31:43,2022-04-07 08:47:43,"[CSC, CTPPS, CTPPS_TOT, DT, PIXEL, RPC]",0.0,0.0,445094,cosmics2022/v59,/cdaq/cosmic/commissioning2022/CRAFT/v1.5/GPU/HLT/V1,Commissioning2022,1
350017,7533,1527,2022-04-07 08:50:22,2022-04-07 09:15:49,"[CSC, CTPPS, CTPPS_TOT, DT, GEM, HCAL, PIXEL, RPC]",0.0,0.0,723395,cosmics2022/v59,/cdaq/cosmic/commissioning2022/CRAFT/v1.5/GPU/HLT/V1,Commissioning2022,1
350024,7533,213,2022-04-07 10:29:57,2022-04-07 10:33:30,"[CSC, CTPPS, CTPPS_TOT, DT, GEM, HCAL, PIXEL, RPC]",,,,cosmics2022/v59,,TransferTest2022,
350025,7533,116,2022-04-07 10:34:26,2022-04-07 10:36:22,"[CSC, CTPPS, CTPPS_TOT, DT, GEM, HCAL, PIXEL, RPC]",,,,cosmics2022/v59,/cdaq/cosmic/commissioning2022/CRAFT/v1.5/GPU/HLT/V1,TransferTest2022,
350026,7533,1561,2022-04-07 10:39:17,2022-04-07 11:05:18,"[CSC, CTPPS, CTPPS_TOT, DT, GEM, HCAL, PIXEL, RPC]",0.0,0.0,733136,cosmics2022/v59,/cdaq/cosmic/commissioning2022/CRAFT/v1.5/GPU/HLT/V1,Commissioning2022,1
350032,7533,517,2022-04-07 11:09:11,2022-04-07 11:17:48,"[CSC, CTPPS, CTPPS_TOT, DT, ECAL, ES, GEM, PIXEL, RPC, TRACKER]",0.0,0.0,10779623,cosmics2022/v59,/cdaq/cosmic/commissioning2022/CRAFT/v1.5/GPU/HLT/V1,TransferTest2022,1
350036,7533,155,2022-04-07 11:22:15,2022-04-07 11:24:50,"[CSC, CTPPS, CTPPS_TOT, DT, ECAL, ES, GEM, PIXEL, RPC, TRACKER]",0.0,0.0,5213471,cosmics2022/v59,/cdaq/cosmic/commissioning2022/CRAFT/v1.5/GPU/HLT/V1,TransferTest2022,3
350037,7533,219,2022-04-07 11:28:00,2022-04-07 11:31:39,"[CSC, CTPPS, CTPPS_TOT, DT, ECAL, ES, GEM, PIXEL, RPC, TRACKER]",,,,cosmics2022/v59,,TransferTest2022,
350038,7533,97,2022-04-07 11:32:43,2022-04-07 11:34:20,"[CSC, CTPPS, CTPPS_TOT, DT, ECAL, ES, GEM, PIXEL, RPC, TRACKER]",,,,cosmics2022/v59,,TransferTest2022,
350039,7533,314,2022-04-07 11:35:37,2022-04-07 11:40:51,"[CSC, CTPPS, CTPPS_TOT, DT, ECAL, ES, GEM, PIXEL, RPC, TRACKER]",0.0,0.0,10832339,cosmics2022/v59,/cdaq/cosmic/commissioning2022/CRAFT/v1.5/GPU/HLT/V1,TransferTest2022,1
350040,7533,150,2022-04-07 11:46:14,2022-04-07 11:48:44,"[CSC, CTPPS, CTPPS_TOT, DT, ECAL, ES, GEM, PIXEL, RPC, TRACKER]",0.0,0.0,3876455,cosmics2022/v59,/cdaq/cosmic/commissioning2022/CRAFT/v1.5/GPU/HLT/V1,TransferTest2022,3
350041,7533,234,2022-04-07 11:51:20,2022-04-07 11:55:14,"[CSC, CTPPS, CTPPS_TOT, DT, ECAL, ES, GEM, PIXEL, RPC, TRACKER]",0.0,0.0,12405988,cosmics2022/v59,/cdaq/cosmic/commissioning2022/CRAFT/v1.5/GPU/HLT/V1,TransferTest2022,1
350042,7533,286,2022-04-07 12:00:52,2022-04-07 12:05:38,"[CSC, CTPPS, CTPPS_TOT, DT, ECAL, ES, GEM, PIXEL, RPC, TRACKER]",0.0,0.0,70,cosmics2022/v59,/cdaq/cosmic/commissioning2022/CRAFT/v1.5/GPU/HLT/V1,TransferTest2022,1
350043,7533,90,2022-04-07 12:07:12,2022-04-07 12:08:42,"[CSC, CTPPS, CTPPS_TOT, DT, ECAL, ES, GEM, PIXEL, RPC, TRACKER]",,,,cosmics2022/v59,,TransferTest2022,
350044,7533,215,2022-04-07 12:09:47,2022-04-07 12:13:22,"[CSC, CTPPS, CTPPS_TOT, DT, ECAL, ES, GEM, PIXEL, RPC, TRACKER]",,,,cosmics2022/v59,,TransferTest2022,
350045,7533,379,2022-04-07 12:14:35,2022-04-07 12:20:54,"[CSC, CTPPS, CTPPS_TOT, DT, ECAL, ES, GEM, PIXEL, RPC, TRACKER]",,,,cosmics2022/v59,,TransferTest2022,
350046,7533,164,2022-04-07 12:21:57,2022-04-07 12:24:41,"[CSC, CTPPS, CTPPS_TOT, DT, ECAL, ES, GEM, PIXEL, RPC, TRACKER]",0.0,0.0,18,cosmics2022/v59,/cdaq/cosmic/commissioning2022/CRAFT/v1.5/GPU/HLT/V1,TransferTest2022,1
350050,7533,39,2022-04-07 13:00:36,2022-04-07 13:01:15,"[CSC, CTPPS, CTPPS_TOT, DT, GEM, HCAL, PIXEL, RPC]",,,,cosmics2022/v59,/cdaq/cosmic/commissioning2022/CRAFT/v1.5/GPU/HLT/V1,TransferTest2022,
350051,7533,772,2022-04-07 13:04:02,2022-04-07 13:16:54,"[CSC, CTPPS, CTPPS_TOT, DT, GEM, HCAL, PIXEL, RPC]",0.0,0.0,241886,cosmics2022/v59,/cdaq/cosmic/commissioning2022/CRAFT/v1.5/GPU/HLT/V1,Commissioning2022,1
350058,7533,287,2022-04-07 13:22:56,2022-04-07 13:27:43,"[CSC, CTPPS, CTPPS_TOT, DT, GEM, HCAL, PIXEL, RPC]",0.0,0.0,113799,cosmics2022/v59,/cdaq/cosmic/commissioning2022/CRAFT/v1.5/GPU/HLT/V1,Commissioning2022,1
350062,7533,3707,2022-04-07 13:30:55,2022-04-07 14:32:42,"[CSC, CTPPS, CTPPS_TOT, DT, GEM, PIXEL, RPC]",0.0,0.0,1794756,cosmics2022/v59,/cdaq/cosmic/commissioning2022/CRAFT/v1.5/GPU/HLT/V1,Commissioning2022,1
350069,7533,375,2022-04-07 14:36:45,2022-04-07 14:43:00,"[CSC, CTPPS, CTPPS_TOT, DT, ECAL, ES, GEM, PIXEL, RPC, TRACKER]",0.0,0.0,18737081,cosmics2022/v59,/cdaq/cosmic/commissioning2022/CRAFT/v1.5/GPU/HLT/V1,TransferTest2022,1
350074,7533,343,2022-04-07 14:46:35,2022-04-07 14:52:18,"[CSC, CTPPS, CTPPS_TOT, DT, ECAL, ES, GEM, PIXEL, RPC, TRACKER]",0.0,0.0,17289184,cosmics2022/v59,/cdaq/cosmic/commissioning2022/CRAFT/v1.5/GPU/HLT/V1,TransferTest2022,3
350075,7533,199,2022-04-07 14:56:37,2022-04-07 14:59:56,"[CSC, CTPPS, CTPPS_TOT, DT, ECAL, ES, GEM, PIXEL, RPC, TRACKER]",0.0,0.0,10440184,cosmics2022/v59,/cdaq/cosmic/commissioning2022/CRAFT/v1.5/GPU/HLT/V1,TransferTest2022,3
350076,7533,430,2022-04-07 15:02:21,2022-04-07 15:09:31,"[CSC, CTPPS, CTPPS_TOT, DT, ECAL, ES, GEM, PIXEL, RPC, TRACKER]",0.0,0.0,34270142,cosmics2022/v59,/cdaq/cosmic/commissioning2022/CRAFT/v1.5/GPU/HLT/V1,TransferTest2022,3
350077,7533,522,2022-04-07 15:11:39,2022-04-07 15:20:21,"[CSC, CTPPS, CTPPS_TOT, DT, ECAL, ES, GEM, PIXEL, RPC, TRACKER]",0.0,0.0,39881999,cosmics2022/v59,/cdaq/cosmic/commissioning2022/CRAFT/v1.5/GPU/HLT/V1,TransferTest2022,3
350078,7533,567,2022-04-07 15:25:27,2022-04-07 15:34:54,"[CSC, CTPPS, CTPPS_TOT, DT, ECAL, ES, GEM, PIXEL, RPC, TRACKER]",0.0,0.0,241921,cosmics2022/v59,/cdaq/cosmic/commissioning2022/CRAFT/v1.5/GPU/HLT/V1,Commissioning2022,3
350083,7533,1578,2022-04-07 15:38:30,2022-04-07 16:04:48,"[CSC, CTPPS, CTPPS_TOT, DT, ECAL, ES, GEM, HCAL, PIXEL, RPC]",0.0,0.0,79555550,cosmics2022/v59,/cdaq/cosmic/commissioning2022/CRAFT/v1.5/GPU/HLT/V1,TransferTest2022,3
350086,7533,481,2022-04-07 16:08:02,2022-04-07 16:16:03,"[CSC, CTPPS, CTPPS_TOT, DT, ECAL, ES, GEM, HCAL, PIXEL, RPC]",0.0,0.0,43100584,cosmics2022/v59,/cdaq/cosmic/commissioning2022/CRAFT/v1.5/GPU/HLT/V1,TransferTest2022,3
350087,7533,203,2022-04-07 16:19:01,2022-04-07 16:22:24,"[CSC, CTPPS, CTPPS_TOT, DT, ECAL, ES, GEM, HCAL, PIXEL, RPC]",0.0,0.0,768,cosmics2022/v59,/cdaq/cosmic/commissioning2022/CRAFT/v1.5/GPU/HLT/V1,TransferTest2022,3
350088,7533,193,2022-04-07 16:25:37,2022-04-07 16:28:50,"[CSC, CTPPS, CTPPS_TOT, DT, ECAL, ES, GEM, HCAL, PIXEL, RPC]",0.0,0.0,1280,cosmics2022/v59,/cdaq/cosmic/commissioning2022/CRAFT/v1.5/GPU/HLT/V1,TransferTest2022,3
350090,7533,738,2022-04-07 16:32:10,2022-04-07 16:44:28,"[CSC, CTPPS, CTPPS_TOT, DT, ECAL, ES, GEM, HCAL, PIXEL, RPC]",0.0,0.0,44140118,cosmics2022/v59,/cdaq/cosmic/commissioning2022/CRAFT/v1.5/GPU/HLT/V1,TransferTest2022,3
350093,7533,577,2022-04-07 16:53:21,2022-04-07 17:02:58,"[CSC, CTPPS, CTPPS_TOT, DT, GEM, PIXEL, RPC]",0.0,0.0,253563,testinghlt/v16,/cdaq/cosmic/commissioning2022/CRAFT/v1.5/ConditionsStressTest/GPU/HLT/V1,TransferTest2022,1
350095,7533,1383,2022-04-07 17:06:06,2022-04-07 17:29:09,"[CSC, CTPPS, CTPPS_TOT, DT, GEM, RPC]",0.0,0.0,55998097,testinghlt/v16,/cdaq/cosmic/commissioning2022/CRAFT/v1.5/ConditionsStressTest/GPU/HLT/V1,TransferTest2022,1
350096,7533,844,2022-04-07 17:32:53,2022-04-07 17:46:57,"[CTPPS, CTPPS_TOT, DT, GEM, RPC]",0.0,0.0,64491908,testinghlt/v16,/cdaq/cosmic/commissioning2022/CRAFT/v1.5/ConditionsStressTest/GPU/HLT/V1,TransferTest2022,1
350097,7533,488,2022-04-07 17:57:37,2022-04-07 18:05:45,"[CTPPS, CTPPS_TOT, DT, RPC]",0.0,0.0,4800990,testinghlt/v16,/cdaq/cosmic/commissioning2022/CRAFT/v1.5/ConditionsStressTest/GPU/HLT/V1,TransferTest2022,4
350098,7533,6636,2022-04-07 18:08:08,2022-04-07 19:58:44,"[CSC, CTPPS, CTPPS_TOT, DT, RPC]",0.0,0.0,592094932,testinghlt/v16,/cdaq/cosmic/commissioning2022/CRAFT/v1.5/ConditionsStressTest/GPU/HLT/V1,TransferTest2022,1
350099,7533,99,2022-04-07 20:15:32,2022-04-07 20:17:11,"[CSC, CTPPS, CTPPS_TOT, DT, RPC, TRACKER]",,,,cosmics2022/v59,/cdaq/cosmic/commissioning2022/CRAFT/v1.5/GPU/HLT/V1,TransferTest2022,
350100,7533,99,2022-04-07 20:27:30,2022-04-07 20:29:09,"[CSC, CTPPS, CTPPS_TOT, DT, RPC]",0.0,0.0,0,cosmics2022/v59,/cdaq/cosmic/commissioning2022/CRAFT/v1.5/GPU/HLT/V1,TransferTest2022,3
350101,7533,761,2022-04-07 20:33:39,2022-04-07 20:46:20,"[CSC, CTPPS, CTPPS_TOT, DT, RPC, TRACKER]",0.0,0.0,42390832,cosmics2022/v59,/cdaq/cosmic/commissioning2022/CRAFT/v1.5/GPU/HLT/V1,Commissioning2022,3
350102,7533,114,2022-04-07 20:52:16,2022-04-07 20:54:10,"[CSC, CTPPS, CTPPS_TOT, DT, RPC]",0.0,0.0,512,cosmics2022/v59,/cdaq/cosmic/commissioning2022/CRAFT/v1.5/GPU/HLT/V1,Commissioning2022,3
350104,7533,229,2022-04-07 20:57:02,2022-04-07 21:00:51,"[CSC, CTPPS, CTPPS_TOT, DT, RPC]",0.0,0.0,1024,cosmics2022/v59,/cdaq/cosmic/commissioning2022/CRAFT/v1.5/GPU/HLT/V1,Commissioning2022,3
350106,7533,1954,2022-04-07 21:21:17,2022-04-07 21:53:51,"[CTPPS, CTPPS_TOT, DT, RPC]",0.0,0.0,125515051,cosmics2022/v59,/cdaq/cosmic/commissioning2022/CRAFT/v1.5/GPU/HLT/V1,Commissioning2022,1
350107,7533,34431,2022-04-07 21:55:45,2022-04-08 07:29:36,"[CTPPS, CTPPS_TOT, DT, RPC]",0.0,0.0,2323344051,cosmics2022/v59,/cdaq/cosmic/commissioning2022/CRAFT/v1.5/GPU/HLT/V1,Commissioning2022,3
350109,7533,2285,2022-04-08 07:32:07,2022-04-08 08:10:12,"[CSC, CTPPS, CTPPS_TOT, DT, RPC]",0.0,0.0,1060295,cosmics2022/v59,/cdaq/cosmic/commissioning2022/CRAFT/v1.5/GPU/HLT/V1,Commissioning2022,1
350110,7533,916,2022-04-08 08:39:56,2022-04-08 08:55:12,"[CSC, CTPPS, CTPPS_TOT, DT, GEM, HCAL, PIXEL, RPC, TRACKER]",0.0,0.0,424740,cosmics2022/v59,/cdaq/cosmic/commissioning2022/CRAFT/v1.5/GPU/HLT/V1,Commissioning2022,1
350112,7533,769,2022-04-08 09:02:08,2022-04-08 09:14:57,"[CSC, CTPPS, CTPPS_TOT, DT, GEM, HCAL, PIXEL, RPC, TRACKER]",0.0,0.0,351573,cosmics2022/v59,/cdaq/cosmic/commissioning2022/CRAFT/v1.5/GPU/HLT/V1,Commissioning2022,1
350115,7533,2989,2022-04-08 09:25:36,2022-04-08 10:15:25,"[CSC, CTPPS, CTPPS_TOT, DT, GEM, HCAL, PIXEL, RPC, TRACKER]",0.0,0.0,1448652,cosmics2022/v59,/cdaq/cosmic/commissioning2022/CRAFT/v1.5/GPU/HLT/V1,Commissioning2022,1
350116,7533,561,2022-04-08 10:18:50,2022-04-08 10:28:11,"[CSC, CTPPS, CTPPS_TOT, DT, ECAL, ES, GEM, PIXEL, RPC, TRACKER]",0.0,0.0,15872053,cosmics2022/v60,/cdaq/cosmic/commissioning2022/CRAFT/v1.5/GPU/HLT/V1,TransferTest2022,1
350117,7533,519,2022-04-08 10:30:22,2022-04-08 10:39:01,"[CSC, CTPPS, CTPPS_TOT, DT, ECAL, ES, GEM, PIXEL, RPC, TRACKER]",0.0,0.0,13813909,cosmics2022/v60,/cdaq/cosmic/commissioning2022/CRAFT/v1.5/GPU/HLT/V1,TransferTest2022,3
350118,7533,77,2022-04-08 10:39:30,2022-04-08 10:40:47,"[CSC, CTPPS, CTPPS_TOT, DT, ECAL, ES, GEM, PIXEL, RPC, TRACKER]",0.0,0.0,128698,cosmics2022/v60,/cdaq/cosmic/commissioning2022/CRAFT/v1.5/GPU/HLT/V1,TransferTest2022,3
350120,7533,199,2022-04-08 11:05:44,2022-04-08 11:09:03,"[CSC, CTPPS, CTPPS_TOT, DT, GEM, HCAL, PIXEL, RPC, TRACKER]",0.0,0.0,73289,cosmics2022/v60,/cdaq/cosmic/commissioning2022/CRAFT/v1.5/GPU/HLT/V1,Commissioning2022,1
350121,7533,770,2022-04-08 11:13:33,2022-04-08 11:26:23,"[CSC, CTPPS, CTPPS_TOT, DT, ECAL, ES, GEM, HCAL, PIXEL, RPC]",0.0,0.0,45508882,cosmics2022/v60,/cdaq/cosmic/commissioning2022/CRAFT/v1.5/GPU/HLT/V1,TransferTest2022,1
350122,7533,4059,2022-04-08 11:30:32,2022-04-08 12:38:11,"[CSC, CTPPS, CTPPS_TOT, DT, GEM, HCAL, PIXEL, RPC]",1.79346E-7,1.79346E-7,1974339,cosmics2022/v60,/cdaq/cosmic/commissioning2022/CRAFT/v1.5/GPU/HLT/V1,Commissioning2022,1
350124,7533,3080,2022-04-08 12:38:37,2022-04-08 13:29:57,"[CSC, CTPPS, CTPPS_TOT, DT, GEM, HCAL, PIXEL, RPC]",0.0,0.0,1426966,cosmics2022/v60,/cdaq/cosmic/commissioning2022/CRAFT/v1.5/GPU/HLT/V1,Commissioning2022,1
350127,7533,199,2022-04-08 13:32:35,2022-04-08 13:35:54,"[CSC, CTPPS, CTPPS_TOT, DT, GEM, HCAL, PIXEL, RPC]",0.0,0.0,1281,cosmics2022/v60,/cdaq/cosmic/commissioning2022/CRAFT/v1.5/GPU/HLT/V1,Commissioning2022,1
350128,7533,5638,2022-04-08 13:38:32,2022-04-08 15:12:30,"[CSC, CTPPS, CTPPS_TOT, DT, GEM, HCAL, PIXEL, RPC]",0.0,0.0,2742687,cosmics2022/v60,/cdaq/cosmic/commissioning2022/CRAFT/v1.5/GPU/HLT/V1,Commissioning2022,1
350134,7533,5580,2022-04-08 15:18:28,2022-04-08 16:51:28,"[CTPPS, CTPPS_TOT, DT, HCAL, RPC]",0.0,0.0,3136558,cosmics2022/v60,/cdaq/cosmic/commissioning2022/CRAFT/v1.5/GPU/HLT/V1,Commissioning2022,1
350136,7533,15072,2022-04-08 16:54:51,2022-04-08 21:06:03,"[CSC, CTPPS, CTPPS_TOT, RPC]",0.0,0.0,1013516157,cosmics2022/v60,/cdaq/cosmic/commissioning2022/CRAFT/v1.5/GPU/HLT/V1,Commissioning2022,3
350141,7533,597,2022-04-08 21:11:40,2022-04-08 21:21:37,"[CTPPS, CTPPS_TOT, RPC]",0.0,0.0,34352203,cosmics2022/v60,/cdaq/cosmic/commissioning2022/CRAFT/v1.5/GPU/HLT/V1,Commissioning2022,1
350142,7533,31362,2022-04-08 21:25:48,2022-04-09 06:08:30,"[CTPPS, CTPPS_TOT, RPC]",0.0,0.0,2098103017,cosmics2022/v60,/cdaq/cosmic/commissioning2022/CRAFT/v1.5/GPU/HLT/V1,Commissioning2022,1
350143,7533,169,2022-04-09 06:09:35,2022-04-09 06:12:24,"[CTPPS, CTPPS_TOT, RPC]",0.0,0.0,1599454,cosmics2022/v60,/cdaq/cosmic/commissioning2022/CRAFT/v1.5/GPU/HLT/V1,Commissioning2022,3
350144,7533,8063,2022-04-09 06:15:47,2022-04-09 08:30:10,"[CTPPS, CTPPS_TOT, RPC]",0.0,0.0,541716878,cosmics2022/v60,/cdaq/cosmic/commissioning2022/CRAFT/v1.5/GPU/HLT/V1,Commissioning2022,3
350145,7533,7061,2022-04-09 08:32:05,2022-04-09 10:29:46,"[CTPPS, CTPPS_TOT, RPC]",0.0,0.0,460719333,cosmics2022/v60,/cdaq/cosmic/commissioning2022/CRAFT/v1.5/GPU/HLT/V1,Commissioning2022,3
350146,7533,43,2022-04-09 10:32:23,2022-04-09 10:33:06,"[CSC, CTPPS, CTPPS_TOT, RPC]",,,,cosmics2022/v60,/cdaq/cosmic/commissioning2022/CRAFT/v1.5/GPU/HLT/V1,TransferTest2022,
350156,7533,22067,2022-04-09 11:19:37,2022-04-09 17:27:24,"[CSC, CTPPS, CTPPS_TOT, RPC]",0.0,0.0,1483223916,cosmics2022/v60,/cdaq/cosmic/commissioning2022/CRAFT/v1.5/GPU/HLT/V1,Commissioning2022,1
350159,7533,19321,2022-04-09 17:29:39,2022-04-09 22:51:40,"[CSC, CTPPS, CTPPS_TOT, RPC]",0.0,0.0,1304550041,cosmics2022/v60,/cdaq/cosmic/commissioning2022/CRAFT/v1.5/GPU/HLT/V1,Commissioning2022,3
350163,7533,2555,2022-04-09 23:26:04,2022-04-10 00:08:39,"[CSC, CTPPS, CTPPS_TOT, RPC]",0.0,0.0,168811405,cosmics2022/v60,/cdaq/cosmic/commissioning2022/CRAFT/v1.5/GPU/HLT/V1,Commissioning2022,3
350164,7533,8853,2022-04-10 00:11:43,2022-04-10 02:39:16,"[CTPPS, CTPPS_TOT, RPC]",0.0,0.0,568969129,cosmics2022/v60,/cdaq/cosmic/commissioning2022/CRAFT/v1.5/GPU/HLT/V1,Commissioning2022,3
350165,7533,67,2022-04-10 02:42:19,2022-04-10 02:43:26,"[CTPPS, CTPPS_TOT, RPC]",,,,cosmics2022/v60,/cdaq/cosmic/commissioning2022/CRAFT/v1.5/GPU/HLT/V1,TransferTest2022,
350166,7533,19734,2022-04-10 03:12:25,2022-04-10 08:41:19,"[CTPPS, CTPPS_TOT, RPC]",0.0,0.0,1321686815,cosmics2022/v60,/cdaq/cosmic/commissioning2022/CRAFT/v1.5/GPU/HLT/V1,Commissioning2022,3
350167,7533,1346,2022-04-10 08:43:03,2022-04-10 09:05:29,"[CTPPS, CTPPS_TOT, RPC]",0.0,0.0,86728076,cosmics2022/v60,/cdaq/cosmic/commissioning2022/CRAFT/v1.5/GPU/HLT/V1,Commissioning2022,3
350168,7533,382,2022-04-10 09:07:30,2022-04-10 09:13:52,"[CTPPS, CTPPS_TOT, ECAL, RPC]",0.0,0.0,18579317,cosmics2022/v60,/cdaq/cosmic/commissioning2022/CRAFT/v1.5/GPU/HLT/V1,Commissioning2022,1
350170,7533,222,2022-04-10 09:16:07,2022-04-10 09:19:49,"[CTPPS, CTPPS_TOT, RPC]",0.0,0.0,8244439,cosmics2022/v60,/cdaq/cosmic/commissioning2022/CRAFT/v1.5/GPU/HLT/V1,Commissioning2022,1
350171,7533,4091,2022-04-10 09:22:03,2022-04-10 10:30:14,"[CTPPS, CTPPS_TOT, RPC]",0.0,0.0,271473559,cosmics2022/v60,/cdaq/cosmic/commissioning2022/CRAFT/v1.5/GPU/HLT/V1,Commissioning2022,1
350172,7533,7006,2022-04-10 10:32:09,2022-04-10 12:28:55,"[CTPPS, CTPPS_TOT, HCAL, RPC]",0.0,0.0,462440678,cosmics2022/v60,/cdaq/cosmic/commissioning2022/CRAFT/v1.5/GPU/HLT/V1,Commissioning2022,1
350174,7533,66952,2022-04-10 12:31:06,2022-04-11 07:06:58,"[CTPPS, CTPPS_TOT, RPC]",0.0,0.0,4531372880,cosmics2022/v60,/cdaq/cosmic/commissioning2022/CRAFT/v1.5/GPU/HLT/V1,Commissioning2022,1
350175,7533,596,2022-04-11 07:12:50,2022-04-11 07:22:46,"[CSC, CTPPS, CTPPS_TOT, RPC]",0.0,0.0,21720419,cosmics2022/v60,/cdaq/cosmic/commissioning2022/CRAFT/v1.5/GPU/HLT/V1,Commissioning2022,1
350176,7533,1991,2022-04-11 07:27:56,2022-04-11 08:01:07,"[CSC, CTPPS, CTPPS_TOT, HCAL, RPC]",0.0,0.0,99378586,cosmics2022/v60,/cdaq/cosmic/commissioning2022/CRAFT/v1.5/GPU/HLT/V1,Commissioning2022,1
350187,7533,39,2022-04-11 08:10:41,2022-04-11 08:11:20,"[CSC, CTPPS, CTPPS_TOT, DT, GEM, HCAL, L1SCOUT, PIXEL, RPC, TRACKER]",0.0,0.0,,cosmics2022/v60,/cdaq/cosmic/commissioning2022/CRAFT/v1.5/GPU/HLT/V1,Commissioning2022,
350194,7533,551,2022-04-11 08:26:39,2022-04-11 08:35:50,"[CSC, CTPPS, CTPPS_TOT, DT, GEM, HCAL, L1SCOUT, PIXEL, RPC, TRACKER]",0.0,0.0,253345,cosmics2022/v60,/cdaq/cosmic/commissioning2022/CRAFT/v1.5/GPU/HLT/V1,TransferTest2022,1
350199,7533,101,2022-04-11 08:37:19,2022-04-11 08:39:00,"[CSC, CTPPS, CTPPS_TOT, DT, GEM, HCAL, L1SCOUT, PIXEL, RPC, TRACKER]",0.0,0.0,34506,cosmics2022/v60,/cdaq/cosmic/commissioning2022/CRAFT/v1.5/GPU/HLT/V1,TransferTest2022,1
350201,7533,522,2022-04-11 08:44:03,2022-04-11 08:52:45,"[CSC, CTPPS, CTPPS_TOT, DT, ECAL, ES, GEM, HCAL, L1SCOUT, PIXEL, RPC, TRACKER, TRG]",0.0,0.0,16711,,/cdaq/physics/Run2018HI/v2.0.0/HLT/V10,TransferTest2022,
350207,7533,3397,2022-04-11 09:18:12,2022-04-11 10:14:49,"[CSC, CTPPS, CTPPS_TOT, DT, GEM, HCAL, PIXEL, RPC]",0.0,0.0,220104805,cosmics2022/v60,/cdaq/cosmic/commissioning2022/CRAFT/v1.5/GPU/HLT/V1,Commissioning2022,1
350216,7533,594,2022-04-11 10:20:10,2022-04-11 10:30:04,"[CSC, CTPPS, CTPPS_TOT, DT, GEM, HCAL, PIXEL, RPC, TRACKER]",0.0,0.0,29428246,cosmics2022/v61,/cdaq/cosmic/commissioning2022/CRAFT/v1.5/GPU/HLT/V1,Commissioning2022,1
350218,7533,969,2022-04-11 10:32:39,2022-04-11 10:48:48,"[CSC, CTPPS, CTPPS_TOT, GEM, HCAL, PIXEL, RPC, TRACKER]",0.0,0.0,59175739,cosmics2022/v61,/cdaq/cosmic/commissioning2022/CRAFT/v1.5/GPU/HLT/V1,Commissioning2022,1
350223,7533,68,2022-04-11 10:52:01,2022-04-11 10:53:09,"[CSC, CTPPS, CTPPS_TOT, GEM, HCAL, PIXEL, RPC]",,,,cosmics2022/v61,/cdaq/cosmic/commissioning2022/CRAFT/v1.5/GPU/HLT/V1,TransferTest2022,
350224,7533,198,2022-04-11 10:55:08,2022-04-11 10:58:26,"[CSC, CTPPS, CTPPS_TOT, GEM, HCAL, PIXEL, RPC]",0.0,0.0,621,cosmics2022/v61,/cdaq/cosmic/commissioning2022/CRAFT/v1.5/GPU/HLT/V1,Commissioning2022,3
350225,7533,774,2022-04-11 11:00:35,2022-04-11 11:13:29,"[CSC, CTPPS, CTPPS_TOT, GEM, HCAL, PIXEL, RPC]",0.0,0.0,42195747,cosmics2022/v61,/cdaq/cosmic/commissioning2022/CRAFT/v1.5/GPU/HLT/V1,Commissioning2022,3
350227,7533,3242,2022-04-11 11:14:55,2022-04-11 12:08:57,"[CSC, CTPPS, CTPPS_TOT, GEM, HCAL, PIXEL, RPC]",0.0,0.0,215338032,cosmics2022/v61,/cdaq/cosmic/commissioning2022/CRAFT/v1.5/GPU/HLT/V1,Commissioning2022,3
350228,7533,187,2022-04-11 12:10:13,2022-04-11 12:13:20,"[CSC, CTPPS, CTPPS_TOT, GEM, HCAL, PIXEL, RPC, TRACKER]",0.0,0.0,6510043,cosmics2022/v61,/cdaq/cosmic/commissioning2022/CRAFT/v1.5/GPU/HLT/V1,Commissioning2022,3
350229,7533,10560,2022-04-11 12:16:29,2022-04-11 15:12:29,"[CSC, CTPPS, CTPPS_TOT, GEM, HCAL, PIXEL, RPC]",0.0,0.0,680644348,cosmics2022/v61,/cdaq/cosmic/commissioning2022/CRAFT/v1.5/GPU/HLT/V1,Commissioning2022,3
350232,7533,3637,2022-04-11 15:15:19,2022-04-11 16:15:56,"[CSC, CTPPS, CTPPS_TOT, GEM, HCAL, RPC, TRACKER]",0.0,0.0,242791693,cosmics2022/v61,/cdaq/cosmic/commissioning2022/CRAFT/v1.5/GPU/HLT/V1,Commissioning2022,3
350233,7533,150,2022-04-11 16:20:52,2022-04-11 16:23:22,"[CSC, CTPPS, CTPPS_TOT, GEM, HCAL, RPC]",0.0,0.0,60,cosmics2022/v61,/cdaq/cosmic/commissioning2022/CRAFT/v1.5/GPU/HLT/V1,Commissioning2022,3
350234,7533,191,2022-04-11 16:25:21,2022-04-11 16:28:32,"[CSC, CTPPS, CTPPS_TOT, GEM, HCAL, RPC]",0.0,0.0,0,cosmics2022/v61,/cdaq/cosmic/commissioning2022/CRAFT/v1.5/GPU/HLT/V1,TransferTest2022,3
350236,7533,2537,2022-04-11 16:31:02,2022-04-11 17:13:19,"[CSC, CTPPS, CTPPS_TOT, GEM, HCAL, RPC]",0.0,0.0,166069913,cosmics2022/v61,/cdaq/cosmic/commissioning2022/CRAFT/v1.5/GPU/HLT/V1,Commissioning2022,3
350237,7533,284,2022-04-11 17:18:53,2022-04-11 17:23:37,"[CSC, CTPPS, CTPPS_TOT, HCAL, RPC]",0.0,0.0,14165396,cosmics2022/v62,/cdaq/cosmic/commissioning2022/CRAFT/v1.5/GPU/HLT/V1,Commissioning2022,1
350238,7533,3929,2022-04-11 17:24:46,2022-04-11 18:30:15,"[CSC, CTPPS, CTPPS_TOT, HCAL, RPC]",0.0,0.0,260684150,cosmics2022/v62,/cdaq/cosmic/commissioning2022/CRAFT/v1.5/GPU/HLT/V1,Commissioning2022,3
350239,7533,131,2022-04-11 18:32:57,2022-04-11 18:35:08,"[CSC, CTPPS, CTPPS_TOT, RPC]",0.0,0.0,85,cosmics2022/v62,/cdaq/cosmic/commissioning2022/CRAFT/v1.5/GPU/HLT/V1,TransferTest2022,3
350240,7533,137,2022-04-11 18:37:05,2022-04-11 18:39:22,"[CSC, CTPPS, CTPPS_TOT, RPC]",0.0,0.0,88,cosmics2022/v62,/cdaq/cosmic/commissioning2022/CRAFT/v1.5/GPU/HLT/V1,TransferTest2022,3
350241,7533,398,2022-04-11 18:42:31,2022-04-11 18:49:09,"[CSC, CTPPS, CTPPS_TOT, RPC]",0.0,0.0,86,cosmics2022/v62,/cdaq/cosmic/commissioning2022/CRAFT/v1.5/GPU/HLT/V1,TransferTest2022,3
350242,7533,1550,2022-04-11 18:51:17,2022-04-11 19:17:07,"[CSC, CTPPS, CTPPS_TOT, HCAL, RPC]",0.0,0.0,98801227,cosmics2022/v62,/cdaq/cosmic/commissioning2022/CRAFT/v1.5/GPU/HLT/V1,Commissioning2022,3
350247,7533,161,2022-04-11 19:19:39,2022-04-11 19:22:20,"[CSC, CTPPS, CTPPS_TOT, RPC]",0.0,0.0,86,cosmics2022/v62,/cdaq/cosmic/commissioning2022/CRAFT/v1.5/GPU/HLT/V1,TransferTest2022,3
350248,7533,2235,2022-04-11 19:24:13,2022-04-11 20:01:28,"[CSC, CTPPS, CTPPS_TOT, HCAL, RPC]",0.0,0.0,146253409,cosmics2022/v62,/cdaq/cosmic/commissioning2022/CRAFT/v1.5/GPU/HLT/V1,Commissioning2022,3
350252,7533,7322,2022-04-11 20:03:52,2022-04-11 22:05:54,"[CSC, CTPPS, CTPPS_TOT, RPC]",0.0,0.0,488976669,cosmics2022/v62,/cdaq/cosmic/commissioning2022/CRAFT/v1.5/GPU/HLT/V1,Commissioning2022,3
350253,7533,157,2022-04-11 22:09:57,2022-04-11 22:12:34,"[CTPPS, CTPPS_TOT, RPC]",0.0,0.0,768,cosmics2022/v62,/cdaq/cosmic/commissioning2022/CRAFT/v1.5/GPU/HLT/V1,Commissioning2022,3
350254,7533,24483,2022-04-11 22:16:16,2022-04-12 05:04:19,"[CTPPS, CTPPS_TOT, RPC]",0.0,0.0,1649045221,cosmics2022/v62,/cdaq/cosmic/commissioning2022/CRAFT/v1.5/GPU/HLT/V1,Commissioning2022,3
350256,7533,6515,2022-04-12 05:09:23,2022-04-12 06:57:58,"[CSC, CTPPS, CTPPS_TOT, RPC]",0.0,0.0,436926276,cosmics2022/v62,/cdaq/cosmic/commissioning2022/CRAFT/v1.5/GPU/HLT/V1,Commissioning2022,1
350268,7533,306,2022-04-12 10:01:12,2022-04-12 10:06:18,"[CSC, CTPPS, CTPPS_TOT, GEM, HCAL, RPC]",0.0,0.0,768,cosmics2022/v62,/cdaq/cosmic/commissioning2022/CRAFT/v1.5/GPU/HLT/V1,TransferTest2022,1
350269,7533,214,2022-04-12 10:08:36,2022-04-12 10:12:10,"[CSC, CTPPS, CTPPS_TOT, GEM, HCAL, RPC]",0.0,0.0,768,cosmics2022/v62,/cdaq/cosmic/commissioning2022/CRAFT/v1.5/GPU/HLT/V1,TransferTest2022,1
350270,7533,610,2022-04-12 10:14:45,2022-04-12 10:24:55,"[CSC, CTPPS, CTPPS_TOT, GEM, HCAL, RPC]",0.0,0.0,253093,cosmics2022/v62,/cdaq/cosmic/commissioning2022/CRAFT/v1.5/GPU/HLT/V1,TransferTest2022,1
350278,7533,308,2022-04-12 13:53:09,2022-04-12 13:58:17,"[CSC, CTPPS, CTPPS_TOT, GEM, RPC]",0.0,0.0,20057,cosmics2022/v62,/cdaq/cosmic/commissioning2022/CRAFT/v1.5/GPU/HLT/V1,Commissioning2022,1
350279,7533,4888,2022-04-12 14:00:20,2022-04-12 15:21:48,"[CSC, CTPPS, CTPPS_TOT, GEM, RPC]",0.0,0.0,286546085,cosmics2022/v62,/cdaq/cosmic/commissioning2022/CRAFT/v1.5/GPU/HLT/V1,Commissioning2022,1
350280,7533,165,2022-04-12 15:25:39,2022-04-12 15:28:24,"[CSC, CTPPS, CTPPS_TOT, GEM, RPC]",0.0,0.0,689,cosmics2022/v63,/cdaq/cosmic/commissioning2022/CRAFT/v1.5/GPU/HLT/V1,TransferTest2022,1
350281,7533,1081,2022-04-12 15:31:25,2022-04-12 15:49:26,"[CSC, CTPPS, CTPPS_TOT, GEM, RPC]",0.0,0.0,62332407,cosmics2022/v63,/cdaq/cosmic/commissioning2022/CRAFT/v1.5/GPU/HLT/V1,Commissioning2022,1
350282,7533,4367,2022-04-12 15:51:05,2022-04-12 17:03:52,"[CSC, CTPPS, CTPPS_TOT, GEM, HCAL, RPC]",0.0,0.0,288727190,cosmics2022/v63,/cdaq/cosmic/commissioning2022/CRAFT/v1.5/GPU/HLT/V1,Commissioning2022,1
350285,7533,135,2022-04-12 17:06:42,2022-04-12 17:08:57,"[CSC, CTPPS, CTPPS_TOT, RPC]",,,,cosmics2022/v63,,TransferTest2022,
350286,7533,40,2022-04-12 17:10:16,2022-04-12 17:10:56,"[CSC, CTPPS, CTPPS_TOT, RPC]",,,,cosmics2022/v63,,TransferTest2022,
350287,7533,629,2022-04-12 17:58:07,2022-04-12 18:08:36,"[CSC, CTPPS, CTPPS_TOT, RPC]",0.0,0.0,327564,cosmics2022/v65,/cdaq/cosmic/commissioning2022/CRAFT/v1.5/GPU/HLT/V1,Commissioning2022,1
350288,7533,3558,2022-04-12 18:10:49,2022-04-12 19:10:07,"[CSC, CTPPS, CTPPS_TOT, RPC]",0.0,0.0,228636760,cosmics2022/v66,/cdaq/cosmic/commissioning2022/CRAFT/v1.5/GPU/HLT/V1,Commissioning2022,1
350289,7533,512,2022-04-12 19:12:29,2022-04-12 19:21:01,"[CSC, CTPPS, CTPPS_TOT, DT, RPC]",0.0,0.0,29834254,cosmics2022/v66,/cdaq/cosmic/commissioning2022/CRAFT/v1.5/GPU/HLT/V1,Commissioning2022,3
350291,7533,4016,2022-04-12 19:23:07,2022-04-12 20:30:03,"[CSC, CTPPS, CTPPS_TOT, RPC]",0.0,0.0,261642509,cosmics2022/v66,/cdaq/cosmic/commissioning2022/CRAFT/v1.5/GPU/HLT/V1,Commissioning2022,1
350293,7533,10111,2022-04-12 20:32:19,2022-04-12 23:20:50,"[CTPPS, CTPPS_TOT, RPC]",0.0,0.0,667834073,cosmics2022/v66,/cdaq/cosmic/commissioning2022/CRAFT/v1.5/GPU/HLT/V1,Commissioning2022,3
350294,7533,24117,2022-04-12 23:23:28,2022-04-13 06:05:25,"[CTPPS, CTPPS_TOT, RPC]",0.0,0.0,1616431007,cosmics2022/v66,/cdaq/cosmic/commissioning2022/CRAFT/v1.5/GPU/HLT/V1,Commissioning2022,3
350300,7533,697,2022-04-13 06:22:09,2022-04-13 06:33:46,"[CSC, CTPPS, CTPPS_TOT, HCAL, RPC]",0.0,0.0,37865169,cosmics2022/v66,/cdaq/cosmic/commissioning2022/CRAFT/v1.5/GPU/HLT/V1,Commissioning2022,1
350302,7533,8631,2022-04-13 06:36:07,2022-04-13 08:59:58,"[CSC, CTPPS, CTPPS_TOT, RPC]",0.0,0.0,576566503,cosmics2022/v66,/cdaq/cosmic/commissioning2022/CRAFT/v1.5/GPU/HLT/V1,Commissioning2022,3
350336,7533,176,2022-04-13 16:13:03,2022-04-13 16:15:59,"[CSC, CTPPS, CTPPS_TOT, ECAL, ES, RPC]",0.0,0.0,1281,cosmics2022/v66,/cdaq/cosmic/commissioning2022/CRAFT/v1.5/GPU/HLT/V1,Commissioning2022,3
350337,7533,157,2022-04-13 16:18:38,2022-04-13 16:21:15,"[CSC, CTPPS, CTPPS_TOT, ECAL, ES, RPC]",0.0,0.0,768,cosmics2022/v66,/cdaq/cosmic/commissioning2022/CRAFT/v1.5/GPU/HLT/V1,Commissioning2022,3
350339,7533,901,2022-04-13 16:44:07,2022-04-13 16:59:08,"[CSC, CTPPS, CTPPS_TOT, ECAL, ES, RPC, TRACKER]",0.0,0.0,54944172,cosmics2022/v66,/cdaq/cosmic/commissioning2022/CRAFT/v1.5/GPU/HLT/V1,Commissioning2022,3
350341,7533,279,2022-04-13 17:04:33,2022-04-13 17:09:12,"[CSC, CTPPS, CTPPS_TOT, RPC]",0.0,0.0,13725652,cosmics2022/v66,/cdaq/cosmic/commissioning2022/CRAFT/v1.5/GPU/HLT/V1,Commissioning2022,1
350342,7533,1097,2022-04-13 17:10:33,2022-04-13 17:28:50,"[CSC, CTPPS, CTPPS_TOT, RPC]",0.0,0.0,66357156,cosmics2022/v66,/cdaq/cosmic/commissioning2022/CRAFT/v1.5/GPU/HLT/V1,Commissioning2022,3
350343,7533,3286,2022-04-13 17:32:21,2022-04-13 18:27:07,"[CTPPS, CTPPS_TOT, RPC]",0.0,0.0,218109434,cosmics2022/v66,/cdaq/cosmic/commissioning2022/CRAFT/v1.5/GPU/HLT/V1,Commissioning2022,3
350344,7533,977,2022-04-13 18:29:10,2022-04-13 18:45:27,"[CTPPS, CTPPS_TOT, RPC]",0.0,0.0,61655897,cosmics2022/v66,/cdaq/cosmic/commissioning2022/CRAFT/v1.5/GPU/HLT/V1,Commissioning2022,3
350345,7533,6527,2022-04-13 18:47:16,2022-04-13 20:36:03,"[CTPPS, CTPPS_TOT, RPC]",0.0,0.0,437530757,cosmics2022/v66,/cdaq/cosmic/commissioning2022/CRAFT/v1.5/GPU/HLT/V1,Commissioning2022,3
350346,7533,226,2022-04-13 20:53:06,2022-04-13 20:56:52,"[CTPPS, CTPPS_TOT, HCAL, RPC]",0.0,0.0,10231880,cosmics2022/v66,/cdaq/cosmic/commissioning2022/CRAFT/v1.5/GPU/HLT/V1,Commissioning2022,3
350347,7533,168,2022-04-13 21:00:02,2022-04-13 21:02:50,"[CTPPS, CTPPS_TOT, RPC]",0.0,0.0,111,cosmics2022/v66,/cdaq/cosmic/commissioning2022/CRAFT/v1.5/GPU/HLT/V1,TransferTest2022,1
350348,7533,128,2022-04-13 21:04:48,2022-04-13 21:06:56,"[CTPPS, CTPPS_TOT, RPC]",0.0,0.0,116,cosmics2022/v66,/cdaq/cosmic/commissioning2022/CRAFT/v1.5/GPU/HLT/V1,TransferTest2022,1
350349,7533,185,2022-04-13 21:10:02,2022-04-13 21:13:07,"[CTPPS, CTPPS_TOT, RPC]",0.0,0.0,116,cosmics2022/v66,/cdaq/cosmic/commissioning2022/CRAFT/v1.5/GPU/HLT/V1,TransferTest2022,1
350358,7533,1157,2022-04-13 21:40:04,2022-04-13 21:59:21,"[CTPPS, CTPPS_TOT, HCAL, RPC]",0.0,0.0,61406224,cosmics2022/v66,/cdaq/cosmic/commissioning2022/CRAFT/v1.5/GPU/HLT/V1,Commissioning2022,1
350361,7533,32530,2022-04-13 22:01:51,2022-04-14 07:04:01,"[CTPPS, CTPPS_TOT, RPC]",0.0,0.0,2195484898,cosmics2022/v66,/cdaq/cosmic/commissioning2022/CRAFT/v1.5/GPU/HLT/V1,Commissioning2022,3
350362,7534,5092,2022-04-14 07:06:10,2022-04-14 08:31:02,"[CSC, CTPPS, CTPPS_TOT, RPC]",0.0,0.0,332549661,cosmics2022/v66,/cdaq/cosmic/commissioning2022/CRAFT/v1.5/GPU/HLT/V1,Commissioning2022,1
350365,7534,424,2022-04-14 08:33:05,2022-04-14 08:40:09,"[CSC, CTPPS, CTPPS_TOT, HCAL, RPC]",0.0,0.0,12531089,cosmics2022/v66,/cdaq/cosmic/commissioning2022/CRAFT/v1.5/GPU/HLT/V1,Commissioning2022,1
350367,7534,512,2022-04-14 08:41:39,2022-04-14 08:50:11,"[CSC, CTPPS, CTPPS_TOT, GEM, HCAL, RPC]",0.0,0.0,18429223,cosmics2022/v66,/cdaq/cosmic/commissioning2022/CRAFT/v1.5/GPU/HLT/V1,Commissioning2022,3
350369,7534,5815,2022-04-14 08:51:00,2022-04-14 10:27:55,"[CSC, CTPPS, CTPPS_TOT, GEM, HCAL, PIXEL, RPC]",0.0,0.0,382520188,cosmics2022/v66,/cdaq/cosmic/commissioning2022/CRAFT/v1.5/GPU/HLT/V1,Commissioning2022,3
350382,7534,3159,2022-04-14 10:31:49,2022-04-14 11:24:28,"[CSC, CTPPS, CTPPS_TOT, DT, GEM, HCAL, PIXEL, RPC]",0.0,0.0,203478536,cosmics2022/v66,/cdaq/cosmic/commissioning2022/CRAFT/v1.5/GPU/HLT/V1,Commissioning2022,3
350390,7534,3229,2022-04-14 11:25:47,2022-04-14 12:19:36,"[CSC, CTPPS, CTPPS_TOT, DT, GEM, HCAL, PIXEL, RPC, TRACKER]",0.0,0.0,208164117,cosmics2022/v66,/cdaq/cosmic/commissioning2022/CRAFT/v1.5/GPU/HLT/V1,Commissioning2022,3
350391,7534,1864,2022-04-14 12:21:59,2022-04-14 12:53:03,"[CSC, CTPPS, CTPPS_TOT, DT, GEM, HCAL, PIXEL, RPC, TRACKER]",0.0,0.0,122723329,cosmics2022/v66,/cdaq/cosmic/commissioning2022/CRAFT/v1.5/GPU/HLT/V1,Commissioning2022,1
350392,7534,563,2022-04-14 12:53:50,2022-04-14 13:03:13,"[CSC, CTPPS, CTPPS_TOT, DT, ES, GEM, HCAL, PIXEL, RPC, TRACKER]",0.0,0.0,21474367,cosmics2022/v66,/cdaq/cosmic/commissioning2022/CRAFT/v1.5/GPU/HLT/V1,Commissioning2022,3
350394,7534,171,2022-04-14 13:15:03,2022-04-14 13:17:54,"[CSC, CTPPS, CTPPS_TOT, DT, ES, GEM, HCAL, PIXEL, RPC, TRACKER]",0.0,0.0,0,cosmics2022/v66,/cdaq/cosmic/commissioning2022/CRAFT/v1.5/GPU/HLT/V1,TransferTest2022,1
350395,7534,555,2022-04-14 13:25:28,2022-04-14 13:34:43,"[CSC, CTPPS, CTPPS_TOT, DT, ES, GEM, PIXEL, RPC, TRACKER]",0.0,0.0,19869900,cosmics2022/v66,/cdaq/cosmic/commissioning2022/CRAFT/v1.5/GPU/HLT/V1,TransferTest2022,1
350397,7534,542,2022-04-14 13:41:11,2022-04-14 13:50:13,"[CSC, CTPPS, CTPPS_TOT, DT, ES, GEM, PIXEL, RPC, TRACKER]",0.0,0.0,43470649,cosmics2022/v66,/cdaq/cosmic/commissioning2022/CRAFT/v1.5/GPU/HLT/V1,TransferTest2022,1
350399,7534,175,2022-04-14 14:00:22,2022-04-14 14:03:17,"[CSC, CTPPS, CTPPS_TOT, DT, ES, GEM, PIXEL, RPC, TRACKER]",0.0,0.0,46226,cosmics2022/v66,/cdaq/cosmic/commissioning2022/CRAFT/v1.5/GPU/HLT/V1,TransferTest2022,1
350400,7534,117,2022-04-14 14:04:01,2022-04-14 14:05:58,"[CSC, CTPPS, CTPPS_TOT, DT, ES, GEM, PIXEL, RPC, TRACKER]",0.0,0.0,23119,cosmics2022/v66,/cdaq/cosmic/commissioning2022/CRAFT/v1.5/GPU/HLT/V1,TransferTest2022,1
350402,7534,136,2022-04-14 14:08:48,2022-04-14 14:11:04,"[CSC, CTPPS, CTPPS_TOT, DT, ES, GEM, PIXEL, RPC, TRACKER]",0.0,0.0,34301,cosmics2022/v66,/cdaq/cosmic/commissioning2022/CRAFT/v1.5/GPU/HLT/V1,TransferTest2022,1
350404,7534,185,2022-04-14 14:13:38,2022-04-14 14:16:43,"[CSC, CTPPS, CTPPS_TOT, DT, ES, GEM, PIXEL, RPC, TRACKER]",0.0,0.0,57779,cosmics2022/v66,/cdaq/cosmic/commissioning2022/CRAFT/v1.5/GPU/HLT/V1,TransferTest2022,1
350405,7534,109,2022-04-14 14:19:29,2022-04-14 14:21:18,"[CSC, CTPPS, CTPPS_TOT, DT, ES, GEM, PIXEL, RPC, TRACKER]",0.0,0.0,22948,cosmics2022/v66,/cdaq/cosmic/commissioning2022/CRAFT/v1.5/GPU/HLT/V1,Commissioning2022,1
350407,7534,171,2022-04-14 14:26:19,2022-04-14 14:29:10,"[CSC, CTPPS, CTPPS_TOT, ES, GEM, PIXEL, RPC, TRACKER]",0.0,0.0,0,cosmics2022/v66,/cdaq/cosmic/commissioning2022/CRAFT/v1.5/GPU/HLT/V1,TransferTest2022,1
350408,7534,190,2022-04-14 14:34:00,2022-04-14 14:37:10,"[CSC, CTPPS, CTPPS_TOT, ES, GEM, PIXEL, RPC]",0.0,0.0,70902,cosmics2022/v66,/cdaq/cosmic/commissioning2022/CRAFT/v1.5/GPU/HLT/V1,Commissioning2022,1
350409,7534,197,2022-04-14 14:39:10,2022-04-14 14:42:27,"[CSC, CTPPS, CTPPS_TOT, ES, GEM, PIXEL, RPC]",0.0,0.0,78235,cosmics2022/v66,/cdaq/cosmic/commissioning2022/CRAFT/v1.5/GPU/HLT/V1,Commissioning2022,1
350410,7534,94,2022-04-14 14:44:36,2022-04-14 14:46:10,"[CSC, CTPPS, CTPPS_TOT, ES, GEM, PIXEL, RPC]",0.0,0.0,0,cosmics2022/v66,/cdaq/cosmic/commissioning2022/CRAFT/v1.5/GPU/HLT/V1,TransferTest2022,1
350411,7534,179,2022-04-14 14:49:54,2022-04-14 14:52:53,"[CSC, CTPPS, CTPPS_TOT, ES, GEM, PIXEL, RPC]",0.0,0.0,56990,cosmics2022/v66,/cdaq/cosmic/commissioning2022/CRAFT/v1.5/GPU/HLT/V1,Commissioning2022,1
350412,7534,250,2022-04-14 14:54:58,2022-04-14 14:59:08,"[CSC, CTPPS, CTPPS_TOT, ES, GEM, PIXEL, RPC]",0.0,0.0,99597,cosmics2022/v66,/cdaq/cosmic/commissioning2022/CRAFT/v1.5/GPU/HLT/V1,Commissioning2022,1
350413,7534,152,2022-04-14 15:02:48,2022-04-14 15:05:20,"[CSC, CTPPS, CTPPS_TOT, ES, GEM, PIXEL, RPC]",0.0,0.0,49418,cosmics2022/v66,/cdaq/cosmic/commissioning2022/CRAFT/v1.5/GPU/HLT/V1,Commissioning2022,1
350414,7534,171,2022-04-14 15:08:07,2022-04-14 15:10:58,"[CSC, CTPPS, CTPPS_TOT, ES, GEM, PIXEL, RPC]",0.0,0.0,56857,cosmics2022/v66,/cdaq/cosmic/commissioning2022/CRAFT/v1.5/GPU/HLT/V1,Commissioning2022,1
350416,7534,370,2022-04-14 15:15:21,2022-04-14 15:21:31,"[CSC, CTPPS, CTPPS_TOT, ES, GEM, PIXEL, RPC]",0.0,0.0,184067,cosmics2022/v66,/cdaq/cosmic/commissioning2022/CRAFT/v1.5/GPU/HLT/V1,Commissioning2022,1
350417,7534,4594,2022-04-14 15:24:39,2022-04-14 16:41:13,"[CSC, CTPPS, CTPPS_TOT, GEM, PIXEL, RPC]",0.0,0.0,2747163,cosmics2022/v66,/cdaq/cosmic/commissioning2022/CRAFT/v1.5/GPU/HLT/V1,Commissioning2022,1
350420,7534,768,2022-04-14 16:49:13,2022-04-14 17:02:01,"[CSC, CTPPS, CTPPS_TOT, GEM, RPC]",0.0,0.0,412303,cosmics2022/v68,/cdaq/cosmic/commissioning2022/CRAFT/v2.0/HLT/V1,Commissioning2022,1
350423,7534,357,2022-04-14 17:21:43,2022-04-14 17:27:40,"[CSC, CTPPS, CTPPS_TOT, RPC]",0.0,0.0,156331,cosmics2022/v70,/cdaq/cosmic/commissioning2022/CRAFT/v2.0/HLT/V1,Commissioning2022,1
350424,7534,14186,2022-04-14 17:31:21,2022-04-14 21:27:47,"[CTPPS, CTPPS_TOT, RPC]",0.0,0.0,952280306,cosmics2022/v70,/cdaq/cosmic/commissioning2022/CRAFT/v2.0/HLT/V1,Commissioning2022,1
350425,7534,12906,2022-04-14 21:30:20,2022-04-15 01:05:26,"[CTPPS, CTPPS_TOT, RPC]",0.0,0.0,863563364,cosmics2022/v70,/cdaq/cosmic/commissioning2022/CRAFT/v2.0/HLT/V1,Commissioning2022,3
350430,7534,24114,2022-04-15 01:22:00,2022-04-15 08:03:54,"[CSC, CTPPS, CTPPS_TOT, RPC]",0.0,0.0,1621755968,cosmics2022/v70,/cdaq/cosmic/commissioning2022/CRAFT/v2.0/HLT/V1,Commissioning2022,1
350431,7535,24268,2022-04-15 08:05:51,2022-04-15 14:50:19,"[CTPPS, CTPPS_TOT, RPC]",0.0,0.0,1629555812,cosmics2022/v70,/cdaq/cosmic/commissioning2022/CRAFT/v2.0/HLT/V1,Commissioning2022,1
350433,7535,18159,2022-04-15 14:58:00,2022-04-15 20:00:39,"[CSC, CTPPS, CTPPS_TOT]",0.0,0.0,1219449710,cosmics2022/v70,/cdaq/cosmic/commissioning2022/CRAFT/v2.0/HLT/V1,Commissioning2022,1
350436,7535,255,2022-04-15 20:18:26,2022-04-15 20:22:41,"[CSC, CTPPS, CTPPS_TOT]",,,,cosmics2022/v72,,TransferTest2022,
350437,7535,403,2022-04-15 20:23:58,2022-04-15 20:30:41,"[CSC, CTPPS, CTPPS_TOT]",,,,cosmics2022/v72,,TransferTest2022,
350438,7535,188,2022-04-15 20:31:55,2022-04-15 20:35:03,"[CSC, CTPPS, CTPPS_TOT]",0.0,0.0,48260,cosmics2022/v72,/cdaq/cosmic/commissioning2022/CRAFT/v2.0/HLT/V1,TransferTest2022,3
350439,7535,2493,2022-04-15 20:37:37,2022-04-15 21:19:10,"[CTPPS, CTPPS_TOT]",0.0,0.0,161141514,cosmics2022/v72,/cdaq/cosmic/commissioning2022/CRAFT/v2.0/HLT/V1,Commissioning2022,3
350440,7535,14408,2022-04-15 21:21:39,2022-04-16 01:21:47,"[CSC, CTPPS, CTPPS_TOT]",0.0,0.0,965681491,cosmics2022/v72,/cdaq/cosmic/commissioning2022/CRAFT/v2.0/HLT/V1,Commissioning2022,1
350441,7535,17897,2022-04-16 01:23:09,2022-04-16 06:21:26,"[CSC, CTPPS, CTPPS_TOT]",0.0,0.0,1207106618,cosmics2022/v72,/cdaq/cosmic/commissioning2022/CRAFT/v2.0/HLT/V1,Commissioning2022,3
350445,7535,32,2022-04-16 06:29:04,2022-04-16 06:29:36,"[CSC, CTPPS, CTPPS_TOT]",,,,cosmics2022/v72,,TransferTest2022,
350446,7535,524,2022-04-16 06:30:44,2022-04-16 06:39:28,"[CSC, CTPPS, CTPPS_TOT]",,,,cosmics2022/v72,,TransferTest2022,
350447,7535,27722,2022-04-16 06:40:28,2022-04-16 14:22:30,"[CSC, CTPPS, CTPPS_TOT]",0.0,0.0,1867071935,cosmics2022/v72,/cdaq/cosmic/commissioning2022/CRAFT/v2.0/HLT/V1,Commissioning2022,3
350448,7535,5035,2022-04-16 14:34:43,2022-04-16 15:58:38,"[CSC, CTPPS, CTPPS_TOT]",0.0,0.0,335680153,cosmics2022/v72,/cdaq/cosmic/commissioning2022/CRAFT/v2.0/HLT/V1,Commissioning2022,3
350449,7535,173,2022-04-16 16:00:36,2022-04-16 16:03:29,"[CTPPS, CTPPS_TOT]",0.0,0.0,23183,cosmics2022/v72,/cdaq/cosmic/commissioning2022/CRAFT/v2.0/HLT/V1,TransferTest2022,3
350450,7535,59183,2022-04-16 16:04:13,2022-04-17 08:30:36,"[CTPPS, CTPPS_TOT]",0.0,0.0,4003076761,cosmics2022/v72,/cdaq/cosmic/commissioning2022/CRAFT/v2.0/HLT/V1,Commissioning2022,3
350452,7535,5926,2022-04-17 08:34:51,2022-04-17 10:13:37,"[CSC, CTPPS, CTPPS_TOT]",0.0,0.0,392955826,cosmics2022/v72,/cdaq/cosmic/commissioning2022/CRAFT/v2.0/HLT/V1,Commissioning2022,3
350453,7535,1803,2022-04-17 10:15:35,2022-04-17 10:45:38,"[CSC, CTPPS, CTPPS_TOT, TRACKER]",0.0,0.0,112199008,cosmics2022/v72,/cdaq/cosmic/commissioning2022/CRAFT/v2.0/HLT/V1,Commissioning2022,3
350454,7535,39,2022-04-17 10:47:43,2022-04-17 10:48:22,"[CTPPS, CTPPS_TOT, TRACKER]",,,,cosmics2022/v72,,TransferTest2022,
350455,7535,1014,2022-04-17 10:49:34,2022-04-17 11:06:28,"[CTPPS, CTPPS_TOT, TRACKER]",,,,cosmics2022/v72,,TransferTest2022,
350456,7535,703,2022-04-17 11:07:39,2022-04-17 11:19:22,"[CTPPS, CTPPS_TOT, TRACKER]",0.0,0.0,36986957,cosmics2022/v72,/cdaq/cosmic/commissioning2022/CRAFT/v2.0/HLT/V1,Commissioning2022,1
350457,7535,1727,2022-04-17 11:25:22,2022-04-17 11:54:09,"[CTPPS, CTPPS_TOT]",0.0,0.0,107481389,cosmics2022/v72,/cdaq/cosmic/commissioning2022/CRAFT/v2.0/HLT/V1,Commissioning2022,3
350458,7535,8379,2022-04-17 11:55:04,2022-04-17 14:14:43,"[CTPPS, CTPPS_TOT]",0.0,0.0,557155055,cosmics2022/v72,/cdaq/cosmic/commissioning2022/CRAFT/v2.0/HLT/V1,Commissioning2022,3
350459,7535,16397,2022-04-17 14:21:51,2022-04-17 18:55:08,"[CTPPS, CTPPS_TOT]",0.0,0.0,1097006163,cosmics2022/v72,/cdaq/cosmic/commissioning2022/CRAFT/v2.0/HLT/V1,Commissioning2022,3
350460,7535,23162,2022-04-17 18:55:33,2022-04-18 01:21:35,"[CTPPS, CTPPS_TOT]",0.0,0.0,1562961592,cosmics2022/v72,/cdaq/cosmic/commissioning2022/CRAFT/v2.0/HLT/V1,Commissioning2022,3
350461,7535,10708,2022-04-18 01:22:32,2022-04-18 04:21:00,"[CTPPS, CTPPS_TOT]",0.0,0.0,718946504,cosmics2022/v72,/cdaq/cosmic/commissioning2022/CRAFT/v2.0/HLT/V1,Commissioning2022,3
350462,7535,52315,2022-04-18 04:21:55,2022-04-18 18:53:50,"[CTPPS, CTPPS_TOT]",0.0,0.0,3505553798,cosmics2022/v72,/cdaq/cosmic/commissioning2022/CRAFT/v2.0/HLT/V1,Commissioning2022,3
350463,7535,26547,2022-04-18 18:56:07,2022-04-19 02:18:34,"[CTPPS, CTPPS_TOT]",0.0,0.0,1763545004,cosmics2022/v72,/cdaq/cosmic/commissioning2022/CRAFT/v2.0/HLT/V1,Commissioning2022,3
350464,7535,18922,2022-04-19 02:22:15,2022-04-19 07:37:37,"[CTPPS, CTPPS_TOT]",0.0,0.0,1275741438,cosmics2022/v72,/cdaq/cosmic/commissioning2022/CRAFT/v2.0/HLT/V1,Commissioning2022,3
350465,7535,1726,2022-04-19 07:40:33,2022-04-19 08:09:19,"[CSC, CTPPS, CTPPS_TOT]",0.0,0.0,1023709,cosmics2022/v72,/cdaq/cosmic/commissioning2022/CRAFT/v2.0/HLT/V1,Commissioning2022,1
350466,7535,7425,2022-04-19 08:26:20,2022-04-19 10:30:05,"[CSC, CTPPS, CTPPS_TOT, DT, GEM, HCAL, PIXEL, RPC, TRACKER]",0.0,0.0,3612901,cosmics2022/v72,/cdaq/cosmic/commissioning2022/CRAFT/v2.0/HLT/V1,Commissioning2022,1
350472,7535,5083,2022-04-19 10:33:24,2022-04-19 11:58:07,"[CSC, CTPPS, CTPPS_TOT, DT, GEM, HCAL, PIXEL, RPC]",0.0,0.0,2467477,cosmics2022/v72,/cdaq/cosmic/commissioning2022/CRAFT/v2.0/HLT/V1,Commissioning2022,1
350473,7535,7029,2022-04-19 12:02:36,2022-04-19 13:59:45,"[CSC, CTPPS, CTPPS_TOT, DT, GEM, PIXEL, RPC]",0.0,0.0,3441370,cosmics2022/v72,/cdaq/cosmic/commissioning2022/CRAFT/v2.0/HLT/V1,Commissioning2022,1
350475,7535,2380,2022-04-19 14:04:42,2022-04-19 14:44:22,"[CSC, CTPPS, CTPPS_TOT, DT, ECAL, GEM, PIXEL, RPC]",0.0,0.0,1139833,cosmics2022/v72,/cdaq/cosmic/commissioning2022/CRAFT/v2.0/HLT/V1,Commissioning2022,1
350476,7535,422,2022-04-19 14:53:00,2022-04-19 15:00:02,"[CSC, CTPPS, CTPPS_TOT, ECAL, GEM, PIXEL, RPC]",0.0,0.0,20144350,cosmics2022/v72,/cdaq/cosmic/commissioning2022/CRAFT/v2.0/HLT/V1,Commissioning2022,1
350477,7535,602,2022-04-19 15:02:22,2022-04-19 15:12:24,"[CSC, CTPPS, CTPPS_TOT, DT, ECAL, GEM, PIXEL, RPC]",0.0,0.0,257902,cosmics2022/v72,/cdaq/cosmic/commissioning2022/CRAFT/v2.0/HLT/V1,Commissioning2022,1
350478,7535,2037,2022-04-19 15:14:43,2022-04-19 15:48:40,"[CSC, CTPPS, CTPPS_TOT, ECAL, GEM, PIXEL, RPC]",0.0,0.0,1205358,cosmics2022/v72,/cdaq/cosmic/commissioning2022/CRAFT/v2.0/HLT/V1,Commissioning2022,1
350480,7535,1690,2022-04-19 15:57:00,2022-04-19 16:25:10,"[CSC, CTPPS, CTPPS_TOT, ECAL, GEM, PIXEL, RPC]",0.0,0.0,984748,cosmics2022/v72,/cdaq/cosmic/commissioning2022/CRAFT/v2.0/HLT/V1,Commissioning2022,1
350484,7535,483,2022-04-19 16:28:12,2022-04-19 16:36:15,"[CSC, CTPPS, CTPPS_TOT, RPC]",0.0,0.0,254819,cosmics2022/v72,/cdaq/cosmic/commissioning2022/CRAFT/v2.0/HLT/V1,Commissioning2022,1
350485,7535,1899,2022-04-19 16:37:05,2022-04-19 17:08:44,"[CSC, CTPPS, CTPPS_TOT, RPC]",0.0,0.0,1105975,cosmics2022/v72,/cdaq/cosmic/commissioning2022/CRAFT/v2.0/HLT/V1,Commissioning2022,1
350486,7535,1133,2022-04-19 17:11:59,2022-04-19 17:30:52,"[CSC, CTPPS, CTPPS_TOT, RPC]",0.0,0.0,106834,beamsplash/v4,/cdaq/special/Splash/2022/HLT/V4,Commissioning2022,0
350487,7536,1229,2022-04-19 17:37:31,2022-04-19 17:58:00,"[CTPPS, CTPPS_TOT]",0.0,0.0,76460847,cosmics2022/v73,/cdaq/cosmic/commissioning2022/CRAFT/v2.0/HLT/V1,Commissioning2022,3
350489,7536,1182,2022-04-19 18:02:39,2022-04-19 18:22:21,"[CTPPS, CTPPS_TOT]",0.0,0.0,5929415,beamsplash/v5,/cdaq/special/Splash/2022/HLT/V4,TransferTest2022,0
350490,7536,19078,2022-04-19 18:25:44,2022-04-19 23:43:42,"[CTPPS, CTPPS_TOT]",0.0,0.0,1284539952,cosmics2022/v73,/cdaq/cosmic/commissioning2022/CRAFT/v2.0/HLT/V1,Commissioning2022,3
350491,7536,15692,2022-04-19 23:45:19,2022-04-20 04:06:51,"[CTPPS, CTPPS_TOT]",0.0,0.0,1052191419,cosmics2022/v73,/cdaq/cosmic/commissioning2022/CRAFT/v2.0/HLT/V1,Commissioning2022,3
350492,7536,7792,2022-04-20 04:08:04,2022-04-20 06:17:56,"[CTPPS, CTPPS_TOT]",0.0,0.0,515109077,cosmics2022/v73,/cdaq/cosmic/commissioning2022/CRAFT/v2.0/HLT/V1,Commissioning2022,3
350493,7536,1067,2022-04-20 06:18:28,2022-04-20 06:36:15,"[CTPPS, CTPPS_TOT]",0.0,0.0,66310707,cosmics2022/v73,/cdaq/cosmic/commissioning2022/CRAFT/v2.0/HLT/V1,Commissioning2022,3
350494,7536,308,2022-04-20 06:38:38,2022-04-20 06:43:46,"[CSC, CTPPS, CTPPS_TOT]",0.0,0.0,144136,cosmics2022/v73,/cdaq/cosmic/commissioning2022/CRAFT/v2.0/HLT/V1,Commissioning2022,1
350495,7536,967,2022-04-20 06:46:42,2022-04-20 07:02:49,"[CSC, CTPPS, CTPPS_TOT]",0.0,0.0,805281,cosmics2022/v73,/cdaq/cosmic/commissioning2022/CRAFT/v2.0/HLT/V1,Commissioning2022,1
350497,7536,931,2022-04-20 07:04:31,2022-04-20 07:20:02,"[CSC, CTPPS, CTPPS_TOT]",0.0,0.0,58457909,cosmics2022/v73,/cdaq/cosmic/commissioning2022/CRAFT/v2.0/HLT/V1,Commissioning2022,1
350499,7536,1245,2022-04-20 07:23:11,2022-04-20 07:43:56,"[CSC, CTPPS, CTPPS_TOT, TRACKER]",0.0,0.0,69373859,cosmics2022/v73,/cdaq/cosmic/commissioning2022/CRAFT/v2.0/HLT/V1,Commissioning2022,3
350500,7536,3088,2022-04-20 07:48:41,2022-04-20 08:40:09,"[CSC, CTPPS, CTPPS_TOT]",0.0,0.0,1854956,cosmics2022/v73,/cdaq/cosmic/commissioning2022/CRAFT/v2.0/HLT/V1,Commissioning2022,3
350503,7536,153,2022-04-20 08:49:33,2022-04-20 08:52:06,"[CSC, CTPPS, CTPPS_TOT, ECAL, ES, GEM, PIXEL, RPC]",,,,cosmics2022/v73,,TransferTest2022,
350504,7536,140,2022-04-20 08:53:13,2022-04-20 08:55:33,"[CSC, CTPPS, CTPPS_TOT, ECAL, ES, GEM, PIXEL, RPC]",,,,cosmics2022/v73,,TransferTest2022,
350505,7536,178,2022-04-20 08:57:07,2022-04-20 09:00:05,"[CSC, CTPPS, CTPPS_TOT, ECAL, ES, GEM, PIXEL, RPC]",,,,cosmics2022/v73,,TransferTest2022,
350506,7536,325,2022-04-20 09:02:10,2022-04-20 09:07:35,"[CSC, CTPPS, CTPPS_TOT, ECAL, ES, GEM, PIXEL, RPC]",,,,beamsplash/v5,,TransferTest2022,
350508,7536,739,2022-04-20 09:08:51,2022-04-20 09:21:10,"[CSC, CTPPS, CTPPS_TOT, ECAL, ES, GEM, PIXEL, RPC]",0.0,0.0,398988,cosmics2022/v73,/cdaq/cosmic/commissioning2022/CRAFT/v2.0/HLT/V1,Commissioning2022,1
350510,7536,669,2022-04-20 09:24:38,2022-04-20 09:35:47,"[CSC, CTPPS, CTPPS_TOT, DT, ECAL, ES, GEM, PIXEL, RPC]",0.0,0.0,302131,cosmics2022/v73,/cdaq/cosmic/commissioning2022/CRAFT/v2.0/HLT/V1,Commissioning2022,1
350511,7536,15352,2022-04-20 09:37:12,2022-04-20 13:53:04,"[CSC, CTPPS, CTPPS_TOT, DT, ECAL, ES, GEM, PIXEL, RPC, TRACKER]",0.0,0.0,7536074,cosmics2022/v73,/cdaq/cosmic/commissioning2022/CRAFT/v2.0/HLT/V1,Commissioning2022,1
350535,7536,397,2022-04-20 14:05:43,2022-04-20 14:12:20,"[CSC, CTPPS, CTPPS_TOT, ECAL, ES, GEM, HCAL, PIXEL, TRACKER]",0.0,0.0,59275,beamsplash/v5,/cdaq/special/Splash/2022/HLT/V4,Commissioning2022,0
350536,7536,370,2022-04-20 14:13:54,2022-04-20 14:20:04,"[CSC, CTPPS, CTPPS_TOT, ECAL, ES, GEM, HCAL, PIXEL, TRACKER]",0.0,0.0,149501,beamsplash/v5,/cdaq/special/Splash/2022/HLT/V4,Commissioning2022,0
350537,7536,404,2022-04-20 14:22:07,2022-04-20 14:28:51,"[CSC, CTPPS, CTPPS_TOT, ECAL, ES, GEM, HCAL, PIXEL, TRACKER]",0.0,0.0,161029,beamsplash/v5,/cdaq/special/Splash/2022/HLT/V4,Commissioning2022,0
350538,7536,253,2022-04-20 14:32:27,2022-04-20 14:36:40,"[CSC, CTPPS, CTPPS_TOT, ECAL, ES, GEM, HCAL, PIXEL, TRACKER]",0.0,0.0,115045,cosmics2022/v73,/cdaq/cosmic/commissioning2022/CRAFT/v2.0/HLT/V1,Commissioning2022,1
350540,7536,845,2022-04-20 14:41:15,2022-04-20 14:55:20,"[CSC, CTPPS, CTPPS_TOT, DT, ES, GEM, HCAL, PIXEL, RPC, TRACKER]",0.0,0.0,390628,cosmics2022/v73,/cdaq/cosmic/commissioning2022/CRAFT/v2.0/HLT/V1,Commissioning2022,1
350542,7536,861,2022-04-20 15:02:45,2022-04-20 15:17:06,"[CSC, CTPPS, CTPPS_TOT, DT, ES, GEM, HCAL, PIXEL, RPC, TRACKER]",0.0,0.0,395428,cosmics2022/v73,/cdaq/cosmic/commissioning2022/CRAFT/v2.0/HLT/V1,Commissioning2022,1
350544,7536,844,2022-04-20 15:23:51,2022-04-20 15:37:55,"[CSC, CTPPS, CTPPS_TOT, DT, ES, GEM, HCAL, PIXEL, RPC, TRACKER]",0.0,0.0,796,beamsplash/v5,/cdaq/special/Splash/2022/HLT/V4,Commissioning2022,0
350545,7536,837,2022-04-20 15:42:32,2022-04-20 15:56:29,"[CSC, CTPPS, CTPPS_TOT, DT, ES, GEM, HCAL, PIXEL, RPC, TRACKER]",0.0,0.0,768,beamsplash/v5,/cdaq/special/Splash/2022/HLT/V4,Commissioning2022,0
350547,7536,58,2022-04-20 16:14:15,2022-04-20 16:15:13,"[CSC, CTPPS, CTPPS_TOT, ES, GEM, HCAL, TRACKER]",,,,cosmics2022/v73,/cdaq/cosmic/commissioning2022/CRAFT/v2.0/HLT/V1,TransferTest2022,
350559,7536,1035,2022-04-20 16:37:11,2022-04-20 16:54:26,"[CTPPS, CTPPS_TOT, ES, HCAL, TRACKER]",0.0,0.0,62800629,cosmics2022/v74,/cdaq/cosmic/commissioning2022/CRAFT/v2.0/HLT/V1,Commissioning2022,3
350560,7537,944,2022-04-20 16:58:29,2022-04-20 17:14:13,"[CTPPS, CTPPS_TOT, ES]",0.0,0.0,58389524,cosmics2022/v74,/cdaq/cosmic/commissioning2022/CRAFT/v2.0/HLT/V1,Commissioning2022,3
350561,7537,47143,2022-04-20 17:15:03,2022-04-21 06:20:46,"[CTPPS, CTPPS_TOT, ES]",0.0,0.0,3186123450,cosmics2022/v74,/cdaq/cosmic/commissioning2022/CRAFT/v2.0/HLT/V1,Commissioning2022,3
350563,7537,1703,2022-04-21 06:28:14,2022-04-21 06:56:37,"[CTPPS, CTPPS_TOT, ES]",0.0,0.0,94219791,cosmics2022/v74,/cdaq/cosmic/commissioning2022/CRAFT/v2.0/HLT/V1,Commissioning2022,3
350564,7537,1883,2022-04-21 06:58:58,2022-04-21 07:30:21,"[CTPPS, CTPPS_TOT]",0.0,0.0,103055969,cosmics2022/v74,/cdaq/cosmic/commissioning2022/CRAFT/v2.0/HLT/V1,Commissioning2022,3
350565,7537,2266,2022-04-21 07:33:08,2022-04-21 08:10:54,"[CSC, CTPPS, CTPPS_TOT]",0.0,0.0,141331866,cosmics2022/v74,/cdaq/cosmic/commissioning2022/CRAFT/v2.0/HLT/V1,Commissioning2022,1
350566,7537,17855,2022-04-21 08:15:44,2022-04-21 13:13:19,"[CSC, CTPPS, CTPPS_TOT, ECAL, GEM, HCAL, PIXEL]",0.0,0.0,10968885,cosmics2022/v75,/cdaq/cosmic/commissioning2022/CRAFT/v2.0/HLT/V1,Commissioning2022,1
350583,7537,1418,2022-04-21 13:18:04,2022-04-21 13:41:42,"[CSC, CTPPS, CTPPS_TOT, DT, ECAL, ES, GEM, PIXEL, RPC, TRACKER]",0.0,0.0,13201576,cosmics2022/v75,/cdaq/cosmic/commissioning2022/CRAFT/v2.0/HLT/V1,TransferTest2022,3
350585,7537,371,2022-04-21 14:03:08,2022-04-21 14:09:19,"[CSC, CTPPS, CTPPS_TOT, DT, ECAL, ES, GEM, PIXEL, RPC, TRACKER]",0.0,0.0,10797723,cosmics2022/v76,/cdaq/cosmic/commissioning2022/CRAFT/v2.0/HLT/V1,TransferTest2022,3
350586,7537,116,2022-04-21 14:17:32,2022-04-21 14:19:28,"[CSC, CTPPS, CTPPS_TOT, DT, ECAL, ES, GEM, PIXEL, RPC, TRACKER]",,,,cosmics2022/v76,/cdaq/cosmic/commissioning2022/CRAFT/v2.0/HLT/V1,TransferTest2022,
350588,7537,415,2022-04-21 14:33:45,2022-04-21 14:40:40,"[CSC, CTPPS, CTPPS_TOT, DT, ECAL, ES, GEM, PIXEL, RPC, TRACKER]",0.0,0.0,4944944,cosmics2022/v76,/cdaq/cosmic/commissioning2022/CRAFT/v2.0/HLT/V1,TransferTest2022,3
350592,7537,3332,2022-04-21 15:01:14,2022-04-21 15:56:46,"[CSC, CTPPS, CTPPS_TOT, ECAL, ES, GEM, HCAL, PIXEL, TRACKER]",0.0,0.0,221832140,cosmics2022/v76,/cdaq/cosmic/commissioning2022/CRAFT/v2.0/HLT/V1,Commissioning2022,3
350597,7537,128,2022-04-21 16:24:14,2022-04-21 16:26:22,"[CSC, CTPPS, CTPPS_TOT, GEM, HCAL, PIXEL, TRACKER]",,,,beamsplash/v6,,TransferTest2022,
350599,7537,2519,2022-04-21 16:29:15,2022-04-21 17:11:14,"[CSC, CTPPS, CTPPS_TOT, GEM, HCAL, PIXEL, TRACKER]",0.0,0.0,2452,beamsplash/v6,/cdaq/special/Splash/2022/HLT/V4,Commissioning2022,0
350600,7537,27,2022-04-21 17:19:10,2022-04-21 17:19:37,"[CSC, CTPPS, CTPPS_TOT, GEM, HCAL, PIXEL, TRACKER]",,,,circulating2022/v2,,TransferTest2022,
350602,7537,1589,2022-04-21 17:21:02,2022-04-21 17:47:31,"[CSC, CTPPS, CTPPS_TOT, GEM, HCAL, PIXEL, TRACKER]",,,,circulating2022/v2,,TransferTest2022,
350605,7537,165,2022-04-21 17:48:52,2022-04-21 17:51:37,"[CSC, CTPPS, CTPPS_TOT, GEM, HCAL, PIXEL, TRACKER]",,,,circulating2022/v2,/cdaq/circulating/2022/v1.0/HLT/V1,TransferTest2022,
350608,7537,647,2022-04-21 18:18:05,2022-04-21 18:28:52,"[CSC, CTPPS, CTPPS_TOT, GEM, HCAL, PIXEL, TRACKER]",0.0,0.0,276099,circulating2022/v3,/cdaq/circulating/2022/v1.0/HLT/V2,Commissioning2022,1
350612,7538,7001,2022-04-21 19:19:42,2022-04-21 21:16:23,"[CSC, CTPPS, CTPPS_TOT, HCAL]",0.0,0.0,464030471,cosmics2022/v77,/cdaq/cosmic/commissioning2022/CRAFT/v2.1/HLT/V1,Commissioning2022,3
350616,7538,1268,2022-04-21 21:34:20,2022-04-21 21:55:28,"[CTPPS, CTPPS_TOT]",0.0,0.0,54530707,cosmics2022/v77,/cdaq/cosmic/commissioning2022/CRAFT/v2.1/HLT/V1,Commissioning2022,3
350617,7538,7895,2022-04-21 21:58:00,2022-04-22 00:09:35,"[CTPPS, CTPPS_TOT]",0.0,0.0,530222138,cosmics2022/v77,/cdaq/cosmic/commissioning2022/CRAFT/v2.1/HLT/V1,Commissioning2022,3
350618,7538,475,2022-04-22 00:13:15,2022-04-22 00:21:10,"[CTPPS, CTPPS_TOT]",0.0,0.0,18627526,cosmics2022/v77,/cdaq/cosmic/commissioning2022/CRAFT/v2.1/HLT/V1,Commissioning2022,3
350619,7538,20774,2022-04-22 00:22:56,2022-04-22 06:09:10,"[CTPPS, CTPPS_TOT]",1.0E-12,1.0E-12,1392133297,cosmics2022/v77,/cdaq/cosmic/commissioning2022/CRAFT/v2.1/HLT/V1,Commissioning2022,3
350622,7540,6381,2022-04-22 06:45:30,2022-04-22 08:31:51,"[CSC, CTPPS, CTPPS_TOT, DT, GEM, PIXEL, RPC, TRACKER]",0.0,0.0,9655,beamsplash/v6,/cdaq/special/Splash/2022/HLT/V4,Commissioning2022,0
350628,7540,379,2022-04-22 08:34:37,2022-04-22 08:40:56,"[CSC, CTPPS, CTPPS_TOT, DT, GEM, PIXEL, RPC, TRACKER]",0.0,0.0,420,beamsplash/v6,/cdaq/special/Splash/2022/HLT/V4,Commissioning2022,0
350630,7540,35,2022-04-22 08:42:59,2022-04-22 08:43:34,"[CSC, CTPPS, CTPPS_TOT, DT, GEM, PIXEL, RPC, TRACKER]",,,,beamsplash/v6,,TransferTest2022,
350632,7540,246,2022-04-22 08:46:32,2022-04-22 08:50:38,"[CSC, CTPPS, CTPPS_TOT, DT, GEM, PIXEL, RPC, TRACKER]",0.0,0.0,5,beamsplash/v6,/cdaq/special/Splash/2022/HLT/V4,TransferTest2022,0
350634,7540,1532,2022-04-22 08:54:30,2022-04-22 09:20:02,"[CSC, CTPPS, CTPPS_TOT, DT, GEM, PIXEL, RPC, TRACKER]",0.0,0.0,2071,beamsplash/v6,/cdaq/special/Splash/2022/HLT/V4,Commissioning2022,0
350636,7540,29,2022-04-22 09:22:37,2022-04-22 09:23:06,"[CSC, CTPPS, CTPPS_TOT, DT, GEM, PIXEL, RPC, TRACKER]",,,,beamsplash/v6,,TransferTest2022,
350637,7540,208,2022-04-22 09:24:49,2022-04-22 09:28:17,"[CSC, CTPPS, CTPPS_TOT, DT, GEM, PIXEL, RPC, TRACKER]",0.0,0.0,185,beamsplash/v6,/cdaq/special/Splash/2022/HLT/V4,Commissioning2022,0
350639,7540,53,2022-04-22 09:30:31,2022-04-22 09:31:24,"[CSC, CTPPS, CTPPS_TOT, DT, GEM, PIXEL, RPC, TRACKER]",,,,beamsplash/v6,,TransferTest2022,
350640,7540,365,2022-04-22 09:32:50,2022-04-22 09:38:55,"[CSC, CTPPS, CTPPS_TOT, DT, GEM, PIXEL, RPC, TRACKER]",0.0,0.0,426,beamsplash/v6,/cdaq/special/Splash/2022/HLT/V4,Commissioning2022,0
350642,7540,48,2022-04-22 09:41:25,2022-04-22 09:42:13,"[CSC, CTPPS, CTPPS_TOT, DT, GEM, PIXEL, RPC, TRACKER]",,,,beamsplash/v6,,TransferTest2022,
350643,7540,1750,2022-04-22 09:43:50,2022-04-22 10:13:00,"[CSC, CTPPS, CTPPS_TOT, DT, GEM, PIXEL, RPC, TRACKER]",0.0,0.0,2565,beamsplash/v6,/cdaq/special/Splash/2022/HLT/V4,Commissioning2022,0
350644,7540,66,2022-04-22 10:15:02,2022-04-22 10:16:08,"[CSC, CTPPS, CTPPS_TOT, DT, GEM, PIXEL, RPC, TRACKER]",,,,beamsplash/v6,/cdaq/special/Splash/2022/HLT/V4,TransferTest2022,
350645,7540,16,2022-04-22 10:23:43,2022-04-22 10:23:59,"[CSC, CTPPS, CTPPS_TOT, DT, GEM, PIXEL, RPC, TRACKER]",,,,beamsplash/v6,,TransferTest2022,
350647,7540,224,2022-04-22 10:25:15,2022-04-22 10:28:59,"[CSC, CTPPS, CTPPS_TOT, DT, GEM, PIXEL, RPC, TRACKER]",0.0,0.0,5,beamsplash/v6,/cdaq/special/Splash/2022/HLT/V4,TransferTest2022,0
350653,7540,50,2022-04-22 11:21:31,2022-04-22 11:22:21,"[CSC, CTPPS, CTPPS_TOT, GEM, TRACKER]",,,,circulating2022/v3,/cdaq/circulating/2022/v1.0/HLT/V2,TransferTest2022,
350654,7540,989,2022-04-22 11:25:18,2022-04-22 11:41:47,"[CSC, CTPPS, CTPPS_TOT, GEM, TRACKER]",0.0,0.0,57371,circulating2022/v3,/cdaq/circulating/2022/v1.0/HLT/V2,Commissioning2022,1
350655,7540,1328,2022-04-22 11:45:32,2022-04-22 12:07:40,"[CSC, CTPPS, CTPPS_TOT, GEM, TRACKER]",0.0,0.0,77024,circulating2022/v3,/cdaq/circulating/2022/v1.0/HLT/V2,Commissioning2022,1
350656,7540,3091,2022-04-22 12:22:48,2022-04-22 13:14:19,"[CSC, CTPPS, CTPPS_TOT, GEM, TRACKER]",0.0,0.0,187454,testingl1t/v3,/cdaq/circulating/2022/v1.0/HLT/V2,Commissioning2022,1
350658,7540,609,2022-04-22 13:37:57,2022-04-22 13:48:06,"[CSC, CTPPS, CTPPS_TOT, GEM, TRACKER]",0.0,0.0,296997,testingl1t/v4,/cdaq/circulating/2022/v1.0/HLT/V2,Commissioning2022,1
350663,7540,3023,2022-04-22 14:17:37,2022-04-22 15:08:00,"[CSC, CTPPS, CTPPS_TOT, DT, GEM, HCAL, TRACKER]",0.0,0.0,1517879,circulating2022/v4,/cdaq/circulating/2022/v1.0/HLT/V2,Commissioning2022,1
350672,7540,103,2022-04-22 15:12:15,2022-04-22 15:13:58,"[CSC, CTPPS, CTPPS_TOT, GEM, HCAL, TRACKER]",,,,circulating2022/v4,,TransferTest2022,
350673,7540,478,2022-04-22 15:15:22,2022-04-22 15:23:20,"[CSC, CTPPS, CTPPS_TOT, GEM, HCAL, TRACKER]",,,,circulating2022/v4,,TransferTest2022,
350676,7540,3819,2022-04-22 15:31:12,2022-04-22 16:34:51,"[CSC, CTPPS, CTPPS_TOT, GEM, HCAL]",0.0,0.0,1912231,circulating2022/v4,/cdaq/circulating/2022/v1.0/HLT/V2,Commissioning2022,1
350680,7540,2115,2022-04-22 16:39:01,2022-04-22 17:14:16,"[CTPPS, CTPPS_TOT]",0.0,0.0,1106715,circulating2022/v4,/cdaq/circulating/2022/v1.0/HLT/V2,Commissioning2022,1
350681,7540,122,2022-04-22 17:16:57,2022-04-22 17:18:59,"[CTPPS, CTPPS_TOT]",,,,circulating2022/v4,,TransferTest2022,
350682,7540,1631,2022-04-22 17:20:14,2022-04-22 17:47:25,"[CTPPS, CTPPS_TOT]",0.0,0.0,792241,circulating2022/v4,/cdaq/circulating/2022/v1.0/HLT/V2,Commissioning2022,1
350683,7540,57252,2022-04-22 17:48:45,2022-04-23 09:42:57,"[CTPPS, CTPPS_TOT]",0.0,0.0,44004306,circulating2022/v4,/cdaq/circulating/2022/v1.0/HLT/V2,Commissioning2022,1
350684,7540,13627,2022-04-23 09:51:22,2022-04-23 13:38:29,"[CTPPS, CTPPS_TOT, PIXEL]",0.0,0.0,6948867,circulating2022/v5,/cdaq/circulating/2022/v1.0/HLT/V2,Commissioning2022,7
350685,7540,58,2022-04-23 13:42:10,2022-04-23 13:43:08,"[CTPPS, CTPPS_TOT, PIXEL]",,,,circulating2022/v5,,TransferTest2022,
350686,7540,1747,2022-04-23 13:45:09,2022-04-23 14:14:16,"[CTPPS, CTPPS_TOT, PIXEL]",0.0,0.0,847712,circulating2022/v5,/cdaq/circulating/2022/v1.0/HLT/V2,Commissioning2022,1
350687,7540,19210,2022-04-23 14:19:19,2022-04-23 19:39:29,"[CTPPS, CTPPS_TOT]",0.0,0.0,9729632,circulating2022/v5,/cdaq/circulating/2022/v1.0/HLT/V2,Commissioning2022,1
350688,7541,61,2022-04-23 19:42:05,2022-04-23 19:43:06,"[CTPPS, CTPPS_TOT]",,,,circulating2022/v5,/cdaq/circulating/2022/v1.0/HLT/V2,TransferTest2022,
350691,7541,1738,2022-04-23 20:00:58,2022-04-23 20:29:56,"[CTPPS, CTPPS_TOT]",0.0,0.0,804277,circulating2022/v5,/cdaq/circulating/2022/v1.0/HLT/V2,Commissioning2022,1
350693,7541,376,2022-04-23 20:36:48,2022-04-23 20:43:04,"[CTPPS, CTPPS_TOT]",0.0,0.0,107126,cosmics2022/v79,/cdaq/cosmic/commissioning2022/CRAFT/v2.1/HLT/V1,Commissioning2022,1
350694,7541,1737,2022-04-23 20:45:28,2022-04-23 21:14:25,"[CTPPS, CTPPS_TOT]",0.0,0.0,810505,cosmics2022/v79,/cdaq/cosmic/commissioning2022/CRAFT/v2.1/HLT/V1,Commissioning2022,1
350697,7541,6249,2022-04-23 21:22:34,2022-04-23 23:06:43,"[CTPPS, CTPPS_TOT]",0.0,0.0,3081280,circulating2022/v5,/cdaq/circulating/2022/v1.0/HLT/V2,Commissioning2022,1
350699,7541,3019,2022-04-23 23:12:26,2022-04-24 00:02:45,"[CTPPS, CTPPS_TOT]",0.0,0.0,900029,cosmics2022/v79,/cdaq/cosmic/commissioning2022/CRAFT/v2.1/HLT/V1,Commissioning2022,1
350700,7541,1617,2022-04-24 00:07:19,2022-04-24 00:34:16,"[CTPPS, CTPPS_TOT]",0.0,0.0,598160,circulating2022/v5,/cdaq/circulating/2022/v1.0/HLT/V2,Commissioning2022,1
350701,7541,16,2022-04-24 00:48:18,2022-04-24 00:48:34,"[CTPPS, CTPPS_TOT]",,,,circulating2022/v5,,TransferTest2022,
350702,7541,139,2022-04-24 00:50:05,2022-04-24 00:52:24,"[CTPPS, CTPPS_TOT]",0.0,0.0,5,circulating2022/v5,/cdaq/circulating/2022/v1.0/HLT/V2,TransferTest2022,1
350703,7541,53,2022-04-24 00:55:23,2022-04-24 00:56:16,"[CTPPS, CTPPS_TOT]",,,,circulating2022/v5,/cdaq/circulating/2022/v1.0/HLT/V2,TransferTest2022,
350704,7541,2341,2022-04-24 00:58:38,2022-04-24 01:37:39,"[CTPPS, CTPPS_TOT]",0.0,0.0,1138700,circulating2022/v5,/cdaq/circulating/2022/v1.0/HLT/V2,Commissioning2022,1
350705,7541,7328,2022-04-24 01:38:13,2022-04-24 03:40:21,"[CTPPS, CTPPS_TOT]",0.0,0.0,3654824,circulating2022/v5,/cdaq/circulating/2022/v1.0/HLT/V2,Commissioning2022,1
350706,7543,1714,2022-04-24 03:44:43,2022-04-24 04:13:17,"[CTPPS, CTPPS_TOT]",0.0,0.0,837455,circulating2022/v5,/cdaq/circulating/2022/v1.0/HLT/V2,Commissioning2022,1
350707,7543,53127,2022-04-24 04:15:02,2022-04-24 19:00:29,"[CTPPS, CTPPS_TOT]",0.0,0.0,27147594,circulating2022/v5,/cdaq/circulating/2022/v1.0/HLT/V2,Commissioning2022,1
350708,7544,34,2022-04-24 19:03:49,2022-04-24 19:04:23,"[CTPPS, CTPPS_TOT]",,,,circulating2022/v5,,TransferTest2022,
350709,7544,2341,2022-04-24 19:06:03,2022-04-24 19:45:04,"[CTPPS, CTPPS_TOT]",0.0,0.0,1123557,circulating2022/v5,/cdaq/circulating/2022/v1.0/HLT/V2,Commissioning2022,1
350710,7544,2855,2022-04-24 19:46:03,2022-04-24 20:33:38,"[CTPPS, CTPPS_TOT]",0.0,0.0,1382042,circulating2022/v5,/cdaq/circulating/2022/v1.0/HLT/V2,Commissioning2022,1
350713,7545,929,2022-04-24 21:38:54,2022-04-24 21:54:23,"[CTPPS, CTPPS_TOT]",0.0,0.0,53275593,cosmics2022/v79,/cdaq/cosmic/commissioning2022/CRAFT/v2.1/HLT/V1,Commissioning2022,1
350714,7545,3837,2022-04-24 21:57:11,2022-04-24 23:01:08,"[CTPPS, CTPPS_TOT]",0.0,0.0,248641775,cosmics2022/v79,/cdaq/cosmic/commissioning2022/CRAFT/v2.1/HLT/V1,Commissioning2022,1
350715,7545,96,2022-04-24 23:04:19,2022-04-24 23:05:55,"[CTPPS, CTPPS_TOT]",0.0,0.0,418689,cosmics2022/v79,/cdaq/cosmic/commissioning2022/CRAFT/v2.1/HLT/V1,Commissioning2022,
350716,7545,14518,2022-04-24 23:06:51,2022-04-25 03:08:49,"[CTPPS, CTPPS_TOT]",0.0,0.0,919730120,cosmics2022/v79,/cdaq/cosmic/commissioning2022/CRAFT/v2.1/HLT/V1,Commissioning2022,1
350718,7546,47,2022-04-25 03:22:05,2022-04-25 03:22:52,"[CTPPS, CTPPS_TOT]",,,,circulating2022/v5,/cdaq/circulating/2022/v1.0/HLT/V2,TransferTest2022,
350719,7546,13322,2022-04-25 03:25:37,2022-04-25 07:07:39,"[CTPPS, CTPPS_TOT]",0.0,0.0,6726114,circulating2022/v5,/cdaq/circulating/2022/v1.0/HLT/V2,Commissioning2022,1
350720,7546,823,2022-04-25 07:18:15,2022-04-25 07:31:58,"[CSC, CTPPS, CTPPS_TOT]",0.0,0.0,384334,circulating2022/v5,/cdaq/circulating/2022/v1.0/HLT/V2,Commissioning2022,1
350721,7546,1689,2022-04-25 07:32:51,2022-04-25 08:01:00,"[CSC, CTPPS, CTPPS_TOT]",0.0,0.0,740069,circulating2022/v5,/cdaq/circulating/2022/v1.0/HLT/V2,Commissioning2022,1
350722,7546,85,2022-04-25 08:05:14,2022-04-25 08:06:39,"[CSC, CTPPS, CTPPS_TOT]",0.0,0.0,2168,circulating2022/v5,/cdaq/circulating/2022/v1.0/HLT/V2,Commissioning2022,
350724,7547,1128,2022-04-25 08:25:17,2022-04-25 08:44:05,"[CSC, CTPPS, CTPPS_TOT, DT, ES, GEM, HCAL, PIXEL, RPC]",0.0,0.0,499018,circulating2022/v5,/cdaq/circulating/2022/v1.0/HLT/V2,Commissioning2022,1
350729,7547,536,2022-04-25 08:54:19,2022-04-25 09:03:15,"[CSC, CTPPS, CTPPS_TOT, DT, ECAL, ES, GEM, PIXEL, RPC, TRACKER]",0.0,0.0,758090,circulating2022/v5,/cdaq/circulating/2022/v1.0/HLT/V2,Commissioning2022,1
350731,7547,779,2022-04-25 09:04:06,2022-04-25 09:17:05,"[CSC, CTPPS, CTPPS_TOT, DT, ECAL, ES, GEM, PIXEL, RPC, TRACKER]",0.0,0.0,31569886,circulating2022/v5,/cdaq/circulating/2022/v1.0/HLT/V2,TransferTest2022,1
350733,7547,170,2022-04-25 09:21:28,2022-04-25 09:24:18,"[CSC, CTPPS, CTPPS_TOT, DT, ES, GEM, HCAL, PIXEL, RPC]",0.0,0.0,42940,circulating2022/v5,/cdaq/circulating/2022/v1.0/HLT/V2,Commissioning2022,1
350735,7547,1810,2022-04-25 09:28:31,2022-04-25 09:58:41,"[CSC, CTPPS, CTPPS_TOT, DT, ES, GEM, HCAL, PIXEL, RPC]",0.0,0.0,725761,circulating2022/v5,/cdaq/circulating/2022/v1.0/HLT/V2,Commissioning2022,1
350738,7548,175,2022-04-25 10:01:06,2022-04-25 10:04:01,"[CSC, CTPPS, CTPPS_TOT, DT, ES, GEM, HCAL, PIXEL, RPC]",0.0,0.0,512,circulating2022/v5,/cdaq/circulating/2022/v1.0/HLT/V2,Commissioning2022,1
350739,7548,445,2022-04-25 10:08:02,2022-04-25 10:15:27,"[CSC, CTPPS, CTPPS_TOT, DT, ES, GEM, HCAL, PIXEL, RPC]",0.0,0.0,42252,circulating2022/v5,/cdaq/circulating/2022/v1.0/HLT/V2,Commissioning2022,1
350741,7548,100,2022-04-25 10:17:11,2022-04-25 10:18:51,"[CSC, CTPPS, CTPPS_TOT, DT, ES, GEM, HCAL, PIXEL, RPC]",,,,circulating2022/v5,,TransferTest2022,
350742,7548,1484,2022-04-25 10:19:54,2022-04-25 10:44:38,"[CSC, CTPPS, CTPPS_TOT, DT, ES, GEM, HCAL, PIXEL, RPC]",0.0,0.0,700684,circulating2022/v5,/cdaq/circulating/2022/v1.0/HLT/V2,Commissioning2022,1
350743,7548,693,2022-04-25 10:47:34,2022-04-25 10:59:07,"[CSC, CTPPS, CTPPS_TOT, DT, ECAL, ES, GEM, PIXEL, RPC, TRACKER]",0.0,0.0,99672,circulating2022/v5,/cdaq/circulating/2022/v1.0/HLT/V2,Commissioning2022,1
350745,7548,73,2022-04-25 11:00:08,2022-04-25 11:01:21,"[CSC, CTPPS, CTPPS_TOT, DT, ECAL, ES, GEM, PIXEL, RPC, TRACKER]",,,,circulating2022/v5,,TransferTest2022,
350746,7548,801,2022-04-25 11:02:32,2022-04-25 11:15:53,"[CSC, CTPPS, CTPPS_TOT, DT, ECAL, ES, GEM, PIXEL, RPC, TRACKER]",0.0,0.0,808121,circulating2022/v5,/cdaq/circulating/2022/v1.0/HLT/V2,Commissioning2022,1
350747,7548,416,2022-04-25 11:18:44,2022-04-25 11:25:40,"[CSC, CTPPS, CTPPS_TOT, DT, ES, GEM, PIXEL, RPC]",0.0,0.0,173007,circulating2022/v5,/cdaq/circulating/2022/v1.0/HLT/V2,Commissioning2022,1
