run_number,fill_number,duration,start_time,end_time,components_out,delivered_lumi,recorded_lumi,l1_triggers_counter,l1_hlt_mode_stripped,hlt_key,era,initial_prescale_index
389118,10405,28,2025-02-22 10:08:10,2025-02-22 10:08:38,"[CSC, CTPPS, CTPPS_TOT, DQM, DT, ECAL, ES, GEM, HCAL, L1SCOUT, PIXEL, RPC, TRACKER, TRG]",0.0,0.0,11628,special/v44,/cdaq/special/2024/TrackerVR/v1.6.1/HLT/V1,Emulation2025,
389119,10405,331,2025-02-22 10:09:27,2025-02-22 10:14:58,"[CSC, CTPPS, CTPPS_TOT, DQM, DT, ECAL, ES, GEM, HCAL, L1SCOUT, PIXEL, RPC, TRACKER, TRG]",0.0,0.0,160811,special/v44,/cdaq/special/2024/TrackerVR/v1.6.1/HLT/V1,Emulation2025,
389127,10405,505,2025-02-24 13:30:23,2025-02-24 13:38:48,"[CSC, CTPPS, CTPPS_TOT, DQM, DT, ECAL, ES, GEM, HCAL, L1SCOUT, PIXEL, RPC, TRACKER, TRG]",0.0,0.0,242511,special/v44,/cdaq/special/2024/TrackerVR/v1.6.1/HLT/V1,Emulation2025,
389221,10405,147,2025-03-03 18:10:06,2025-03-03 18:12:33,"[CSC, CTPPS, CTPPS_TOT, DQM, DT, ECAL, ES, GEM, HCAL, L1SCOUT, PIXEL, RPC, TRACKER, TRG]",0.0,0.0,57919,cosmics_hi/v32,/cdaq/cosmic/commissioning2024/v1.6.1/HLT/V1,Commissioning2025,
389223,10405,6466,2025-03-04 08:40:17,2025-03-04 10:28:03,"[CSC, CTPPS, CTPPS_TOT, DQM, DT, ECAL, ES, GEM, HCAL, L1SCOUT, PIXEL, RPC, TRACKER, TRG]",0.0,0.0,2387415,cosmics_hi/v32,/cdaq/cosmic/commissioning2024/v1.6.1/HLT/V1,Commissioning2025,
389225,10405,54,2025-03-04 12:47:28,2025-03-04 12:48:21,"[CSC, CTPPS, CTPPS_TOT, DQM, DT, ECAL, ES, GEM, HCAL, L1SCOUT, PIXEL, RPC, TRACKER, TRG]",0.0,0.0,17897,cosmics_hi/v32,/cdaq/cosmic/commissioning2024/v1.6.1/HLT/V1,Emulation2025,
389226,10405,427,2025-03-04 12:49:15,2025-03-04 12:56:22,"[CSC, CTPPS, CTPPS_TOT, DQM, DT, ECAL, ES, GEM, HCAL, L1SCOUT, PIXEL, RPC, TRACKER, TRG]",0.0,0.0,19833,cosmics_hi/v32,/cdaq/cosmic/commissioning2024/v1.6.1/HLT/V1,Emulation2025,
389231,10405,1040,2025-03-05 16:34:12,2025-03-05 16:51:32,"[CSC, CTPPS, CTPPS_TOT, DQM, DT, ECAL, ES, GEM, HCAL, L1SCOUT, PIXEL, RPC, TRACKER, TRG]",0.0,0.0,507769,cosmics_hi/v32,/cdaq/cosmic/commissioning2024/v1.6.1/HLT/V1,Emulation2025,
389232,10405,740,2025-03-05 16:52:06,2025-03-05 17:04:26,"[CSC, CTPPS, CTPPS_TOT, DQM, DT, ECAL, ES, GEM, HCAL, L1SCOUT, PIXEL, RPC, TRACKER, TRG]",0.0,0.0,357725,cosmics_hi/v32,/cdaq/cosmic/commissioning2024/v1.6.1/HLT/V1,Emulation2025,
389285,10405,29,2025-03-06 17:40:43,2025-03-06 17:41:12,"[CSC, CTPPS, CTPPS_TOT, DQM, DT, ECAL, ES, GEM, HCAL, L1SCOUT, PIXEL, RPC, TRACKER, TRG]",0.0,0.0,11542,cosmics_hi/v32,/cdaq/cosmic/commissioning2024/v1.6.1/HLT/V1,Emulation2025,
389286,10405,78,2025-03-06 17:42:56,2025-03-06 17:44:15,"[CSC, CTPPS, CTPPS_TOT, DQM, DT, ECAL, ES, GEM, HCAL, L1SCOUT, PIXEL, RPC, TRACKER, TRG]",0.0,0.0,34702,cosmics_hi/v32,/cdaq/cosmic/commissioning2024/v1.6.1/HLT/V1,Emulation2025,
389288,10405,140,2025-03-06 17:54:00,2025-03-06 17:56:20,"[CSC, CTPPS, CTPPS_TOT, DQM, DT, ECAL, ES, GEM, HCAL, L1SCOUT, PIXEL, RPC, TRACKER, TRG]",0.0,0.0,57707,cosmics_hi/v32,/cdaq/cosmic/commissioning2024/v1.6.1/HLT/V1,Emulation2025,
389295,10405,136,2025-03-07 09:34:37,2025-03-07 09:36:52,"[CSC, CTPPS, CTPPS_TOT, ES, GEM, HCAL, L1SCOUT, PIXEL, RPC]",0.0,0.0,0,cosmics2024/v160,/cdaq/cosmic/commissioning2024/v1.6.0/HLT/V3,Emulation2025,4
389297,10405,108,2025-03-07 09:39:34,2025-03-07 09:41:22,"[CSC, CTPPS, CTPPS_TOT, ES, GEM, HCAL, L1SCOUT, PIXEL, RPC]",0.0,0.0,55,cosmics2024/v160,/cdaq/cosmic/commissioning2024/v1.6.0/HLT/V3,Emulation2025,4
389298,10405,75,2025-03-07 09:43:53,2025-03-07 09:45:08,"[CSC, CTPPS, CTPPS_TOT, ES, GEM, HCAL, L1SCOUT, PIXEL, RPC]",0.0,0.0,768,cosmics2024/v160,/cdaq/cosmic/commissioning2024/v1.6.0/HLT/V3,Emulation2025,4
389299,10405,99,2025-03-07 09:49:10,2025-03-07 09:50:49,"[CSC, CTPPS, CTPPS_TOT, DT, ES, GEM, HCAL, L1SCOUT, PIXEL, RPC]",0.0,0.0,0,cosmics2024/v160,/cdaq/cosmic/commissioning2024/v1.6.0/HLT/V3,Emulation2025,4
389302,10405,92,2025-03-07 09:53:23,2025-03-07 09:54:54,"[CSC, CTPPS, CTPPS_TOT, DT, ECAL, ES, GEM, HCAL, L1SCOUT, PIXEL, RPC]",0.0,0.0,0,cosmics2024/v160,/cdaq/cosmic/commissioning2024/v1.6.0/HLT/V3,Emulation2025,4
389303,10405,279,2025-03-07 09:57:09,2025-03-07 10:01:48,"[CSC, CTPPS, CTPPS_TOT, DT, ECAL, ES, GEM, HCAL, L1SCOUT, PIXEL, RPC]",0.0,0.0,272141,cosmics2024/v160,/cdaq/cosmic/commissioning2024/v1.6.0/HLT/V3,Emulation2025,4
389304,10405,1121,2025-03-07 10:07:21,2025-03-07 10:26:02,"[CSC, CTPPS, CTPPS_TOT, DT, ECAL, ES, GEM, HCAL, L1SCOUT, PIXEL, RPC]",0.0,0.0,98081603,cosmics2025/v2,/cdaq/cosmic/commissioning2025/v0.0.0/HLT/V1,Emulation2025,4
389314,10405,938,2025-03-07 10:59:40,2025-03-07 11:15:18,"[CTPPS, CTPPS_TOT, ES, GEM, HCAL, L1SCOUT, PIXEL, RPC, TRACKER]",0.0,0.0,55,cosmics2025/v2,/cdaq/cosmic/commissioning2025/v0.0.0/HLT/V1,Emulation2025,4
389316,10405,136,2025-03-07 11:17:57,2025-03-07 11:20:14,"[CTPPS, CTPPS_TOT, ES, GEM, HCAL, L1SCOUT, PIXEL, RPC, TRACKER]",0.0,0.0,70467,cosmics2025/v2,/cdaq/cosmic/commissioning2025/v0.0.0/HLT/V1,Emulation2025,4
389317,10405,794,2025-03-07 11:21:03,2025-03-07 11:34:17,"[CTPPS, CTPPS_TOT, ES, GEM, HCAL, L1SCOUT, PIXEL, RPC, TRACKER]",0.0,0.0,3717483,cosmics2025/v2,/cdaq/cosmic/commissioning2025/v0.0.0/HLT/V1,Emulation2025,4
389322,10405,243,2025-03-07 11:48:15,2025-03-07 11:52:18,"[CTPPS, CTPPS_TOT, ECAL, ES, GEM, HCAL, L1SCOUT, PIXEL, RPC, TRACKER]",,,,cosmics2025/v2,,Emulation2025,
389323,10405,312,2025-03-07 11:54:12,2025-03-07 11:59:24,"[CTPPS, CTPPS_TOT, ECAL, ES, GEM, HCAL, L1SCOUT, PIXEL, RPC, TRACKER]",,,,cosmics2025/v2,,Emulation2025,
389325,10405,61,2025-03-07 12:01:56,2025-03-07 12:02:57,"[CTPPS, CTPPS_TOT, ECAL, ES, GEM, HCAL, L1SCOUT, PIXEL, RPC, TRACKER]",0.0,0.0,31833,cosmics2025/v2,/cdaq/cosmic/commissioning2025/v0.0.0/HLT/V1,Emulation2025,4
389326,10405,90,2025-03-07 12:05:14,2025-03-07 12:06:44,"[CTPPS, CTPPS_TOT, ECAL, ES, GEM, HCAL, L1SCOUT, PIXEL, RPC, TRACKER]",0.0,0.0,101,cosmics2025/v2,/cdaq/cosmic/commissioning2025/v0.0.0/HLT/V1,Emulation2025,4
389328,10405,238,2025-03-07 12:07:42,2025-03-07 12:11:40,"[CTPPS, CTPPS_TOT, ECAL, ES, GEM, HCAL, L1SCOUT, PIXEL, RPC, TRACKER]",0.0,0.0,76,cosmics2025/v2,/cdaq/cosmic/commissioning2025/v0.0.0/HLT/V1,Emulation2025,4
389329,10405,62,2025-03-07 12:24:10,2025-03-07 12:25:12,"[CTPPS, CTPPS_TOT, ECAL, ES, GEM, HCAL, L1SCOUT, PIXEL, RPC, TRACKER]",0.0,0.0,53,cosmics2025/v2,/cdaq/cosmic/commissioning2025/v0.0.0/HLT/V1,Emulation2025,4
389331,10405,308,2025-03-07 12:31:26,2025-03-07 12:36:34,"[CTPPS, CTPPS_TOT, ECAL, ES, GEM, HCAL, L1SCOUT, PIXEL, RPC, TRACKER]",0.0,0.0,53,cosmics2025/v2,/cdaq/cosmic/commissioning2025/v0.0.0/HLT/V1,Emulation2025,4
389335,10405,4007,2025-03-07 12:42:16,2025-03-07 13:49:04,"[CTPPS, CTPPS_TOT, ECAL, ES, GEM, HCAL, L1SCOUT, PIXEL, RPC, TRACKER]",0.0,0.0,425497670,cosmics2025/v2,/cdaq/cosmic/commissioning2025/v0.0.0/HLT/V1,Emulation2025,4
389338,10405,27,2025-03-07 13:49:28,2025-03-07 13:49:55,"[CTPPS, CTPPS_TOT, ECAL, ES, GEM, HCAL, L1SCOUT, PIXEL, RPC, TRACKER]",,,,cosmics2025/v2,,Emulation2025,
389339,10405,1026,2025-03-07 13:55:10,2025-03-07 14:12:16,"[CTPPS, CTPPS_TOT, ECAL, ES, GEM, HCAL, L1SCOUT, PIXEL, RPC, TRACKER]",0.0,0.0,116075253,cosmics2025/v2,/cdaq/cosmic/commissioning2025/v0.0.0/HLT/V1,Commissioning2025,4
389341,10405,7390,2025-03-07 14:22:36,2025-03-07 16:25:46,"[CTPPS, CTPPS_TOT, ECAL, ES, GEM, HCAL, L1SCOUT, PIXEL, RPC, TRACKER]",0.0,0.0,842074102,cosmics2025/v3,/cdaq/cosmic/commissioning2025/v0.0.0/HLT/V1,Commissioning2025,4
389349,10405,589,2025-03-07 17:02:54,2025-03-07 17:12:43,"[CTPPS, CTPPS_TOT, ES, GEM, L1SCOUT, PIXEL, RPC, TRACKER]",0.0,0.0,62937456,cosmics2025/v3,/cdaq/cosmic/commissioning2025/v0.0.0/HLT/V1,Commissioning2025,4
389351,10405,879,2025-03-07 17:21:55,2025-03-07 17:36:34,"[CTPPS, CTPPS_TOT, ES, GEM, L1SCOUT, PIXEL, RPC]",0.0,0.0,93710965,cosmics2025/v3,/cdaq/cosmic/commissioning2025/v0.0.0/HLT/V1,Commissioning2025,4
389353,10405,89,2025-03-07 17:44:17,2025-03-07 17:45:46,"[CTPPS, CTPPS_TOT, ES, GEM, L1SCOUT, RPC]",0.0,0.0,1024,cosmics2025/v3,/cdaq/cosmic/commissioning2025/v0.0.0/HLT/V1,Commissioning2025,4
389354,10405,97,2025-03-07 17:49:50,2025-03-07 17:51:27,"[CTPPS, CTPPS_TOT, ES, GEM, L1SCOUT, RPC]",0.0,0.0,1024,cosmics2025/v3,/cdaq/cosmic/commissioning2025/v0.0.0/HLT/V1,Commissioning2025,4
389355,10405,828,2025-03-07 17:55:11,2025-03-07 18:08:59,"[CTPPS, CTPPS_TOT, ES, GEM, L1SCOUT, RPC]",0.0,0.0,82930397,cosmics2025/v3,/cdaq/cosmic/commissioning2025/v0.0.0/HLT/V1,Commissioning2025,4
389356,10405,12549,2025-03-07 18:12:07,2025-03-07 21:41:16,"[CTPPS, CTPPS_TOT, ES, GEM, L1SCOUT, RPC]",0.0,0.0,1424549086,cosmics2025/v3,/cdaq/cosmic/commissioning2025/v0.0.0/HLT/V1,Commissioning2025,4
389357,10405,373,2025-03-07 22:01:34,2025-03-07 22:07:47,"[CTPPS, CTPPS_TOT, ES, GEM, L1SCOUT, RPC]",0.0,0.0,9007307,cosmics2025/v3,/cdaq/cosmic/commissioning2025/v0.0.0/HLT/V1,Commissioning2025,4
389358,10405,31579,2025-03-07 22:18:55,2025-03-08 07:05:14,"[CTPPS, CTPPS_TOT, ES, GEM, L1SCOUT, PIXEL, RPC]",0.0,0.0,3536125399,cosmics2025/v3,/cdaq/cosmic/commissioning2025/v0.0.0/HLT/V1,Commissioning2025,4
389359,10405,8684,2025-03-08 07:13:17,2025-03-08 09:38:01,"[CTPPS, CTPPS_TOT, ES, GEM, L1SCOUT, PIXEL, RPC]",0.0,0.0,990914521,cosmics2025/v3,/cdaq/cosmic/commissioning2025/v0.0.0/HLT/V1,Commissioning2025,4
389361,10405,4823,2025-03-08 09:45:23,2025-03-08 11:05:46,"[CSC, CTPPS, CTPPS_TOT, ES, GEM, L1SCOUT, PIXEL, RPC]",0.0,0.0,541952161,cosmics2025/v3,/cdaq/cosmic/commissioning2025/v0.0.0/HLT/V1,Commissioning2025,4
389365,10405,6030,2025-03-08 11:08:49,2025-03-08 12:49:19,"[CTPPS, CTPPS_TOT, ES, GEM, L1SCOUT, PIXEL, RPC]",0.0,0.0,665151463,cosmics2025/v3,/cdaq/cosmic/commissioning2025/v0.0.0/HLT/V1,Commissioning2025,4
389366,10405,14994,2025-03-08 12:53:49,2025-03-08 17:03:43,"[CTPPS, CTPPS_TOT, ES, GEM, L1SCOUT, PIXEL, RPC]",0.0,0.0,1694730308,cosmics2025/v3,/cdaq/cosmic/commissioning2025/v0.0.0/HLT/V1,Commissioning2025,4
389367,10405,15918,2025-03-08 17:11:56,2025-03-08 21:37:14,"[CTPPS, CTPPS_TOT, ES, GEM, L1SCOUT, PIXEL, RPC]",0.0,0.0,1813572886,cosmics2025/v3,/cdaq/cosmic/commissioning2025/v0.0.0/HLT/V1,Commissioning2025,4
389368,10405,33556,2025-03-08 21:44:03,2025-03-09 07:03:19,"[CTPPS, CTPPS_TOT, ES, GEM, L1SCOUT, PIXEL, RPC]",0.0,0.0,3822347084,cosmics2025/v3,/cdaq/cosmic/commissioning2025/v0.0.0/HLT/V1,Commissioning2025,4
389369,10405,8772,2025-03-09 07:14:50,2025-03-09 09:41:02,"[CTPPS, CTPPS_TOT, ES, GEM, L1SCOUT, PIXEL, RPC]",0.0,0.0,994226137,cosmics2025/v3,/cdaq/cosmic/commissioning2025/v0.0.0/HLT/V1,Commissioning2025,4
389370,10405,2193,2025-03-09 09:44:55,2025-03-09 10:21:28,"[CSC, CTPPS, CTPPS_TOT, ES, GEM, L1SCOUT, PIXEL, RPC]",0.0,0.0,237298662,cosmics2025/v3,/cdaq/cosmic/commissioning2025/v0.0.0/HLT/V1,Commissioning2025,4
389372,10405,15174,2025-03-09 10:24:51,2025-03-09 14:37:45,"[CTPPS, CTPPS_TOT, ES, GEM, L1SCOUT, PIXEL, RPC]",0.0,0.0,1725184705,cosmics2025/v3,/cdaq/cosmic/commissioning2025/v0.0.0/HLT/V1,Commissioning2025,4
389373,10405,15264,2025-03-09 14:44:07,2025-03-09 18:58:31,"[CTPPS, CTPPS_TOT, ES, GEM, L1SCOUT, PIXEL, RPC]",0.0,0.0,1738867842,cosmics2025/v3,/cdaq/cosmic/commissioning2025/v0.0.0/HLT/V1,Commissioning2025,4
389374,10405,13950,2025-03-09 19:06:34,2025-03-09 22:59:04,"[CTPPS, CTPPS_TOT, ES, GEM, L1SCOUT, PIXEL, RPC]",0.0,0.0,1563869977,cosmics2025/v3,/cdaq/cosmic/commissioning2025/v0.0.0/HLT/V1,Commissioning2025,4
389375,10405,29652,2025-03-09 23:04:51,2025-03-10 07:19:03,"[CTPPS, CTPPS_TOT, ES, GEM, L1SCOUT, PIXEL, RPC]",0.0,0.0,3374269136,cosmics2025/v3,/cdaq/cosmic/commissioning2025/v0.0.0/HLT/V1,Commissioning2025,4
389376,10405,128,2025-03-10 07:24:26,2025-03-10 07:26:34,"[CSC, CTPPS, CTPPS_TOT, ES, GEM, L1SCOUT, PIXEL, RPC]",0.0,0.0,6752664,cosmics2025/v3,/cdaq/cosmic/commissioning2025/v0.0.0/HLT/V1,Commissioning2025,4
389377,10405,1712,2025-03-10 07:29:23,2025-03-10 07:57:55,"[CSC, CTPPS, CTPPS_TOT, ES, GEM, L1SCOUT, PIXEL, RPC]",0.0,0.0,185223651,cosmics2025/v3,/cdaq/cosmic/commissioning2025/v0.0.0/HLT/V1,Commissioning2025,4
389378,10405,100,2025-03-10 08:01:23,2025-03-10 08:03:03,"[CSC, CTPPS, CTPPS_TOT, ES, GEM, L1SCOUT, PIXEL, RPC]",0.0,0.0,113,cosmics2025/v3,/cdaq/cosmic/commissioning2025/v0.0.0/HLT/V1,Emulation2025,4
389379,10405,3474,2025-03-10 08:06:16,2025-03-10 09:04:10,"[CSC, CTPPS, CTPPS_TOT, ES, GEM, L1SCOUT, PIXEL, RPC]",0.0,0.0,396166122,cosmics2025/v3,/cdaq/cosmic/commissioning2025/v0.0.0/HLT/V1,Commissioning2025,4
389381,10405,123,2025-03-10 09:07:12,2025-03-10 09:09:15,"[CSC, CTPPS, CTPPS_TOT, ES, GEM, L1SCOUT, PIXEL, RPC]",0.0,0.0,1281,cosmics2025/v3,/cdaq/cosmic/commissioning2025/v0.0.0/HLT/V1,Commissioning2025,4
389382,10405,90,2025-03-10 09:12:34,2025-03-10 09:14:04,"[CSC, CTPPS, CTPPS_TOT, ES, GEM, L1SCOUT, PIXEL, RPC]",0.0,0.0,1026,cosmics2025/v3,/cdaq/cosmic/commissioning2025/v0.0.0/HLT/V1,Commissioning2025,4
389384,10405,363,2025-03-10 09:17:01,2025-03-10 09:23:04,"[CSC, CTPPS, CTPPS_TOT, ES, GEM, L1SCOUT, PIXEL, RPC]",0.0,0.0,39871128,cosmics2025/v3,/cdaq/cosmic/commissioning2025/v0.0.0/HLT/V1,Commissioning2025,4
389385,10405,4140,2025-03-10 09:28:59,2025-03-10 10:37:59,"[CSC, CTPPS, CTPPS_TOT, ES, GEM, L1SCOUT, PIXEL, RPC]",0.0,0.0,467925287,cosmics2025/v3,/cdaq/cosmic/commissioning2025/v0.0.0/HLT/V1,Commissioning2025,4
389389,10405,12,2025-03-10 10:42:38,2025-03-10 10:42:50,"[CSC, CTPPS, CTPPS_TOT, ES, GEM, L1SCOUT, PIXEL, RPC]",0.0,0.0,,cosmics2025/v3,/cdaq/cosmic/commissioning2025/v0.0.0/HLT/V1,Commissioning2025,
389390,10405,152,2025-03-10 10:44:29,2025-03-10 10:47:01,"[CSC, CTPPS, CTPPS_TOT, ES, GEM, L1SCOUT, PIXEL, RPC, TRACKER]",0.0,0.0,10160254,cosmics2025/v3,/cdaq/cosmic/commissioning2025/v0.0.0/HLT/V1,Commissioning2025,4
389391,10405,226,2025-03-10 10:51:14,2025-03-10 10:55:00,"[CSC, CTPPS, CTPPS_TOT, ES, GEM, L1SCOUT, PIXEL, RPC]",0.0,0.0,3104,cosmics2025/v3,/cdaq/cosmic/commissioning2025/v0.0.0/HLT/V1,Commissioning2025,4
389392,10405,716,2025-03-10 10:56:47,2025-03-10 11:08:43,"[CSC, CTPPS, CTPPS_TOT, ES, GEM, L1SCOUT, PIXEL, RPC, TRACKER]",0.0,0.0,75443936,cosmics2025/v3,/cdaq/cosmic/commissioning2025/v0.0.0/HLT/V1,Commissioning2025,4
389394,10405,440,2025-03-10 11:12:08,2025-03-10 11:19:28,"[CTPPS, CTPPS_TOT, ES, GEM, L1SCOUT, PIXEL, RPC, TRACKER]",0.0,0.0,44766932,cosmics2025/v3,/cdaq/cosmic/commissioning2025/v0.0.0/HLT/V1,Commissioning2025,4
389395,10405,4,2025-03-10 11:22:25,2025-03-10 11:22:29,"[CTPPS, CTPPS_TOT, ECAL, ES, GEM, L1SCOUT, PIXEL, RPC, TRACKER]",0.0,0.0,,cosmics2025/v3,/cdaq/cosmic/commissioning2025/v0.0.0/HLT/V1,Commissioning2025,
389396,10405,519,2025-03-10 11:25:40,2025-03-10 11:34:19,"[CTPPS, CTPPS_TOT, ES, GEM, HCAL, L1SCOUT, PIXEL, RPC, TRACKER]",0.0,0.0,43995487,cosmics2025/v3,/cdaq/cosmic/commissioning2025/v0.0.0/HLT/V1,Commissioning2025,4
389400,10405,859,2025-03-10 11:45:15,2025-03-10 11:59:34,"[CTPPS, CTPPS_TOT, ES, GEM, HCAL, L1SCOUT, PIXEL, RPC, TRACKER]",0.0,0.0,91450943,cosmics2025/v3,/cdaq/cosmic/commissioning2025/v0.0.0/HLT/V1,Commissioning2025,4
389403,10405,3243,2025-03-10 12:02:59,2025-03-10 12:57:02,"[CTPPS, CTPPS_TOT, ES, GEM, HCAL, L1SCOUT, PIXEL, RPC, TRACKER]",0.0,0.0,367722044,cosmics2025/v4,/cdaq/cosmic/commissioning2025/v0.0.0/HLT/V1,Commissioning2025,4
389406,10405,7018,2025-03-10 13:02:15,2025-03-10 14:59:13,"[CTPPS, CTPPS_TOT, ES, GEM, HCAL, L1SCOUT, PIXEL, RPC, TRACKER]",0.0,0.0,799366191,cosmics2025/v4,/cdaq/cosmic/commissioning2025/v0.0.0/HLT/V1,Commissioning2025,4
389410,10405,3981,2025-03-10 15:05:08,2025-03-10 16:11:29,"[CTPPS, CTPPS_TOT, ES, GEM, HCAL, L1SCOUT, PIXEL, RPC, TRACKER]",0.0,0.0,452983594,cosmics2025/v5,/cdaq/cosmic/commissioning2025/v0.0.0/HLT/V1,Commissioning2025,4
389415,10405,1830,2025-03-10 16:12:45,2025-03-10 16:43:15,"[CTPPS, CTPPS_TOT, ES, GEM, HCAL, L1SCOUT, PIXEL, RPC, TRACKER]",0.0,0.0,207818260,cosmics2025/v5,/cdaq/cosmic/commissioning2025/v0.0.0/HLT/V1,Commissioning2025,4
389416,10405,65,2025-03-10 16:46:50,2025-03-10 16:47:55,"[CTPPS, CTPPS_TOT, ES, GEM, HCAL, L1SCOUT, RPC]",0.0,0.0,768,cosmics2025/v5,/cdaq/cosmic/commissioning2025/v0.0.0/HLT/V1,Commissioning2025,4
389417,10405,113,2025-03-10 16:50:55,2025-03-10 16:52:48,"[CTPPS, CTPPS_TOT, ES, GEM, HCAL, L1SCOUT, RPC]",0.0,0.0,1280,cosmics2025/v5,/cdaq/cosmic/commissioning2025/v0.0.0/HLT/V1,Commissioning2025,4
389418,10405,889,2025-03-10 16:56:00,2025-03-10 17:10:49,"[CTPPS, CTPPS_TOT, ES, GEM, HCAL, L1SCOUT, RPC]",0.0,0.0,92728644,cosmics2025/v5,/cdaq/cosmic/commissioning2025/v0.0.0/HLT/V1,Commissioning2025,4
389419,10405,2055,2025-03-10 17:13:14,2025-03-10 17:47:29,"[CTPPS, CTPPS_TOT, ES, GEM, HCAL, L1SCOUT, RPC]",0.0,0.0,227151998,cosmics2025/v5,/cdaq/cosmic/commissioning2025/v0.0.0/HLT/V1,Commissioning2025,4
389420,10405,2355,2025-03-10 17:50:18,2025-03-10 18:29:33,"[CSC, CTPPS, CTPPS_TOT, ES, GEM, HCAL, L1SCOUT, RPC]",0.0,0.0,260300215,cosmics2025/v5,/cdaq/cosmic/commissioning2025/v0.0.0/HLT/V1,Commissioning2025,4
389421,10405,69,2025-03-10 18:33:26,2025-03-10 18:34:35,"[CSC, CTPPS, CTPPS_TOT, ES, GEM, L1SCOUT, RPC]",0.0,0.0,3982558,cosmics2025/v5,/cdaq/cosmic/commissioning2025/v0.0.0/HLT/V1,Commissioning2025,4
389422,10405,63,2025-03-10 18:37:16,2025-03-10 18:38:19,"[CSC, CTPPS, CTPPS_TOT, ES, GEM, L1SCOUT, RPC]",0.0,0.0,5829452,cosmics2025/v5,/cdaq/cosmic/commissioning2025/v0.0.0/HLT/V1,Commissioning2025,4
389423,10405,826,2025-03-10 18:55:01,2025-03-10 19:08:48,"[CSC, CTPPS, CTPPS_TOT, ES, GEM, HCAL, L1SCOUT, RPC]",0.0,0.0,44591303,cosmics2025/v5,/cdaq/cosmic/commissioning2025/v0.0.0/HLT/V1,Commissioning2025,4
389424,10405,1118,2025-03-10 19:13:21,2025-03-10 19:31:59,"[CSC, CTPPS, CTPPS_TOT, ES, GEM, HCAL, L1SCOUT, RPC]",0.0,0.0,120436828,cosmics2025/v5,/cdaq/cosmic/commissioning2025/v0.0.0/HLT/V1,Commissioning2025,4
389426,10405,1165,2025-03-10 19:35:19,2025-03-10 19:54:44,"[CTPPS, CTPPS_TOT, ES, GEM, HCAL, L1SCOUT, RPC]",0.0,0.0,121850629,cosmics2025/v5,/cdaq/cosmic/commissioning2025/v0.0.0/HLT/V1,Commissioning2025,4
389429,10405,42353,2025-03-10 19:58:52,2025-03-11 07:44:45,"[CTPPS, CTPPS_TOT, ES, GEM, L1SCOUT, RPC]",0.0,0.0,4769577498,cosmics2025/v5,/cdaq/cosmic/commissioning2025/v0.0.0/HLT/V1,Commissioning2025,4
389430,10405,82,2025-03-11 07:49:48,2025-03-11 07:51:10,"[CTPPS, CTPPS_TOT, ES, GEM, L1SCOUT, PIXEL, RPC]",0.0,0.0,26440,cosmics2025/v5,/cdaq/cosmic/commissioning2025/v0.0.0/HLT/V1,Commissioning2025,4
389431,10405,3728,2025-03-11 07:52:56,2025-03-11 08:55:04,"[CTPPS, CTPPS_TOT, ES, GEM, L1SCOUT, PIXEL, RPC]",0.0,0.0,418185882,cosmics2025/v5,/cdaq/cosmic/commissioning2025/v0.0.0/HLT/V1,Commissioning2025,4
389432,10405,631,2025-03-11 09:04:44,2025-03-11 09:15:15,"[CSC, CTPPS, CTPPS_TOT, ES, GEM, L1SCOUT, PIXEL, RPC, TRACKER]",0.0,0.0,65149329,cosmics2025/v5,/cdaq/cosmic/commissioning2025/v0.0.0/HLT/V1,Commissioning2025,4
389444,10405,7184,2025-03-11 10:31:00,2025-03-11 12:30:44,"[CSC, CTPPS, CTPPS_TOT, ES, GEM, HCAL, L1SCOUT, PIXEL, RPC, TRACKER]",0.0,0.0,815701714,cosmics2025/v5,/cdaq/cosmic/commissioning2025/v0.0.0/HLT/V1,Commissioning2025,4
389446,10405,292,2025-03-11 12:36:49,2025-03-11 12:41:41,"[CSC, CTPPS, CTPPS_TOT, ES, GEM, HCAL, L1SCOUT, PIXEL, RPC, TRACKER]",0.0,0.0,24927508,cosmics2025/v5,/cdaq/cosmic/commissioning2025/v0.0.0/HLT/V1,Commissioning2025,4
389449,10405,230,2025-03-11 12:56:56,2025-03-11 13:00:46,"[CSC, CTPPS, CTPPS_TOT, ES, GEM, HCAL, L1SCOUT, PIXEL, RPC, TRACKER]",0.0,0.0,19123558,cosmics2025/v5,/cdaq/cosmic/commissioning2025/v0.0.0/HLT/V1,Commissioning2025,4
389450,10405,77,2025-03-11 13:05:09,2025-03-11 13:06:26,"[CSC, CTPPS, CTPPS_TOT, ES, GEM, HCAL, L1SCOUT, PIXEL, RPC, TRACKER]",0.0,0.0,7999456,cosmics2025/v5,/cdaq/cosmic/commissioning2025/v0.0.0/HLT/V1,Commissioning2025,4
389452,10405,1955,2025-03-11 13:09:06,2025-03-11 13:41:41,"[CTPPS, CTPPS_TOT, ES, GEM, HCAL, L1SCOUT, PIXEL, RPC, TRACKER]",0.0,0.0,213001901,cosmics2025/v5,/cdaq/cosmic/commissioning2025/v0.0.0/HLT/V1,Commissioning2025,4
389459,10405,1248,2025-03-11 13:44:42,2025-03-11 14:05:29,"[CTPPS, CTPPS_TOT, ES, GEM, HCAL, L1SCOUT, PIXEL, RPC, TRACKER]",0.0,0.0,139131201,cosmics2025/v5,/cdaq/cosmic/commissioning2025/v0.0.0/HLT/V1,Commissioning2025,4
389464,10405,3999,2025-03-11 14:07:50,2025-03-11 15:14:29,"[CTPPS, CTPPS_TOT, ES, GEM, HCAL, L1SCOUT, PIXEL, RPC, TRACKER]",0.0,0.0,434191111,cosmics2025/v5,/cdaq/cosmic/commissioning2025/v0.0.0/HLT/V1,Commissioning2025,4
389470,10405,1424,2025-03-11 15:15:48,2025-03-11 15:39:32,"[CTPPS, CTPPS_TOT, ES, GEM, HCAL, L1SCOUT, PIXEL, RPC, TRACKER]",0.0,0.0,159878375,cosmics2025/v5,/cdaq/cosmic/commissioning2025/v0.0.0/HLT/V1,Commissioning2025,4
389473,10405,1273,2025-03-11 15:42:05,2025-03-11 16:03:18,"[CTPPS, CTPPS_TOT, ES, GEM, HCAL, L1SCOUT, PIXEL, RPC, TRACKER]",0.0,0.0,140940673,cosmics2025/v5,/cdaq/cosmic/commissioning2025/v0.0.0/HLT/V1,Commissioning2025,4
389474,10405,1709,2025-03-11 16:06:15,2025-03-11 16:34:44,"[CTPPS, CTPPS_TOT, ES, GEM, L1SCOUT, PIXEL, RPC, TRACKER]",0.0,0.0,188221908,cosmics2025/v5,/cdaq/cosmic/commissioning2025/v0.0.0/HLT/V1,Commissioning2025,4
389475,10405,269,2025-03-11 16:38:02,2025-03-11 16:42:31,"[CTPPS, CTPPS_TOT, ES, GEM, L1SCOUT, RPC, TRACKER]",0.0,0.0,23721276,cosmics2025/v5,/cdaq/cosmic/commissioning2025/v0.0.0/HLT/V1,Commissioning2025,4
389476,10405,15037,2025-03-11 16:46:54,2025-03-11 20:57:31,"[CTPPS, CTPPS_TOT, ES, GEM, L1SCOUT, RPC]",0.0,0.0,1681794241,cosmics2025/v5,/cdaq/cosmic/commissioning2025/v0.0.0/HLT/V1,Commissioning2025,4
389477,10405,35880,2025-03-11 21:04:01,2025-03-12 07:02:01,"[CTPPS, CTPPS_TOT, ES, GEM, L1SCOUT, RPC]",0.0,0.0,4065478788,cosmics2025/v5,/cdaq/cosmic/commissioning2025/v0.0.0/HLT/V1,Commissioning2025,4
389478,10405,3253,2025-03-12 07:07:36,2025-03-12 08:01:49,"[CSC, CTPPS, CTPPS_TOT, ES, GEM, L1SCOUT, RPC]",0.0,0.0,350939057,cosmics2025/v5,/cdaq/cosmic/commissioning2025/v0.0.0/HLT/V1,Commissioning2025,4
389480,10405,2393,2025-03-12 08:03:56,2025-03-12 08:43:49,"[CSC, CTPPS, CTPPS_TOT, ES, GEM, L1SCOUT, PIXEL, RPC]",0.0,0.0,248989409,cosmics2025/v5,/cdaq/cosmic/commissioning2025/v0.0.0/HLT/V1,Commissioning2025,4
389483,10405,3268,2025-03-12 08:56:33,2025-03-12 09:51:01,"[CSC, CTPPS, CTPPS_TOT, DT, ES, GEM, HCAL, L1SCOUT, PIXEL, RPC, TRACKER]",0.0,0.0,363563023,cosmics2025/v5,/cdaq/cosmic/commissioning2025/v0.0.0/HLT/V1,Commissioning2025,4
389486,10405,3908,2025-03-12 09:54:23,2025-03-12 10:59:31,"[CSC, CTPPS, CTPPS_TOT, ES, GEM, HCAL, L1SCOUT, PIXEL, RPC, TRACKER]",0.0,0.0,436175840,cosmics2025/v5,/cdaq/cosmic/commissioning2025/v0.0.0/HLT/V1,Commissioning2025,4
389490,10405,295,2025-03-12 11:01:40,2025-03-12 11:06:35,"[CSC, CTPPS, CTPPS_TOT, ES, GEM, HCAL, L1SCOUT, PIXEL, RPC, TRACKER]",0.0,0.0,13095156,cosmics2025/v5,/cdaq/cosmic/commissioning2025/v0.0.0/HLT/V1,Commissioning2025,4
389492,10405,2854,2025-03-12 11:08:40,2025-03-12 11:56:14,"[CTPPS, CTPPS_TOT, ES, GEM, HCAL, L1SCOUT, PIXEL, RPC, TRACKER]",0.0,0.0,321674471,cosmics2025/v5,/cdaq/cosmic/commissioning2025/v0.0.0/HLT/V1,Commissioning2025,4
389494,10405,4805,2025-03-12 11:59:08,2025-03-12 13:19:13,"[CTPPS, CTPPS_TOT, ES, GEM, HCAL, L1SCOUT, PIXEL, RPC]",0.0,0.0,540594883,cosmics2025/v5,/cdaq/cosmic/commissioning2025/v0.0.0/HLT/V1,Commissioning2025,4
389498,10405,2460,2025-03-12 13:20:25,2025-03-12 14:01:25,"[CTPPS, CTPPS_TOT, ES, GEM, HCAL, L1SCOUT, PIXEL, RPC]",0.0,0.0,274751799,cosmics2025/v5,/cdaq/cosmic/commissioning2025/v0.0.0/HLT/V1,Commissioning2025,4
389500,10405,1343,2025-03-12 14:03:36,2025-03-12 14:25:59,"[CSC, CTPPS, CTPPS_TOT, ES, GEM, HCAL, L1SCOUT, PIXEL, RPC]",0.0,0.0,145842556,cosmics2025/v5,/cdaq/cosmic/commissioning2025/v0.0.0/HLT/V1,Commissioning2025,4
389501,10405,7446,2025-03-12 14:28:58,2025-03-12 16:33:04,"[CSC, CTPPS, CTPPS_TOT, ES, GEM, HCAL, L1SCOUT, PIXEL, RPC]",0.0,0.0,833734643,cosmics2025/v5,/cdaq/cosmic/commissioning2025/v0.0.0/HLT/V1,Commissioning2025,4
389505,10405,61,2025-03-12 16:36:16,2025-03-12 16:37:17,"[CSC, CTPPS, CTPPS_TOT, ES, GEM, L1SCOUT, PIXEL, RPC]",0.0,0.0,114,cosmics2025/v5,/cdaq/cosmic/commissioning2025/v0.0.0/HLT/V1,Emulation2025,4
389507,10405,74,2025-03-12 16:40:18,2025-03-12 16:41:32,"[CSC, CTPPS, CTPPS_TOT, ES, GEM, L1SCOUT, PIXEL, RPC]",0.0,0.0,113,cosmics2025/v5,/cdaq/cosmic/commissioning2025/v0.0.0/HLT/V1,Emulation2025,4
389508,10405,66,2025-03-12 16:44:33,2025-03-12 16:45:39,"[CSC, CTPPS, CTPPS_TOT, ES, GEM, L1SCOUT, PIXEL, RPC]",0.0,0.0,113,cosmics2025/v5,/cdaq/cosmic/commissioning2025/v0.0.0/HLT/V1,Emulation2025,4
389509,10405,1056,2025-03-12 16:48:42,2025-03-12 17:06:18,"[CSC, CTPPS, CTPPS_TOT, ES, GEM, HCAL, L1SCOUT, PIXEL, RPC]",0.0,0.0,117615091,cosmics2025/v5,/cdaq/cosmic/commissioning2025/v0.0.0/HLT/V1,Commissioning2025,4
389512,10405,299,2025-03-12 17:10:57,2025-03-12 17:15:56,"[CSC, CTPPS, CTPPS_TOT, ES, GEM, L1SCOUT, PIXEL, RPC]",0.0,0.0,113,cosmics2025/v5,/cdaq/cosmic/commissioning2025/v0.0.0/HLT/V1,Emulation2025,4
389513,10405,947,2025-03-12 17:18:43,2025-03-12 17:34:30,"[CSC, CTPPS, CTPPS_TOT, ES, GEM, HCAL, L1SCOUT, PIXEL, RPC]",0.0,0.0,98793002,cosmics2025/v5,/cdaq/cosmic/commissioning2025/v0.0.0/HLT/V1,Commissioning2025,4
389517,10405,1359,2025-03-12 17:37:55,2025-03-12 18:00:34,"[CSC, CTPPS, CTPPS_TOT, ES, GEM, L1SCOUT, PIXEL, RPC]",0.0,0.0,135809891,cosmics2025/v5,/cdaq/cosmic/commissioning2025/v0.0.0/HLT/V1,Commissioning2025,4
389518,10405,2044,2025-03-12 18:04:00,2025-03-12 18:38:04,"[CTPPS, CTPPS_TOT, ES, GEM, L1SCOUT, PIXEL, RPC]",0.0,0.0,225370479,cosmics2025/v5,/cdaq/cosmic/commissioning2025/v0.0.0/HLT/V1,Commissioning2025,4
389519,10405,23634,2025-03-12 18:41:39,2025-03-13 01:15:33,"[CTPPS, CTPPS_TOT, ES, GEM, L1SCOUT, RPC]",0.0,0.0,2389431348,cosmics2025/v5,/cdaq/cosmic/commissioning2025/v0.0.0/HLT/V1,Commissioning2025,4
389521,10405,1498,2025-03-13 01:22:40,2025-03-13 01:47:38,"[CSC, CTPPS, CTPPS_TOT, ES, GEM, L1SCOUT, RPC]",0.0,0.0,125691803,cosmics2025/v5,/cdaq/cosmic/commissioning2025/v0.0.0/HLT/V1,Commissioning2025,4
389522,10405,22586,2025-03-13 01:50:44,2025-03-13 08:07:10,"[CSC, CTPPS, CTPPS_TOT, ES, GEM, L1SCOUT, RPC]",0.0,0.0,2534314361,cosmics2025/v5,/cdaq/cosmic/commissioning2025/v0.0.0/HLT/V1,Commissioning2025,4
389523,10405,682,2025-03-13 08:12:09,2025-03-13 08:23:31,"[CSC, CTPPS, CTPPS_TOT, ES, GEM, L1SCOUT, PIXEL, RPC]",0.0,0.0,72326235,cosmics2025/v5,/cdaq/cosmic/commissioning2025/v0.0.0/HLT/V1,Commissioning2025,4
389524,10405,5362,2025-03-13 08:26:52,2025-03-13 09:56:14,"[CSC, CTPPS, CTPPS_TOT, ES, GEM, HCAL, L1SCOUT, PIXEL, RPC]",0.0,0.0,604968023,cosmics2025/v5,/cdaq/cosmic/commissioning2025/v0.0.0/HLT/V1,Commissioning2025,4
389529,10405,282,2025-03-13 10:02:53,2025-03-13 10:07:35,"[CSC, CTPPS, CTPPS_TOT, DT, ES, GEM, HCAL, L1SCOUT, PIXEL, RPC]",,,,cosmics2025/v5,,Emulation2025,
389530,10405,4143,2025-03-13 10:10:10,2025-03-13 11:19:13,"[CSC, CTPPS, CTPPS_TOT, DT, ECAL, ES, GEM, HCAL, L1SCOUT, PIXEL, RPC]",0.0,0.0,429868691,cosmics2025/v5,/cdaq/cosmic/commissioning2025/v0.0.0/HLT/V1,Commissioning2025,4
389543,10405,1842,2025-03-13 11:23:18,2025-03-13 11:54:01,"[CSC, CTPPS, CTPPS_TOT, ECAL, ES, GEM, HCAL, L1SCOUT, PIXEL, RPC]",0.0,0.0,203245705,cosmics2025/v5,/cdaq/cosmic/commissioning2025/v0.0.0/HLT/V1,Commissioning2025,4
389545,10405,3954,2025-03-13 11:57:37,2025-03-13 13:03:31,"[CSC, CTPPS, CTPPS_TOT, ECAL, ES, GEM, HCAL, L1SCOUT, PIXEL, RPC]",0.0,0.0,449581707,cosmics2025/v5,/cdaq/cosmic/commissioning2025/v0.0.0/HLT/V1,Commissioning2025,4
389548,10405,14421,2025-03-13 13:05:57,2025-03-13 17:06:18,"[CSC, CTPPS, CTPPS_TOT, ECAL, ES, GEM, HCAL, L1SCOUT, PIXEL, RPC, TRACKER]",0.0,0.0,1638821512,cosmics2025/v5,/cdaq/cosmic/commissioning2025/v0.0.0/HLT/V1,Commissioning2025,4
389554,10405,119,2025-03-13 17:17:47,2025-03-13 17:19:45,"[CTPPS, CTPPS_TOT, ES, GEM, L1SCOUT, RPC]",0.0,0.0,55058,cosmics2025/v5,/cdaq/cosmic/commissioning2025/v0.0.0/HLT/V1,Commissioning2025,4
389555,10405,1132,2025-03-13 17:23:17,2025-03-13 17:42:09,"[CTPPS, CTPPS_TOT, ES, GEM, L1SCOUT, RPC]",0.0,0.0,85880083,cosmics2025/v5,/cdaq/cosmic/commissioning2025/v0.0.0/HLT/V1,Commissioning2025,4
389556,10405,12881,2025-03-13 17:43:37,2025-03-13 21:18:18,"[CTPPS, CTPPS_TOT, ES, GEM, L1SCOUT, RPC]",0.0,0.0,1452826139,cosmics2025/v5,/cdaq/cosmic/commissioning2025/v0.0.0/HLT/V1,Commissioning2025,4
389557,10405,34965,2025-03-13 21:21:20,2025-03-14 07:04:05,"[CTPPS, CTPPS_TOT, ES, GEM, L1SCOUT, RPC]",0.0,0.0,3932745945,cosmics2025/v5,/cdaq/cosmic/commissioning2025/v0.0.0/HLT/V1,Commissioning2025,4
389558,10405,4667,2025-03-14 07:07:33,2025-03-14 08:25:19,"[CSC, CTPPS, CTPPS_TOT, ES, GEM, L1SCOUT, RPC]",0.0,0.0,513287152,cosmics2025/v5,/cdaq/cosmic/commissioning2025/v0.0.0/HLT/V1,Commissioning2025,4
389560,10405,2063,2025-03-14 08:29:48,2025-03-14 09:04:10,"[CSC, CTPPS, CTPPS_TOT, ES, GEM, HCAL, L1SCOUT, RPC]",0.0,0.0,117129919,cosmics2025/v5,/cdaq/cosmic/commissioning2025/v0.0.0/HLT/V1,Commissioning2025,4
389566,10405,1791,2025-03-14 09:11:27,2025-03-14 09:41:18,"[CSC, CTPPS, CTPPS_TOT, ES, GEM, HCAL, L1SCOUT, RPC, TRACKER]",0.0,0.0,199168562,cosmics2025/v5,/cdaq/cosmic/commissioning2025/v0.0.0/HLT/V1,Commissioning2025,4
389571,10405,5527,2025-03-14 09:46:41,2025-03-14 11:18:48,"[CSC, CTPPS, CTPPS_TOT, ES, GEM, HCAL, L1SCOUT, PIXEL, RPC, TRACKER]",0.0,0.0,625713641,cosmics2025/v5,/cdaq/cosmic/commissioning2025/v0.0.0/HLT/V1,Commissioning2025,4
389581,10405,13769,2025-03-14 11:25:46,2025-03-14 15:15:15,"[CTPPS, CTPPS_TOT, ES, GEM, HCAL, L1SCOUT, PIXEL, RPC, TRACKER]",0.0,0.0,1570248974,cosmics2025/v5,/cdaq/cosmic/commissioning2025/v0.0.0/HLT/V1,Commissioning2025,4
389604,10405,15,2025-03-14 15:44:29,2025-03-14 15:44:44,"[CTPPS, CTPPS_TOT, ES, GEM, L1SCOUT, PIXEL, RPC, TRACKER]",0.0,0.0,,cosmics2025/v6,/cdaq/cosmic/commissioning2025/v0.0.0/HLT/V1,Commissioning2025,
389605,10405,836,2025-03-14 15:47:50,2025-03-14 16:01:46,"[CTPPS, CTPPS_TOT, ES, GEM, L1SCOUT, PIXEL, RPC]",0.0,0.0,68031295,cosmics2025/v6,/cdaq/cosmic/commissioning2025/v0.0.0/HLT/V1,Commissioning2025,4
389606,10405,6755,2025-03-14 16:05:05,2025-03-14 17:57:40,"[CTPPS, CTPPS_TOT, ES, GEM, HCAL, L1SCOUT, PIXEL, RPC]",0.0,0.0,761083718,cosmics2025/v6,/cdaq/cosmic/commissioning2025/v0.0.0/HLT/V1,Commissioning2025,4
389623,10405,14396,2025-03-14 18:01:04,2025-03-14 22:01:00,"[CTPPS, CTPPS_TOT, ES, GEM, L1SCOUT, RPC]",0.0,0.0,1619201039,cosmics2025/v6,/cdaq/cosmic/commissioning2025/v0.0.0/HLT/V1,Commissioning2025,4
389624,10405,40565,2025-03-14 22:14:39,2025-03-15 09:30:43,"[CTPPS, CTPPS_TOT, ES, GEM, L1SCOUT, RPC]",0.0,0.0,4564937646,cosmics2025/v6,/cdaq/cosmic/commissioning2025/v0.0.0/HLT/V1,Commissioning2025,4
389625,10405,489,2025-03-15 09:34:43,2025-03-15 09:42:52,"[CSC, CTPPS, CTPPS_TOT, ES, GEM, L1SCOUT, RPC]",0.0,0.0,43702892,cosmics2025/v6,/cdaq/cosmic/commissioning2025/v0.0.0/HLT/V1,Commissioning2025,4
389627,10405,2918,2025-03-15 09:52:47,2025-03-15 10:41:25,"[CSC, CTPPS, CTPPS_TOT, ES, GEM, L1SCOUT, RPC]",0.0,0.0,296912489,cosmics2025/v6,/cdaq/cosmic/commissioning2025/v0.0.0/HLT/V1,Commissioning2025,4
389629,10405,439,2025-03-15 10:47:16,2025-03-15 10:54:35,"[CSC, CTPPS, CTPPS_TOT, ES, GEM, L1SCOUT, RPC]",0.0,0.0,47534041,cosmics2025/v6,/cdaq/cosmic/commissioning2025/v0.0.0/HLT/V1,Commissioning2025,4
389630,10405,14874,2025-03-15 10:59:17,2025-03-15 15:07:11,"[CTPPS, CTPPS_TOT, ES, GEM, L1SCOUT, RPC]",0.0,0.0,1674239130,cosmics2025/v6,/cdaq/cosmic/commissioning2025/v0.0.0/HLT/V1,Commissioning2025,4
389631,10405,64338,2025-03-15 15:16:28,2025-03-16 09:08:46,"[CTPPS, CTPPS_TOT, ES, GEM, L1SCOUT, RPC]",0.0,0.0,6599286216,cosmics2025/v6,/cdaq/cosmic/commissioning2025/v0.0.0/HLT/V1,Commissioning2025,4
389632,10405,3229,2025-03-16 09:15:23,2025-03-16 10:09:12,"[CTPPS, CTPPS_TOT, ES, GEM, L1SCOUT, RPC]",0.0,0.0,366292753,cosmics2025/v6,/cdaq/cosmic/commissioning2025/v0.0.0/HLT/V1,Commissioning2025,4
389633,10405,19978,2025-03-16 10:12:47,2025-03-16 15:45:45,"[CSC, CTPPS, CTPPS_TOT, ES, GEM, L1SCOUT, RPC]",0.0,0.0,2240137688,cosmics2025/v6,/cdaq/cosmic/commissioning2025/v0.0.0/HLT/V1,Commissioning2025,4
389635,10405,134,2025-03-16 15:53:50,2025-03-16 15:56:04,"[CSC, CTPPS, CTPPS_TOT, ES, GEM, HCAL, L1SCOUT, RPC]",0.0,0.0,542,cosmics2025/v6,/cdaq/cosmic/commissioning2025/v0.0.0/HLT/V1,Commissioning2025,4
389637,10405,143,2025-03-16 15:59:11,2025-03-16 16:01:34,"[CSC, CTPPS, CTPPS_TOT, ES, GEM, HCAL, L1SCOUT, RPC]",0.0,0.0,297,cosmics2025/v6,/cdaq/cosmic/commissioning2025/v0.0.0/HLT/V1,Commissioning2025,4
389638,10405,166,2025-03-16 16:04:31,2025-03-16 16:07:17,"[CSC, CTPPS, CTPPS_TOT, ES, GEM, HCAL, L1SCOUT, RPC]",0.0,0.0,7617980,cosmics2025/v6,/cdaq/cosmic/commissioning2025/v0.0.0/HLT/V1,Commissioning2025,4
389640,10405,3288,2025-03-16 16:10:27,2025-03-16 17:05:15,"[CSC, CTPPS, CTPPS_TOT, ES, GEM, L1SCOUT, RPC]",0.0,0.0,362493570,cosmics2025/v6,/cdaq/cosmic/commissioning2025/v0.0.0/HLT/V1,Commissioning2025,4
389643,10405,16201,2025-03-16 17:09:02,2025-03-16 21:39:03,"[CTPPS, CTPPS_TOT, ES, GEM, L1SCOUT, RPC]",0.0,0.0,1810371036,cosmics2025/v6,/cdaq/cosmic/commissioning2025/v0.0.0/HLT/V1,Commissioning2025,4
389644,10405,73,2025-03-16 21:41:56,2025-03-16 21:43:09,"[CTPPS, CTPPS_TOT, ES, GEM, L1SCOUT, RPC]",0.0,0.0,193,cosmics2025/v6,/cdaq/cosmic/commissioning2025/v0.0.0/HLT/V1,Commissioning2025,4
389645,10405,112,2025-03-16 21:46:27,2025-03-16 21:48:19,"[CTPPS, CTPPS_TOT, ES, GEM, L1SCOUT, RPC]",0.0,0.0,198,cosmics2025/v6,/cdaq/cosmic/commissioning2025/v0.0.0/HLT/V1,Emulation2025,4
389646,10405,33666,2025-03-16 21:51:38,2025-03-17 07:12:43,"[CTPPS, CTPPS_TOT, ES, GEM, L1SCOUT, RPC]",0.0,0.0,3824178086,cosmics2025/v6,/cdaq/cosmic/commissioning2025/v0.0.0/HLT/V1,Commissioning2025,4
389647,10405,4497,2025-03-17 07:16:03,2025-03-17 08:31:00,"[CSC, CTPPS, CTPPS_TOT, ES, GEM, L1SCOUT, RPC]",0.0,0.0,505872401,cosmics2025/v6,/cdaq/cosmic/commissioning2025/v0.0.0/HLT/V1,Commissioning2025,4
389648,10405,1529,2025-03-17 08:33:02,2025-03-17 08:58:31,"[CSC, CTPPS, CTPPS_TOT, ES, GEM, L1SCOUT, PIXEL, RPC]",0.0,0.0,133315785,cosmics2025/v6,/cdaq/cosmic/commissioning2025/v0.0.0/HLT/V1,Commissioning2025,4
389650,10405,65,2025-03-17 09:10:43,2025-03-17 09:11:48,"[CSC, CTPPS, CTPPS_TOT, DT, ES, GEM, HCAL, L1SCOUT, PIXEL, RPC]",0.0,0.0,175,cosmics2025/v6,/cdaq/cosmic/commissioning2025/v0.0.0/HLT/V1,Commissioning2025,4
389651,10405,9061,2025-03-17 09:15:00,2025-03-17 11:46:01,"[CSC, CTPPS, CTPPS_TOT, DT, ES, GEM, HCAL, L1SCOUT, PIXEL, RPC]",0.0,0.0,1024446834,cosmics2025/v6,/cdaq/cosmic/commissioning2025/v0.0.0/HLT/V1,Commissioning2025,4
389671,10405,1913,2025-03-17 11:49:54,2025-03-17 12:21:47,"[CSC, CTPPS, CTPPS_TOT, ES, GEM, HCAL, L1SCOUT, PIXEL, RPC]",0.0,0.0,203547322,cosmics2025/v7,/cdaq/cosmic/commissioning2025/v0.0.0/HLT/V1,Commissioning2025,4
389672,10405,13,2025-03-17 12:27:10,2025-03-17 12:27:24,"[CSC, CTPPS, CTPPS_TOT, ES, GEM, HCAL, L1SCOUT, PIXEL, RPC]",0.0,0.0,,cosmics2025/v7,/cdaq/cosmic/commissioning2025/v0.0.0/HLT/V1,Emulation2025,
389673,10405,2053,2025-03-17 12:28:57,2025-03-17 13:03:11,"[CSC, CTPPS, CTPPS_TOT, ES, GEM, HCAL, L1SCOUT, PIXEL, RPC]",0.0,0.0,230756876,cosmics2025/v7,/cdaq/cosmic/commissioning2025/v0.0.0/HLT/V1,Commissioning2025,4
389676,10405,72,2025-03-17 13:06:04,2025-03-17 13:07:16,"[CSC, CTPPS, CTPPS_TOT, ES, GEM, HCAL, L1SCOUT, PIXEL, RPC]",0.0,0.0,7935236,cosmics2025/v7,/cdaq/cosmic/commissioning2025/v0.0.0/HLT/V1,Commissioning2025,4
389679,10405,2367,2025-03-17 13:10:08,2025-03-17 13:49:35,"[CSC, CTPPS, CTPPS_TOT, DT, ES, GEM, HCAL, L1SCOUT, PIXEL, RPC]",0.0,0.0,266862025,cosmics2025/v7,/cdaq/cosmic/commissioning2025/v0.0.0/HLT/V1,Commissioning2025,4
389683,10405,4305,2025-03-17 13:57:03,2025-03-17 15:08:48,"[CSC, CTPPS, CTPPS_TOT, DT, ES, GEM, HCAL, L1SCOUT, RPC]",0.0,0.0,449241022,cosmics2025/v7,/cdaq/cosmic/commissioning2025/v0.0.0/HLT/V1,Commissioning2025,4
389692,10405,2363,2025-03-17 15:11:40,2025-03-17 15:51:03,"[CSC, CTPPS, CTPPS_TOT, DT, ES, GEM, HCAL, L1SCOUT, RPC]",0.0,0.0,267846804,cosmics2025/v7,/cdaq/cosmic/commissioning2025/v0.0.0/HLT/V1,Commissioning2025,4
389694,10405,84,2025-03-17 15:56:21,2025-03-17 15:57:45,"[CSC, CTPPS, CTPPS_TOT, ES, GEM, HCAL, L1SCOUT, RPC]",,,,testingl1t/v148,,Emulation2025,
389695,10405,3906,2025-03-17 16:00:58,2025-03-17 17:06:04,"[CSC, CTPPS, CTPPS_TOT, ES, GEM, HCAL, L1SCOUT, RPC]",0.0,0.0,435496800,testingl1t/v148,/cdaq/cosmic/commissioning2025/v0.0.0/HLT/V1,Commissioning2025,4
389698,10405,46511,2025-03-17 17:19:33,2025-03-18 06:14:44,"[CTPPS, CTPPS_TOT, ES, L1SCOUT, RPC]",0.0,0.0,5173267495,cosmics2025/v8,/cdaq/cosmic/commissioning2025/v0.0.0/HLT/V1,Commissioning2025,4
389699,10405,6669,2025-03-18 06:18:40,2025-03-18 08:09:49,"[CTPPS, CTPPS_TOT, ES, L1SCOUT, RPC]",0.0,0.0,753967722,cosmics2025/v8,/cdaq/cosmic/commissioning2025/v0.0.0/HLT/V1,Commissioning2025,4
389700,10405,3207,2025-03-18 08:14:29,2025-03-18 09:07:56,"[CSC, CTPPS, CTPPS_TOT, ES, L1SCOUT, RPC]",0.0,0.0,338673625,cosmics2025/v8,/cdaq/cosmic/commissioning2025/v0.0.0/HLT/V1,Commissioning2025,4
389704,10405,1912,2025-03-18 09:26:20,2025-03-18 09:58:13,"[CSC, CTPPS, CTPPS_TOT, DT, ES, GEM, HCAL, L1SCOUT, PIXEL, RPC]",0.0,0.0,199033642,cosmics2025/v8,/cdaq/cosmic/commissioning2025/v0.0.0/HLT/V1,Commissioning2025,4
389722,10405,920,2025-03-18 12:44:14,2025-03-18 12:59:34,"[CTPPS, CTPPS_TOT, DT, ES, GEM, HCAL, L1SCOUT, PIXEL, RPC, TRACKER]",0.0,0.0,78184218,cosmics2025/v8,/cdaq/cosmic/commissioning2025/v0.0.0/HLT/V1,Commissioning2025,4
389723,10405,271,2025-03-18 13:02:57,2025-03-18 13:07:28,"[CTPPS, CTPPS_TOT, DT, ES, GEM, HCAL, L1SCOUT, PIXEL, RPC, TRACKER]",0.0,0.0,27397455,cosmics2025/v8,/cdaq/cosmic/commissioning2025/v0.0.0/HLT/V1,Commissioning2025,4
389725,10405,117,2025-03-18 13:10:37,2025-03-18 13:12:34,"[CTPPS, CTPPS_TOT, DT, ES, GEM, HCAL, L1SCOUT, PIXEL, RPC, TRACKER]",0.0,0.0,10017311,cosmics2025/v8,/cdaq/cosmic/commissioning2025/v0.0.0/HLT/V1,Commissioning2025,4
389726,10405,1472,2025-03-18 13:16:02,2025-03-18 13:40:34,"[CTPPS, CTPPS_TOT, DT, ES, GEM, HCAL, L1SCOUT, PIXEL, RPC, TRACKER]",0.0,0.0,131825499,cosmics2025/v8,/cdaq/cosmic/commissioning2025/v0.0.0/HLT/V1,Commissioning2025,4
389732,10405,683,2025-03-18 14:19:08,2025-03-18 14:30:31,"[CTPPS, CTPPS_TOT, DT, ES, GEM, HCAL, L1SCOUT, PIXEL, RPC, TRACKER]",0.0,0.0,9627127,cosmics2025/v8,/cdaq/cosmic/commissioning2025/v0.0.0/HLT/V1,Commissioning2025,4
389734,10405,113,2025-03-18 14:35:38,2025-03-18 14:37:31,"[CSC, CTPPS, CTPPS_TOT, DT, ES, GEM, HCAL, L1SCOUT, PIXEL, RPC, TRACKER]",0.0,0.0,46177,cosmics2025/v8,/cdaq/cosmic/commissioning2025/v0.0.0/HLT/V1,Commissioning2025,4
389735,10405,2715,2025-03-18 14:43:02,2025-03-18 15:28:17,"[CTPPS, CTPPS_TOT, DT, ES, GEM, HCAL, L1SCOUT, PIXEL, RPC, TRACKER]",0.0,0.0,233996905,cosmics2025/v8,/cdaq/cosmic/commissioning2025/v0.0.0/HLT/V1,Commissioning2025,4
389736,10405,50,2025-03-18 15:30:34,2025-03-18 15:31:24,"[CTPPS, CTPPS_TOT, DT, ES, GEM, HCAL, L1SCOUT, PIXEL, RPC, TRACKER]",,,,cosmics2025/v9,,Emulation2025,
389737,10405,4299,2025-03-18 15:34:40,2025-03-18 16:46:19,"[CTPPS, CTPPS_TOT, DT, ES, GEM, HCAL, L1SCOUT, PIXEL, RPC, TRACKER]",0.0,0.0,411211669,cosmics2025/v9,/cdaq/cosmic/commissioning2025/v0.1.0/HLT/V2,Commissioning2025,4
389738,10405,3019,2025-03-18 16:50:22,2025-03-18 17:40:41,"[CTPPS, CTPPS_TOT, DT, ES, HCAL, L1SCOUT, PIXEL, RPC, TRACKER]",0.0,0.0,311961764,cosmics2025/v9,/cdaq/cosmic/commissioning2025/v0.1.0/HLT/V2,Commissioning2025,4
389740,10405,1782,2025-03-18 17:44:33,2025-03-18 18:14:15,"[CTPPS, CTPPS_TOT, DT, ES, L1SCOUT, PIXEL, RPC, TRACKER]",0.0,0.0,195076885,cosmics2025/v9,/cdaq/cosmic/commissioning2025/v0.1.0/HLT/V2,Commissioning2025,4
389741,10405,3134,2025-03-18 18:17:50,2025-03-18 19:10:04,"[CTPPS, CTPPS_TOT, DT, ES, L1SCOUT, PIXEL, RPC, TRACKER]",0.0,0.0,356806225,cosmics2025/v10,/cdaq/cosmic/commissioning2025/v0.1.0/HLT/V3,Commissioning2025,4
389742,10405,3305,2025-03-19 06:06:00,2025-03-19 07:01:05,"[CTPPS, CTPPS_TOT, DT, ES, L1SCOUT, PIXEL, RPC, TRACKER]",0.0,0.0,367932625,cosmics2025/v10,/cdaq/cosmic/commissioning2025/v0.1.0/HLT/V3,Commissioning2025,4
389743,10405,2808,2025-03-19 07:04:46,2025-03-19 07:51:33,"[CSC, CTPPS, CTPPS_TOT, DT, ES, L1SCOUT, PIXEL, RPC, TRACKER]",0.0,0.0,315544978,cosmics2025/v10,/cdaq/cosmic/commissioning2025/v0.1.0/HLT/V3,Commissioning2025,4
389746,10405,5547,2025-03-19 07:53:51,2025-03-19 09:26:18,"[CSC, CTPPS, CTPPS_TOT, DT, ES, GEM, L1SCOUT, PIXEL, RPC, TRACKER]",0.0,0.0,627087463,cosmics2025/v10,/cdaq/cosmic/commissioning2025/v0.1.0/HLT/V3,Commissioning2025,4
389764,10405,3312,2025-03-19 17:37:20,2025-03-19 18:32:32,"[CTPPS, CTPPS_TOT, ES, GEM, L1SCOUT, PIXEL, RPC, TRACKER]",0.0,0.0,369240363,cosmics2025/v10,/cdaq/cosmic/commissioning2025/v0.1.0/HLT/V3,Commissioning2025,4
389766,10405,313,2025-03-19 18:40:42,2025-03-19 18:45:55,"[CTPPS, CTPPS_TOT, ES, L1SCOUT, RPC, TRACKER]",0.0,0.0,29054382,cosmics2025/v10,/cdaq/cosmic/commissioning2025/v0.1.0/HLT/V3,Commissioning2025,4
389767,10405,11479,2025-03-19 18:50:42,2025-03-19 22:02:01,"[CTPPS, CTPPS_TOT, ES, L1SCOUT, PIXEL, RPC, TRACKER]",0.0,0.0,1307857868,cosmics2025/v10,/cdaq/cosmic/commissioning2025/v0.1.0/HLT/V3,Commissioning2025,4
389770,10405,5723,2025-03-20 05:58:33,2025-03-20 07:33:55,"[CTPPS, CTPPS_TOT, ES, L1SCOUT, PIXEL, RPC, TRACKER]",0.0,0.0,652975028,cosmics2025/v10,/cdaq/cosmic/commissioning2025/v0.1.0/HLT/V3,Commissioning2025,4
389827,10406,111,2025-03-20 16:49:25,2025-03-20 16:51:16,"[CTPPS, CTPPS_TOT, GEM, L1SCOUT, RPC]",0.0,0.0,258,cosmics2025/v10,/cdaq/cosmic/commissioning2025/v0.1.0/HLT/V3,Commissioning2025,4
389829,10406,191,2025-03-20 16:55:03,2025-03-20 16:58:14,"[CTPPS, CTPPS_TOT, GEM, L1SCOUT, RPC]",0.0,0.0,418,cosmics2025/v10,/cdaq/cosmic/commissioning2025/v0.1.0/HLT/V3,Commissioning2025,4
389830,10406,78,2025-03-20 17:04:02,2025-03-20 17:05:20,"[CTPPS, CTPPS_TOT, GEM, L1SCOUT, RPC]",0.0,0.0,247,cosmics2025/v10,/cdaq/cosmic/commissioning2025/v0.1.0/HLT/V3,Commissioning2025,4
389831,10406,5175,2025-03-20 17:10:15,2025-03-20 18:36:30,"[CTPPS, CTPPS_TOT, GEM, L1SCOUT, RPC]",0.0,0.0,582588611,cosmics2025/v10,/cdaq/cosmic/commissioning2025/v0.1.0/HLT/V3,Commissioning2025,4
389832,10406,48370,2025-03-20 18:42:07,2025-03-21 08:08:17,"[CTPPS, CTPPS_TOT, L1SCOUT, RPC]",0.0,0.0,5481166638,cosmics2025/v10,/cdaq/cosmic/commissioning2025/v0.1.0/HLT/V3,Commissioning2025,4
389845,10406,188,2025-03-21 11:06:14,2025-03-21 11:09:22,"[CSC, CTPPS, CTPPS_TOT, DT, GEM, HCAL, L1SCOUT, RPC]",,,,cosmics2025/v10,/cdaq/cosmic/commissioning2025/v0.1.0/HLT/V3,Emulation2025,
389846,10406,2991,2025-03-21 11:12:13,2025-03-21 12:02:04,"[CSC, CTPPS, CTPPS_TOT, DT, GEM, HCAL, L1SCOUT, RPC]",0.0,0.0,303045234,cosmics2025/v10,/cdaq/cosmic/commissioning2025/v0.1.0/HLT/V3,Commissioning2025,4
389851,10406,4931,2025-03-21 12:03:51,2025-03-21 13:26:02,"[CSC, CTPPS, CTPPS_TOT, DT, GEM, HCAL, L1SCOUT, PIXEL, RPC]",0.0,0.0,379629642,cosmics2025/v10,/cdaq/cosmic/commissioning2025/v0.1.0/HLT/V3,Commissioning2025,4
389856,10406,7362,2025-03-21 13:30:06,2025-03-21 15:32:48,"[CSC, CTPPS, CTPPS_TOT, GEM, HCAL, L1SCOUT, PIXEL, RPC]",0.0,0.0,827069922,cosmics2025/v10,/cdaq/cosmic/commissioning2025/v0.1.0/HLT/V3,Commissioning2025,4
389859,10406,567,2025-03-21 15:35:29,2025-03-21 15:44:56,"[CTPPS, CTPPS_TOT, GEM, HCAL, L1SCOUT, PIXEL, RPC]",0.0,0.0,45343886,cosmics2025/v10,/cdaq/cosmic/commissioning2025/v0.1.0/HLT/V3,Commissioning2025,4
389860,10406,1083,2025-03-21 15:47:57,2025-03-21 16:06:00,"[CSC, CTPPS, CTPPS_TOT, GEM, HCAL, L1SCOUT, PIXEL, RPC]",0.0,0.0,108305052,cosmics2025/v10,/cdaq/cosmic/commissioning2025/v0.1.0/HLT/V3,Commissioning2025,4
389862,10406,883,2025-03-21 16:07:46,2025-03-21 16:22:29,"[CSC, CTPPS, CTPPS_TOT, GEM, HCAL, L1SCOUT, PIXEL, RPC]",0.0,0.0,100227501,cosmics2025/v11,/cdaq/cosmic/commissioning2025/v0.1.1/HLT/V1,Commissioning2025,4
389864,10406,2615,2025-03-21 16:26:14,2025-03-21 17:09:50,"[CSC, CTPPS, CTPPS_TOT, HCAL, L1SCOUT, PIXEL, RPC]",0.0,0.0,285103860,cosmics2025/v11,/cdaq/cosmic/commissioning2025/v0.1.1/HLT/V1,Commissioning2025,4
389866,10406,1466,2025-03-21 17:31:18,2025-03-21 17:55:44,"[CTPPS, CTPPS_TOT, HCAL, L1SCOUT, RPC]",0.0,0.0,150735939,cosmics2025/v11,/cdaq/cosmic/commissioning2025/v0.1.1/HLT/V1,Commissioning2025,4
389869,10406,14969,2025-03-21 17:58:49,2025-03-21 22:08:18,"[CTPPS, CTPPS_TOT, L1SCOUT, RPC]",0.0,0.0,1692235820,cosmics2025/v11,/cdaq/cosmic/commissioning2025/v0.1.1/HLT/V1,Commissioning2025,4
389870,10406,31633,2025-03-21 22:15:31,2025-03-22 07:02:43,"[CTPPS, CTPPS_TOT, L1SCOUT, RPC]",0.0,0.0,3594641155,cosmics2025/v11,/cdaq/cosmic/commissioning2025/v0.1.1/HLT/V1,Commissioning2025,4
389871,10406,3606,2025-03-22 07:09:59,2025-03-22 08:10:05,"[CTPPS, CTPPS_TOT, L1SCOUT, RPC]",0.0,0.0,409074995,cosmics2025/v11,/cdaq/cosmic/commissioning2025/v0.1.1/HLT/V1,Commissioning2025,4
389872,10406,2049,2025-03-22 08:14:07,2025-03-22 08:48:16,"[CSC, CTPPS, CTPPS_TOT, L1SCOUT, RPC]",0.0,0.0,215401047,cosmics2025/v11,/cdaq/cosmic/commissioning2025/v0.1.1/HLT/V1,Commissioning2025,4
389873,10406,16770,2025-03-22 08:51:58,2025-03-22 13:31:27,"[CTPPS, CTPPS_TOT, L1SCOUT, RPC]",0.0,0.0,1899666708,cosmics2025/v11,/cdaq/cosmic/commissioning2025/v0.1.1/HLT/V1,Commissioning2025,4
389875,10406,17161,2025-03-22 13:37:57,2025-03-22 18:23:57,"[CTPPS, CTPPS_TOT, L1SCOUT, RPC]",0.0,0.0,1957082029,cosmics2025/v11,/cdaq/cosmic/commissioning2025/v0.1.1/HLT/V1,Commissioning2025,4
389876,10406,14826,2025-03-22 18:31:10,2025-03-22 22:38:16,"[CTPPS, CTPPS_TOT, L1SCOUT, RPC]",0.0,0.0,1683067127,cosmics2025/v11,/cdaq/cosmic/commissioning2025/v0.1.1/HLT/V1,Commissioning2025,4
389877,10406,29360,2025-03-22 22:47:55,2025-03-23 06:57:14,"[CTPPS, CTPPS_TOT, L1SCOUT, RPC]",0.0,0.0,3314619633,cosmics2025/v11,/cdaq/cosmic/commissioning2025/v0.1.1/HLT/V1,Commissioning2025,4
389878,10406,3195,2025-03-23 07:08:44,2025-03-23 08:01:59,"[CTPPS, CTPPS_TOT, L1SCOUT, RPC]",0.0,0.0,364571058,cosmics2025/v11,/cdaq/cosmic/commissioning2025/v0.1.1/HLT/V1,Commissioning2025,4
389879,10406,3539,2025-03-23 08:05:19,2025-03-23 09:04:17,"[CSC, CTPPS, CTPPS_TOT, L1SCOUT, RPC]",0.0,0.0,398914878,cosmics2025/v11,/cdaq/cosmic/commissioning2025/v0.1.1/HLT/V1,Commissioning2025,4
389880,10406,1665,2025-03-23 09:07:27,2025-03-23 09:35:12,"[CTPPS, CTPPS_TOT, L1SCOUT, RPC]",0.0,0.0,186915292,cosmics2025/v11,/cdaq/cosmic/commissioning2025/v0.1.1/HLT/V1,Commissioning2025,4
389881,10406,14659,2025-03-23 09:37:53,2025-03-23 13:42:11,"[CTPPS, CTPPS_TOT, L1SCOUT, PIXEL, RPC]",0.0,0.0,1667661035,cosmics2025/v11,/cdaq/cosmic/commissioning2025/v0.1.1/HLT/V1,Commissioning2025,4
389882,10406,3494,2025-03-23 13:45:49,2025-03-23 14:44:03,"[CTPPS, CTPPS_TOT, L1SCOUT, RPC]",0.0,0.0,382833337,cosmics2025/v11,/cdaq/cosmic/commissioning2025/v0.1.1/HLT/V1,Commissioning2025,4
389883,10406,23228,2025-03-23 14:51:26,2025-03-23 21:18:34,"[CTPPS, CTPPS_TOT, L1SCOUT, RPC]",0.0,0.0,2635435457,cosmics2025/v11,/cdaq/cosmic/commissioning2025/v0.1.1/HLT/V1,Commissioning2025,4
389884,10406,37698,2025-03-23 21:27:28,2025-03-24 07:55:46,"[CTPPS, CTPPS_TOT, L1SCOUT, RPC]",0.0,0.0,4286160204,cosmics2025/v11,/cdaq/cosmic/commissioning2025/v0.1.1/HLT/V1,Commissioning2025,4
389885,10406,3401,2025-03-24 07:59:20,2025-03-24 08:56:01,"[CSC, CTPPS, CTPPS_TOT, L1SCOUT, RPC]",0.0,0.0,384514839,cosmics2025/v11,/cdaq/cosmic/commissioning2025/v0.1.1/HLT/V1,Commissioning2025,4
389887,10406,1947,2025-03-24 09:01:08,2025-03-24 09:33:35,"[CSC, CTPPS, CTPPS_TOT, GEM, L1SCOUT, PIXEL, RPC]",0.0,0.0,210396746,cosmics2025/v11,/cdaq/cosmic/commissioning2025/v0.1.1/HLT/V1,Commissioning2025,4
389888,10406,1051,2025-03-24 09:35:32,2025-03-24 09:53:03,"[CSC, CTPPS, CTPPS_TOT, GEM, L1SCOUT, PIXEL, RPC]",0.0,0.0,119605143,cosmics2025/v11,/cdaq/cosmic/commissioning2025/v0.1.1/HLT/V1,Commissioning2025,4
389889,10406,1264,2025-03-24 09:56:29,2025-03-24 10:17:33,"[CSC, CTPPS, CTPPS_TOT, ECAL, ES, GEM, L1SCOUT, PIXEL, RPC]",0.0,0.0,140677775,cosmics2025/v11,/cdaq/cosmic/commissioning2025/v0.1.1/HLT/V1,Commissioning2025,4
389891,10406,345,2025-03-24 10:20:50,2025-03-24 10:26:34,"[CSC, CTPPS, CTPPS_TOT, ECAL, ES, GEM, HCAL, L1SCOUT, PIXEL, RPC]",0.0,0.0,34100137,cosmics2025/v11,/cdaq/cosmic/commissioning2025/v0.1.1/HLT/V1,Commissioning2025,4
389894,10406,5528,2025-03-24 10:29:50,2025-03-24 12:01:59,"[CSC, CTPPS, CTPPS_TOT, ECAL, ES, HCAL, L1SCOUT, PIXEL, RPC]",0.0,0.0,629342615,cosmics2025/v11,/cdaq/cosmic/commissioning2025/v0.1.1/HLT/V1,Commissioning2025,4
389902,10406,235,2025-03-24 12:05:17,2025-03-24 12:09:12,"[CSC, CTPPS, CTPPS_TOT, HCAL, L1SCOUT, PIXEL, RPC]",0.0,0.0,8910481,cosmics2025/v11,/cdaq/cosmic/commissioning2025/v0.1.1/HLT/V1,Commissioning2025,4
389903,10406,985,2025-03-24 12:12:19,2025-03-24 12:28:44,"[CSC, CTPPS, CTPPS_TOT, HCAL, L1SCOUT, PIXEL, RPC]",0.0,0.0,11306094,cosmics2025/v11,/cdaq/cosmic/commissioning2025/v0.1.1/HLT/V1,Commissioning2025,4
389904,10406,496,2025-03-24 12:33:15,2025-03-24 12:41:31,"[CSC, CTPPS, CTPPS_TOT, HCAL, L1SCOUT, PIXEL, RPC]",0.0,0.0,11279961,cosmics2025/v11,/cdaq/cosmic/commissioning2025/v0.1.1/HLT/V1,Commissioning2025,4
389905,10406,356,2025-03-24 12:45:32,2025-03-24 12:51:28,"[CSC, CTPPS, CTPPS_TOT, ECAL, ES, HCAL, L1SCOUT, PIXEL, RPC]",0.0,0.0,19748905,cosmics2025/v11,/cdaq/cosmic/commissioning2025/v0.1.1/HLT/V1,Commissioning2025,4
389906,10406,1534,2025-03-24 12:55:08,2025-03-24 13:20:42,"[CSC, CTPPS, CTPPS_TOT, HCAL, L1SCOUT, PIXEL, RPC]",0.0,0.0,77244,cosmics2025/v11,/cdaq/cosmic/commissioning2025/v0.1.1/HLT/V1,Commissioning2025,4
389907,10406,1422,2025-03-24 13:23:50,2025-03-24 13:47:32,"[CSC, CTPPS, CTPPS_TOT, ES, HCAL, L1SCOUT, PIXEL, RPC]",0.0,0.0,869354,cosmics2025/v11,/cdaq/cosmic/commissioning2025/v0.1.1/HLT/V1,Commissioning2025,4
389909,10406,3343,2025-03-24 13:51:36,2025-03-24 14:47:19,"[CSC, CTPPS, CTPPS_TOT, ES, HCAL, L1SCOUT, RPC]",0.0,0.0,372224284,cosmics2025/v11,/cdaq/cosmic/commissioning2025/v0.1.1/HLT/V1,Commissioning2025,4
389912,10406,187,2025-03-24 14:51:22,2025-03-24 14:54:29,"[CSC, CTPPS, CTPPS_TOT, HCAL, L1SCOUT, RPC]",0.0,0.0,29589,cosmics2025/v11,/cdaq/cosmic/commissioning2025/v0.1.1/HLT/V1,Emulation2025,4
389913,10406,1316,2025-03-24 14:56:08,2025-03-24 15:18:04,"[CSC, CTPPS, CTPPS_TOT, HCAL, L1SCOUT, RPC]",0.0,0.0,118466172,cosmics2025/v11,/cdaq/cosmic/commissioning2025/v0.1.1/HLT/V1,Commissioning2025,4
389918,10406,1040,2025-03-24 15:20:58,2025-03-24 15:38:18,"[CSC, CTPPS, CTPPS_TOT, HCAL, L1SCOUT, RPC]",0.0,0.0,116974285,cosmics2025/v11,/cdaq/cosmic/commissioning2025/v0.1.1/HLT/V1,Commissioning2025,4
389919,10406,2788,2025-03-24 15:41:23,2025-03-24 16:27:50,"[CSC, CTPPS, CTPPS_TOT, HCAL, L1SCOUT, RPC]",0.0,0.0,316561612,cosmics2025/v11,/cdaq/cosmic/commissioning2025/v0.1.1/HLT/V1,Commissioning2025,4
389921,10406,160,2025-03-24 16:29:59,2025-03-24 16:32:39,"[CSC, CTPPS, CTPPS_TOT, DAQ, HCAL, L1SCOUT, RPC]",0.0,0.0,75,cosmics2025/v11,,Emulation2025,4
389922,10406,88,2025-03-24 16:35:37,2025-03-24 16:37:05,"[CTPPS, CTPPS_TOT, DAQ, HCAL, L1SCOUT, RPC]",0.0,0.0,81,cosmics2025/v11,,Emulation2025,4
389923,10406,63,2025-03-24 16:40:30,2025-03-24 16:41:33,"[CTPPS, CTPPS_TOT, DAQ, HCAL, L1SCOUT, RPC]",0.0,0.0,73,cosmics2025/v11,,Emulation2025,4
389925,10406,28,2025-03-24 16:45:05,2025-03-24 16:45:33,"[CTPPS, CTPPS_TOT, DAQ, HCAL, L1SCOUT, RPC]",0.0,0.0,75,cosmics2025/v11,,Emulation2025,
389927,10406,28,2025-03-24 16:51:58,2025-03-24 16:52:26,"[CTPPS, CTPPS_TOT, DAQ, HCAL, L1SCOUT, RPC]",0.0,0.0,78,cosmics2025/v11,,Emulation2025,
389929,10406,61,2025-03-24 17:01:59,2025-03-24 17:02:59,"[CTPPS, CTPPS_TOT, DAQ, HCAL, L1SCOUT, RPC]",0.0,0.0,79,cosmics2025/v11,,Emulation2025,4
389930,10406,452,2025-03-24 17:05:50,2025-03-24 17:13:22,"[CTPPS, CTPPS_TOT, DAQ, HCAL, L1SCOUT, RPC]",0.0,0.0,72,cosmics2025/v11,,Emulation2025,4
389932,10406,159,2025-03-24 17:16:13,2025-03-24 17:18:52,"[CTPPS, CTPPS_TOT, GEM, HCAL, L1SCOUT, RPC]",,,,cosmics2025/v11,/cdaq/cosmic/commissioning2025/v0.1.1/HLT/V1,Emulation2025,
389933,10406,393,2025-03-24 17:21:37,2025-03-24 17:28:10,"[CTPPS, CTPPS_TOT, GEM, HCAL, L1SCOUT, RPC]",0.0,0.0,35867725,cosmics2025/v11,/cdaq/cosmic/commissioning2025/v0.1.1/HLT/V1,Commissioning2025,4
389934,10406,2011,2025-03-24 17:32:01,2025-03-24 18:05:32,"[CTPPS, CTPPS_TOT, GEM, L1SCOUT, RPC]",0.0,0.0,220743026,cosmics2025/v11,/cdaq/cosmic/commissioning2025/v0.1.1/HLT/V1,Commissioning2025,4
389935,10406,69,2025-03-24 18:09:25,2025-03-24 18:10:34,"[CTPPS, CTPPS_TOT, L1SCOUT, RPC]",0.0,0.0,21490,cosmics2025/v11,/cdaq/cosmic/commissioning2025/v0.1.1/HLT/V1,Emulation2025,4
389936,10406,1278,2025-03-24 18:12:10,2025-03-24 18:33:28,"[CTPPS, CTPPS_TOT, L1SCOUT, RPC]",0.0,0.0,150265679,cosmics2025/v11,/cdaq/cosmic/commissioning2025/v0.1.1/HLT/V1,Commissioning2025,4
389937,10406,136,2025-03-24 18:37:44,2025-03-24 18:40:00,"[CTPPS, CTPPS_TOT, L1SCOUT, RPC]",0.0,0.0,17086867,cosmics2025/v11,/cdaq/cosmic/commissioning2025/v0.1.1/HLT/V1,Emulation2025,0
389938,10406,115,2025-03-24 18:42:46,2025-03-24 18:44:41,"[CTPPS, CTPPS_TOT, L1SCOUT, RPC]",0.0,0.0,14049310,cosmics2025/v11,/cdaq/cosmic/commissioning2025/v0.1.1/HLT/V1,Emulation2025,4
389939,10406,453,2025-03-24 18:47:44,2025-03-24 18:55:17,"[CTPPS, CTPPS_TOT, L1SCOUT, RPC]",0.0,0.0,56954815,cosmics2025/v11,/cdaq/cosmic/commissioning2025/v0.1.1/HLT/V1,Commissioning2025,4
389940,10406,1233,2025-03-24 19:01:58,2025-03-24 19:22:31,"[CSC, CTPPS, CTPPS_TOT, L1SCOUT, RPC]",0.0,0.0,136003984,cosmics2025/v11,/cdaq/cosmic/commissioning2025/v0.1.1/HLT/V1,Commissioning2025,4
389942,10406,36,2025-03-24 19:25:29,2025-03-24 19:26:05,"[CSC, CTPPS, CTPPS_TOT, GEM, L1SCOUT, RPC]",0.0,0.0,14319,cosmics2025/v11,/cdaq/cosmic/commissioning2025/v0.1.1/HLT/V1,Emulation2025,4
389943,10406,228,2025-03-24 19:48:30,2025-03-24 19:52:18,"[CSC, CTPPS, CTPPS_TOT, L1SCOUT, RPC]",0.0,0.0,17220224,cosmics2025/v11,/cdaq/cosmic/commissioning2025/v0.1.1/HLT/V1,Commissioning2025,4
389944,10406,1828,2025-03-24 19:55:17,2025-03-24 20:25:45,"[CSC, CTPPS, CTPPS_TOT, L1SCOUT, RPC]",0.0,0.0,211622490,cosmics2025/v11,/cdaq/cosmic/commissioning2025/v0.1.1/HLT/V1,Commissioning2025,4
389945,10406,6511,2025-03-24 20:29:14,2025-03-24 22:17:45,"[CTPPS, CTPPS_TOT, L1SCOUT, RPC]",0.0,0.0,723746826,cosmics2025/v11,/cdaq/cosmic/commissioning2025/v0.1.1/HLT/V1,Commissioning2025,4
389946,10406,34322,2025-03-24 22:21:32,2025-03-25 07:53:34,"[CTPPS, CTPPS_TOT, L1SCOUT, RPC]",0.0,0.0,3879210720,cosmics2025/v11,/cdaq/cosmic/commissioning2025/v0.1.1/HLT/V1,Commissioning2025,4
389947,10406,28,2025-03-25 07:58:21,2025-03-25 07:58:49,"[CTPPS, CTPPS_TOT, L1SCOUT, PIXEL, RPC]",0.0,0.0,15875,cosmics2025/v11,/cdaq/cosmic/commissioning2025/v0.1.1/HLT/V1,Commissioning2025,4
389949,10406,941,2025-03-25 08:02:45,2025-03-25 08:18:26,"[CSC, CTPPS, CTPPS_TOT, L1SCOUT, PIXEL, RPC]",0.0,0.0,99029584,cosmics2025/v11,/cdaq/cosmic/commissioning2025/v0.1.1/HLT/V1,Commissioning2025,4
389951,10406,2282,2025-03-25 08:19:56,2025-03-25 08:57:58,"[CSC, CTPPS, CTPPS_TOT, L1SCOUT, PIXEL, RPC]",0.0,0.0,259880475,cosmics2025/v11,/cdaq/cosmic/commissioning2025/v0.1.1/HLT/V1,Commissioning2025,4
389952,10406,214,2025-03-25 09:01:02,2025-03-25 09:04:36,"[CSC, CTPPS, CTPPS_TOT, HCAL, L1SCOUT, PIXEL, RPC, TRACKER]",0.0,0.0,8566,cosmics2025/v11,/cdaq/cosmic/commissioning2025/v0.1.1/HLT/V1,Commissioning2025,4
389953,10406,360,2025-03-25 09:05:58,2025-03-25 09:11:58,"[CSC, CTPPS, CTPPS_TOT, HCAL, L1SCOUT, PIXEL, RPC, TRACKER]",0.0,0.0,36543543,cosmics2025/v11,/cdaq/cosmic/commissioning2025/v0.1.1/HLT/V1,Commissioning2025,4
389955,10406,2329,2025-03-25 09:16:10,2025-03-25 09:54:59,"[CSC, CTPPS, CTPPS_TOT, GEM, HCAL, L1SCOUT, PIXEL, RPC, TRACKER]",0.0,0.0,262992816,cosmics2025/v11,/cdaq/cosmic/commissioning2025/v0.1.1/HLT/V1,Commissioning2025,4
389960,10406,1636,2025-03-25 09:58:28,2025-03-25 10:25:44,"[CSC, CTPPS, CTPPS_TOT, GEM, L1SCOUT, PIXEL, RPC, TRACKER]",0.0,0.0,184499016,cosmics2025/v11,/cdaq/cosmic/commissioning2025/v0.1.1/HLT/V1,Commissioning2025,4
389964,10406,1178,2025-03-25 10:31:49,2025-03-25 10:51:27,"[CTPPS, CTPPS_TOT, GEM, HCAL, L1SCOUT, PIXEL, RPC, TRACKER]",0.0,0.0,131682277,cosmics2025/v11,/cdaq/cosmic/commissioning2025/v0.1.1/HLT/V1,Commissioning2025,4
389970,10406,4227,2025-03-25 10:56:44,2025-03-25 12:07:12,"[CTPPS, CTPPS_TOT, HCAL, L1SCOUT, PIXEL, RPC, TRACKER]",0.0,0.0,471294142,cosmics2025/v11,/cdaq/cosmic/commissioning2025/v0.1.1/HLT/V1,Commissioning2025,4
389975,10406,1144,2025-03-25 12:10:59,2025-03-25 12:30:03,"[CTPPS, CTPPS_TOT, L1SCOUT, PIXEL, RPC, TRACKER]",0.0,0.0,128218794,cosmics2025/v11,/cdaq/cosmic/commissioning2025/v0.1.1/HLT/V1,Commissioning2025,4
389976,10406,306,2025-03-25 12:49:36,2025-03-25 12:54:42,"[CTPPS, CTPPS_TOT, L1SCOUT, PIXEL, RPC, TRACKER]",0.0,0.0,30573,beamsplash/v23,/cdaq/special/2025/Splashes/v0.1.0/HLT/V1,Commissioning2025,2
389978,10406,697,2025-03-25 12:58:06,2025-03-25 13:09:43,"[CTPPS, CTPPS_TOT, L1SCOUT, PIXEL, RPC, TRACKER]",0.0,0.0,70755,beamsplash/v23,/cdaq/special/2025/Splashes/v0.1.0/HLT/V1,Commissioning2025,0
389979,10406,6584,2025-03-25 13:14:47,2025-03-25 15:04:31,"[CTPPS, CTPPS_TOT, L1SCOUT, PIXEL, RPC, TRACKER]",0.0,0.0,748993742,cosmics2025/v11,/cdaq/cosmic/commissioning2025/v0.1.1/HLT/V1,Commissioning2025,4
389981,10406,1738,2025-03-25 15:21:36,2025-03-25 15:50:34,"[CTPPS, CTPPS_TOT, L1SCOUT, PIXEL, RPC, TRACKER]",0.0,0.0,196169316,cosmics2025/v11,/cdaq/cosmic/commissioning2025/v0.1.1/HLT/V1,Commissioning2025,4
389982,10406,1874,2025-03-25 15:56:11,2025-03-25 16:27:25,"[CTPPS, CTPPS_TOT, L1SCOUT, RPC, TRACKER]",0.0,0.0,190093136,cosmics2025/v11,/cdaq/cosmic/commissioning2025/v0.1.1/HLT/V1,Commissioning2025,4
389983,10406,113,2025-03-25 16:28:06,2025-03-25 16:29:59,"[CTPPS, CTPPS_TOT, L1SCOUT, RPC, TRACKER]",,,,cosmics2025/v11,/cdaq/cosmic/commissioning2025/v0.1.1/HLT/V1,Commissioning2025,
389984,10406,359,2025-03-25 16:32:32,2025-03-25 16:38:31,"[CTPPS, CTPPS_TOT, L1SCOUT, RPC, TRACKER]",0.0,0.0,31228445,cosmics2025/v11,/cdaq/cosmic/commissioning2025/v0.1.1/HLT/V1,Commissioning2025,4
389985,10406,51,2025-03-25 16:43:58,2025-03-25 16:44:49,"[CTPPS, CTPPS_TOT, L1SCOUT, RPC]",,,,cosmics2025/v11,/cdaq/cosmic/commissioning2025/v0.1.1/HLT/V1,Commissioning2025,
389986,10406,14774,2025-03-25 16:48:06,2025-03-25 20:54:20,"[CTPPS, CTPPS_TOT, L1SCOUT, RPC]",0.0,0.0,1663344976,cosmics2025/v11,/cdaq/cosmic/commissioning2025/v0.1.1/HLT/V1,Commissioning2025,4
389987,10406,42371,2025-03-25 21:04:49,2025-03-26 08:51:01,"[CTPPS, CTPPS_TOT, L1SCOUT, RPC]",0.0,0.0,4815407959,cosmics2025/v11,/cdaq/cosmic/commissioning2025/v0.1.1/HLT/V1,Commissioning2025,4
389990,10406,3723,2025-03-26 09:06:00,2025-03-26 10:08:02,"[CSC, CTPPS, CTPPS_TOT, GEM, HCAL, L1SCOUT, PIXEL, RPC, TRACKER]",0.0,0.0,421226645,cosmics2025/v11,/cdaq/cosmic/commissioning2025/v0.1.1/HLT/V1,Commissioning2025,4
390000,10406,945,2025-03-26 10:11:13,2025-03-26 10:26:58,"[CTPPS, CTPPS_TOT, GEM, HCAL, L1SCOUT, PIXEL, RPC, TRACKER]",0.0,0.0,103960545,cosmics2025/v11,/cdaq/cosmic/commissioning2025/v0.1.1/HLT/V1,Commissioning2025,4
390001,10406,10633,2025-03-26 10:33:04,2025-03-26 13:30:17,"[CTPPS, CTPPS_TOT, HCAL, L1SCOUT, PIXEL, RPC, TRACKER]",0.0,0.0,88229357,cosmics2025/v11,/cdaq/cosmic/commissioning2025/v0.1.1/HLT/V1,Commissioning2025,4
390005,10406,923,2025-03-26 13:35:39,2025-03-26 13:51:02,"[CTPPS, CTPPS_TOT, ECAL, GEM, HCAL, L1SCOUT, PIXEL, RPC, TRACKER]",0.0,0.0,100851517,cosmics2025/v11,/cdaq/cosmic/commissioning2025/v0.1.1/HLT/V1,Commissioning2025,4
390007,10406,1120,2025-03-26 13:53:46,2025-03-26 14:12:26,"[CTPPS, CTPPS_TOT, ECAL, GEM, HCAL, L1SCOUT, PIXEL, RPC, TRACKER]",0.0,0.0,125927312,cosmics2025/v11,/cdaq/cosmic/commissioning2025/v0.1.1/HLT/V1,Commissioning2025,4
390011,10406,1506,2025-03-26 14:28:26,2025-03-26 14:53:32,"[CSC, CTPPS, CTPPS_TOT, ECAL, GEM, HCAL, L1SCOUT, PIXEL, RPC, TRACKER]",0.0,0.0,154966929,cosmics2025/v11,/cdaq/cosmic/commissioning2025/v0.1.1/HLT/V1,Commissioning2025,4
390014,10406,1125,2025-03-26 14:56:33,2025-03-26 15:15:18,"[CSC, CTPPS, CTPPS_TOT, ECAL, GEM, L1SCOUT, PIXEL, RPC, TRACKER]",0.0,0.0,117980744,cosmics2025/v11,/cdaq/cosmic/commissioning2025/v0.1.1/HLT/V1,Commissioning2025,4
390017,10406,438,2025-03-26 15:18:16,2025-03-26 15:25:34,"[CSC, CTPPS, CTPPS_TOT, ECAL, GEM, L1SCOUT, PIXEL, RPC, TRACKER]",0.0,0.0,47945484,cosmics2025/v11,/cdaq/cosmic/commissioning2025/v0.1.1/HLT/V1,Commissioning2025,4
390018,10406,1554,2025-03-26 15:29:21,2025-03-26 15:55:15,"[CTPPS, CTPPS_TOT, ECAL, GEM, L1SCOUT, RPC, TRACKER]",0.0,0.0,148372389,cosmics2025/v11,/cdaq/cosmic/commissioning2025/v0.1.1/HLT/V1,Commissioning2025,4
390021,10406,85,2025-03-26 15:58:03,2025-03-26 15:59:28,"[CTPPS, CTPPS_TOT, ECAL, GEM, L1SCOUT, RPC]",,,,cosmics2025/v11,/cdaq/cosmic/commissioning2025/v0.1.1/HLT/V1,Commissioning2025,
390023,10406,4533,2025-03-26 16:03:24,2025-03-26 17:18:57,"[CTPPS, CTPPS_TOT, ECAL, GEM, L1SCOUT, RPC]",0.0,0.0,516440887,cosmics2025/v11,/cdaq/cosmic/commissioning2025/v0.1.1/HLT/V1,Commissioning2025,4
390024,10406,928,2025-03-26 17:22:33,2025-03-26 17:38:01,"[CTPPS, CTPPS_TOT, ECAL, L1SCOUT, RPC]",0.0,0.0,94769189,cosmics2025/v11,/cdaq/cosmic/commissioning2025/v0.1.1/HLT/V1,Commissioning2025,4
390025,10406,14427,2025-03-26 17:41:52,2025-03-26 21:42:19,"[CTPPS, CTPPS_TOT, L1SCOUT, RPC]",0.0,0.0,1637160094,cosmics2025/v11,/cdaq/cosmic/commissioning2025/v0.1.1/HLT/V1,Commissioning2025,4
390026,10406,14654,2025-03-26 21:53:01,2025-03-27 01:57:15,"[CTPPS, CTPPS_TOT, L1SCOUT, RPC]",0.0,0.0,1659477758,cosmics2025/v11,/cdaq/cosmic/commissioning2025/v0.1.1/HLT/V1,Commissioning2025,4
390027,10406,487,2025-03-27 02:00:42,2025-03-27 02:08:49,"[CSC, CTPPS, CTPPS_TOT, L1SCOUT, RPC]",0.0,0.0,43315104,cosmics2025/v11,/cdaq/cosmic/commissioning2025/v0.1.1/HLT/V1,Commissioning2025,4
390029,10406,91,2025-03-27 02:11:07,2025-03-27 02:12:38,"[CTPPS, CTPPS_TOT, L1SCOUT, RPC]",,,,cosmics2025/v11,,Commissioning2025,
390030,10406,17072,2025-03-27 02:15:00,2025-03-27 06:59:32,"[CTPPS, CTPPS_TOT, L1SCOUT, RPC]",0.0,0.0,1933579635,cosmics2025/v11,/cdaq/cosmic/commissioning2025/v0.1.1/HLT/V1,Commissioning2025,4
390031,10406,6617,2025-03-27 07:03:13,2025-03-27 08:53:30,"[CSC, CTPPS, CTPPS_TOT, L1SCOUT, RPC]",0.0,0.0,751724435,cosmics2025/v11,/cdaq/cosmic/commissioning2025/v0.1.1/HLT/V1,Commissioning2025,4
390033,10406,4375,2025-03-27 08:59:23,2025-03-27 10:12:18,"[CSC, CTPPS, CTPPS_TOT, GEM, HCAL, L1SCOUT, PIXEL, RPC, TRACKER]",0.0,0.0,495572496,cosmics2025/v11,/cdaq/cosmic/commissioning2025/v0.1.1/HLT/V1,Commissioning2025,4
390040,10406,1208,2025-03-27 10:16:08,2025-03-27 10:36:15,"[CSC, CTPPS, CTPPS_TOT, HCAL, L1SCOUT, PIXEL, RPC, TRACKER]",0.0,0.0,133610903,cosmics2025/v11,/cdaq/cosmic/commissioning2025/v0.1.1/HLT/V1,Commissioning2025,4
390043,10406,668,2025-03-27 10:39:42,2025-03-27 10:50:50,"[CTPPS, CTPPS_TOT, HCAL, L1SCOUT, PIXEL, RPC, TRACKER]",0.0,0.0,71419959,cosmics2025/v11,/cdaq/cosmic/commissioning2025/v0.1.1/HLT/V1,Commissioning2025,4
390044,10406,377,2025-03-27 11:20:46,2025-03-27 11:27:03,"[CTPPS, CTPPS_TOT, ECAL, L1SCOUT, PIXEL, RPC, TRACKER]",0.0,0.0,36668434,cosmics2025/v11,/cdaq/cosmic/commissioning2025/v0.1.1/HLT/V1,Commissioning2025,4
390045,10406,4784,2025-03-27 11:33:04,2025-03-27 12:52:48,"[CTPPS, CTPPS_TOT, ECAL, L1SCOUT, RPC, TRACKER]",0.0,0.0,543101746,cosmics2025/v11,/cdaq/cosmic/commissioning2025/v0.1.1/HLT/V1,Commissioning2025,4
390051,10406,14494,2025-03-27 12:56:52,2025-03-27 16:58:26,"[CTPPS, CTPPS_TOT, GEM, L1SCOUT, RPC, TRACKER]",0.0,0.0,1651300519,cosmics2025/v11,/cdaq/cosmic/commissioning2025/v0.1.1/HLT/V1,Commissioning2025,4
390058,10406,1371,2025-03-27 17:14:21,2025-03-27 17:37:12,"[CTPPS, CTPPS_TOT, GEM, L1SCOUT, RPC]",0.0,0.0,149544284,cosmics2025/v11,/cdaq/cosmic/commissioning2025/v0.1.1/HLT/V1,Commissioning2025,4
390059,10406,4773,2025-03-27 17:40:32,2025-03-27 19:00:05,"[CTPPS, CTPPS_TOT, L1SCOUT, RPC]",0.0,0.0,531748770,cosmics2025/v11,/cdaq/cosmic/commissioning2025/v0.1.1/HLT/V1,Commissioning2025,4
390060,10406,7182,2025-03-27 19:03:20,2025-03-27 21:03:02,"[CTPPS, CTPPS_TOT, L1SCOUT, RPC]",0.0,0.0,817055126,cosmics2025/v11,/cdaq/cosmic/commissioning2025/v0.1.1/HLT/V1,Commissioning2025,4
390061,10406,1919,2025-03-27 21:06:33,2025-03-27 21:38:32,"[CTPPS, CTPPS_TOT, L1SCOUT]",0.0,0.0,210324392,cosmics2025/v11,/cdaq/cosmic/commissioning2025/v0.1.1/HLT/V1,Commissioning2025,4
390062,10406,40124,2025-03-27 21:41:48,2025-03-28 08:50:32,"[CTPPS, CTPPS_TOT, L1SCOUT, RPC]",0.0,0.0,4559314853,cosmics2025/v11,/cdaq/cosmic/commissioning2025/v0.1.1/HLT/V1,Commissioning2025,4
390063,10406,155,2025-03-28 08:54:52,2025-03-28 08:57:27,"[CSC, CTPPS, CTPPS_TOT, GEM, L1SCOUT, RPC]",0.0,0.0,82004,cosmics2025/v11,/cdaq/cosmic/commissioning2025/v0.1.1/HLT/V1,Commissioning2025,4
390064,10406,1362,2025-03-28 09:01:34,2025-03-28 09:24:16,"[CSC, CTPPS, CTPPS_TOT, GEM, L1SCOUT, PIXEL, RPC]",0.0,0.0,137011936,cosmics2025/v11,/cdaq/cosmic/commissioning2025/v0.1.1/HLT/V1,Commissioning2025,4
390068,10406,404,2025-03-28 09:43:01,2025-03-28 09:49:45,"[CSC, CTPPS, CTPPS_TOT, DT, L1SCOUT, PIXEL]",0.0,0.0,187082,cosmics2025/v11,/cdaq/cosmic/commissioning2025/v0.1.1/HLT/V1,Commissioning2025,4
390071,10406,1444,2025-03-28 09:53:39,2025-03-28 10:17:43,"[CSC, CTPPS, CTPPS_TOT, L1SCOUT, PIXEL]",0.0,0.0,145078467,cosmics2025/v11,/cdaq/cosmic/commissioning2025/v0.1.1/HLT/V1,Commissioning2025,4
390073,10406,2703,2025-03-28 10:21:40,2025-03-28 11:06:43,"[CTPPS, CTPPS_TOT, L1SCOUT, PIXEL]",0.0,0.0,300102256,cosmics2025/v12,/cdaq/cosmic/commissioning2025/v0.1.1/HLT/V1,Commissioning2025,4
390074,10406,5607,2025-03-28 11:11:21,2025-03-28 12:44:48,"[CTPPS, CTPPS_TOT, GEM, L1SCOUT, PIXEL]",0.0,0.0,637177370,cosmics2025/v12,/cdaq/cosmic/commissioning2025/v0.1.1/HLT/V1,Commissioning2025,4
390076,10406,2659,2025-03-28 12:49:12,2025-03-28 13:33:31,"[CTPPS, CTPPS_TOT, GEM, L1SCOUT]",0.0,0.0,296052652,cosmics2025/v12,/cdaq/cosmic/commissioning2025/v0.1.1/HLT/V1,Commissioning2025,4
390077,10406,2613,2025-03-28 13:37:12,2025-03-28 14:20:45,"[CTPPS, CTPPS_TOT, GEM, HCAL, L1SCOUT]",0.0,0.0,285322844,cosmics2025/v12,/cdaq/cosmic/commissioning2025/v0.1.1/HLT/V1,Commissioning2025,4
390080,10406,2902,2025-03-28 14:25:35,2025-03-28 15:13:57,"[CTPPS, CTPPS_TOT, GEM, HCAL, L1SCOUT, RPC]",0.0,0.0,318156359,cosmics2025/v12,/cdaq/cosmic/commissioning2025/v0.1.1/HLT/V1,Commissioning2025,4
390083,10406,1320,2025-03-28 15:17:49,2025-03-28 15:39:49,"[CTPPS, CTPPS_TOT, GEM, L1SCOUT, RPC]",0.0,0.0,136673706,cosmics2025/v12,/cdaq/cosmic/commissioning2025/v0.1.1/HLT/V1,Commissioning2025,4
390084,10406,86,2025-03-28 15:41:55,2025-03-28 15:43:21,"[CTPPS, CTPPS_TOT, L1SCOUT, RPC]",,,,cosmics2025/v12,/cdaq/cosmic/commissioning2025/v0.1.1/HLT/V1,Commissioning2025,
390085,10406,5191,2025-03-28 15:46:14,2025-03-28 17:12:45,"[CTPPS, CTPPS_TOT, HCAL, L1SCOUT, RPC]",0.0,0.0,581807113,cosmics2025/v12,/cdaq/cosmic/commissioning2025/v0.1.1/HLT/V1,Commissioning2025,4
390087,10406,260,2025-03-28 17:15:30,2025-03-28 17:19:50,"[CTPPS, CTPPS_TOT, HCAL, L1SCOUT, RPC]",0.0,0.0,26524937,cosmics2025/v12,/cdaq/cosmic/commissioning2025/v0.1.1/HLT/V1,Commissioning2025,4
390089,10406,106,2025-03-28 17:23:03,2025-03-28 17:24:50,"[CTPPS, CTPPS_TOT, L1SCOUT, RPC]",0.0,0.0,26687,cosmics2025/v12,/cdaq/cosmic/commissioning2025/v0.1.1/HLT/V1,Commissioning2025,4
390090,10406,11170,2025-03-28 17:26:23,2025-03-28 20:32:33,"[CTPPS, CTPPS_TOT, L1SCOUT, RPC]",0.0,0.0,1254063954,cosmics2025/v12,/cdaq/cosmic/commissioning2025/v0.1.1/HLT/V1,Commissioning2025,4
390091,10406,8337,2025-03-28 20:36:03,2025-03-28 22:55:00,"[CTPPS, CTPPS_TOT, L1SCOUT]",0.0,0.0,929861623,cosmics2025/v12,/cdaq/cosmic/commissioning2025/v0.1.1/HLT/V1,Commissioning2025,4
390092,10406,18653,2025-03-28 22:56:19,2025-03-29 04:07:12,"[CTPPS, CTPPS_TOT, L1SCOUT]",0.0,0.0,2097339968,cosmics2025/v12,/cdaq/cosmic/commissioning2025/v0.1.1/HLT/V1,Commissioning2025,4
390093,10406,120,2025-03-29 04:07:56,2025-03-29 04:09:56,"[CTPPS, CTPPS_TOT, L1SCOUT]",,,,cosmics2025/v12,,Commissioning2025,
390094,10406,15799,2025-03-29 04:12:28,2025-03-29 08:35:47,"[CTPPS, CTPPS_TOT, L1SCOUT]",0.0,0.0,1795873798,cosmics2025/v12,/cdaq/cosmic/commissioning2025/v0.1.1/HLT/V1,Commissioning2025,4
390095,10406,72,2025-03-29 08:39:34,2025-03-29 08:40:46,"[CSC, CTPPS, CTPPS_TOT, L1SCOUT]",0.0,0.0,588245,cosmics2025/v12,/cdaq/cosmic/commissioning2025/v0.1.1/HLT/V1,Commissioning2025,4
390096,10406,1532,2025-03-29 08:42:15,2025-03-29 09:07:47,"[CSC, CTPPS, CTPPS_TOT, L1SCOUT]",0.0,0.0,172888851,cosmics2025/v12,/cdaq/cosmic/commissioning2025/v0.1.1/HLT/V1,Commissioning2025,4
390098,10406,73176,2025-03-29 09:13:40,2025-03-30 05:33:17,"[CTPPS, CTPPS_TOT, L1SCOUT]",0.0,0.0,8271490108,cosmics2025/v12,/cdaq/cosmic/commissioning2025/v0.1.1/HLT/V1,Commissioning2025,4
390099,10406,68,2025-03-30 05:36:47,2025-03-30 05:37:55,"[CTPPS, CTPPS_TOT, L1SCOUT]",0.0,0.0,2177377,cosmics2025/v12,/cdaq/cosmic/commissioning2025/v0.1.1/HLT/V1,Commissioning2025,4
390100,10406,11247,2025-03-30 05:40:01,2025-03-30 08:47:27,"[CTPPS, CTPPS_TOT, L1SCOUT]",0.0,0.0,1276297448,cosmics2025/v12,/cdaq/cosmic/commissioning2025/v0.1.1/HLT/V1,Commissioning2025,4
390101,10406,3154,2025-03-30 08:51:15,2025-03-30 09:43:49,"[CSC, CTPPS, CTPPS_TOT, L1SCOUT]",0.0,0.0,352989114,cosmics2025/v12,/cdaq/cosmic/commissioning2025/v0.1.1/HLT/V1,Commissioning2025,4
390105,10406,70,2025-03-30 09:47:38,2025-03-30 09:48:48,"[CTPPS, CTPPS_TOT, L1SCOUT]",0.0,0.0,26635,cosmics2025/v12,/cdaq/cosmic/commissioning2025/v0.1.1/HLT/V1,Commissioning2025,4
390106,10406,73503,2025-03-30 09:50:27,2025-03-31 06:15:31,"[CTPPS, CTPPS_TOT, L1SCOUT]",0.0,0.0,8343212602,cosmics2025/v12,/cdaq/cosmic/commissioning2025/v0.1.1/HLT/V1,Commissioning2025,4
390107,10406,2243,2025-03-31 06:25:54,2025-03-31 07:03:17,"[CSC, CTPPS, CTPPS_TOT, L1SCOUT]",0.0,0.0,246599352,cosmics2025/v12,/cdaq/cosmic/commissioning2025/v0.1.1/HLT/V1,Commissioning2025,4
390109,10406,1073,2025-03-31 07:08:01,2025-03-31 07:25:55,"[CTPPS, CTPPS_TOT, L1SCOUT]",0.0,0.0,116483064,cosmics2025/v12,/cdaq/cosmic/commissioning2025/v0.1.1/HLT/V1,Commissioning2025,4
390110,10406,792,2025-03-31 07:31:19,2025-03-31 07:44:31,"[CTPPS, CTPPS_TOT, ECAL, L1SCOUT]",0.0,0.0,532646,cosmics2025/v12,/cdaq/cosmic/commissioning2025/v0.1.1/HLT/V1,Commissioning2025,4
390111,10406,2891,2025-03-31 07:53:18,2025-03-31 08:41:29,"[CTPPS, CTPPS_TOT, ECAL, GEM, HCAL, L1SCOUT, PIXEL, RPC]",0.0,0.0,323090043,cosmics2025/v12,/cdaq/cosmic/commissioning2025/v0.1.1/HLT/V1,Commissioning2025,4
390113,10406,172,2025-03-31 08:47:08,2025-03-31 08:50:00,"[CTPPS, CTPPS_TOT, ECAL, GEM, HCAL, L1SCOUT, RPC]",,,,cosmics2025/v12,,Commissioning2025,
390115,10406,5359,2025-03-31 08:52:30,2025-03-31 10:21:49,"[CTPPS, CTPPS_TOT, ECAL, GEM, HCAL, L1SCOUT, RPC]",0.0,0.0,604624297,cosmics2025/v12,/cdaq/cosmic/commissioning2025/v0.1.1/HLT/V1,Commissioning2025,4
390123,10406,5199,2025-03-31 10:26:49,2025-03-31 11:53:29,"[CTPPS, CTPPS_TOT, GEM, HCAL, L1SCOUT, RPC]",0.0,0.0,586532722,cosmics2025/v12,/cdaq/cosmic/commissioning2025/v0.1.1/HLT/V1,Commissioning2025,4
390127,10406,2927,2025-03-31 11:56:28,2025-03-31 12:45:15,"[CTPPS, CTPPS_TOT, GEM, HCAL, L1SCOUT, PIXEL, RPC]",0.0,0.0,325642701,cosmics2025/v12,/cdaq/cosmic/commissioning2025/v0.1.1/HLT/V1,Commissioning2025,4
390128,10406,44,2025-03-31 12:48:42,2025-03-31 12:49:26,"[CTPPS, CTPPS_TOT, GEM, HCAL, L1SCOUT, PIXEL, RPC]",0.0,0.0,1044087,cosmics2025/v12,/cdaq/cosmic/commissioning2025/v0.1.1/HLT/V1,Commissioning2025,4
390129,10406,3410,2025-03-31 12:54:40,2025-03-31 13:51:30,"[CTPPS, CTPPS_TOT, GEM, HCAL, L1SCOUT, PIXEL, RPC]",0.0,0.0,385470701,cosmics2025/v12,/cdaq/cosmic/commissioning2025/v0.1.1/HLT/V1,Commissioning2025,4
390130,10406,4660,2025-03-31 13:59:46,2025-03-31 15:17:26,"[CTPPS, CTPPS_TOT, GEM, HCAL, L1SCOUT, RPC]",0.0,0.0,516224790,cosmics2025/v12,/cdaq/cosmic/commissioning2025/v0.1.1/HLT/V1,Commissioning2025,4
390138,10406,889,2025-03-31 15:20:14,2025-03-31 15:35:03,"[CTPPS, CTPPS_TOT, GEM, HCAL, L1SCOUT, RPC]",0.0,0.0,98487174,cosmics2025/v12,/cdaq/cosmic/commissioning2025/v0.1.1/HLT/V1,Commissioning2025,4
390140,10406,759,2025-03-31 15:38:30,2025-03-31 15:51:09,"[CTPPS, CTPPS_TOT, GEM, L1SCOUT, RPC]",0.0,0.0,81521329,cosmics2025/v12,/cdaq/cosmic/commissioning2025/v0.1.1/HLT/V1,Commissioning2025,4
390141,10406,28,2025-03-31 15:54:17,2025-03-31 15:54:45,"[CTPPS, CTPPS_TOT, L1SCOUT, RPC]",0.0,0.0,,cosmics2025/v12,/cdaq/cosmic/commissioning2025/v0.1.1/HLT/V1,Commissioning2025,4
390142,10406,19050,2025-03-31 15:56:33,2025-03-31 21:14:03,"[CTPPS, CTPPS_TOT, L1SCOUT, RPC]",0.0,0.0,2163240561,cosmics2025/v12,/cdaq/cosmic/commissioning2025/v0.1.1/HLT/V1,Commissioning2025,4
390143,10406,37971,2025-03-31 21:17:55,2025-04-01 07:50:46,"[CTPPS, CTPPS_TOT, L1SCOUT]",0.0,0.0,4293189114,cosmics2025/v12,/cdaq/cosmic/commissioning2025/v0.1.1/HLT/V1,Commissioning2025,4
390144,10406,48,2025-04-01 07:54:30,2025-04-01 07:55:19,"[CSC, CTPPS, CTPPS_TOT, L1SCOUT, PIXEL]",0.0,0.0,14504,cosmics2025/v12,/cdaq/cosmic/commissioning2025/v0.1.1/HLT/V1,Commissioning2025,4
390145,10406,35,2025-04-01 07:59:52,2025-04-01 08:00:28,"[CSC, CTPPS, CTPPS_TOT, GEM, L1SCOUT, PIXEL]",0.0,0.0,14453,cosmics2025/v12,/cdaq/cosmic/commissioning2025/v0.1.1/HLT/V1,Commissioning2025,4
390146,10406,408,2025-04-01 08:10:12,2025-04-01 08:17:00,"[CSC, CTPPS, CTPPS_TOT, GEM, L1SCOUT, PIXEL, RPC]",0.0,0.0,8270237,cosmics2025/v12,/cdaq/cosmic/commissioning2025/v0.1.1/HLT/V1,Commissioning2025,4
390148,10406,62,2025-04-01 08:23:09,2025-04-01 08:24:11,"[CSC, CTPPS, CTPPS_TOT, GEM, L1SCOUT, PIXEL, RPC]",0.0,0.0,5245924,cosmics2025/v13,/cdaq/cosmic/commissioning2025/v0.2.0/HLT/V1,Commissioning2025,4
390149,10406,481,2025-04-01 08:28:00,2025-04-01 08:36:01,"[CSC, CTPPS, CTPPS_TOT, GEM, L1SCOUT, PIXEL, RPC]",0.0,0.0,53182300,cosmics2025/v13,/cdaq/cosmic/commissioning2025/v0.2.0/HLT/V1,Commissioning2025,4
390150,10406,837,2025-04-01 08:37:37,2025-04-01 08:51:34,"[CSC, CTPPS, CTPPS_TOT, GEM, L1SCOUT, PIXEL, RPC]",0.0,0.0,93146014,cosmics2025/v13,/cdaq/cosmic/commissioning2025/v0.2.0/HLT/V1,Commissioning2025,4
390151,10406,4702,2025-04-01 08:55:05,2025-04-01 10:13:27,"[CSC, CTPPS, CTPPS_TOT, GEM, HCAL, L1SCOUT, PIXEL, RPC]",0.0,0.0,524179664,cosmics2025/v13,/cdaq/cosmic/commissioning2025/v0.2.0/HLT/V1,Commissioning2025,4
390154,10406,1326,2025-04-01 10:17:06,2025-04-01 10:39:12,"[CSC, CTPPS, CTPPS_TOT, GEM, HCAL, L1SCOUT, PIXEL, RPC]",0.0,0.0,149065991,cosmics2025/v13,/cdaq/cosmic/commissioning2025/v0.2.0/HLT/V1,Commissioning2025,4
390155,10406,150,2025-04-01 10:42:34,2025-04-01 10:45:04,"[CTPPS, CTPPS_TOT, DT, GEM, HCAL, L1SCOUT, PIXEL, RPC]",,,,cosmics2025/v13,,Commissioning2025,
390156,10406,6129,2025-04-01 10:46:56,2025-04-01 12:29:05,"[CTPPS, CTPPS_TOT, DT, GEM, HCAL, L1SCOUT, PIXEL, RPC]",0.0,0.0,697535357,cosmics2025/v13,/cdaq/cosmic/commissioning2025/v0.2.0/HLT/V1,Commissioning2025,4
390157,10406,6947,2025-04-01 12:32:30,2025-04-01 14:28:17,"[CTPPS, CTPPS_TOT, GEM, HCAL, L1SCOUT, PIXEL, RPC]",0.0,0.0,754582123,cosmics2025/v13,/cdaq/cosmic/commissioning2025/v0.2.0/HLT/V1,Commissioning2025,4
390163,10406,285,2025-04-01 14:31:58,2025-04-01 14:36:42,"[CTPPS, CTPPS_TOT, GEM, HCAL, L1SCOUT, PIXEL, RPC]",0.0,0.0,31968381,cosmics2025/v13,/cdaq/cosmic/commissioning2025/v0.2.0/HLT/V1,Commissioning2025,4
390165,10406,1921,2025-04-01 14:40:47,2025-04-01 15:12:47,"[CTPPS, CTPPS_TOT, GEM, HCAL, L1SCOUT, RPC]",0.0,0.0,209810883,cosmics2025/v13,/cdaq/cosmic/commissioning2025/v0.2.0/HLT/V1,Commissioning2025,4
390169,10406,10759,2025-04-01 15:16:55,2025-04-01 18:16:14,"[CTPPS, CTPPS_TOT, L1SCOUT, RPC]",0.0,0.0,1213784727,cosmics2025/v13,/cdaq/cosmic/commissioning2025/v0.2.0/HLT/V1,Commissioning2025,4
390170,10406,48520,2025-04-01 18:20:09,2025-04-02 07:48:49,"[CTPPS, CTPPS_TOT, L1SCOUT]",0.0,0.0,5507277119,cosmics2025/v13,/cdaq/cosmic/commissioning2025/v0.2.0/HLT/V1,Commissioning2025,4
390173,10406,256,2025-04-02 07:53:28,2025-04-02 07:57:45,"[CSC, CTPPS, CTPPS_TOT, L1SCOUT]",0.0,0.0,10717581,cosmics2025/v13,/cdaq/cosmic/commissioning2025/v0.2.0/HLT/V1,Commissioning2025,4
390174,10406,620,2025-04-02 08:11:12,2025-04-02 08:21:32,"[CSC, CTPPS, CTPPS_TOT, HCAL, L1SCOUT]",0.0,0.0,62572042,cosmics2025/v13,/cdaq/cosmic/commissioning2025/v0.2.0/HLT/V1,Commissioning2025,4
390176,10406,1766,2025-04-02 08:26:07,2025-04-02 08:55:33,"[CSC, CTPPS, CTPPS_TOT, GEM, HCAL, L1SCOUT]",0.0,0.0,167012356,cosmics2025/v13,/cdaq/cosmic/commissioning2025/v0.2.0/HLT/V1,Commissioning2025,4
390180,10406,1166,2025-04-02 08:58:52,2025-04-02 09:18:18,"[CSC, CTPPS, CTPPS_TOT, HCAL, L1SCOUT]",0.0,0.0,124300801,cosmics2025/v13,/cdaq/cosmic/commissioning2025/v0.2.0/HLT/V1,Commissioning2025,4
390184,10406,9889,2025-04-02 09:23:15,2025-04-02 12:08:04,"[CTPPS, CTPPS_TOT, HCAL, L1SCOUT]",0.0,0.0,1116519389,cosmics2025/v13,/cdaq/cosmic/commissioning2025/v0.2.0/HLT/V1,Commissioning2025,4
390186,10407,3283,2025-04-02 12:10:48,2025-04-02 13:05:31,"[CTPPS, CTPPS_TOT, HCAL, L1SCOUT, PIXEL]",0.0,0.0,364512371,cosmics2025/v13,/cdaq/cosmic/commissioning2025/v0.2.0/HLT/V1,Commissioning2025,4
390187,10407,2970,2025-04-02 13:08:46,2025-04-02 13:58:16,"[CTPPS, CTPPS_TOT, DT, HCAL, L1SCOUT, PIXEL]",0.0,0.0,302753650,cosmics2025/v13,/cdaq/cosmic/commissioning2025/v0.2.0/HLT/V1,Commissioning2025,4
390189,10408,1575,2025-04-02 14:02:04,2025-04-02 14:28:19,"[CTPPS, CTPPS_TOT, DT, HCAL, L1SCOUT]",0.0,0.0,170036124,cosmics2025/v13,/cdaq/cosmic/commissioning2025/v0.2.0/HLT/V1,Commissioning2025,4
390190,10409,3114,2025-04-02 14:31:54,2025-04-02 15:23:49,"[CTPPS, CTPPS_TOT, DT, L1SCOUT]",0.0,0.0,353847715,cosmics2025/v13,/cdaq/cosmic/commissioning2025/v0.2.0/HLT/V1,Commissioning2025,4
390191,10409,1521,2025-04-02 15:28:23,2025-04-02 15:53:44,"[CTPPS, CTPPS_TOT, DT, ECAL, ES, L1SCOUT]",0.0,0.0,120258363,cosmics2025/v13,/cdaq/cosmic/commissioning2025/v0.2.0/HLT/V1,Commissioning2025,4
390195,10409,308,2025-04-02 15:57:02,2025-04-02 16:02:10,"[CTPPS, CTPPS_TOT, ECAL, ES, L1SCOUT]",0.0,0.0,16302876,cosmics2025/v13,/cdaq/cosmic/commissioning2025/v0.2.0/HLT/V1,Commissioning2025,4
390196,10409,37,2025-04-02 16:06:49,2025-04-02 16:07:26,"[CTPPS, CTPPS_TOT, L1SCOUT]",0.0,0.0,16045,cosmics2025/v13,/cdaq/cosmic/commissioning2025/v0.2.0/HLT/V1,Commissioning2025,4
390197,10409,1851,2025-04-02 16:11:53,2025-04-02 16:42:44,"[CTPPS, CTPPS_TOT, L1SCOUT]",0.0,0.0,203975001,cosmics2025/v13,/cdaq/cosmic/commissioning2025/v0.2.0/HLT/V1,Commissioning2025,4
390198,10410,615,2025-04-02 16:45:49,2025-04-02 16:56:04,"[CTPPS, CTPPS_TOT, DT, L1SCOUT]",0.0,0.0,61010237,cosmics2025/v13,/cdaq/cosmic/commissioning2025/v0.2.0/HLT/V1,Commissioning2025,4
390199,10410,53880,2025-04-02 16:59:04,2025-04-03 07:57:04,"[CTPPS, CTPPS_TOT, L1SCOUT]",0.0,0.0,6100915123,cosmics2025/v13,/cdaq/cosmic/commissioning2025/v0.2.0/HLT/V1,Commissioning2025,4
390231,10410,659,2025-04-03 09:55:30,2025-04-03 10:06:29,"[CSC, CTPPS, CTPPS_TOT, DT, ECAL, ES, GEM, HCAL, L1SCOUT, PIXEL, RPC, TRACKER, TRG]",0.0,0.0,18123,cosmics2025/v14,/cdaq/cosmic/commissioning2025/v0.2.0/HLT/V1,Commissioning2025,
390232,10410,1307,2025-04-03 10:12:55,2025-04-03 10:34:42,"[CSC, CTPPS, CTPPS_TOT, DT, ECAL, ES, GEM, HCAL, L1SCOUT, PIXEL, RPC, TRACKER, TRG]",0.0,0.0,120721083,cosmics2025/v14,/cdaq/cosmic/commissioning2025/v0.2.0/HLT/V1,Commissioning2025,
390234,10410,540,2025-04-03 10:47:09,2025-04-03 10:56:10,"[CSC, CTPPS, CTPPS_TOT, DT, ECAL, ES, GEM, HCAL, L1SCOUT, PIXEL, RPC, TRACKER, TRG]",0.0,0.0,61257235,cosmics2025/v14,/cdaq/cosmic/commissioning2025/v0.2.0/HLT/V1,Commissioning2025,
390239,10410,727,2025-04-03 11:05:40,2025-04-03 11:17:47,"[CTPPS, CTPPS_TOT, ECAL, ES, L1SCOUT, PIXEL]",0.0,0.0,415247,circulating2025/v3,/cdaq/circulating/2025/v0.2.0/HLT/V1,Commissioning2025,0
390242,10410,390,2025-04-03 11:24:34,2025-04-03 11:31:04,"[CTPPS, CTPPS_TOT, ECAL, ES, L1SCOUT, PIXEL]",0.0,0.0,184528,beamsplash/v24,/cdaq/special/2025/Splashes/v0.2.0/HLT/V1,Commissioning2025,0
390244,10410,1468,2025-04-03 11:36:03,2025-04-03 12:00:31,"[CTPPS, CTPPS_TOT, DT, ECAL, ES, L1SCOUT, PIXEL]",0.0,0.0,161568571,cosmics2025/v14,/cdaq/cosmic/commissioning2025/v0.2.0/HLT/V1,Commissioning2025,4
390249,10410,1568,2025-04-03 12:05:22,2025-04-03 12:31:29,"[CTPPS, CTPPS_TOT, DT, ECAL, ES, HCAL, L1SCOUT, PIXEL]",0.0,0.0,178378543,cosmics2025/v14,/cdaq/cosmic/commissioning2025/v0.2.0/HLT/V1,Commissioning2025,4
390251,10410,717,2025-04-03 12:34:37,2025-04-03 12:46:34,"[CTPPS, CTPPS_TOT, DT, HCAL, L1SCOUT, PIXEL]",0.0,0.0,78600761,cosmics2025/v14,/cdaq/cosmic/commissioning2025/v0.2.0/HLT/V1,Commissioning2025,4
390252,10410,998,2025-04-03 12:48:56,2025-04-03 13:05:34,"[CTPPS, CTPPS_TOT, DT, HCAL, L1SCOUT, PIXEL]",0.0,0.0,80751426,cosmics2025/v14,/cdaq/cosmic/commissioning2025/v0.2.0/HLT/V1,Commissioning2025,4
390254,10410,1002,2025-04-03 13:08:59,2025-04-03 13:25:41,"[CTPPS, CTPPS_TOT, DT, HCAL, L1SCOUT, PIXEL]",0.0,0.0,111664802,cosmics2025/v14,/cdaq/cosmic/commissioning2025/v0.2.0/HLT/V1,Commissioning2025,4
390257,10410,988,2025-04-03 13:28:37,2025-04-03 13:45:05,"[CTPPS, CTPPS_TOT, DT, HCAL, L1SCOUT, PIXEL]",0.0,0.0,100514231,cosmics2025/v14,/cdaq/cosmic/commissioning2025/v0.2.0/HLT/V1,Commissioning2025,4
390260,10410,145,2025-04-03 14:01:34,2025-04-03 14:03:59,"[CTPPS, CTPPS_TOT, DT, HCAL, L1SCOUT, PIXEL]",0.0,0.0,12958098,cosmics2025/v14,/cdaq/cosmic/commissioning2025/v0.2.0/HLT/V1,Commissioning2025,4
390263,10410,251,2025-04-03 14:11:05,2025-04-03 14:15:15,"[CTPPS, CTPPS_TOT, DT, HCAL, L1SCOUT]",0.0,0.0,123990,circulating2025/v4,/cdaq/circulating/2025/v0.2.0/HLT/V1,Commissioning2025,11
390264,10410,76,2025-04-03 14:17:39,2025-04-03 14:18:55,"[CTPPS, CTPPS_TOT, DT, HCAL, L1SCOUT]",,,,cosmics2025/v14,/cdaq/cosmic/commissioning2025/v0.2.0/HLT/V1,Commissioning2025,
390265,10410,159,2025-04-03 14:23:09,2025-04-03 14:25:48,"[CTPPS, CTPPS_TOT, DT, HCAL, L1SCOUT]",0.0,0.0,5903458,cosmics2025/v14,/cdaq/cosmic/commissioning2025/v0.2.0/HLT/V1,Commissioning2025,4
390266,10410,624,2025-04-03 14:29:11,2025-04-03 14:39:35,"[CTPPS, CTPPS_TOT, DT, HCAL, L1SCOUT]",0.0,0.0,58982879,cosmics2025/v14,/cdaq/cosmic/commissioning2025/v0.2.0/HLT/V1,Commissioning2025,4
390267,10410,231,2025-04-03 14:43:30,2025-04-03 14:47:21,"[CTPPS, CTPPS_TOT, DT, HCAL, L1SCOUT]",0.0,0.0,971,cosmics2025/v14,/cdaq/cosmic/commissioning2025/v0.2.0/HLT/V1,Commissioning2025,4
390268,10410,913,2025-04-03 14:53:33,2025-04-03 15:08:46,"[CTPPS, CTPPS_TOT, DT, HCAL, L1SCOUT]",0.0,0.0,86732564,cosmics2025/v14,/cdaq/cosmic/commissioning2025/v0.2.0/HLT/V1,Commissioning2025,4
390269,10410,1756,2025-04-03 15:17:47,2025-04-03 15:47:03,"[CTPPS, CTPPS_TOT, DT, L1SCOUT]",0.0,0.0,177534849,cosmics2025/v14,/cdaq/cosmic/commissioning2025/v0.2.0/HLT/V1,Commissioning2025,4
390270,10410,146,2025-04-03 15:51:08,2025-04-03 15:53:35,"[CTPPS, CTPPS_TOT, L1SCOUT]",0.0,0.0,80614,cosmics2025/v15,/cdaq/cosmic/commissioning2025/v0.2.0/HLT/V1,Commissioning2025,4
390271,10410,15913,2025-04-03 15:56:53,2025-04-03 20:22:06,"[CTPPS, CTPPS_TOT, L1SCOUT]",0.0,0.0,1733862458,cosmics2025/v15,/cdaq/cosmic/commissioning2025/v0.2.0/HLT/V1,Commissioning2025,4
390274,10410,38233,2025-04-03 20:26:48,2025-04-04 07:04:01,"[CTPPS, CTPPS_TOT, L1SCOUT]",0.0,0.0,4199170579,cosmics2025/v15,/cdaq/cosmic/commissioning2025/v0.2.0/HLT/V1,Commissioning2025,4
390276,10410,1360,2025-04-04 07:12:22,2025-04-04 07:35:02,"[CSC, CTPPS, CTPPS_TOT, L1SCOUT]",0.0,0.0,137701100,cosmics2025/v15,/cdaq/cosmic/commissioning2025/v0.2.0/HLT/V1,Commissioning2025,4
390278,10410,31,2025-04-04 07:36:45,2025-04-04 07:37:16,"[CSC, CTPPS, CTPPS_TOT, L1SCOUT]",0.0,0.0,2483691,cosmics2025/v15,/cdaq/cosmic/commissioning2025/v0.2.0/HLT/V1,Commissioning2025,4
390280,10410,19,2025-04-04 08:05:54,2025-04-04 08:06:13,"[CSC, CTPPS, CTPPS_TOT, DT, GEM, HCAL, L1SCOUT]",0.0,0.0,,cosmics2025/v15,/cdaq/cosmic/commissioning2025/v0.2.0/HLT/V1,Commissioning2025,
390281,10410,1062,2025-04-04 08:10:52,2025-04-04 08:28:34,"[CSC, DT, GEM, HCAL, L1SCOUT]",0.0,0.0,116863757,cosmics2025/v15,/cdaq/cosmic/commissioning2025/v0.2.0/HLT/V1,Commissioning2025,4
390285,10410,3204,2025-04-04 08:30:32,2025-04-04 09:23:56,"[CSC, DT, GEM, HCAL, L1SCOUT]",0.0,0.0,363666147,cosmics2025/v15,/cdaq/cosmic/commissioning2025/v0.2.0/HLT/V1,Commissioning2025,4
390287,10410,214,2025-04-04 09:27:15,2025-04-04 09:30:49,"[DT, HCAL, L1SCOUT]",,,,cosmics2025/v15,,Commissioning2025,
390288,10410,1424,2025-04-04 09:33:04,2025-04-04 09:56:48,"[DT, HCAL, L1SCOUT]",0.0,0.0,151050062,cosmics2025/v15,/cdaq/cosmic/commissioning2025/v0.2.0/HLT/V1,Commissioning2025,4
390291,10410,2042,2025-04-04 10:12:01,2025-04-04 10:46:03,"[HCAL, L1SCOUT]",0.0,0.0,229437441,cosmics2025/v15,/cdaq/cosmic/commissioning2025/v0.2.0/HLT/V1,Commissioning2025,4
390292,10410,2566,2025-04-04 10:49:03,2025-04-04 11:31:49,"[DT, HCAL, L1SCOUT]",0.0,0.0,281654263,cosmics2025/v15,/cdaq/cosmic/commissioning2025/v0.2.0/HLT/V1,Commissioning2025,4
390295,10410,697,2025-04-04 11:34:22,2025-04-04 11:45:59,"[DT, HCAL, L1SCOUT, TRACKER]",0.0,0.0,396168,cosmics2025/v15,/cdaq/cosmic/commissioning2025/v0.2.0/HLT/V1,Commissioning2025,4
390296,10410,303,2025-04-04 11:48:55,2025-04-04 11:53:58,"[DT, HCAL, L1SCOUT, TRACKER]",0.0,0.0,31862761,cosmics2025/v16,/cdaq/cosmic/commissioning2025/v0.2.0/HLT/V1,Commissioning2025,4
390299,10410,5579,2025-04-04 11:59:28,2025-04-04 13:32:27,"[HCAL, L1SCOUT, TRACKER]",0.0,0.0,618856166,cosmics2025/v16,/cdaq/cosmic/commissioning2025/v0.2.0/HLT/V1,Commissioning2025,4
390308,10410,9822,2025-04-04 13:33:47,2025-04-04 16:17:29,"[HCAL, L1SCOUT, TRACKER]",0.0,0.0,1119394353,cosmics2025/v16,/cdaq/cosmic/commissioning2025/v0.2.0/HLT/V1,Commissioning2025,4
390325,10410,133,2025-04-04 16:35:03,2025-04-04 16:37:16,"[L1SCOUT, TRACKER]",0.0,0.0,7046150,cosmics2025/v16,/cdaq/cosmic/commissioning2025/v0.2.0/HLT/V1,Commissioning2025,4
390326,10410,3005,2025-04-04 16:41:39,2025-04-04 17:31:44,"[L1SCOUT]",0.0,0.0,334007093,cosmics2025/v16,/cdaq/cosmic/commissioning2025/v0.2.0/HLT/V1,Commissioning2025,4
390327,10410,4828,2025-04-04 17:33:15,2025-04-04 18:53:43,"[L1SCOUT]",0.0,0.0,543667524,cosmics2025/v16,/cdaq/cosmic/commissioning2025/v0.2.0/HLT/V1,Commissioning2025,4
390328,10411,2952,2025-04-04 18:55:03,2025-04-04 19:44:15,"[L1SCOUT]",0.0,0.0,325495290,cosmics2025/v16,/cdaq/cosmic/commissioning2025/v0.2.0/HLT/V1,Commissioning2025,4
390329,10412,283,2025-04-04 20:21:00,2025-04-04 20:25:43,"[L1SCOUT]",0.0,0.0,28898259,cosmics2025/v16,/cdaq/cosmic/commissioning2025/v0.2.0/HLT/V1,Commissioning2025,4
390330,10412,43562,2025-04-04 20:27:02,2025-04-05 08:33:04,"[L1SCOUT]",0.0,0.0,4957496996,cosmics2025/v16,/cdaq/cosmic/commissioning2025/v0.2.0/HLT/V1,Commissioning2025,4
390332,10412,95,2025-04-05 08:37:57,2025-04-05 08:39:32,"[CSC, L1SCOUT]",0.0,0.0,43187,cosmics2025/v16,/cdaq/cosmic/commissioning2025/v0.2.0/HLT/V1,Commissioning2025,4
390333,10412,2490,2025-04-05 08:41:49,2025-04-05 09:23:19,"[CSC, GEM, L1SCOUT]",0.0,0.0,272969391,cosmics2025/v16,/cdaq/cosmic/commissioning2025/v0.2.0/HLT/V1,Commissioning2025,4
390335,10412,949,2025-04-05 09:25:43,2025-04-05 09:41:32,"[GEM, L1SCOUT]",0.0,0.0,68269593,cosmics2025/v16,/cdaq/cosmic/commissioning2025/v0.2.0/HLT/V1,Commissioning2025,4
390336,10412,10848,2025-04-05 09:44:22,2025-04-05 12:45:10,"[L1SCOUT]",0.0,0.0,1220335494,cosmics2025/v16,/cdaq/cosmic/commissioning2025/v0.2.0/HLT/V1,Commissioning2025,4
390337,10412,5958,2025-04-05 12:48:14,2025-04-05 14:27:32,"[HCAL, L1SCOUT]",0.0,0.0,673975404,cosmics2025/v16,/cdaq/cosmic/commissioning2025/v0.2.0/HLT/V1,Commissioning2025,4
390343,10412,19235,2025-04-05 14:30:44,2025-04-05 19:51:19,"[L1SCOUT]",0.0,0.0,2181133894,cosmics2025/v16,/cdaq/cosmic/commissioning2025/v0.2.0/HLT/V1,Commissioning2025,4
390344,10412,33762,2025-04-05 19:54:34,2025-04-06 05:17:16,"[L1SCOUT]",0.0,0.0,3841344447,cosmics2025/v16,/cdaq/cosmic/commissioning2025/v0.2.0/HLT/V1,Commissioning2025,4
390345,10412,72,2025-04-06 05:19:51,2025-04-06 05:21:03,"[L1SCOUT]",0.0,0.0,16,cosmics2025/v16,/cdaq/cosmic/commissioning2025/v0.2.0/HLT/V1,Commissioning2025,4
390346,10412,5433,2025-04-06 05:24:29,2025-04-06 06:55:03,"[L1SCOUT]",0.0,0.0,601566317,cosmics2025/v16,/cdaq/cosmic/commissioning2025/v0.2.0/HLT/V1,Commissioning2025,4
390347,10412,4870,2025-04-06 06:58:06,2025-04-06 08:19:16,"[L1SCOUT]",0.0,0.0,552736981,cosmics2025/v16,/cdaq/cosmic/commissioning2025/v0.2.0/HLT/V1,Commissioning2025,4
390348,10412,263,2025-04-06 08:22:06,2025-04-06 08:26:29,"[HCAL, L1SCOUT]",0.0,0.0,23627693,cosmics2025/v16,/cdaq/cosmic/commissioning2025/v0.2.0/HLT/V1,Commissioning2025,4
390350,10412,1435,2025-04-06 08:29:20,2025-04-06 08:53:15,"[HCAL, L1SCOUT, RPC]",0.0,0.0,160405739,cosmics2025/v16,/cdaq/cosmic/commissioning2025/v0.2.0/HLT/V1,Commissioning2025,4
390354,10412,1751,2025-04-06 08:57:13,2025-04-06 09:26:24,"[CSC, HCAL, L1SCOUT, RPC]",0.0,0.0,1070903,cosmics2025/v16,/cdaq/cosmic/commissioning2025/v0.2.0/HLT/V1,Commissioning2025,4
390357,10412,3265,2025-04-06 09:29:04,2025-04-06 10:23:29,"[CSC, L1SCOUT, RPC]",0.0,0.0,15575020,cosmics2025/v16,/cdaq/cosmic/commissioning2025/v0.2.0/HLT/V1,Commissioning2025,4
390359,10412,11267,2025-04-06 10:26:30,2025-04-06 13:34:17,"[L1SCOUT, RPC]",0.0,0.0,1280544116,cosmics2025/v16,/cdaq/cosmic/commissioning2025/v0.2.0/HLT/V1,Commissioning2025,4
390360,10412,1175,2025-04-06 13:37:44,2025-04-06 13:57:19,"[GEM, L1SCOUT, RPC]",0.0,0.0,116741913,cosmics2025/v16,/cdaq/cosmic/commissioning2025/v0.2.0/HLT/V1,Commissioning2025,4
390361,10412,86,2025-04-06 14:05:40,2025-04-06 14:07:06,"[L1SCOUT, RPC]",,,,cosmics2025/v16,,Commissioning2025,
390362,10412,7062,2025-04-06 14:09:05,2025-04-06 16:06:47,"[L1SCOUT, RPC]",0.0,0.0,802609298,cosmics2025/v16,/cdaq/cosmic/commissioning2025/v0.2.0/HLT/V1,Commissioning2025,4
390363,10412,53322,2025-04-06 16:15:07,2025-04-07 07:03:49,"[L1SCOUT]",0.0,0.0,6056878883,cosmics2025/v16,/cdaq/cosmic/commissioning2025/v0.2.0/HLT/V1,Commissioning2025,4
390364,10412,2991,2025-04-07 07:10:40,2025-04-07 08:00:31,"[DT, L1SCOUT]",0.0,0.0,329999367,cosmics2025/v16,/cdaq/cosmic/commissioning2025/v0.2.0/HLT/V1,Commissioning2025,4
390369,10412,190,2025-04-07 09:00:08,2025-04-07 09:03:18,"[CSC, DT, ECAL, GEM, HCAL, L1SCOUT, PIXEL, RPC]",0.0,0.0,80745,cosmics2025/v17,/cdaq/cosmic/commissioning2025/v0.2.0/HLT/V1,Commissioning2025,4
390372,10412,542,2025-04-07 09:06:44,2025-04-07 09:15:46,"[CSC, ECAL, GEM, HCAL, L1SCOUT, PIXEL]",0.0,0.0,53329155,cosmics2025/v17,/cdaq/cosmic/commissioning2025/v0.2.0/HLT/V1,Commissioning2025,4
390377,10412,58,2025-04-07 09:28:44,2025-04-07 09:29:42,"[CSC, ECAL, GEM, HCAL, L1SCOUT, PIXEL]",,,,cosmics2025/v17,,Commissioning2025,
390378,10412,4,2025-04-07 09:34:59,2025-04-07 09:35:03,"[CSC, ECAL, GEM, HCAL, L1SCOUT, PIXEL, TRACKER]",0.0,0.0,,cosmics2025/v17,/cdaq/cosmic/commissioning2025/v0.2.0/HLT/V1,Commissioning2025,
390379,10412,166,2025-04-07 09:38:03,2025-04-07 09:40:49,"[CSC, ECAL, HCAL, L1SCOUT, PIXEL, TRACKER]",0.0,0.0,8033,cosmics2025/v17,/cdaq/cosmic/commissioning2025/v0.2.0/HLT/V1,Commissioning2025,4
390382,10412,450,2025-04-07 09:44:43,2025-04-07 09:52:13,"[CSC, ECAL, HCAL, L1SCOUT, PIXEL, TRACKER]",0.0,0.0,17524037,cosmics2025/v17,/cdaq/cosmic/commissioning2025/v0.2.0/HLT/V1,Commissioning2025,4
390383,10412,3104,2025-04-07 09:55:29,2025-04-07 10:47:13,"[ECAL, HCAL, L1SCOUT, PIXEL, TRACKER]",0.0,0.0,293665688,cosmics2025/v17,/cdaq/cosmic/commissioning2025/v0.2.0/HLT/V1,Commissioning2025,4
390391,10412,1248,2025-04-07 10:50:27,2025-04-07 11:11:15,"[ECAL, HCAL, L1SCOUT, TRACKER]",0.0,0.0,129330674,cosmics2025/v17,/cdaq/cosmic/commissioning2025/v0.2.0/HLT/V1,Commissioning2025,4
390396,10412,2618,2025-04-07 11:24:35,2025-04-07 12:08:13,"[CTPPS, HCAL, L1SCOUT, TRACKER]",0.0,0.0,273714590,cosmics2025/v17,/cdaq/cosmic/commissioning2025/v0.2.0/HLT/V1,Commissioning2025,4
390399,10412,782,2025-04-07 12:14:01,2025-04-07 12:27:03,"[CTPPS, ECAL, ES, HCAL, L1SCOUT, TRACKER]",0.0,0.0,368976,beamsplash/v27,/cdaq/special/2025/Splashes/v0.2.0/HLT/V1,Commissioning2025,0
390402,10412,330,2025-04-07 12:31:58,2025-04-07 12:37:28,"[CTPPS, ECAL, ES, HCAL, L1SCOUT, TRACKER]",0.0,0.0,114450,circulating2025/v7,/cdaq/circulating/2025/v0.2.0/HLT/V1,Commissioning2025,11
390407,10412,206,2025-04-07 12:40:12,2025-04-07 12:43:38,"[CTPPS, ECAL, ES, HCAL, L1SCOUT, TRACKER]",0.0,0.0,15515,circulating2025/v7,/cdaq/circulating/2025/v0.2.0/HLT/V1,Commissioning2025,11
390409,10412,99,2025-04-07 12:48:00,2025-04-07 12:49:39,"[CTPPS, ECAL, ES, HCAL, L1SCOUT, TRACKER]",0.0,0.0,4106,cosmics2025/v17,/cdaq/cosmic/commissioning2025/v0.2.0/HLT/V1,Commissioning2025,4
390411,10412,1109,2025-04-07 12:52:12,2025-04-07 13:10:41,"[CTPPS, ECAL, ES, HCAL, L1SCOUT, TRACKER]",0.0,0.0,8016490,cosmics2025/v17,/cdaq/cosmic/commissioning2025/v0.2.0/HLT/V1,Commissioning2025,4
390415,10412,235,2025-04-07 13:12:46,2025-04-07 13:16:41,"[CTPPS, ECAL, ES, HCAL, L1SCOUT, PIXEL, TRACKER]",0.0,0.0,24520230,cosmics2025/v17,/cdaq/cosmic/commissioning2025/v0.2.0/HLT/V1,Commissioning2025,4
390417,10412,481,2025-04-07 13:55:17,2025-04-07 14:03:18,"[CTPPS, HCAL, L1SCOUT]",0.0,0.0,43704574,cosmics2025/v17,/cdaq/cosmic/commissioning2025/v0.2.0/HLT/V1,Commissioning2025,4
390422,10412,563,2025-04-07 14:18:10,2025-04-07 14:27:33,"[CTPPS, L1SCOUT]",0.0,0.0,276948,beamsplash/v27,/cdaq/special/2025/Splashes/v0.2.0/HLT/V1,Commissioning2025,0
390423,10412,730,2025-04-07 14:31:22,2025-04-07 14:43:32,"[CTPPS, L1SCOUT]",0.0,0.0,855,beamsplash/v27,/cdaq/special/2025/Splashes/v0.2.0/HLT/V1,Commissioning2025,2
390425,10412,3533,2025-04-07 14:47:41,2025-04-07 15:46:34,"[CSC, CTPPS, L1SCOUT]",0.0,0.0,393950098,cosmics2025/v17,/cdaq/cosmic/commissioning2025/v0.2.0/HLT/V1,Commissioning2025,4
390429,10412,48302,2025-04-07 16:45:45,2025-04-08 06:10:47,"[CTPPS, L1SCOUT]",0.0,0.0,48775989,cosmics2025/v17,/cdaq/cosmic/commissioning2025/v0.2.0/HLT/V1,Commissioning2025,4
390430,10415,47,2025-04-08 06:12:14,2025-04-08 06:13:01,"[CTPPS, L1SCOUT]",0.0,0.0,2568011,cosmics2025/v17,/cdaq/cosmic/commissioning2025/v0.2.0/HLT/V1,Commissioning2025,4
390431,10415,2249,2025-04-08 06:17:00,2025-04-08 06:54:30,"[CSC, CTPPS, L1SCOUT]",0.0,0.0,228113763,cosmics2025/v17,/cdaq/cosmic/commissioning2025/v0.2.0/HLT/V1,Commissioning2025,4
390432,10415,1488,2025-04-08 06:58:53,2025-04-08 07:23:41,"[CTPPS, L1SCOUT]",0.0,0.0,151086431,cosmics2025/v17,/cdaq/cosmic/commissioning2025/v0.2.0/HLT/V1,Commissioning2025,4
390433,10415,10058,2025-04-08 07:27:51,2025-04-08 10:15:29,"[CTPPS, L1SCOUT]",0.0,0.0,11997,beamsplash/v27,/cdaq/special/2025/Splashes/v0.2.0/HLT/V1,Commissioning2025,0
390435,10415,1409,2025-04-08 10:22:17,2025-04-08 10:45:46,"[CTPPS, L1SCOUT]",0.0,0.0,1654,beamsplash/v27,/cdaq/special/2025/Splashes/v0.2.0/HLT/V1,Commissioning2025,0
390436,10415,670,2025-04-08 10:49:48,2025-04-08 11:00:58,"[CTPPS, L1SCOUT]",0.0,0.0,210140,circulating2025/v7,/cdaq/circulating/2025/v0.2.0/HLT/V1,Commissioning2025,11
390437,10415,1162,2025-04-08 11:04:50,2025-04-08 11:24:12,"[CTPPS, L1SCOUT]",0.0,0.0,567508,circulating2025/v7,/cdaq/circulating/2025/v0.2.0/HLT/V1,Commissioning2025,11
390439,10415,998,2025-04-08 11:28:25,2025-04-08 11:45:04,"[CTPPS, HCAL, L1SCOUT]",0.0,0.0,485548,circulating2025/v7,/cdaq/circulating/2025/v0.2.0/HLT/V1,Commissioning2025,11
390442,10415,66,2025-04-08 11:46:27,2025-04-08 11:47:33,"[CTPPS, HCAL, L1SCOUT]",0.0,0.0,23304,circulating2025/v7,/cdaq/circulating/2025/v0.2.0/HLT/V1,Commissioning2025,11
390444,10415,1675,2025-04-08 11:51:23,2025-04-08 12:19:18,"[CTPPS, HCAL, L1SCOUT]",0.0,0.0,820693,circulating2025/v7,/cdaq/circulating/2025/v0.2.0/HLT/V1,Commissioning2025,11
390448,10415,866,2025-04-08 12:23:50,2025-04-08 12:38:16,"[CTPPS, GEM, L1SCOUT]",0.0,0.0,416767,circulating2025/v8,/cdaq/circulating/2025/v0.2.0/HLT/V1,Commissioning2025,11
390453,10415,2187,2025-04-08 13:51:13,2025-04-08 14:27:40,"[CTPPS, GEM, L1SCOUT]",0.0,0.0,1089200,circulating2025/v9,/cdaq/circulating/2025/v0.2.0/HLT/V1,Commissioning2025,11
390454,10415,137,2025-04-08 14:40:56,2025-04-08 14:43:13,"[CTPPS, GEM, L1SCOUT]",0.0,0.0,48349,circulating2025/v9,/cdaq/circulating/2025/v0.2.0/HLT/V1,Commissioning2025,1
390455,10415,1613,2025-04-08 14:47:07,2025-04-08 15:14:00,"[CTPPS, L1SCOUT]",0.0,0.0,828699,circulating2025/v9,/cdaq/circulating/2025/v0.2.0/HLT/V1,Commissioning2025,1
390456,10415,518,2025-04-08 15:26:24,2025-04-08 15:35:02,"[CTPPS, L1SCOUT]",0.0,0.0,265250,circulating2025/v9,/cdaq/circulating/2025/v0.2.0/HLT/V1,Commissioning2025,1
390457,10415,25252,2025-04-08 15:39:13,2025-04-08 22:40:04,"[CTPPS, CTPPS_TOT, L1SCOUT]",0.0,0.0,12942786,circulating2025/v9,/cdaq/circulating/2025/v0.2.0/HLT/V1,Commissioning2025,1
390460,10417,71,2025-04-09 00:02:31,2025-04-09 00:03:42,"[CTPPS, CTPPS_TOT, L1SCOUT]",,,,circulating2025/v9,,Commissioning2025,
390461,10417,12513,2025-04-09 00:06:17,2025-04-09 03:34:50,"[CTPPS, CTPPS_TOT, L1SCOUT]",0.0,0.0,6279392,circulating2025/v9,/cdaq/circulating/2025/v0.2.0/HLT/V1,Commissioning2025,11
390462,10419,68,2025-04-09 03:36:51,2025-04-09 03:37:59,"[CTPPS, CTPPS_TOT, L1SCOUT]",,,,circulating2025/v9,,Commissioning2025,
390463,10419,6824,2025-04-09 03:40:04,2025-04-09 05:33:48,"[CTPPS, CTPPS_TOT, L1SCOUT]",0.0,0.0,3387070,circulating2025/v9,/cdaq/circulating/2025/v0.2.0/HLT/V1,Commissioning2025,11
390464,10421,66,2025-04-09 05:35:56,2025-04-09 05:37:02,"[CTPPS, CTPPS_TOT, L1SCOUT]",,,,circulating2025/v9,,Commissioning2025,
390465,10421,5596,2025-04-09 05:39:25,2025-04-09 07:12:41,"[CTPPS, CTPPS_TOT, L1SCOUT]",0.0,0.0,2785043,circulating2025/v9,/cdaq/circulating/2025/v0.2.0/HLT/V1,Commissioning2025,11
390466,10421,2934,2025-04-09 07:23:56,2025-04-09 08:12:49,"[CSC, CTPPS, CTPPS_TOT, L1SCOUT]",0.0,0.0,11494928,circulating2025/v9,/cdaq/circulating/2025/v0.2.0/HLT/V1,Commissioning2025,11
390468,10421,373,2025-04-09 08:16:32,2025-04-09 08:22:44,"[CSC, CTPPS, CTPPS_TOT, HCAL, L1SCOUT]",0.0,0.0,173906,circulating2025/v9,/cdaq/circulating/2025/v0.2.0/HLT/V1,Commissioning2025,11
390469,10421,1040,2025-04-09 08:25:59,2025-04-09 08:43:18,"[CSC, CTPPS, CTPPS_TOT, GEM, HCAL, L1SCOUT]",0.0,0.0,4488481,circulating2025/v9,/cdaq/circulating/2025/v0.2.0/HLT/V1,Commissioning2025,11
390478,10422,345,2025-04-09 09:37:58,2025-04-09 09:43:43,"[CTPPS, CTPPS_TOT, HCAL, L1SCOUT]",0.0,0.0,162014,cosmics2025/v17,/cdaq/cosmic/commissioning2025/v0.2.0/HLT/V1,Commissioning2025,4
390479,10422,2581,2025-04-09 09:46:31,2025-04-09 10:29:32,"[CTPPS, CTPPS_TOT, HCAL, L1SCOUT]",0.0,0.0,1314964,circulating2025/v9,/cdaq/circulating/2025/v0.2.0/HLT/V1,Commissioning2025,11
390483,10422,749,2025-04-09 10:34:13,2025-04-09 10:46:42,"[CTPPS, CTPPS_TOT, L1SCOUT]",0.0,0.0,360662,circulating2025/v9,/cdaq/circulating/2025/v0.2.0/HLT/V1,Commissioning2025,11
390484,10422,247,2025-04-09 10:48:11,2025-04-09 10:52:18,"[CTPPS, CTPPS_TOT, L1SCOUT]",0.0,0.0,104296,circulating2025/v9,/cdaq/circulating/2025/v0.2.0/HLT/V1,Commissioning2025,11
390485,10423,572,2025-04-09 10:55:15,2025-04-09 11:04:47,"[CTPPS, CTPPS_TOT, L1SCOUT]",0.0,0.0,267444,circulating2025/v9,/cdaq/circulating/2025/v0.2.0/HLT/V1,Commissioning2025,11
390488,10423,552,2025-04-09 11:08:21,2025-04-09 11:17:33,"[CTPPS, CTPPS_TOT, L1SCOUT]",0.0,0.0,267141,circulating2025/v9,/cdaq/circulating/2025/v0.2.0/HLT/V1,Commissioning2025,11
390489,10423,1624,2025-04-09 11:20:24,2025-04-09 11:47:28,"[CTPPS, CTPPS_TOT, L1SCOUT]",0.0,0.0,795257,circulating2025/v9,/cdaq/circulating/2025/v0.2.0/HLT/V1,Commissioning2025,11
390491,10423,266,2025-04-09 11:52:05,2025-04-09 11:56:31,"[CTPPS, CTPPS_TOT, L1SCOUT]",0.0,0.0,127822,circulating2025/v9,/cdaq/circulating/2025/v0.2.0/HLT/V1,Commissioning2025,11
390492,10423,113,2025-04-09 12:02:11,2025-04-09 12:04:04,"[CTPPS, CTPPS_TOT, L1SCOUT]",0.0,0.0,46533,circulating2025/v9,/cdaq/circulating/2025/v0.2.0/HLT/V1,Commissioning2025,11
390494,10423,325,2025-04-09 12:09:06,2025-04-09 12:14:31,"[CTPPS, CTPPS_TOT, L1SCOUT]",0.0,0.0,150988,circulating2025/v9,/cdaq/circulating/2025/v0.2.0/HLT/V1,Commissioning2025,11
390497,10423,195,2025-04-09 12:45:47,2025-04-09 12:49:01,"[CTPPS, PIXEL, TRACKER]",0.0,0.0,92861,circulating2025/v9,/cdaq/circulating/2025/v0.2.0/HLT/V1,Commissioning2025,11
390498,10423,707,2025-04-09 12:51:08,2025-04-09 13:02:55,"[CTPPS, PIXEL, TRACKER]",0.0,0.0,348152,circulating2025/v9,/cdaq/circulating/2025/v0.2.0/HLT/V1,Commissioning2025,11
390499,10423,60,2025-04-09 13:05:01,2025-04-09 13:06:01,"[CTPPS, PIXEL, TRACKER]",0.0,0.0,23435,circulating2025/v9,/cdaq/circulating/2025/v0.2.0/HLT/V1,Commissioning2025,11
390500,10423,843,2025-04-09 13:34:17,2025-04-09 13:48:20,"[CTPPS, PIXEL, TRACKER]",0.0,0.0,405468,circulating2025/v9,/cdaq/circulating/2025/v0.2.0/HLT/V1,Commissioning2025,11
390501,10423,395,2025-04-09 13:52:29,2025-04-09 13:59:04,"[CTPPS, PIXEL, TRACKER]",0.0,0.0,185618,circulating2025/v9,/cdaq/circulating/2025/v0.2.0/HLT/V1,Commissioning2025,11
390502,10423,362,2025-04-09 14:04:10,2025-04-09 14:10:12,"[CTPPS, PIXEL, TRACKER]",0.0,0.0,174195,circulating2025/v9,/cdaq/circulating/2025/v0.2.0/HLT/V1,Commissioning2025,11
390503,10423,145,2025-04-09 14:19:49,2025-04-09 14:22:14,"[CTPPS, PIXEL, TRACKER]",0.0,0.0,68828,circulating2025/v9,/cdaq/circulating/2025/v0.2.0/HLT/V1,Commissioning2025,11
390504,10423,74,2025-04-09 14:26:32,2025-04-09 14:27:46,"[CTPPS, PIXEL, TRACKER]",0.0,0.0,32670,circulating2025/v9,/cdaq/circulating/2025/v0.2.0/HLT/V1,Commissioning2025,11
390505,10423,658,2025-04-09 14:30:50,2025-04-09 14:41:48,"[CTPPS, PIXEL, TRACKER]",0.0,0.0,324972,circulating2025/v9,/cdaq/circulating/2025/v0.2.0/HLT/V1,Commissioning2025,11
390506,10423,461,2025-04-09 14:48:38,2025-04-09 14:56:19,"[CTPPS, PIXEL, TRACKER]",0.0,0.0,220696,circulating2025/v9,/cdaq/circulating/2025/v0.2.0/HLT/V1,Commissioning2025,11
390507,10423,3709,2025-04-09 14:59:40,2025-04-09 16:01:29,"[CTPPS, PIXEL, TRACKER]",0.0,0.0,1844313,circulating2025/v9,/cdaq/circulating/2025/v0.2.0/HLT/V1,Commissioning2025,11
390510,10423,293,2025-04-09 16:17:09,2025-04-09 16:22:02,"[CTPPS, PIXEL, TRACKER]",0.0,0.0,139363,circulating2025/v9,/cdaq/circulating/2025/v0.2.0/HLT/V1,Commissioning2025,11
390513,10423,986,2025-04-09 16:24:07,2025-04-09 16:40:34,"[CTPPS, PIXEL, TRACKER]",0.0,0.0,486877,circulating2025/v9,/cdaq/circulating/2025/v0.2.0/HLT/V1,Commissioning2025,11
390516,10423,1901,2025-04-09 17:13:04,2025-04-09 17:44:44,"[CTPPS, L1SCOUT]",0.0,0.0,939226,circulating2025/v9,/cdaq/circulating/2025/v0.2.0/HLT/V1,Commissioning2025,11
390517,10423,612,2025-04-09 17:48:35,2025-04-09 17:58:48,"[CTPPS, L1SCOUT]",0.0,0.0,301267,circulating2025/v9,/cdaq/circulating/2025/v0.2.0/HLT/V1,Commissioning2025,11
390518,10423,233,2025-04-09 18:05:42,2025-04-09 18:09:35,"[CTPPS, ECAL, L1SCOUT]",0.0,0.0,104638,circulating2025/v9,/cdaq/circulating/2025/v0.2.0/HLT/V1,Commissioning2025,11
390520,10423,196,2025-04-09 18:18:46,2025-04-09 18:22:02,"[CTPPS, L1SCOUT]",0.0,0.0,93126,circulating2025/v9,/cdaq/circulating/2025/v0.2.0/HLT/V1,Commissioning2025,11
390521,10423,224,2025-04-09 18:24:35,2025-04-09 18:28:19,"[CTPPS, L1SCOUT]",0.0,0.0,23777250,circulating2025/v9,/cdaq/circulating/2025/v0.2.0/HLT/V1,Commissioning2025,11
390523,10423,1935,2025-04-09 18:39:29,2025-04-09 19:11:44,"[CTPPS, L1SCOUT]",0.0,0.0,951964,circulating2025/v9,/cdaq/circulating/2025/v0.2.0/HLT/V1,Commissioning2025,11
390526,10428,4549,2025-04-10 08:30:24,2025-04-10 09:46:13,"[CSC, CTPPS, ECAL, GEM, HCAL, L1SCOUT]",0.0,0.0,492784093,cosmics2025/v17,/cdaq/cosmic/commissioning2025/v0.2.0/HLT/V1,Commissioning2025,4
390533,10428,258,2025-04-10 09:49:26,2025-04-10 09:53:44,"[CSC, CTPPS, ECAL, GEM, HCAL, L1SCOUT, PIXEL]",0.0,0.0,2091508,cosmics2025/v17,/cdaq/cosmic/commissioning2025/v0.2.0/HLT/V1,Commissioning2025,4
390535,10428,107,2025-04-10 09:57:10,2025-04-10 09:58:57,"[CSC, CTPPS, ECAL, GEM, L1SCOUT, PIXEL]",,,,cosmics2025/v17,/cdaq/cosmic/commissioning2025/v0.2.0/HLT/V1,Commissioning2025,
390536,10428,275,2025-04-10 10:01:44,2025-04-10 10:06:19,"[CSC, CTPPS, ECAL, GEM, L1SCOUT, PIXEL]",0.0,0.0,18206231,cosmics2025/v17,/cdaq/cosmic/commissioning2025/v0.2.0/HLT/V1,Commissioning2025,4
390538,10428,1983,2025-04-10 10:09:16,2025-04-10 10:42:19,"[CSC, CTPPS, ECAL, GEM, L1SCOUT, PIXEL]",0.0,0.0,222992539,cosmics2025/v17,/cdaq/cosmic/commissioning2025/v0.2.0/HLT/V1,Commissioning2025,4
390541,10428,197,2025-04-10 10:45:15,2025-04-10 10:48:32,"[CTPPS, ECAL, GEM, L1SCOUT, PIXEL]",0.0,0.0,92818,cosmics2025/v17,/cdaq/cosmic/commissioning2025/v0.2.0/HLT/V1,Commissioning2025,4
390542,10428,573,2025-04-10 10:52:08,2025-04-10 11:01:41,"[CTPPS, ECAL, GEM, L1SCOUT, PIXEL]",0.0,0.0,55567007,cosmics2025/v17,/cdaq/cosmic/commissioning2025/v0.2.0/HLT/V1,Commissioning2025,4
390543,10428,1103,2025-04-10 11:06:41,2025-04-10 11:25:04,"[CTPPS, ECAL, L1SCOUT, PIXEL]",0.0,0.0,94976733,cosmics2025/v17,/cdaq/cosmic/commissioning2025/v0.2.0/HLT/V1,Commissioning2025,4
390544,10428,2002,2025-04-10 11:28:28,2025-04-10 12:01:50,"[CTPPS, ECAL, L1SCOUT]",0.0,0.0,216710080,cosmics2025/v17,/cdaq/cosmic/commissioning2025/v0.2.0/HLT/V1,Commissioning2025,4
390546,10428,371,2025-04-10 12:13:20,2025-04-10 12:19:31,"[CTPPS, HCAL, PIXEL, TRACKER]",0.0,0.0,173613,cosmics2025/v17,/cdaq/cosmic/commissioning2025/v0.2.0/HLT/V1,Commissioning2025,4
390548,10428,678,2025-04-10 12:23:02,2025-04-10 12:34:20,"[CTPPS, HCAL, PIXEL, TRACKER]",0.0,0.0,323791,cosmics2025/v17,/cdaq/cosmic/commissioning2025/v0.2.0/HLT/V1,Commissioning2025,4
390549,10428,37,2025-04-10 12:37:10,2025-04-10 12:37:47,"[CTPPS, HCAL, PIXEL, TRACKER]",0.0,0.0,13832,cosmics2025/v17,/cdaq/cosmic/commissioning2025/v0.2.0/HLT/V1,Commissioning2025,4
390550,10429,152,2025-04-10 12:42:43,2025-04-10 12:45:15,"[CTPPS, HCAL, L1SCOUT]",0.0,0.0,358,cosmics2025/v17,/cdaq/cosmic/commissioning2025/v0.2.0/HLT/V1,Commissioning2025,4
390552,10429,1927,2025-04-10 12:48:54,2025-04-10 13:21:01,"[CTPPS, HCAL, L1SCOUT]",0.0,0.0,208385963,cosmics2025/v17,/cdaq/cosmic/commissioning2025/v0.2.0/HLT/V1,Commissioning2025,4
390555,10430,2218,2025-04-10 13:34:04,2025-04-10 14:11:02,"[CTPPS, L1SCOUT]",0.0,0.0,247762812,cosmics2025/v17,/cdaq/cosmic/commissioning2025/v0.2.0/HLT/V1,Commissioning2025,4
390556,10430,163,2025-04-10 14:14:14,2025-04-10 14:16:57,"[CTPPS, HCAL, L1SCOUT]",0.0,0.0,4581848,cosmics2025/v17,/cdaq/cosmic/commissioning2025/v0.2.0/HLT/V1,Commissioning2025,4
390557,10430,2435,2025-04-10 14:20:09,2025-04-10 15:00:44,"[CTPPS, ECAL, HCAL, L1SCOUT]",0.0,0.0,274866122,cosmics2025/v17,/cdaq/cosmic/commissioning2025/v0.2.0/HLT/V1,Commissioning2025,4
390560,10430,525,2025-04-10 15:06:13,2025-04-10 15:14:58,"[CTPPS, HCAL, L1SCOUT]",0.0,0.0,57448522,cosmics2025/v17,/cdaq/cosmic/commissioning2025/v0.2.0/HLT/V1,Commissioning2025,4
390561,10430,571,2025-04-10 15:17:28,2025-04-10 15:26:59,"[CTPPS, HCAL, L1SCOUT]",0.0,0.0,63825532,cosmics2025/v17,/cdaq/cosmic/commissioning2025/v0.2.0/HLT/V1,Commissioning2025,4
390562,10430,3605,2025-04-10 15:30:59,2025-04-10 16:31:04,"[CTPPS, L1SCOUT]",0.0,0.0,404795780,cosmics2025/v17,/cdaq/cosmic/commissioning2025/v0.2.0/HLT/V1,Commissioning2025,4
390563,10430,5452,2025-04-10 16:36:50,2025-04-10 18:07:42,"[CTPPS, L1SCOUT]",0.0,0.0,2709531,circulating2025/v9,/cdaq/circulating/2025/v0.2.0/HLT/V1,Commissioning2025,11
390567,10432,2769,2025-04-10 18:13:39,2025-04-10 18:59:48,"[CTPPS, L1SCOUT]",0.0,0.0,310173318,cosmics2025/v17,/cdaq/cosmic/commissioning2025/v0.2.0/HLT/V1,Commissioning2025,4
390569,10432,3894,2025-04-10 20:02:04,2025-04-10 21:06:58,"[CTPPS, L1SCOUT]",0.0,0.0,2009614,circulating2025/v9,/cdaq/circulating/2025/v0.2.0/HLT/V1,Commissioning2025,1
390583,10438,172,2025-04-11 12:41:50,2025-04-11 12:44:42,"[CTPPS, CTPPS_TOT, GEM, HCAL, L1SCOUT]",0.0,0.0,80809,cosmics2025/v17,/cdaq/cosmic/commissioning2025/v0.2.0/HLT/V1,Commissioning2025,4
390593,10438,1472,2025-04-11 13:52:11,2025-04-11 14:16:43,"[CTPPS, CTPPS_TOT, GEM, L1SCOUT]",0.0,0.0,163712313,cosmics2025/v17,/cdaq/cosmic/commissioning2025/v0.2.0/HLT/V1,Commissioning2025,4
390594,10438,730,2025-04-11 14:19:09,2025-04-11 14:31:20,"[CTPPS, CTPPS_TOT, GEM, L1SCOUT, TRACKER]",0.0,0.0,73583978,cosmics2025/v17,/cdaq/cosmic/commissioning2025/v0.2.0/HLT/V1,Commissioning2025,4
390596,10438,544,2025-04-11 14:36:44,2025-04-11 14:45:48,"[CTPPS, CTPPS_TOT, L1SCOUT]",0.0,0.0,59568915,cosmics2025/v17,/cdaq/cosmic/commissioning2025/v0.2.0/HLT/V1,Commissioning2025,4
390597,10438,1105,2025-04-11 14:49:24,2025-04-11 15:07:48,"[CTPPS, CTPPS_TOT, L1SCOUT]",0.0,0.0,124964425,cosmics2025/v17,/cdaq/cosmic/commissioning2025/v0.2.0/HLT/V1,Commissioning2025,4
390599,10439,667,2025-04-11 15:13:09,2025-04-11 15:24:16,"[CTPPS, CTPPS_TOT, HCAL, L1SCOUT]",0.0,0.0,72506747,cosmics2025/v17,/cdaq/cosmic/commissioning2025/v0.2.0/HLT/V1,Commissioning2025,4
390602,10439,66,2025-04-11 15:29:23,2025-04-11 15:30:29,"[CTPPS, CTPPS_TOT, L1SCOUT]",0.0,0.0,15700,circulating2025/v9,/cdaq/circulating/2025/v0.2.0/HLT/V1,Commissioning2025,11
390603,10439,67,2025-04-11 15:34:48,2025-04-11 15:35:55,"[CTPPS, CTPPS_TOT, L1SCOUT]",,,,cosmics2025/v17,/cdaq/cosmic/commissioning2025/v0.2.0/HLT/V1,Commissioning2025,
390607,10439,6746,2025-04-11 15:50:49,2025-04-11 17:43:15,"[CTPPS, CTPPS_TOT, L1SCOUT]",0.0,0.0,3491992,circulating2025/v9,/cdaq/circulating/2025/v0.2.0/HLT/V1,Commissioning2025,1
390636,10455,73,2025-04-14 05:07:44,2025-04-14 05:08:57,"[CSC, CTPPS, CTPPS_TOT, ES, HCAL, L1SCOUT]",0.0,0.0,1280,circulating2025/v9,/cdaq/circulating/2025/v0.2.0/HLT/V1,Commissioning2025,11
390637,10455,85,2025-04-14 05:12:19,2025-04-14 05:13:44,"[CSC, CTPPS, CTPPS_TOT, ES, HCAL, L1SCOUT]",0.0,0.0,1281,circulating2025/v9,/cdaq/circulating/2025/v0.2.0/HLT/V1,Commissioning2025,11
390638,10455,69,2025-04-14 05:17:17,2025-04-14 05:18:26,"[CSC, CTPPS, CTPPS_TOT, ES, HCAL, L1SCOUT]",0.0,0.0,1281,circulating2025/v9,/cdaq/circulating/2025/v0.2.0/HLT/V1,Commissioning2025,11
390640,10455,468,2025-04-14 05:25:53,2025-04-14 05:33:41,"[CSC, CTPPS, CTPPS_TOT, ES, HCAL, L1SCOUT]",0.0,0.0,1731,circulating2025/v9,/cdaq/circulating/2025/v0.2.0/HLT/V1,Commissioning2025,11
390641,10455,77,2025-04-14 05:37:17,2025-04-14 05:38:34,"[CSC, CTPPS, CTPPS_TOT, ES, HCAL, L1SCOUT]",0.0,0.0,0,beamsplash/v27,/cdaq/special/2025/Splashes/v0.2.0/HLT/V1,Commissioning2025,0
390642,10455,69,2025-04-14 05:42:51,2025-04-14 05:44:00,"[CSC, CTPPS, CTPPS_TOT, ES, HCAL, L1SCOUT]",0.0,0.0,0,circulating2025/v9,/cdaq/circulating/2025/v0.2.0/HLT/V1,Commissioning2025,11
390643,10455,149,2025-04-14 05:47:03,2025-04-14 05:49:32,"[CSC, CTPPS, CTPPS_TOT, ES, HCAL, L1SCOUT]",0.0,0.0,425,circulating2025/v9,/cdaq/circulating/2025/v0.2.0/HLT/V1,Commissioning2025,11
390644,10455,74,2025-04-14 05:52:50,2025-04-14 05:54:04,"[CSC, CTPPS, CTPPS_TOT, L1SCOUT]",0.0,0.0,0,circulating2025/v9,/cdaq/circulating/2025/v0.2.0/HLT/V1,Commissioning2025,11
390645,10455,237,2025-04-14 05:57:12,2025-04-14 06:01:09,"[CSC, CTPPS, CTPPS_TOT, L1SCOUT]",0.0,0.0,843,circulating2025/v9,/cdaq/circulating/2025/v0.2.0/HLT/V1,Commissioning2025,11
390647,10455,238,2025-04-14 06:09:34,2025-04-14 06:13:32,"[CSC, CTPPS, CTPPS_TOT, L1SCOUT]",0.0,0.0,1464,cosmics2025/v17,/cdaq/cosmic/commissioning2025/v0.2.0/HLT/V1,Commissioning2025,4
390650,10456,606,2025-04-14 08:11:13,2025-04-14 08:21:19,"[CSC, CTPPS, CTPPS_TOT, L1SCOUT]",0.0,0.0,684,beamsplash/v27,/cdaq/special/2025/Splashes/v0.2.0/HLT/V1,Commissioning2025,0
390651,10456,219,2025-04-14 08:24:17,2025-04-14 08:27:56,"[CSC, CTPPS, CTPPS_TOT, L1SCOUT]",4.257E-9,0.0,243,beamsplash/v27,/cdaq/special/2025/Splashes/v0.2.0/HLT/V1,Commissioning2025,0
390655,10456,1511,2025-04-14 09:59:49,2025-04-14 10:25:00,"[CSC, CTPPS, CTPPS_TOT, DT, GEM, L1SCOUT, PIXEL, RPC, TRACKER]",2.1E-10,2.08E-10,1817,beamsplash/v27,/cdaq/special/2025/Splashes/v0.2.0/HLT/V1,Commissioning2025,0
390656,10456,75,2025-04-14 10:39:34,2025-04-14 10:40:49,"[CSC, CTPPS, CTPPS_TOT, ECAL, HCAL, L1SCOUT]",0.0,0.0,768,circulating2025/v9,/cdaq/circulating/2025/v0.2.0/HLT/V1,Commissioning2025,11
390659,10456,268,2025-04-14 10:43:45,2025-04-14 10:48:13,"[CSC, CTPPS, CTPPS_TOT, ECAL, HCAL, L1SCOUT]",0.0,0.0,3328,circulating2025/v9,/cdaq/circulating/2025/v0.2.0/HLT/V1,Commissioning2025,11
390660,10456,181,2025-04-14 10:55:55,2025-04-14 10:58:56,"[CSC, CTPPS, CTPPS_TOT, ECAL, HCAL, L1SCOUT]",4.376E-9,0.0,2465,circulating2025/v9,/cdaq/circulating/2025/v0.2.0/HLT/V1,Commissioning2025,11
390667,10457,272,2025-04-14 11:37:56,2025-04-14 11:42:28,"[CSC, CTPPS, CTPPS_TOT, GEM, HCAL, L1SCOUT]",1.0738862E-5,4.697E-9,3072,circulating2025/v9,/cdaq/circulating/2025/v0.2.0/HLT/V1,Commissioning2025,11
390669,10457,64,2025-04-14 11:50:51,2025-04-14 11:51:55,"[CSC, CTPPS, CTPPS_TOT, GEM, HCAL, L1SCOUT, TRACKER]",,,,circulating2025/v9,,Commissioning2025,
390672,10457,137,2025-04-14 11:58:02,2025-04-14 12:00:19,"[CSC, CTPPS, CTPPS_TOT, GEM, HCAL, L1SCOUT]",7.025646E-6,7.3676E-8,2048,circulating2025/v9,/cdaq/circulating/2025/v0.2.0/HLT/V1,Commissioning2025,11
390675,10457,135,2025-04-14 12:08:49,2025-04-14 12:11:04,"[CSC, CTPPS, CTPPS_TOT, GEM, L1SCOUT]",5.858288E-6,4.7723E-8,1536,circulating2025/v9,/cdaq/circulating/2025/v0.2.0/HLT/V1,Commissioning2025,11
390677,10457,875,2025-04-14 12:16:08,2025-04-14 12:30:43,"[CSC, CTPPS, CTPPS_TOT, L1SCOUT, TRACKER]",1.2685474E-5,1.0999805E-5,429862,circulating2025/v9,/cdaq/circulating/2025/v0.2.0/HLT/V1,Commissioning2025,11
390678,10457,145,2025-04-14 12:32:39,2025-04-14 12:35:04,"[CSC, CTPPS, CTPPS_TOT, L1SCOUT, TRACKER]",6.557589E-6,1.84095E-6,69876,circulating2025/v9,/cdaq/circulating/2025/v0.2.0/HLT/V1,Commissioning2025,11
390679,10457,371,2025-04-14 12:40:07,2025-04-14 12:46:18,"[CSC, CTPPS, CTPPS_TOT, L1SCOUT]",6.887981E-6,5.573418E-6,173945,circulating2025/v9,/cdaq/circulating/2025/v0.2.0/HLT/V1,Commissioning2025,11
390680,10457,247,2025-04-14 12:47:41,2025-04-14 12:51:48,"[CSC, CTPPS, CTPPS_TOT, L1SCOUT]",3.974E-6,3.390759E-6,116070,circulating2025/v9,/cdaq/circulating/2025/v0.2.0/HLT/V1,Commissioning2025,11
390681,10457,684,2025-04-14 12:55:25,2025-04-14 13:06:49,"[CTPPS, CTPPS_TOT, L1SCOUT]",5.892522E-6,9.2244E-8,334784,cosmics2025/v19,/cdaq/cosmic/commissioning2025/v0.2.0/HLT/V1,Commissioning2025,4
390684,10457,357,2025-04-14 13:17:54,2025-04-14 13:23:51,"[CSC, CTPPS, CTPPS_TOT, L1SCOUT]",6.308156E-6,7.28394E-7,26241,circulating2025/v9,/cdaq/circulating/2025/v0.2.0/HLT/V1,Commissioning2025,11
390685,10457,532,2025-04-14 13:25:37,2025-04-14 13:34:29,"[CSC, CTPPS, CTPPS_TOT, L1SCOUT]",6.138002E-6,6.060491E-6,255168,circulating2025/v9,/cdaq/circulating/2025/v0.2.0/HLT/V1,Commissioning2025,11
390687,10457,299,2025-04-14 13:41:51,2025-04-14 13:46:50,"[CSC, CTPPS, CTPPS_TOT, L1SCOUT]",0.0,0.0,28835773,cosmics2025/v20,/cdaq/cosmic/commissioning2025/v0.3.0/HLT/V1,Commissioning2025,4
390693,10458,1548,2025-04-14 14:00:14,2025-04-14 14:26:02,"[CSC, CTPPS, CTPPS_TOT, L1SCOUT]",8.6165E-8,8.45E-10,762188,circulating2025/v10,/cdaq/circulating/2025/v0.3.0/HLT/V1,Commissioning2025,11
390694,10458,1117,2025-04-14 14:36:11,2025-04-14 14:54:48,"[L1SCOUT]",4.8451E-8,4.6438E-8,556363,circulating2025/v10,/cdaq/circulating/2025/v0.3.0/HLT/V1,Commissioning2025,9
390695,10458,628,2025-04-14 15:02:05,2025-04-14 15:12:33,"[L1SCOUT]",0.0,0.0,313492,circulating2025/v10,/cdaq/circulating/2025/v0.3.0/HLT/V1,Commissioning2025,1
390696,10458,345,2025-04-14 15:16:43,2025-04-14 15:22:28,"[L1SCOUT]",0.0,0.0,161861,circulating2025/v10,/cdaq/circulating/2025/v0.3.0/HLT/V1,Commissioning2025,1
390697,10459,1957,2025-04-14 15:27:52,2025-04-14 16:00:29,"[L1SCOUT]",0.0,0.0,963082,collisions2025/v3,/cdaq/special/2025/FirstCollisions/v0.3.0/HLT/V1,Commissioning2025,0
390698,10459,270,2025-04-14 16:04:16,2025-04-14 16:08:46,"[L1SCOUT]",0.0,0.0,2819,collisions2025/v4,/cdaq/special/2025/FirstCollisions/v0.3.0/HLT/V1,Commissioning2025,0
390699,10459,300,2025-04-14 16:12:43,2025-04-14 16:17:42,"[L1SCOUT]",4.0706E-8,0.0,138537,collisions2025/v4,/cdaq/special/2025/FirstCollisions/v0.3.0/HLT/V1,Commissioning2025,0
390700,10459,904,2025-04-14 16:21:55,2025-04-14 16:36:59,"[L1SCOUT]",2.33602E-7,1.40455E-7,438757,collisions2025/v5,/cdaq/special/2025/FirstCollisions/v0.3.0/HLT/V1,Commissioning2025,0
390701,10459,166,2025-04-14 16:39:40,2025-04-14 16:42:26,"[L1SCOUT]",,,,circulating2025/v10,,Commissioning2025,
390702,10459,1424,2025-04-14 16:45:19,2025-04-14 17:09:03,"[L1SCOUT]",2.82698E-7,2.07476E-7,729534,circulating2025/v10,/cdaq/circulating/2025/v0.3.0/HLT/V1,Commissioning2025,1
390704,10459,813,2025-04-14 17:14:44,2025-04-14 17:28:17,"[L1SCOUT]",1.09008E-7,8.939E-8,13115779,collisions2025/v5,/cdaq/special/2025/FirstCollisions/v0.3.0/HLT/V1,Commissioning2025,0
390706,10460,2400,2025-04-14 17:33:47,2025-04-14 18:13:47,"[L1SCOUT]",0.0,0.0,265417336,cosmics2025/v20,/cdaq/cosmic/commissioning2025/v0.3.0/HLT/V1,Commissioning2025,4
390707,10460,230,2025-04-14 18:18:11,2025-04-14 18:22:01,"[L1SCOUT]",0.0,0.0,104585,circulating2025/v10,/cdaq/circulating/2025/v0.3.0/HLT/V1,Commissioning2025,1
390709,10460,763,2025-04-14 18:32:52,2025-04-14 18:45:35,"[L1SCOUT]",0.0,0.0,65834797,cosmics2025/v20,/cdaq/cosmic/commissioning2025/v0.3.0/HLT/V1,Commissioning2025,4
390710,10460,1262,2025-04-14 18:47:55,2025-04-14 19:08:57,"[L1SCOUT]",0.0,0.0,135072437,cosmics2025/v20,/cdaq/cosmic/commissioning2025/v0.3.0/HLT/V1,Commissioning2025,4
390711,10460,503,2025-04-14 19:13:36,2025-04-14 19:21:59,"[L1SCOUT]",,,,circulating2025/v10,/cdaq/circulating/2025/v0.3.0/HLT/V1,Commissioning2025,
390712,10460,1448,2025-04-14 19:24:19,2025-04-14 19:48:27,"[L1SCOUT]",0.0,0.0,719642,circulating2025/v10,/cdaq/circulating/2025/v0.3.0/HLT/V1,Commissioning2025,1
390714,10460,1611,2025-04-14 19:54:10,2025-04-14 20:21:01,"[L1SCOUT]",0.0,0.0,172316128,cosmics2025/v20,/cdaq/cosmic/commissioning2025/v0.3.0/HLT/V1,Commissioning2025,4
390715,10460,130,2025-04-14 20:25:32,2025-04-14 20:27:42,"[L1SCOUT]",0.0,0.0,57187,circulating2025/v10,/cdaq/circulating/2025/v0.3.0/HLT/V1,Commissioning2025,1
390716,10460,509,2025-04-14 20:31:28,2025-04-14 20:39:57,"[L1SCOUT]",0.0,0.0,248476,circulating2025/v10,/cdaq/circulating/2025/v0.3.0/HLT/V1,Commissioning2025,1
390717,10460,125,2025-04-14 20:42:20,2025-04-14 20:44:25,"[L1SCOUT]",,,,circulating2025/v10,,Commissioning2025,
390719,10460,174,2025-04-14 20:48:27,2025-04-14 20:51:21,"[L1SCOUT]",,,,circulating2025/v10,,Commissioning2025,
390720,10460,452,2025-04-14 20:54:14,2025-04-14 21:01:47,"[L1SCOUT]",0.0,0.0,219723,circulating2025/v10,/cdaq/circulating/2025/v0.3.0/HLT/V1,Commissioning2025,11
390723,10461,11,2025-04-14 21:08:48,2025-04-14 21:08:59,"[L1SCOUT]",0.0,0.0,,cosmics2025/v20,/cdaq/cosmic/commissioning2025/v0.3.0/HLT/V1,Commissioning2025,
390726,10461,2066,2025-04-14 21:17:24,2025-04-14 21:51:50,"[L1SCOUT]",0.0,0.0,1004640,circulating2025/v10,/cdaq/circulating/2025/v0.3.0/HLT/V1,Commissioning2025,11
390727,10461,18100,2025-04-14 21:56:47,2025-04-15 02:58:27,"[L1SCOUT]",0.0,0.0,71788402,collisions2025/v5,/cdaq/special/2025/FirstCollisions/v0.3.0/HLT/V1,Commissioning2025,0
390729,10461,90,2025-04-15 03:04:38,2025-04-15 03:06:08,"[L1SCOUT]",0.0,0.0,0,cosmics2025/v20,/cdaq/cosmic/commissioning2025/v0.3.0/HLT/V1,Commissioning2025,4
390730,10462,685,2025-04-15 03:09:04,2025-04-15 03:20:29,"[L1SCOUT]",0.0,0.0,23308248,cosmics2025/v20,/cdaq/cosmic/commissioning2025/v0.3.0/HLT/V1,Commissioning2025,4
390731,10462,7681,2025-04-15 03:23:55,2025-04-15 05:31:56,"[L1SCOUT]",0.0,0.0,873328869,cosmics2025/v20,/cdaq/cosmic/commissioning2025/v0.3.0/HLT/V1,Commissioning2025,6
390732,10462,2206,2025-04-15 05:41:44,2025-04-15 06:18:30,"[L1SCOUT, PIXEL]",0.0,0.0,245627491,cosmics2025/v20,/cdaq/cosmic/commissioning2025/v0.3.0/HLT/V1,Commissioning2025,4
390735,10462,284,2025-04-15 08:36:43,2025-04-15 08:41:28,"[CSC, DT, GEM, HCAL, L1SCOUT, PIXEL, TRACKER]",0.0,0.0,28563088,cosmics2025/v20,/cdaq/cosmic/commissioning2025/v0.3.0/HLT/V1,Run2025A,4
390738,10462,97,2025-04-15 08:59:41,2025-04-15 09:01:18,"[CSC, GEM, HCAL, L1SCOUT, PIXEL, TRACKER]",0.0,0.0,8327749,cosmics2025/v20,/cdaq/cosmic/commissioning2025/v0.3.0/HLT/V1,Run2025A,4
390740,10462,279,2025-04-15 09:08:34,2025-04-15 09:13:13,"[CSC, GEM, HCAL, L1SCOUT, PIXEL, TRACKER]",0.0,0.0,28872614,cosmics2025/v20,/cdaq/cosmic/commissioning2025/v0.3.0/HLT/V1,Run2025A,4
390741,10462,385,2025-04-15 09:39:07,2025-04-15 09:45:32,"[CSC, GEM, L1SCOUT, PIXEL, TRACKER]",0.0,0.0,32484148,cosmics2025/v20,/cdaq/cosmic/commissioning2025/v0.3.0/HLT/V1,Run2025A,4
390742,10462,4773,2025-04-15 10:02:59,2025-04-15 11:22:32,"[L1SCOUT, PIXEL, TRACKER]",0.0,0.0,539149291,cosmics2025/v20,/cdaq/cosmic/commissioning2025/v0.3.0/HLT/V1,Run2025A,4
390743,10462,5156,2025-04-15 11:25:49,2025-04-15 12:51:45,"[L1SCOUT, PIXEL]",0.0,0.0,577862085,cosmics2025/v20,/cdaq/cosmic/commissioning2025/v0.3.0/HLT/V1,Run2025A,6
390744,10462,374,2025-04-15 13:19:33,2025-04-15 13:25:47,"[CSC, L1SCOUT, PIXEL]",0.0,0.0,28059246,cosmics2025/v20,/cdaq/cosmic/commissioning2025/v0.3.0/HLT/V1,Run2025A,4
390745,10462,72,2025-04-15 13:29:52,2025-04-15 13:31:04,"[CSC, PIXEL, TRACKER]",0.0,0.0,28714,cosmics2025/v20,/cdaq/cosmic/commissioning2025/v0.3.0/HLT/V1,Run2025A,4
390746,10462,657,2025-04-15 13:41:16,2025-04-15 13:52:13,"[CSC, PIXEL, TRACKER]",0.0,0.0,405432,cosmics2025/v20,/cdaq/cosmic/commissioning2025/v0.3.0/HLT/V1,Commissioning2025,4
390747,10462,212,2025-04-15 13:56:15,2025-04-15 13:59:47,"[CSC, PIXEL, TRACKER]",0.0,0.0,127753,cosmics2025/v20,/cdaq/cosmic/commissioning2025/v0.3.0/HLT/V1,Commissioning2025,4
390750,10462,191,2025-04-15 14:38:23,2025-04-15 14:41:34,"[CSC, PIXEL, TRACKER]",0.0,0.0,116363,cosmics2025/v20,/cdaq/cosmic/commissioning2025/v0.3.0/HLT/V1,Commissioning2025,4
390751,10462,184,2025-04-15 14:48:16,2025-04-15 14:51:20,"[CSC, HCAL, PIXEL, TRACKER]",0.0,0.0,101154,cosmics2025/v20,/cdaq/cosmic/commissioning2025/v0.3.0/HLT/V1,Commissioning2025,4
390752,10462,371,2025-04-15 14:57:53,2025-04-15 15:04:03,"[CSC, ECAL, ES, HCAL, PIXEL, TRACKER]",0.0,0.0,217068,cosmics2025/v20,/cdaq/cosmic/commissioning2025/v0.3.0/HLT/V1,Commissioning2025,4
390753,10462,97,2025-04-15 15:23:52,2025-04-15 15:25:28,"[CSC, PIXEL, TRACKER]",0.0,0.0,45602,cosmics2025/v20,/cdaq/cosmic/commissioning2025/v0.3.0/HLT/V1,Commissioning2025,4
390754,10462,269,2025-04-15 15:32:20,2025-04-15 15:36:49,"[CSC, TRACKER]",0.0,0.0,131541,cosmics2025/v20,/cdaq/cosmic/commissioning2025/v0.3.0/HLT/V1,Commissioning2025,4
390755,10462,275,2025-04-15 15:42:56,2025-04-15 15:47:31,"[CSC, TRACKER]",0.0,0.0,131612,cosmics2025/v20,/cdaq/cosmic/commissioning2025/v0.3.0/HLT/V1,Commissioning2025,4
390756,10462,384,2025-04-15 16:06:09,2025-04-15 16:12:33,"[CSC, L1SCOUT]",0.0,0.0,194392,cosmics2025/v21,/cdaq/cosmic/commissioning2025/v0.3.1/HLT/V1,Run2025A,0
390757,10462,664,2025-04-15 16:16:37,2025-04-15 16:27:41,"[CSC, L1SCOUT]",0.0,0.0,35216423,cosmics2025/v21,/cdaq/cosmic/commissioning2025/v0.3.1/HLT/V1,Run2025A,12
390758,10462,1901,2025-04-15 16:41:17,2025-04-15 17:12:58,"[CSC, L1SCOUT]",0.0,0.0,100783622,cosmics2025/v21,/cdaq/cosmic/commissioning2025/v0.3.1/HLT/V1,Run2025A,12
390761,10463,1750,2025-04-15 17:19:23,2025-04-15 17:48:33,"[CSC, L1SCOUT]",0.0,0.0,91721791,cosmics2025/v21,/cdaq/cosmic/commissioning2025/v0.3.1/HLT/V1,Run2025A,10
390762,10463,234,2025-04-15 17:59:22,2025-04-15 18:03:16,"[L1SCOUT]",0.0,0.0,9091957,cosmics2025/v21,/cdaq/cosmic/commissioning2025/v0.3.1/HLT/V1,Run2025A,4
390763,10463,328,2025-04-15 18:07:04,2025-04-15 18:12:32,"[L1SCOUT]",0.0,0.0,1517058,cosmics2025/v21,/cdaq/cosmic/commissioning2025/v0.3.1/HLT/V1,Run2025A,4
390764,10463,1663,2025-04-15 18:16:48,2025-04-15 18:44:31,"[L1SCOUT]",0.0,0.0,173927637,cosmics2025/v22,/cdaq/cosmic/commissioning2025/v0.3.0/HLT/V1,Run2025A,4
390766,10463,3992,2025-04-15 18:50:01,2025-04-15 19:56:34,"[L1SCOUT]",0.0,0.0,2056065,circulating2025/v10,/cdaq/circulating/2025/v0.3.0/HLT/V1,Run2025A,1
390767,10463,626,2025-04-15 20:04:33,2025-04-15 20:14:58,"[L1SCOUT]",0.0,0.0,310174,circulating2025/v10,/cdaq/circulating/2025/v0.3.0/HLT/V1,Run2025A,1
390768,10463,1008,2025-04-15 20:18:58,2025-04-15 20:35:46,"[L1SCOUT]",0.0,0.0,490191,collisions2025/v5,/cdaq/special/2025/FirstCollisions/v0.3.0/HLT/V1,Run2025A,0
390769,10464,4546,2025-04-15 20:40:00,2025-04-15 21:55:46,"[L1SCOUT]",0.0,0.0,509779074,cosmics2025/v23,/cdaq/cosmic/commissioning2025/v0.3.2/HLT/V1,Run2025A,4
390771,10464,76,2025-04-15 22:01:59,2025-04-15 22:03:15,"[L1SCOUT]",0.0,0.0,34778,circulating2025/v10,/cdaq/circulating/2025/v0.3.0/HLT/V1,Run2025A,1
390776,10464,985,2025-04-15 22:21:58,2025-04-15 22:38:23,"[L1SCOUT]",0.0,0.0,62030614,cosmics2025/v23,/cdaq/cosmic/commissioning2025/v0.3.2/HLT/V1,Run2025A,4
390778,10464,1397,2025-04-15 22:44:45,2025-04-15 23:08:02,"[L1SCOUT]",0.0,0.0,683545,circulating2025/v10,/cdaq/circulating/2025/v0.3.0/HLT/V1,Run2025A,1
390780,10464,3213,2025-04-15 23:13:53,2025-04-16 00:07:26,"[L1SCOUT]",0.0,0.0,365366027,cosmics2025/v23,/cdaq/cosmic/commissioning2025/v0.3.2/HLT/V1,Run2025A,4
390781,10464,3410,2025-04-16 00:15:13,2025-04-16 01:12:03,"[L1SCOUT]",0.0,0.0,377224774,cosmics2025/v23,/cdaq/cosmic/commissioning2025/v0.3.2/HLT/V1,Run2025A,4
390782,10464,4473,2025-04-16 01:16:01,2025-04-16 02:30:34,"[L1SCOUT]",0.0,0.0,474319304,cosmics2025/v23,/cdaq/cosmic/commissioning2025/v0.3.2/HLT/V1,Run2025A,4
390783,10464,1065,2025-04-16 02:55:16,2025-04-16 03:13:01,"[L1SCOUT, TRACKER]",0.0,0.0,83741809,cosmics2025/v23,/cdaq/cosmic/commissioning2025/v0.3.2/HLT/V1,Run2025A,4
390784,10464,158,2025-04-16 03:16:17,2025-04-16 03:18:55,"[L1SCOUT]",,,,cosmics2025/v23,/cdaq/cosmic/commissioning2025/v0.3.2/HLT/V1,Commissioning2025,
390785,10464,13672,2025-04-16 03:21:53,2025-04-16 07:09:45,"[L1SCOUT]",0.0,0.0,1554867378,cosmics2025/v23,/cdaq/cosmic/commissioning2025/v0.3.2/HLT/V1,Run2025A,4
390788,10464,1169,2025-04-16 08:09:35,2025-04-16 08:29:03,"[CSC, GEM, HCAL, L1SCOUT]",0.0,0.0,122701477,cosmics2025/v23,/cdaq/cosmic/commissioning2025/v0.3.2/HLT/V1,Run2025A,4
390792,10464,1906,2025-04-16 08:30:57,2025-04-16 09:02:43,"[CSC, GEM, HCAL, L1SCOUT, TRACKER]",0.0,0.0,212118640,cosmics2025/v23,/cdaq/cosmic/commissioning2025/v0.3.2/HLT/V1,Run2025A,4
390797,10464,717,2025-04-16 09:06:49,2025-04-16 09:18:46,"[GEM, HCAL, L1SCOUT, TRACKER]",0.0,0.0,76758507,cosmics2025/v23,/cdaq/cosmic/commissioning2025/v0.3.2/HLT/V1,Run2025A,4
390798,10464,218,2025-04-16 09:23:25,2025-04-16 09:27:03,"[GEM, HCAL, L1SCOUT]",0.0,0.0,10290318,cosmics2025/v23,/cdaq/cosmic/commissioning2025/v0.3.2/HLT/V1,Commissioning2025,4
390800,10464,102,2025-04-16 09:30:35,2025-04-16 09:32:17,"[GEM, HCAL, L1SCOUT]",0.0,0.0,34559,cosmics2025/v23,/cdaq/cosmic/commissioning2025/v0.3.2/HLT/V1,Commissioning2025,4
390803,10464,183,2025-04-16 09:38:31,2025-04-16 09:41:34,"[GEM, HCAL, L1SCOUT]",0.0,0.0,23401,cosmics2025/v23,/cdaq/cosmic/commissioning2025/v0.3.2/HLT/V1,Commissioning2025,4
390805,10464,281,2025-04-16 09:47:23,2025-04-16 09:52:04,"[GEM, HCAL, L1SCOUT]",0.0,0.0,3285,cosmics2025/v23,/cdaq/cosmic/commissioning2025/v0.3.2/HLT/V1,Commissioning2025,4
390806,10464,1333,2025-04-16 10:31:06,2025-04-16 10:53:18,"[GEM, HCAL, L1SCOUT]",0.0,0.0,141753548,cosmics2025/v23,/cdaq/cosmic/commissioning2025/v0.3.2/HLT/V1,Run2025A,4
390807,10464,684,2025-04-16 10:56:47,2025-04-16 11:08:11,"[HCAL, L1SCOUT]",0.0,0.0,64427621,cosmics2025/v23,/cdaq/cosmic/commissioning2025/v0.3.2/HLT/V1,Run2025A,4
390809,10464,9930,2025-04-16 11:39:19,2025-04-16 14:24:48,"[L1SCOUT]",0.0,0.0,1120890947,cosmics2025/v23,/cdaq/cosmic/commissioning2025/v0.3.2/HLT/V1,Run2025A,4
390811,10464,12313,2025-04-16 14:33:15,2025-04-16 17:58:28,"[L1SCOUT]",0.0,0.0,1400782345,cosmics2025/v23,/cdaq/cosmic/commissioning2025/v0.3.2/HLT/V1,Run2025A,4
390812,10464,342,2025-04-16 18:12:22,2025-04-16 18:18:04,"[L1SCOUT]",0.0,0.0,37191839,cosmics2025/v23,/cdaq/cosmic/commissioning2025/v0.3.2/HLT/V1,Run2025A,4
390813,10464,994,2025-04-16 18:20:43,2025-04-16 18:37:17,"[L1SCOUT]",0.0,0.0,100953692,cosmics2025/v23,/cdaq/cosmic/commissioning2025/v0.3.2/HLT/V1,Run2025A,4
390814,10464,46,2025-04-16 18:41:29,2025-04-16 18:42:15,"[L1SCOUT]",0.0,0.0,17,cosmics2025/v23,/cdaq/cosmic/commissioning2025/v0.3.2/HLT/V1,Commissioning2025,4
390815,10464,135,2025-04-16 18:46:01,2025-04-16 18:48:16,"[CTPPS_TOT, L1SCOUT]",0.0,0.0,20437,cosmics2025/v23,/cdaq/cosmic/commissioning2025/v0.3.2/HLT/V1,Run2025A,4
390816,10464,70,2025-04-16 18:50:06,2025-04-16 18:51:16,"[CTPPS_TOT, L1SCOUT]",0.0,0.0,9766,cosmics2025/v23,/cdaq/cosmic/commissioning2025/v0.3.2/HLT/V1,Run2025A,4
390817,10464,42151,2025-04-16 18:53:59,2025-04-17 06:36:30,"[CTPPS, CTPPS_TOT, L1SCOUT]",0.0,0.0,4759880445,cosmics2025/v23,/cdaq/cosmic/commissioning2025/v0.3.2/HLT/V1,Run2025A,4
390818,10464,4621,2025-04-17 06:40:13,2025-04-17 07:57:14,"[CSC, CTPPS, CTPPS_TOT, L1SCOUT]",0.0,0.0,520367334,cosmics2025/v23,/cdaq/cosmic/commissioning2025/v0.3.2/HLT/V1,Run2025A,4
390821,10464,1047,2025-04-17 08:16:48,2025-04-17 08:34:15,"[CSC, CTPPS, CTPPS_TOT, DT, GEM, HCAL, L1SCOUT]",0.0,0.0,110950439,cosmics2025/v23,/cdaq/cosmic/commissioning2025/v0.3.2/HLT/V1,Run2025A,4
390827,10464,429,2025-04-17 08:37:23,2025-04-17 08:44:32,"[CSC, CTPPS, CTPPS_TOT, DT, ECAL, ES, GEM, HCAL, L1SCOUT]",0.0,0.0,40688553,cosmics2025/v23,/cdaq/cosmic/commissioning2025/v0.3.2/HLT/V1,Run2025A,4
390830,10464,1407,2025-04-17 08:47:17,2025-04-17 09:10:44,"[CSC, CTPPS, CTPPS_TOT, DT, ECAL, ES, HCAL, L1SCOUT]",0.0,0.0,157308512,cosmics2025/v23,/cdaq/cosmic/commissioning2025/v0.3.2/HLT/V1,Run2025A,4
390836,10464,206,2025-04-17 09:14:17,2025-04-17 09:17:43,"[CTPPS, CTPPS_TOT, DT, ECAL, ES, HCAL, L1SCOUT]",0.0,0.0,14057253,cosmics2025/v23,/cdaq/cosmic/commissioning2025/v0.3.2/HLT/V1,Run2025A,4
390837,10464,182,2025-04-17 09:21:17,2025-04-17 09:24:20,"[CTPPS, CTPPS_TOT, DT, HCAL, L1SCOUT]",0.0,0.0,10252049,cosmics2025/v23,/cdaq/cosmic/commissioning2025/v0.3.2/HLT/V1,Run2025A,4
390838,10464,92,2025-04-17 09:28:01,2025-04-17 09:29:33,"[CTPPS, CTPPS_TOT, HCAL, L1SCOUT]",0.0,0.0,2771033,cosmics2025/v23,/cdaq/cosmic/commissioning2025/v0.3.2/HLT/V1,Run2025A,4
390839,10464,144,2025-04-17 09:32:39,2025-04-17 09:35:03,"[CTPPS, CTPPS_TOT, HCAL, L1SCOUT]",0.0,0.0,9930233,cosmics2025/v23,/cdaq/cosmic/commissioning2025/v0.3.2/HLT/V1,Run2025A,4
390841,10464,6893,2025-04-17 09:38:22,2025-04-17 11:33:15,"[CTPPS, CTPPS_TOT, HCAL, L1SCOUT]",0.0,0.0,784734687,cosmics2025/v23,/cdaq/cosmic/commissioning2025/v0.3.2/HLT/V1,Run2025A,4
390858,10464,1080,2025-04-17 11:36:14,2025-04-17 11:54:14,"[CTPPS, CTPPS_TOT, HCAL, L1SCOUT, PIXEL]",0.0,0.0,114230026,cosmics2025/v23,/cdaq/cosmic/commissioning2025/v0.3.2/HLT/V1,Run2025A,4
390863,10464,187,2025-04-17 11:58:27,2025-04-17 12:01:34,"[CTPPS, CTPPS_TOT, HCAL, PIXEL, TRACKER]",0.0,0.0,101657,cosmics2025/v23,/cdaq/cosmic/commissioning2025/v0.3.2/HLT/V1,Commissioning2025,4
390864,10464,501,2025-04-17 12:05:55,2025-04-17 12:14:16,"[CTPPS, CTPPS_TOT, HCAL, PIXEL, TRACKER]",0.0,0.0,304771,cosmics2025/v23,/cdaq/cosmic/commissioning2025/v0.3.2/HLT/V1,Commissioning2025,4
390867,10464,737,2025-04-17 12:16:38,2025-04-17 12:28:55,"[CTPPS, CTPPS_TOT, HCAL, PIXEL, TRACKER]",0.0,0.0,449941,cosmics2025/v23,/cdaq/cosmic/commissioning2025/v0.3.2/HLT/V1,Commissioning2025,4
390869,10464,1837,2025-04-17 12:30:40,2025-04-17 13:01:17,"[CTPPS, CTPPS_TOT, HCAL, PIXEL, TRACKER]",0.0,0.0,1128790,cosmics2025/v23,/cdaq/cosmic/commissioning2025/v0.3.2/HLT/V1,Commissioning2025,4
390874,10464,276,2025-04-17 13:04:25,2025-04-17 13:09:01,"[CTPPS, CTPPS_TOT, HCAL, PIXEL, TRACKER]",0.0,0.0,159216,cosmics2025/v23,/cdaq/cosmic/commissioning2025/v0.3.2/HLT/V1,Commissioning2025,4
390876,10464,463,2025-04-17 13:16:49,2025-04-17 13:24:33,"[CTPPS, CTPPS_TOT, HCAL]",0.0,0.0,274764,cosmics2025/v23,/cdaq/cosmic/commissioning2025/v0.3.2/HLT/V1,Commissioning2025,4
390877,10464,177,2025-04-17 13:45:59,2025-04-17 13:48:57,"[CTPPS, CTPPS_TOT, HCAL]",0.0,0.0,101592,cosmics2025/v23,/cdaq/cosmic/commissioning2025/v0.3.2/HLT/V1,Commissioning2025,4
390878,10464,102,2025-04-17 13:59:32,2025-04-17 14:01:13,"[CTPPS, CTPPS_TOT, HCAL]",0.0,0.0,57854,cosmics2025/v23,/cdaq/cosmic/commissioning2025/v0.3.2/HLT/V1,Commissioning2025,1
390879,10464,132,2025-04-17 14:03:50,2025-04-17 14:06:03,"[CTPPS, CTPPS_TOT, HCAL]",0.0,0.0,72107,cosmics2025/v23,/cdaq/cosmic/commissioning2025/v0.3.2/HLT/V1,Commissioning2025,1
390880,10464,2319,2025-04-17 14:16:06,2025-04-17 14:54:45,"[CTPPS, CTPPS_TOT, HCAL]",0.0,0.0,1432789,cosmics2025/v23,/cdaq/cosmic/commissioning2025/v0.3.2/HLT/V1,Commissioning2025,1
390881,10464,292,2025-04-17 14:56:37,2025-04-17 15:01:29,"[CTPPS, CTPPS_TOT, HCAL]",0.0,0.0,173341,cosmics2025/v23,/cdaq/cosmic/commissioning2025/v0.3.2/HLT/V1,Run2025A,1
390883,10464,1251,2025-04-17 15:10:21,2025-04-17 15:31:12,"[CSC, CTPPS, CTPPS_TOT, ES, GEM, HCAL]",0.0,0.0,136415577,cosmics2025/v23,/cdaq/cosmic/commissioning2025/v0.3.2/HLT/V1,Run2025A,4
390889,10464,98,2025-04-17 15:39:47,2025-04-17 15:41:25,"[CSC, CTPPS, CTPPS_TOT, ES, GEM]",0.0,0.0,216,cosmics2025/v23,/cdaq/cosmic/commissioning2025/v0.3.2/HLT/V1,Run2025A,4
390891,10464,276,2025-04-17 15:44:53,2025-04-17 15:49:28,"[CSC, CTPPS, CTPPS_TOT, ES, GEM]",0.0,0.0,19407656,cosmics2025/v23,/cdaq/cosmic/commissioning2025/v0.3.2/HLT/V1,Run2025A,4
390892,10464,432,2025-04-17 15:52:31,2025-04-17 15:59:43,"[CSC, CTPPS, CTPPS_TOT, ES]",0.0,0.0,45041180,cosmics2025/v23,/cdaq/cosmic/commissioning2025/v0.3.2/HLT/V1,Run2025A,4
390893,10464,14796,2025-04-17 16:03:56,2025-04-17 20:10:32,"[CTPPS, CTPPS_TOT]",4.24940785E-4,0.0,1684875896,cosmics2025/v23,/cdaq/cosmic/commissioning2025/v0.3.2/HLT/V1,Run2025A,4
390935,10482,66,2025-04-21 09:38:25,2025-04-21 09:39:31,"[CSC, CTPPS, CTPPS_TOT, ECAL, ES]",0.0,0.0,23053,collisions2025/v6,/cdaq/special/2025/FirstCollisions/v0.3.0/HLT/V1,Commissioning2025,0
390936,10482,133,2025-04-21 09:42:19,2025-04-21 09:44:32,"[CSC, CTPPS, CTPPS_TOT, ECAL, ES]",0.0,0.0,57659,collisions2025/v6,/cdaq/special/2025/FirstCollisions/v0.3.0/HLT/V1,Commissioning2025,0
390937,10487,675,2025-04-22 05:08:30,2025-04-22 05:19:45,"[]",0.0,0.0,324748,collisions2025/v6,/cdaq/special/2025/FirstCollisions/v0.3.0/HLT/V1,Run2025A,0
390945,10487,970,2025-04-22 05:24:28,2025-04-22 05:40:38,"[]",0.0,0.0,98479130,cosmics2025/v24,/cdaq/cosmic/commissioning2025/v0.3.2/HLT/V1,Run2025A,4
390946,10488,180,2025-04-22 05:42:18,2025-04-22 05:45:18,"[]",0.0,0.0,12761620,cosmics2025/v24,/cdaq/cosmic/commissioning2025/v0.3.2/HLT/V1,Run2025A,4
390947,10488,15,2025-04-22 05:45:44,2025-04-22 05:45:59,"[]",,,,cosmics2025/v24,,Commissioning2025,
390948,10488,898,2025-04-22 05:49:18,2025-04-22 06:04:16,"[]",0.0,0.0,99351167,cosmics2025/v24,/cdaq/cosmic/commissioning2025/v0.3.2/HLT/V1,Run2025A,4
390949,10488,2671,2025-04-22 06:10:10,2025-04-22 06:54:41,"[]",1.54860657E-4,1.1114366E-4,1328365,circulating2025/v11,/cdaq/circulating/2025/v0.3.0/HLT/V1,Run2025A,11
390950,10489,345,2025-04-22 06:58:49,2025-04-22 07:04:34,"[]",1.4655901E-4,8.6430933E-5,22882060,collisions2025/v6,/cdaq/special/2025/FirstCollisions/v0.3.0/HLT/V1,Run2025A,0
390951,10489,2463,2025-04-22 07:08:53,2025-04-22 07:49:56,"[]",3.25335958E-4,1.96013946E-4,115431737,collisions2025/v6,/cdaq/special/2025/FirstCollisions/v0.3.0/HLT/V1,Run2025A,0
390953,10491,5254,2025-04-22 07:57:30,2025-04-22 09:25:04,"[]",8.5287592E-4,7.77646707E-4,540382666,collisions2025/v6,/cdaq/special/2025/FirstCollisions/v0.3.0/HLT/V1,Run2025A,0
390955,10491,2028,2025-04-22 09:28:46,2025-04-22 10:02:34,"[CTPPS_TOT]",2.51647973E-4,2.15881606E-4,211857476,collisions2025/v7,/cdaq/special/2025/FirstCollisions/v0.3.1/HLT/V1,Run2025A,9
390956,10491,1018,2025-04-22 10:07:00,2025-04-22 10:23:58,"[]",1.12242982E-4,9.7469441E-5,108501418,collisions2025/v7,/cdaq/special/2025/FirstCollisions/v0.3.1/HLT/V1,Run2025A,8
390957,10491,53,2025-04-22 10:25:51,2025-04-22 10:26:44,"[CTPPS]",2.7560852E-5,3.4011E-8,31736,collisions2025/v7,/cdaq/special/2025/FirstCollisions/v0.3.1/HLT/V1,Run2025A,8
390958,10491,1030,2025-04-22 10:30:35,2025-04-22 10:47:45,"[CTPPS]",1.00511209E-4,7.3042742E-5,110671387,collisions2025/v7,/cdaq/special/2025/FirstCollisions/v0.3.1/HLT/V1,Run2025A,8
390959,10491,351,2025-04-22 10:51:56,2025-04-22 10:57:47,"[CTPPS]",4.9841454E-5,2.9358468E-5,37823875,collisions2025/v7,/cdaq/special/2025/FirstCollisions/v0.3.1/HLT/V1,Run2025A,8
390960,10491,6342,2025-04-22 11:01:20,2025-04-22 12:47:02,"[CTPPS]",4.48163716E-4,4.28307123E-4,687270323,collisions2025/v7,/cdaq/special/2025/FirstCollisions/v0.3.1/HLT/V1,Run2025A,8
390965,10492,462,2025-04-22 13:50:00,2025-04-22 13:57:42,"[CSC, GEM, HCAL]",0.0,0.0,226041,circulating2025/v11,/cdaq/circulating/2025/v0.3.0/HLT/V1,Run2025A,11
390966,10492,1151,2025-04-22 14:02:09,2025-04-22 14:21:19,"[CSC, HCAL]",0.0,0.0,567546,circulating2025/v11,/cdaq/circulating/2025/v0.3.0/HLT/V1,Run2025A,11
390968,10492,24,2025-04-22 14:49:05,2025-04-22 14:49:30,"[CSC]",0.0,0.0,9432,circulating2025/v11,/cdaq/circulating/2025/v0.3.0/HLT/V1,Run2025A,
390969,10492,3283,2025-04-22 14:53:35,2025-04-22 15:48:18,"[]",0.0,0.0,1614691,circulating2025/v11,/cdaq/circulating/2025/v0.3.0/HLT/V1,Run2025A,11
390970,10492,8386,2025-04-22 15:50:00,2025-04-22 18:09:47,"[]",1.982E-8,0.0,4167257,circulating2025/v11,/cdaq/circulating/2025/v0.3.0/HLT/V1,Run2025A,11
390973,10497,1407,2025-04-23 05:53:56,2025-04-23 06:17:23,"[]",8.1293E-8,5.7158E-8,2630418,circulating2025/v11,/cdaq/circulating/2025/v0.3.0/HLT/V1,Run2025A,11
390975,10497,2159,2025-04-23 06:24:15,2025-04-23 07:00:14,"[]",1.0319E-7,8.9327E-8,59032581,collisions2025/v7,/cdaq/special/2025/FirstCollisions/v0.3.1/HLT/V1,Run2025A,0
390976,10497,7579,2025-04-23 07:03:12,2025-04-23 09:09:31,"[CSC]",0.020986331542,0.0206149804,202793923,collisions2025/v7,/cdaq/special/2025/FirstCollisions/v0.3.1/HLT/V1,Run2025A,0
391025,10506,26,2025-04-24 08:50:36,2025-04-24 08:51:02,"[CSC, CTPPS, ECAL, ES, GEM, PIXEL, TRG]",,,,circulating2025/v12,/cdaq/circulating/2025/v0.3.0/HLT/V1,Run2025A,
391026,10506,41,2025-04-24 08:54:52,2025-04-24 08:55:33,"[CSC, CTPPS, ECAL, ES, GEM, PIXEL]",0.0,0.0,,circulating2025/v12,/cdaq/circulating/2025/v0.3.0/HLT/V1,Run2025A,11
391027,10506,16,2025-04-24 09:00:09,2025-04-24 09:00:25,"[CSC, CTPPS, ECAL, ES, PIXEL]",0.0,0.0,,circulating2025/v12,/cdaq/circulating/2025/v0.3.0/HLT/V1,Run2025A,
391028,10506,83,2025-04-24 09:05:40,2025-04-24 09:07:02,"[CTPPS, ECAL, ES, PIXEL]",0.0,0.0,,circulating2025/v12,/cdaq/circulating/2025/v0.3.0/HLT/V1,Run2025A,11
391029,10506,64,2025-04-24 09:10:41,2025-04-24 09:11:45,"[CTPPS, ECAL, ES, PIXEL]",0.0,0.0,,circulating2025/v12,/cdaq/circulating/2025/v0.3.0/HLT/V1,Run2025A,11
391030,10506,529,2025-04-24 09:15:28,2025-04-24 09:24:17,"[CTPPS, CTPPS_TOT, ECAL, ES, PIXEL]",0.0,0.0,,circulating2025/v12,/cdaq/circulating/2025/v0.3.0/HLT/V1,Run2025A,11
391033,10507,2962,2025-04-24 09:30:39,2025-04-24 10:20:01,"[CTPPS, ECAL, ES, PIXEL]",1.0168E-8,4.271E-9,,circulating2025/v12,/cdaq/circulating/2025/v0.3.0/HLT/V1,Run2025A,11
391034,10508,67,2025-04-24 10:22:17,2025-04-24 10:23:24,"[CTPPS, ECAL, ES, PIXEL]",6.855E-9,1.377E-9,,circulating2025/v12,/cdaq/circulating/2025/v0.3.0/HLT/V1,Run2025A,0
391035,10508,3921,2025-04-24 10:25:44,2025-04-24 11:31:05,"[CTPPS, ECAL, ES, PIXEL]",5.4071E-8,5.3387E-8,,circulating2025/v12,/cdaq/circulating/2025/v0.3.0/HLT/V1,Run2025A,0
391036,10510,735,2025-04-24 11:33:01,2025-04-24 11:45:16,"[CTPPS, ECAL, ES, PIXEL]",0.0,0.0,,circulating2025/v12,/cdaq/circulating/2025/v0.3.0/HLT/V1,Run2025A,0
391037,10510,334,2025-04-24 11:48:22,2025-04-24 11:53:56,"[CTPPS, ECAL, ES, PIXEL]",0.0,0.0,,circulating2025/v12,/cdaq/circulating/2025/v0.3.0/HLT/V1,Run2025A,0
391038,10511,959,2025-04-24 11:57:05,2025-04-24 12:13:04,"[CTPPS, ECAL, ES, PIXEL]",0.0,0.0,,circulating2025/v12,/cdaq/circulating/2025/v0.3.0/HLT/V1,Run2025A,0
391039,10511,23,2025-04-24 12:18:12,2025-04-24 12:18:35,"[CTPPS, ECAL, ES, HCAL]",0.0,0.0,,circulating2025/v12,/cdaq/circulating/2025/v0.3.0/HLT/V1,Run2025A,
391042,10511,17,2025-04-24 12:33:30,2025-04-24 12:33:47,"[CTPPS, ECAL, ES, HCAL]",0.0,0.0,,collisions2025/v8,/cdaq/special/2025/FirstCollisions/v0.3.1/HLT/V1,Run2025A,0
391043,10511,483,2025-04-24 12:37:30,2025-04-24 12:45:33,"[CTPPS, ECAL, ES]",0.0,0.0,,collisions2025/v8,/cdaq/special/2025/FirstCollisions/v0.3.1/HLT/V1,Run2025A,0
391044,10511,284,2025-04-24 12:47:04,2025-04-24 12:51:48,"[CTPPS, ECAL, ES]",0.0,0.0,,collisions2025/v8,/cdaq/special/2025/FirstCollisions/v0.3.1/HLT/V1,Run2025A,0
391045,10511,1656,2025-04-24 12:55:56,2025-04-24 13:23:32,"[CTPPS, ECAL, ES]",0.0,0.0,,collisions2025/v8,/cdaq/special/2025/FirstCollisions/v0.3.1/HLT/V1,Run2025A,0
391049,10511,857,2025-04-24 13:40:10,2025-04-24 13:54:27,"[CTPPS, ECAL, ES]",0.0,0.0,,circulating2025/v12,/cdaq/circulating/2025/v0.3.0/HLT/V1,Run2025A,11
391050,10511,669,2025-04-24 13:57:23,2025-04-24 14:08:33,"[CTPPS, ECAL, ES]",0.0,0.0,,circulating2025/v12,/cdaq/circulating/2025/v0.3.0/HLT/V1,Run2025A,1
391052,10511,7777,2025-04-24 14:19:11,2025-04-24 16:28:48,"[CTPPS, ECAL, ES]",0.0,0.0,3287682,circulating2025/v12,/cdaq/circulating/2025/v0.3.0/HLT/V1,Run2025A,0
391057,10511,4551,2025-04-24 16:34:44,2025-04-24 17:50:35,"[]",0.0,0.0,2333917,circulating2025/v13,/cdaq/circulating/2025/v1.0.0/HLT/V1,Run2025A,11
391063,10517,52,2025-04-25 07:11:16,2025-04-25 07:12:08,"[]",0.0,0.0,16,cosmics2025/v26,/cdaq/cosmic/commissioning2025/v0.3.2/HLT/V1,Run2025A,4
391064,10517,210,2025-04-25 07:16:49,2025-04-25 07:20:19,"[]",0.0,0.0,16,cosmics2025/v26,/cdaq/cosmic/commissioning2025/v0.3.2/HLT/V1,Run2025A,4
391066,10517,154,2025-04-25 07:30:55,2025-04-25 07:33:29,"[CTPPS_TOT]",0.0,0.0,102556,cosmics2025/v27,/cdaq/cosmic/commissioning2025/v1.0.0/HLT/V1,Run2025A,4
391067,10517,155,2025-04-25 07:44:55,2025-04-25 07:47:31,"[CTPPS_TOT]",0.0,0.0,8335,cosmics2025/v27,/cdaq/cosmic/commissioning2025/v1.0.0/HLT/V1,Run2025A,4
391068,10517,184,2025-04-25 07:51:39,2025-04-25 07:54:43,"[CTPPS_TOT]",0.0,0.0,692028,cosmics2025/v27,/cdaq/cosmic/commissioning2025/v1.0.0/HLT/V1,Run2025A,4
391069,10517,1122,2025-04-25 07:58:31,2025-04-25 08:17:13,"[CSC, CTPPS, CTPPS_TOT]",0.0,0.0,21655425,cosmics2025/v27,/cdaq/cosmic/commissioning2025/v1.0.0/HLT/V1,Run2025A,4
391071,10517,1946,2025-04-25 08:20:23,2025-04-25 08:52:49,"[CSC, CTPPS, CTPPS_TOT, GEM]",2.685E-9,2.644E-9,37768983,cosmics2025/v27,/cdaq/cosmic/commissioning2025/v1.0.0/HLT/V1,Run2025A,4
391073,10517,3137,2025-04-25 08:55:57,2025-04-25 09:48:14,"[CSC, CTPPS, CTPPS_TOT]",0.0,0.0,60172609,cosmics2025/v27,/cdaq/cosmic/commissioning2025/v1.0.0/HLT/V1,Run2025A,4
391081,10517,1354,2025-04-25 09:58:10,2025-04-25 10:20:44,"[CSC, CTPPS, CTPPS_TOT]",0.0,0.0,657592,collisions2025/v9,/cdaq/special/2025/FirstCollisions/v0.3.1/HLT/V1,Run2025A,0
391085,10517,777,2025-04-25 10:31:45,2025-04-25 10:44:42,"[CTPPS, CTPPS_TOT]",0.0,0.0,314399,circulating2025/v13,/cdaq/circulating/2025/v1.0.0/HLT/V1,Run2025A,11
391086,10517,2236,2025-04-25 10:49:27,2025-04-25 11:26:42,"[CTPPS_TOT]",0.0,0.0,1097345,circulating2025/v13,/cdaq/circulating/2025/v1.0.0/HLT/V1,Run2025A,11
391088,10517,8751,2025-04-25 11:30:41,2025-04-25 13:56:32,"[CTPPS_TOT, PIXEL]",0.0,0.0,4335278,circulating2025/v13,/cdaq/circulating/2025/v1.0.0/HLT/V1,Run2025A,11
391097,10517,1600,2025-04-25 14:04:51,2025-04-25 14:31:31,"[CTPPS_TOT]",0.0,0.0,786881,circulating2025/v13,/cdaq/circulating/2025/v1.0.0/HLT/V1,Run2025A,11
391105,10517,1162,2025-04-25 14:35:51,2025-04-25 14:55:13,"[CTPPS_TOT]",0.0,0.0,63577255,cosmics2025/v27,/cdaq/cosmic/commissioning2025/v1.0.0/HLT/V1,Run2025A,4
391112,10518,2370,2025-04-25 15:03:48,2025-04-25 15:43:18,"[CTPPS_TOT]",2.06041E-7,0.0,264838602,cosmics2025/v27,/cdaq/cosmic/commissioning2025/v1.0.0/HLT/V1,Run2025A,4
391114,10524,447,2025-04-26 05:21:52,2025-04-26 05:29:19,"[CTPPS_TOT]",0.0,0.0,47887839,cosmics2025/v27,/cdaq/cosmic/commissioning2025/v1.0.0/HLT/V1,Run2025A,4
391116,10524,7862,2025-04-26 05:34:41,2025-04-26 07:45:43,"[CTPPS_TOT]",0.0,0.0,3887877,circulating2025/v13,/cdaq/circulating/2025/v1.0.0/HLT/V1,Run2025A,11
391118,10524,596,2025-04-26 07:51:05,2025-04-26 08:01:01,"[CTPPS_TOT, GEM]",0.0,0.0,288491,circulating2025/v13,/cdaq/circulating/2025/v1.0.0/HLT/V1,Run2025A,11
391120,10524,5968,2025-04-26 08:08:02,2025-04-26 09:47:30,"[CTPPS_TOT]",0.0,0.0,2942018,circulating2025/v13,/cdaq/circulating/2025/v1.0.0/HLT/V1,Run2025A,11
391125,10526,4571,2025-04-26 09:52:06,2025-04-26 11:08:17,"[CSC, CTPPS_TOT]",0.0,0.0,2249295,circulating2025/v13,/cdaq/circulating/2025/v1.0.0/HLT/V1,Run2025A,11
391128,10527,9750,2025-04-26 11:13:18,2025-04-26 13:55:48,"[]",0.0,0.0,4750076,circulating2025/v13,/cdaq/circulating/2025/v1.0.0/HLT/V1,Run2025A,11
391129,10527,1092,2025-04-26 14:00:08,2025-04-26 14:18:20,"[]",0.0,0.0,18135906,collisions2025/v10,/cdaq/special/2025/FirstCollisions/v1.0.0/HLT/V1,Run2025A,0
391130,10527,3211,2025-04-26 14:21:45,2025-04-26 15:15:16,"[]",0.0,0.0,5761668,circulating2025/v13,/cdaq/circulating/2025/v1.0.0/HLT/V1,Run2025A,11
391131,10527,8298,2025-04-26 15:16:45,2025-04-26 17:35:03,"[]",0.0,0.0,4094273,circulating2025/v13,/cdaq/circulating/2025/v1.0.0/HLT/V1,Run2025A,11
391132,10529,23,2025-04-26 17:38:56,2025-04-26 17:39:19,"[]",3.760487E-6,0.0,,cosmics2025/v27,/cdaq/cosmic/commissioning2025/v1.0.0/HLT/V1,Run2025A,
391133,10530,775,2025-04-26 18:20:32,2025-04-26 18:33:27,"[]",1.01251763E-4,5.2077971E-5,381083,circulating2025/v13,/cdaq/circulating/2025/v1.0.0/HLT/V1,Run2025A,11
391134,10530,90,2025-04-26 18:42:15,2025-04-26 18:43:45,"[]",6.8283066E-5,2.088707E-6,1766938,collisions2025/v10,/cdaq/special/2025/FirstCollisions/v1.0.0/HLT/V1,Run2025A,6
391135,10530,2762,2025-04-26 18:47:31,2025-04-26 19:33:33,"[]",4.82678098E-4,4.29361076E-4,295634255,collisions2025/v10,/cdaq/special/2025/FirstCollisions/v1.0.0/HLT/V1,Run2025A,6
391136,10530,182,2025-04-26 19:37:09,2025-04-26 19:40:11,"[]",4.6645912E-5,1.1405351E-5,10261763,collisions2025/v10,/cdaq/special/2025/FirstCollisions/v1.0.0/HLT/V1,Run2025A,6
391137,10530,4851,2025-04-26 19:43:23,2025-04-26 21:04:14,"[CTPPS_TOT]",4.64287806E-4,4.4348509E-4,517583753,collisions2025/v10,/cdaq/special/2025/FirstCollisions/v1.0.0/HLT/V1,Run2025A,6
391141,10531,1144,2025-04-26 21:34:49,2025-04-26 21:53:53,"[CTPPS_TOT]",8.24314499E-4,4.6806E-8,558940,circulating2025/v13,/cdaq/circulating/2025/v1.0.0/HLT/V1,Run2025A,11
391143,10531,9708,2025-04-26 22:16:02,2025-04-27 00:57:50,"[]",0.053192997904,0.052037519263,315635304,collisions2025/v10,/cdaq/special/2025/FirstCollisions/v1.0.0/HLT/V1,Run2025A,1
391145,10532,1504,2025-04-27 01:09:14,2025-04-27 01:34:18,"[]",0.0,0.0,163606544,cosmics2025/v27,/cdaq/cosmic/commissioning2025/v1.0.0/HLT/V1,Run2025A,4
391147,10532,6812,2025-04-27 01:41:39,2025-04-27 03:35:11,"[]",8.7597E-8,6.4426E-8,3363590,circulating2025/v13,/cdaq/circulating/2025/v1.0.0/HLT/V1,Run2025A,11
391149,10532,285,2025-04-27 03:47:14,2025-04-27 03:51:59,"[]",3.1505E-8,5.695E-9,1213156,collisions2025/v10,/cdaq/special/2025/FirstCollisions/v1.0.0/HLT/V1,Run2025A,0
391150,10532,428,2025-04-27 03:56:06,2025-04-27 04:03:14,"[]",1.3397E-8,1.3157E-8,8851540,collisions2025/v10,/cdaq/special/2025/FirstCollisions/v1.0.0/HLT/V1,Run2025A,0
391152,10533,1749,2025-04-27 04:10:51,2025-04-27 04:40:00,"[]",0.0,0.0,194970225,cosmics2025/v27,/cdaq/cosmic/commissioning2025/v1.0.0/HLT/V1,Run2025A,4
391154,10533,1805,2025-04-27 04:47:21,2025-04-27 05:17:27,"[]",0.0,0.0,875312,circulating2025/v13,/cdaq/circulating/2025/v1.0.0/HLT/V1,Run2025A,11
391156,10533,7767,2025-04-27 05:22:05,2025-04-27 07:31:33,"[]",0.0,0.0,168155647,collisions2025/v10,/cdaq/special/2025/FirstCollisions/v1.0.0/HLT/V1,Run2025A,0
391157,10533,934,2025-04-27 07:34:16,2025-04-27 07:49:49,"[GEM]",0.0,0.0,19631111,collisions2025/v10,/cdaq/special/2025/FirstCollisions/v1.0.0/HLT/V1,Run2025A,0
391158,10533,47,2025-04-27 07:54:56,2025-04-27 07:55:43,"[]",0.0,0.0,256,collisions2025/v10,/cdaq/special/2025/FirstCollisions/v1.0.0/HLT/V1,Run2025A,1
391159,10533,1671,2025-04-27 07:59:12,2025-04-27 08:27:03,"[]",0.0,0.0,35954644,collisions2025/v10,/cdaq/special/2025/FirstCollisions/v1.0.0/HLT/V1,Run2025A,1
391160,10533,5834,2025-04-27 08:30:03,2025-04-27 10:07:17,"[CSC]",0.0,0.0,125687773,collisions2025/v10,/cdaq/special/2025/FirstCollisions/v1.0.0/HLT/V1,Run2025A,1
391162,10533,38740,2025-04-27 10:10:07,2025-04-27 20:55:47,"[]",0.0,0.0,840644916,collisions2025/v10,/cdaq/special/2025/FirstCollisions/v1.0.0/HLT/V1,Run2025A,1
391164,10534,2205,2025-04-27 21:03:43,2025-04-27 21:40:28,"[]",0.0,0.0,243493182,cosmics2025/v27,/cdaq/cosmic/commissioning2025/v1.0.0/HLT/V1,Run2025A,4
391166,10534,2104,2025-04-27 21:45:52,2025-04-27 22:20:56,"[]",3.34855976E-4,2.51829E-7,1032364,circulating2025/v13,/cdaq/circulating/2025/v1.0.0/HLT/V1,Run2025A,11
391168,10534,59,2025-04-27 22:27:14,2025-04-27 22:28:13,"[]",,,,collisions2025/v10,,Run2025A,
391175,10534,2437,2025-04-27 23:07:39,2025-04-27 23:48:16,"[]",5.05696213E-4,4.93395396E-4,77689759,collisions2025/v10,/cdaq/special/2025/FirstCollisions/v1.0.0/HLT/V1,Run2025A,0
391177,10535,84,2025-04-27 23:55:04,2025-04-27 23:56:28,"[]",0.0,0.0,111,cosmics2025/v27,/cdaq/cosmic/commissioning2025/v1.0.0/HLT/V1,Run2025A,4
391178,10535,58,2025-04-27 23:59:21,2025-04-28 00:00:19,"[]",0.0,0.0,111,cosmics2025/v27,/cdaq/cosmic/commissioning2025/v1.0.0/HLT/V1,Run2025A,4
391179,10535,74,2025-04-28 00:08:01,2025-04-28 00:09:15,"[]",0.0,0.0,112,cosmics2025/v27,/cdaq/cosmic/commissioning2025/v1.0.0/HLT/V1,Run2025A,4
391180,10535,719,2025-04-28 00:17:48,2025-04-28 00:29:47,"[]",0.0,0.0,78037878,cosmics2025/v27,/cdaq/cosmic/commissioning2025/v1.0.0/HLT/V1,Run2025A,4
391183,10535,659,2025-04-28 00:36:03,2025-04-28 00:47:02,"[]",4.7281E-8,2.4414E-8,304948,circulating2025/v13,/cdaq/circulating/2025/v1.0.0/HLT/V1,Run2025A,11
391185,10535,23184,2025-04-28 01:07:07,2025-04-28 07:33:31,"[]",1.24426E-6,1.222379E-6,560337308,collisions2025/v10,/cdaq/special/2025/FirstCollisions/v1.0.0/HLT/V1,Run2025A,0
391187,10535,1509,2025-04-28 07:38:38,2025-04-28 08:03:47,"[]",0.0,0.0,164537330,cosmics2025/v27,/cdaq/cosmic/commissioning2025/v1.0.0/HLT/V1,Run2025A,4
391188,10536,309,2025-04-28 08:06:49,2025-04-28 08:11:59,"[GEM]",0.0,0.0,21983171,cosmics2025/v27,/cdaq/cosmic/commissioning2025/v1.0.0/HLT/V1,Run2025A,4
391189,10536,593,2025-04-28 08:15:35,2025-04-28 08:25:28,"[CSC, GEM]",0.0,0.0,64190504,cosmics2025/v27,/cdaq/cosmic/commissioning2025/v1.0.0/HLT/V1,Run2025A,4
391190,10536,1513,2025-04-28 08:29:31,2025-04-28 08:54:44,"[CSC, GEM]",6.5013E-8,5.2278E-8,727811,circulating2025/v13,/cdaq/circulating/2025/v1.0.0/HLT/V1,Run2025A,11
391192,10536,2537,2025-04-28 08:59:01,2025-04-28 09:41:18,"[CSC]",5.4186E-8,4.0899E-8,1240323,circulating2025/v13,/cdaq/circulating/2025/v1.0.0/HLT/V1,Run2025A,11
391200,10536,808,2025-04-28 09:45:31,2025-04-28 09:58:59,"[CSC, CTPPS]",5.6026E-8,3.7143E-8,392860,circulating2025/v13,/cdaq/circulating/2025/v1.0.0/HLT/V1,Run2025A,11
391204,10536,360,2025-04-28 10:03:48,2025-04-28 10:09:48,"[CTPPS]",0.002481131587,1.5139E-8,5511342,collisions2025/v10,/cdaq/special/2025/FirstCollisions/v1.0.0/HLT/V1,Run2025A,0
391205,10536,62,2025-04-28 10:10:08,2025-04-28 10:11:10,"[CTPPS]",,,,collisions2025/v10,,Run2025A,
391211,10536,2342,2025-04-28 10:39:24,2025-04-28 11:18:26,"[CTPPS]",0.008910107375,0.008744178665,70675327,collisions2025/v10,/cdaq/special/2025/FirstCollisions/v1.0.0/HLT/V1,Run2025A,0
391212,10536,4583,2025-04-28 11:21:23,2025-04-28 12:37:46,"[CTPPS]",0.0,0.0,98125569,collisions2025/v10,/cdaq/special/2025/FirstCollisions/v1.0.0/HLT/V1,Run2025A,0
391213,10536,5606,2025-04-28 12:41:50,2025-04-28 14:15:16,"[CTPPS]",0.0,0.0,613152236,cosmics2025/v27,/cdaq/cosmic/commissioning2025/v1.0.0/HLT/V1,Run2025A,4
391214,10537,1049,2025-04-28 14:18:50,2025-04-28 14:36:19,"[CTPPS]",6.897E-9,0.0,102583007,cosmics2025/v27,/cdaq/cosmic/commissioning2025/v1.0.0/HLT/V1,Run2025A,4
391216,10537,3091,2025-04-28 14:42:18,2025-04-28 15:33:49,"[CTPPS, CTPPS_TOT]",1.36278E-7,1.21741E-7,10044741,circulating2025/v13,/cdaq/circulating/2025/v1.0.0/HLT/V1,Run2025A,11
391217,10537,2483,2025-04-28 15:59:02,2025-04-28 16:40:26,"[CTPPS, CTPPS_TOT]",0.004865415788,0.003421879367,79039565,collisions2025/v10,/cdaq/special/2025/FirstCollisions/v1.0.0/HLT/V1,Run2025A,0
391219,10537,7928,2025-04-28 16:48:42,2025-04-28 19:00:50,"[CTPPS, CTPPS_TOT]",0.008422496857,0.008265898091,189038639,collisions2025/v10,/cdaq/special/2025/FirstCollisions/v1.0.0/HLT/V1,Run2025A,0
391220,10539,1955,2025-04-28 19:08:07,2025-04-28 19:40:42,"[CTPPS, CTPPS_TOT]",0.0,0.0,214958268,cosmics2025/v27,/cdaq/cosmic/commissioning2025/v1.0.0/HLT/V1,Run2025A,4
391223,10539,72,2025-04-28 19:46:43,2025-04-28 19:47:55,"[CTPPS, CTPPS_TOT]",,,,circulating2025/v13,,Run2025A,
391224,10539,2698,2025-04-28 19:50:01,2025-04-28 20:34:59,"[CTPPS, CTPPS_TOT]",0.0,0.0,1321218,circulating2025/v13,/cdaq/circulating/2025/v1.0.0/HLT/V1,Run2025A,11
391226,10539,359,2025-04-28 20:44:05,2025-04-28 20:50:04,"[CTPPS, CTPPS_TOT]",0.0,0.0,7075414,collisions2025/v10,/cdaq/special/2025/FirstCollisions/v1.0.0/HLT/V1,Run2025A,0
391227,10539,4054,2025-04-29 05:55:44,2025-04-29 07:03:18,"[CTPPS, CTPPS_TOT, TRACKER]",0.0,0.0,1946623,cosmics2025/v27,/cdaq/cosmic/commissioning2025/v1.0.0/HLT/V1,Run2025A,4
391232,10539,538,2025-04-29 07:08:29,2025-04-29 07:17:26,"[CSC, CTPPS, CTPPS_TOT, TRACKER]",0.0,0.0,52371511,cosmics2025/v27,/cdaq/cosmic/commissioning2025/v1.0.0/HLT/V1,Run2025A,4
391233,10539,131,2025-04-29 07:18:52,2025-04-29 07:21:03,"[CSC, CTPPS, CTPPS_TOT, GEM, TRACKER]",0.0,0.0,0,cosmics2025/v27,/cdaq/cosmic/commissioning2025/v1.0.0/HLT/V1,Run2025A,4
391234,10539,1017,2025-04-29 07:25:21,2025-04-29 07:42:18,"[CSC, CTPPS, CTPPS_TOT, GEM, TRACKER]",0.0,0.0,26739201,cosmics2025/v27,/cdaq/cosmic/commissioning2025/v1.0.0/HLT/V1,Run2025A,4
391235,10539,1093,2025-04-29 07:44:21,2025-04-29 08:02:34,"[CSC, CTPPS, CTPPS_TOT, GEM, PIXEL, TRACKER]",0.0,0.0,22467338,cosmics2025/v27,/cdaq/cosmic/commissioning2025/v1.0.0/HLT/V1,Run2025A,4
391238,10539,1950,2025-04-29 08:10:49,2025-04-29 08:43:19,"[CSC, CTPPS, DT, GEM, PIXEL, TRACKER]",0.0,0.0,220392724,cosmics2025/v27,/cdaq/cosmic/commissioning2025/v1.0.0/HLT/V1,Run2025A,4
391246,10539,495,2025-04-29 09:18:13,2025-04-29 09:26:28,"[CSC, CTPPS, DT, GEM, PIXEL, TRACKER]",0.0,0.0,5817885,pps/v8,/cdaq/special/2025/PPS/v1.0.0/HLT/V1,Run2025A,0
391251,10539,894,2025-04-29 09:40:21,2025-04-29 09:55:15,"[CSC, CTPPS, CTPPS_TOT, DT, ECAL, GEM, HCAL, PIXEL, TRACKER]",0.0,0.0,438543,cosmics2025/v27,/cdaq/cosmic/commissioning2025/v1.0.0/HLT/V1,Run2025A,4
391258,10539,430,2025-04-29 09:59:08,2025-04-29 10:06:18,"[CSC, CTPPS, DT, ECAL, GEM, HCAL, PIXEL, TRACKER]",0.0,0.0,31436810,cosmics2025/v27,/cdaq/cosmic/commissioning2025/v1.0.0/HLT/V1,Run2025A,4
391260,10539,3175,2025-04-29 10:09:30,2025-04-29 11:02:25,"[CSC, CTPPS, ECAL, GEM, HCAL, PIXEL, TRACKER]",0.0,0.0,353233524,cosmics2025/v27,/cdaq/cosmic/commissioning2025/v1.0.0/HLT/V1,Run2025A,4
391268,10539,91,2025-04-29 11:05:30,2025-04-29 11:07:02,"[CSC, CTPPS, ECAL, GEM, HCAL, PIXEL, TRACKER]",0.0,0.0,7672787,cosmics2025/v27,/cdaq/cosmic/commissioning2025/v1.0.0/HLT/V1,Run2025A,4
391272,10539,310,2025-04-29 11:10:53,2025-04-29 11:16:03,"[CSC, CTPPS, ECAL, GEM, HCAL, PIXEL]",0.0,0.0,22959320,cosmics2025/v27,/cdaq/cosmic/commissioning2025/v1.0.0/HLT/V1,Run2025A,4
391274,10539,8514,2025-04-29 11:19:36,2025-04-29 13:41:30,"[CSC, CTPPS, GEM, HCAL, PIXEL]",9.247E-9,0.0,957289417,cosmics2025/v27,/cdaq/cosmic/commissioning2025/v1.0.0/HLT/V1,Run2025A,4
391294,10540,337,2025-04-29 13:46:51,2025-04-29 13:52:28,"[CSC, CTPPS, GEM, HCAL, PIXEL]",3.3142E-8,1.4002E-8,161611,circulating2025/v13,/cdaq/circulating/2025/v1.0.0/HLT/V1,Run2025A,11
391298,10540,562,2025-04-29 13:57:38,2025-04-29 14:07:00,"[CTPPS, GEM, HCAL, PIXEL]",4.0567E-8,3.1507E-8,265600,circulating2025/v13,/cdaq/circulating/2025/v1.0.0/HLT/V1,Run2025A,11
391299,10540,831,2025-04-29 14:11:22,2025-04-29 14:25:13,"[CTPPS, GEM, PIXEL]",4.0565E-8,2.9135E-8,404265,circulating2025/v13,/cdaq/circulating/2025/v1.0.0/HLT/V1,Run2025A,11
391301,10540,1903,2025-04-29 14:29:18,2025-04-29 15:01:01,"[CTPPS, GEM]",8.8934E-8,7.1705E-8,926782,circulating2025/v13,/cdaq/circulating/2025/v1.0.0/HLT/V1,Run2025A,11
391302,10540,40301,2025-04-29 15:10:30,2025-04-30 02:22:11,"[CTPPS]",0.095080057035,0.09319182697,1320306132,collisions2025/v10,/cdaq/special/2025/FirstCollisions/v1.0.0/HLT/V1,Run2025A,0
391309,10545,368,2025-04-30 04:45:54,2025-04-30 04:52:02,"[CTPPS]",0.0,0.0,602432,circulating2025/v13,/cdaq/circulating/2025/v1.0.0/HLT/V1,Run2025A,11
391311,10545,1144,2025-04-30 04:57:29,2025-04-30 05:16:33,"[CTPPS]",2.024E-9,0.0,120448007,cosmics2025/v27,/cdaq/cosmic/commissioning2025/v1.0.0/HLT/V1,Run2025A,4
391312,10546,6344,2025-04-30 05:20:19,2025-04-30 07:06:03,"[CTPPS]",1.55739E-7,1.53701E-7,3068050,circulating2025/v13,/cdaq/circulating/2025/v1.0.0/HLT/V1,Run2025A,11
391324,10547,1554,2025-04-30 10:10:20,2025-04-30 10:36:14,"[CSC, CTPPS, GEM, PIXEL]",0.0,0.0,761845,circulating2025/v13,/cdaq/circulating/2025/v1.0.0/HLT/V1,Run2025A,11
391333,10547,1525,2025-04-30 10:40:24,2025-04-30 11:05:49,"[CSC, CTPPS, CTPPS_TOT, GEM, PIXEL]",0.0,0.0,750470,circulating2025/v13,/cdaq/circulating/2025/v1.0.0/HLT/V1,Run2025A,11
391343,10547,503,2025-04-30 11:10:25,2025-04-30 11:18:48,"[CSC, CTPPS, GEM, PIXEL]",0.0,0.0,13408281,circulating2025/v13,/cdaq/circulating/2025/v1.0.0/HLT/V1,Run2025A,11
391348,10547,1282,2025-04-30 11:22:35,2025-04-30 11:43:57,"[CSC, CTPPS, CTPPS_TOT, GEM, PIXEL]",0.0,0.0,635137,circulating2025/v13,/cdaq/circulating/2025/v1.0.0/HLT/V1,Run2025A,11
391349,10547,1115,2025-04-30 11:46:55,2025-04-30 12:05:30,"[CSC, CTPPS, CTPPS_TOT, GEM, PIXEL]",0.0,0.0,107086250,cosmics2025/v27,/cdaq/cosmic/commissioning2025/v1.0.0/HLT/V1,Run2025A,4
391350,10547,2759,2025-04-30 12:08:22,2025-04-30 12:54:21,"[CSC, CTPPS, CTPPS_TOT, GEM, PIXEL]",0.0,0.0,1361855,circulating2025/v13,/cdaq/circulating/2025/v1.0.0/HLT/V1,Run2025A,11
391351,10547,2825,2025-04-30 12:57:42,2025-04-30 13:44:46,"[CSC, CTPPS, CTPPS_TOT, DT, GEM, PIXEL]",0.0,0.0,1394657,circulating2025/v13,/cdaq/circulating/2025/v1.0.0/HLT/V1,Run2025A,11
391363,10547,713,2025-04-30 13:57:31,2025-04-30 14:09:24,"[CSC, CTPPS, CTPPS_TOT, GEM, PIXEL]",0.0,0.0,71488908,cosmics2025/v27,/cdaq/cosmic/commissioning2025/v1.0.0/HLT/V1,Run2025A,4
391366,10547,601,2025-04-30 14:12:33,2025-04-30 14:22:34,"[CSC, CTPPS, CTPPS_TOT, GEM, PIXEL]",0.0,0.0,66458296,cosmics2025/v27,/cdaq/cosmic/commissioning2025/v1.0.0/HLT/V1,Run2025A,4
391370,10547,389,2025-04-30 14:28:06,2025-04-30 14:34:35,"[CSC, CTPPS, CTPPS_TOT]",0.0,0.0,38064457,cosmics2025/v27,/cdaq/cosmic/commissioning2025/v1.0.0/HLT/V1,Run2025A,4
391373,10547,458,2025-04-30 14:40:39,2025-04-30 14:48:17,"[CSC, CTPPS, CTPPS_TOT]",0.0,0.0,4153786,pps/v9,/cdaq/special/2025/PPS/v1.0.0/HLT/V2,Run2025A,0
391375,10547,490,2025-04-30 14:52:32,2025-04-30 15:00:42,"[CSC, CTPPS, CTPPS_TOT]",0.0,0.0,52731286,cosmics2025/v27,/cdaq/cosmic/commissioning2025/v1.0.0/HLT/V1,Run2025A,4
391378,10547,1535,2025-04-30 15:02:55,2025-04-30 15:28:30,"[CSC, CTPPS, CTPPS_TOT]",0.0,0.0,166091081,cosmics2025/v27,/cdaq/cosmic/commissioning2025/v1.0.0/HLT/V1,Run2025A,4
391383,10547,1769,2025-04-30 15:31:35,2025-04-30 16:01:04,"[CSC, CTPPS, CTPPS_TOT]",0.0,0.0,197852074,cosmics2025/v27,/cdaq/cosmic/commissioning2025/v1.0.0/HLT/V1,Run2025A,4
391384,10547,1291,2025-04-30 16:05:09,2025-04-30 16:26:41,"[CTPPS, CTPPS_TOT]",0.0,0.0,142702723,cosmics2025/v27,/cdaq/cosmic/commissioning2025/v1.0.0/HLT/V1,Run2025A,4
391385,10547,1321,2025-04-30 16:29:46,2025-04-30 16:51:47,"[CTPPS, CTPPS_TOT, ECAL]",0.0,0.0,148245641,cosmics2025/v27,/cdaq/cosmic/commissioning2025/v1.0.0/HLT/V1,Run2025A,4
391386,10548,1313,2025-04-30 16:55:08,2025-04-30 17:17:01,"[CTPPS, CTPPS_TOT, ECAL, HCAL]",0.0,0.0,145170889,cosmics2025/v27,/cdaq/cosmic/commissioning2025/v1.0.0/HLT/V1,Run2025A,4
391391,10548,2366,2025-04-30 17:23:01,2025-04-30 18:02:27,"[CTPPS, CTPPS_TOT, ECAL]",8.3254E-8,7.2721E-8,1166032,circulating2025/v13,/cdaq/circulating/2025/v1.0.0/HLT/V1,Run2025A,11
391392,10548,3743,2025-04-30 18:05:48,2025-04-30 19:08:11,"[CTPPS, CTPPS_TOT, ECAL]",1.35071E-7,1.35071E-7,1816752,circulating2025/v13,/cdaq/circulating/2025/v1.0.0/HLT/V1,Run2025A,11
391393,10549,1323,2025-04-30 19:12:30,2025-04-30 19:34:33,"[CTPPS, CTPPS_TOT, ECAL]",9.691E-9,0.0,143331489,cosmics2025/v27,/cdaq/cosmic/commissioning2025/v1.0.0/HLT/V1,Run2025A,4
391394,10549,1620,2025-04-30 19:38:04,2025-04-30 20:05:04,"[CTPPS, CTPPS_TOT, ECAL]",3.3458E-8,2.9336E-8,790410,circulating2025/v13,/cdaq/circulating/2025/v1.0.0/HLT/V1,Run2025A,11
391395,10550,2103,2025-04-30 20:08:44,2025-04-30 20:43:47,"[CTPPS, CTPPS_TOT, ECAL]",8.7076E-8,8.6935E-8,1025285,circulating2025/v13,/cdaq/circulating/2025/v1.0.0/HLT/V1,Run2025A,11
391396,10551,67,2025-04-30 20:49:35,2025-04-30 20:50:42,"[CTPPS, CTPPS_TOT, ECAL]",1.0941E-8,1.433E-9,21984,circulating2025/v13,/cdaq/circulating/2025/v1.0.0/HLT/V1,Run2025A,11
391397,10552,608,2025-04-30 20:54:55,2025-04-30 21:05:03,"[CTPPS, CTPPS_TOT]",0.0,0.0,288547,circulating2025/v13,/cdaq/circulating/2025/v1.0.0/HLT/V1,Run2025A,11
391398,10552,82,2025-04-30 21:08:49,2025-04-30 21:10:11,"[CTPPS, CTPPS_TOT]",0.0,0.0,7904715,cosmics2025/v27,/cdaq/cosmic/commissioning2025/v1.0.0/HLT/V1,Run2025A,4
391399,10552,158,2025-04-30 21:26:52,2025-04-30 21:29:30,"[CTPPS, CTPPS_TOT]",0.0,0.0,15981773,cosmics2025/v27,/cdaq/cosmic/commissioning2025/v1.0.0/HLT/V1,Run2025A,4
391400,10552,2843,2025-04-30 21:31:06,2025-04-30 22:18:29,"[CTPPS, CTPPS_TOT]",8.324E-9,0.0,321946705,cosmics2025/v27,/cdaq/cosmic/commissioning2025/v1.0.0/HLT/V1,Run2025A,4
391403,10552,4497,2025-04-30 22:51:22,2025-05-01 00:06:19,"[CTPPS, CTPPS_TOT, RPC]",1.83379E-7,1.63378E-7,2190769,circulating2025/v13,/cdaq/circulating/2025/v1.0.0/HLT/V1,Run2025A,11
391405,10553,2506,2025-05-01 00:12:30,2025-05-01 00:54:16,"[CTPPS, CTPPS_TOT, RPC]",2.31675E-7,2.20611E-7,75147004,collisions2025/v10,/cdaq/special/2025/FirstCollisions/v1.0.0/HLT/V1,Run2025A,1
391406,10553,172,2025-05-01 00:57:40,2025-05-01 01:00:32,"[CTPPS, CTPPS_TOT, RPC]",0.0,0.0,5106,cosmics2025/v27,/cdaq/cosmic/commissioning2025/v1.0.0/HLT/V1,Run2025A,4
391407,10553,1881,2025-05-01 01:03:55,2025-05-01 01:35:16,"[CTPPS, CTPPS_TOT, RPC]",0.0,0.0,211363234,cosmics2025/v27,/cdaq/cosmic/commissioning2025/v1.0.0/HLT/V1,Run2025A,4
391408,10554,5295,2025-05-01 01:38:30,2025-05-01 03:06:46,"[CTPPS, CTPPS_TOT, RPC]",0.0,0.0,2619708,circulating2025/v13,/cdaq/circulating/2025/v1.0.0/HLT/V1,Run2025A,11
391410,10558,7553,2025-05-01 03:11:42,2025-05-01 05:17:35,"[CTPPS, CTPPS_TOT]",0.0,0.0,3728056,circulating2025/v13,/cdaq/circulating/2025/v1.0.0/HLT/V1,Run2025A,11
391411,10562,5736,2025-05-01 05:21:08,2025-05-01 06:56:44,"[CTPPS, CTPPS_TOT]",0.0,0.0,654319762,cosmics2025/v27,/cdaq/cosmic/commissioning2025/v1.0.0/HLT/V1,Run2025A,4
391413,10564,211,2025-05-01 07:00:59,2025-05-01 07:04:30,"[CTPPS, CTPPS_TOT]",0.0,0.0,23648708,cosmics2025/v27,/cdaq/cosmic/commissioning2025/v1.0.0/HLT/V1,Run2025A,4
391414,10564,5194,2025-05-01 07:10:09,2025-05-01 08:36:44,"[CTPPS]",0.0,0.0,585455189,cosmics2025/v27,/cdaq/cosmic/commissioning2025/v1.0.0/HLT/V1,Run2025A,4
391415,10564,70,2025-05-01 08:40:06,2025-05-01 08:41:16,"[CTPPS, ECAL]",0.0,0.0,34631,cosmics2025/v27,/cdaq/cosmic/commissioning2025/v1.0.0/HLT/V1,Run2025A,4
391436,10564,1784,2025-05-01 11:42:30,2025-05-01 12:12:13,"[CTPPS]",0.0,0.0,180002348,cosmics2025/v27,/cdaq/cosmic/commissioning2025/v1.0.0/HLT/V1,Run2025A,4
391437,10564,5789,2025-05-01 12:14:39,2025-05-01 13:51:08,"[CTPPS]",0.0,0.0,654521484,cosmics2025/v27,/cdaq/cosmic/commissioning2025/v1.0.0/HLT/V1,Run2025A,4
391438,10564,12156,2025-05-01 13:54:52,2025-05-01 17:17:28,"[CTPPS]",0.0,0.0,1369718956,cosmics2025/v27,/cdaq/cosmic/commissioning2025/v1.0.0/HLT/V1,Run2025A,4
391439,10564,3778,2025-05-01 17:21:29,2025-05-01 18:24:27,"[CTPPS]",0.0,0.0,425595976,cosmics2025/v27,/cdaq/cosmic/commissioning2025/v1.0.0/HLT/V1,Run2025A,4
391440,10564,19,2025-05-01 18:25:17,2025-05-01 18:25:36,"[CTPPS]",,,,cosmics2025/v27,,Run2025A,
391441,10564,39,2025-05-01 18:29:55,2025-05-01 18:30:34,"[CTPPS]",0.0,0.0,2527374,cosmics2025/v27,/cdaq/cosmic/commissioning2025/v1.0.0/HLT/V1,Run2025A,4
391442,10564,1175,2025-05-01 18:33:41,2025-05-01 18:53:16,"[CTPPS]",0.0,0.0,95161313,cosmics2025/v27,/cdaq/cosmic/commissioning2025/v1.0.0/HLT/V1,Run2025A,4
391444,10564,2444,2025-05-01 18:57:25,2025-05-01 19:38:09,"[CTPPS]",0.0,0.0,266080929,cosmics2025/v27,/cdaq/cosmic/commissioning2025/v1.0.0/HLT/V1,Run2025A,4
391445,10565,486,2025-05-01 19:42:38,2025-05-01 19:50:44,"[CTPPS]",0.0,0.0,53043842,cosmics2025/v27,/cdaq/cosmic/commissioning2025/v1.0.0/HLT/V1,Run2025A,4
391446,10565,392,2025-05-01 20:09:01,2025-05-01 20:15:33,"[CTPPS]",2.0526E-8,0.0,38986771,cosmics2025/v27,/cdaq/cosmic/commissioning2025/v1.0.0/HLT/V1,Run2025A,4
391448,10565,1256,2025-05-01 20:23:17,2025-05-01 20:44:13,"[CTPPS]",1.10364E-7,6.4049E-8,622590,circulating2025/v13,/cdaq/circulating/2025/v1.0.0/HLT/V1,Run2025A,11
391449,10566,1189,2025-05-01 21:01:24,2025-05-01 21:21:12,"[CTPPS]",6.4347E-8,5.0884E-8,572731,circulating2025/v13,/cdaq/circulating/2025/v1.0.0/HLT/V1,Run2025A,11
391450,10566,4411,2025-05-01 21:27:16,2025-05-01 22:40:47,"[CTPPS]",0.020376758041,0.017029575109,73394591,collisions2025/v10,/cdaq/special/2025/FirstCollisions/v1.0.0/HLT/V1,Run2025A,0
391451,10566,5037,2025-05-01 22:42:18,2025-05-02 00:06:16,"[CTPPS]",0.036732247985,0.036250103464,164383278,collisions2025/v10,/cdaq/special/2025/FirstCollisions/v1.0.0/HLT/V1,Run2025A,1
391452,10567,1449,2025-05-02 00:19:15,2025-05-02 00:43:24,"[CTPPS]",3.573E-9,0.0,161809167,cosmics2025/v27,/cdaq/cosmic/commissioning2025/v1.0.0/HLT/V1,Run2025A,4
391454,10567,1389,2025-05-02 00:52:36,2025-05-02 01:15:45,"[CTPPS]",2.78281E-7,2.64794E-7,629108,circulating2025/v13,/cdaq/circulating/2025/v1.0.0/HLT/V1,Run2025A,11
391455,10567,2739,2025-05-02 01:21:46,2025-05-02 02:07:25,"[CTPPS]",5.64114783E-4,5.5675103E-4,83907443,collisions2025/v10,/cdaq/special/2025/FirstCollisions/v1.0.0/HLT/V1,Run2025A,0
391456,10568,289,2025-05-02 02:13:41,2025-05-02 02:18:30,"[CTPPS]",0.0,0.0,25662377,cosmics2025/v27,/cdaq/cosmic/commissioning2025/v1.0.0/HLT/V1,Run2025A,4
391457,10568,778,2025-05-02 02:29:50,2025-05-02 02:42:48,"[CTPPS]",0.0,0.0,86191408,cosmics2025/v28,/cdaq/cosmic/commissioning2025/v1.0.0/HLT/V1,Run2025A,4
391459,10568,1173,2025-05-02 03:03:30,2025-05-02 03:23:03,"[CTPPS]",0.0,0.0,580422,circulating2025/v14,/cdaq/circulating/2025/v1.0.0/HLT/V1,Run2025A,11
391461,10568,1740,2025-05-02 03:31:13,2025-05-02 04:00:13,"[CTPPS]",0.0,0.0,845933,circulating2025/v14,/cdaq/circulating/2025/v1.0.0/HLT/V1,Run2025A,11
391462,10568,2270,2025-05-02 04:06:24,2025-05-02 04:44:14,"[CTPPS]",0.0,0.0,1113741,collisions2025/v11,/cdaq/special/2025/FirstCollisions/v1.0.0/HLT/V1,Run2025A,0
391464,10569,2547,2025-05-02 04:54:43,2025-05-02 05:37:10,"[CTPPS]",0.0,0.0,258804313,cosmics2025/v28,/cdaq/cosmic/commissioning2025/v1.0.0/HLT/V1,Run2025A,4
391465,10569,3938,2025-05-02 05:41:05,2025-05-02 06:46:42,"[CTPPS]",1.90832E-7,1.65467E-7,1957249,circulating2025/v14,/cdaq/circulating/2025/v1.0.0/HLT/V1,Run2025A,11
391466,10569,829,2025-05-02 06:52:28,2025-05-02 07:06:17,"[CSC, CTPPS]",4.27910709E-4,4.1056E-8,20250840,pps/v9,/cdaq/special/2025/PPS/v1.0.0/HLT/V2,Run2025A,0
391467,10569,4034,2025-05-02 07:11:05,2025-05-02 08:18:19,"[CSC]",0.016955267913,0.015847548671,79418021,pps/v9,/cdaq/special/2025/PPS/v1.0.0/HLT/V2,Run2025A,0
391471,10569,2168,2025-05-02 08:22:38,2025-05-02 08:58:46,"[CSC, GEM, HCAL]",0.00541618779,0.005368622047,43190526,pps/v10,/cdaq/special/2025/PPS/v1.0.0/HLT/V2,Run2025A,0
391476,10569,88,2025-05-02 08:59:45,2025-05-02 09:01:13,"[CSC, GEM, HCAL]",,,,pps/v10,/cdaq/special/2025/PPS/v1.0.0/HLT/V2,Run2025A,
391477,10569,1874,2025-05-02 09:04:06,2025-05-02 09:35:20,"[CSC, GEM, HCAL]",0.003105201234,0.002484404597,36861431,pps/v10,/cdaq/special/2025/PPS/v1.0.0/HLT/V2,Run2025A,3
391479,10569,110,2025-05-02 09:38:44,2025-05-02 09:40:34,"[CSC, HCAL]",0.00150118467,1.142912E-5,19974,pps/v10,/cdaq/special/2025/PPS/v1.0.0/HLT/V2,Run2025A,0
391480,10569,1826,2025-05-02 09:47:29,2025-05-02 10:17:55,"[CSC, HCAL]",0.006012693307,0.005139795181,35938456,pps/v10,/cdaq/special/2025/PPS/v1.0.0/HLT/V2,Run2025A,3
391481,10569,789,2025-05-02 10:22:46,2025-05-02 10:35:55,"[HCAL]",0.002513213895,0.002152180475,15443188,pps/v10,/cdaq/special/2025/PPS/v1.0.0/HLT/V2,Run2025A,0
391483,10569,1080,2025-05-02 10:37:50,2025-05-02 10:55:50,"[HCAL]",0.003269062635,0.00288755667,20990639,pps/v10,/cdaq/special/2025/PPS/v1.0.0/HLT/V2,Run2025A,3
391485,10569,236,2025-05-02 10:57:48,2025-05-02 11:01:44,"[HCAL]",0.001136528589,5.520191E-4,4041444,pps/v10,/cdaq/special/2025/PPS/v1.0.0/HLT/V2,Run2025A,3
391488,10569,3528,2025-05-02 11:04:46,2025-05-02 12:03:34,"[HCAL]",0.009332580221,0.008263951416,138130773,pps/v10,/cdaq/special/2025/PPS/v1.0.0/HLT/V2,Run2025A,3
391493,10569,1995,2025-05-02 12:06:33,2025-05-02 12:39:48,"[HCAL]",0.006293454095,0.005410279344,81919118,pps/v10,/cdaq/special/2025/PPS/v1.0.0/HLT/V2,Run2025A,2
391496,10569,2532,2025-05-02 12:43:50,2025-05-02 13:26:02,"[]",0.009090509005,0.007573256766,105260822,pps/v10,/cdaq/special/2025/PPS/v1.0.0/HLT/V2,Run2025A,0
391497,10569,24,2025-05-02 13:34:10,2025-05-02 13:34:34,"[CTPPS, PIXEL]",7.45540803E-4,6.244344E-6,,pps/v10,/cdaq/special/2025/PPS/v1.0.0/HLT/V2,Run2025A,
391499,10569,974,2025-05-02 13:37:51,2025-05-02 13:54:05,"[CTPPS, PIXEL]",0.005382032142,0.004419018318,39557419,pps/v10,/cdaq/special/2025/PPS/v1.0.0/HLT/V2,Run2025A,2
391500,10569,876,2025-05-02 13:56:29,2025-05-02 14:11:05,"[PIXEL]",0.008956689854,0.006055719279,15811219,pps/v10,/cdaq/special/2025/PPS/v1.0.0/HLT/V2,Run2025A,3
391501,10569,687,2025-05-02 14:16:14,2025-05-02 14:27:41,"[PIXEL]",0.006216892502,0.00459020397,11770145,pps/v11,/cdaq/special/2025/PPS/v1.0.0/HLT/V2,Run2025A,0
391502,10569,524,2025-05-02 14:29:46,2025-05-02 14:38:30,"[PIXEL]",0.005025317837,0.003663113203,9169729,pps/v11,/cdaq/special/2025/PPS/v1.0.0/HLT/V2,Run2025A,3
391503,10569,115,2025-05-02 14:40:37,2025-05-02 14:42:32,"[PIXEL]",0.009242956578,4.65904762E-4,840379,pps/v11,/cdaq/special/2025/PPS/v1.0.0/HLT/V2,Run2025A,3
391504,10569,240,2025-05-02 15:01:27,2025-05-02 15:05:27,"[CTPPS]",0.004089375901,2.9913574E-5,255,pps/v12,/cdaq/special/2025/PPS/v1.0.0/HLT/V2,Run2025A,0
391505,10569,351,2025-05-02 15:10:36,2025-05-02 15:16:27,"[CTPPS]",0.004087046543,0.002397829018,8784007,pps/v12,/cdaq/special/2025/PPS/v1.0.0/HLT/V2,Run2025A,0
391506,10569,1022,2025-05-02 15:19:59,2025-05-02 15:37:01,"[CTPPS]",0.008229809343,0.007178281422,20161281,pps/v12,/cdaq/special/2025/PPS/v1.0.0/HLT/V2,Run2025A,0
391507,10569,883,2025-05-02 15:39:29,2025-05-02 15:54:13,"[]",0.007000270436,0.00611958875,17357349,pps/v12,/cdaq/special/2025/PPS/v1.0.0/HLT/V2,Run2025A,3
391508,10569,370,2025-05-02 15:56:10,2025-05-02 16:02:20,"[]",0.003366274013,0.002314078015,6382358,pps/v12,/cdaq/special/2025/PPS/v1.0.0/HLT/V2,Run2025A,3
391509,10569,660,2025-05-02 16:04:17,2025-05-02 16:15:17,"[]",0.005350179878,0.004500863019,12904953,pps/v12,/cdaq/special/2025/PPS/v1.0.0/HLT/V2,Run2025A,3
391510,10569,668,2025-05-02 16:17:17,2025-05-02 16:28:26,"[]",0.005317858523,0.004482934225,12904383,pps/v12,/cdaq/special/2025/PPS/v1.0.0/HLT/V2,Run2025A,3
391511,10569,625,2025-05-02 16:30:21,2025-05-02 16:40:46,"[]",0.005003711438,0.004141011232,11982934,pps/v12,/cdaq/special/2025/PPS/v1.0.0/HLT/V2,Run2025A,3
391512,10569,357,2025-05-02 16:42:51,2025-05-02 16:48:48,"[]",0.003176097821,0.002269720506,6777853,pps/v12,/cdaq/special/2025/PPS/v1.0.0/HLT/V2,Run2025A,3
391513,10569,1593,2025-05-02 16:50:45,2025-05-02 17:17:18,"[]",0.011443027453,0.010638863044,30971075,pps/v12,/cdaq/special/2025/PPS/v1.0.0/HLT/V2,Run2025A,3
391514,10569,325,2025-05-02 17:18:39,2025-05-02 17:24:04,"[]",0.00297527936,0.002176297645,12197345,pps/v12,/cdaq/special/2025/PPS/v1.0.0/HLT/V2,Run2025A,3
391515,10569,7354,2025-05-02 17:26:00,2025-05-02 19:28:34,"[]",0.060516384277,0.045625561796,308061750,pps/v12,/cdaq/special/2025/PPS/v1.0.0/HLT/V2,Run2025A,2
391516,10569,3511,2025-05-02 20:07:45,2025-05-02 21:06:16,"[]",0.036642085696,0.0206264516,145970001,pps/v12,/cdaq/special/2025/PPS/v1.0.0/HLT/V2,Run2025A,2
391517,10569,7093,2025-05-02 21:50:04,2025-05-02 23:48:17,"[]",0.042904214962,0.03885736749,296592230,pps/v12,/cdaq/special/2025/PPS/v1.0.0/HLT/V2,Run2025A,2
391518,10569,3112,2025-05-02 23:59:32,2025-05-03 00:51:24,"[]",0.016197669483,0.015144881802,122112183,collisions2025/v13,/cdaq/special/2025/FirstCollisions/v1.0.0/HLT/V1,Run2025A,0
391519,10569,397,2025-05-03 00:53:21,2025-05-03 00:59:59,"[]",0.001486510804,0.001468425365,14702033,collisions2025/v13,/cdaq/special/2025/FirstCollisions/v1.0.0/HLT/V1,Run2025A,1
391520,10570,106,2025-05-03 01:04:01,2025-05-03 01:05:47,"[]",,,,cosmics2025/v29,/cdaq/cosmic/commissioning2025/v1.0.0/HLT/V1,Run2025A,
391521,10570,1388,2025-05-03 01:08:25,2025-05-03 01:31:33,"[]",0.0,0.0,152886448,cosmics2025/v29,/cdaq/cosmic/commissioning2025/v1.0.0/HLT/V1,Run2025A,4
391523,10570,1401,2025-05-03 01:44:28,2025-05-03 02:07:49,"[]",0.0,0.0,674999,circulating2025/v16,/cdaq/circulating/2025/v1.0.0/HLT/V1,Run2025A,11
391524,10570,1707,2025-05-03 02:14:03,2025-05-03 02:42:30,"[]",0.006296735025,0.004616164866,47446540,collisions2025/v13,/cdaq/special/2025/FirstCollisions/v1.0.0/HLT/V1,Run2025A,0
391525,10570,348,2025-05-03 02:45:45,2025-05-03 02:51:33,"[]",0.002163186473,0.002135247202,7452726,collisions2025/v14,/cdaq/special/2025/FirstCollisions/v1.0.0/HLT/V1,Run2025A,0
391526,10571,5798,2025-05-03 02:59:06,2025-05-03 04:35:44,"[]",0.0,0.0,653599338,cosmics2025/v30,/cdaq/cosmic/commissioning2025/v1.0.0/HLT/V1,Run2025A,4
391528,10571,12798,2025-05-03 04:43:52,2025-05-03 08:17:10,"[]",0.0,0.0,6391055,circulating2025/v17,/cdaq/circulating/2025/v1.0.0/HLT/V1,Run2025A,11
391529,10571,904,2025-05-03 08:21:30,2025-05-03 08:36:34,"[HCAL]",9.88059E-7,9.3356E-7,442247,circulating2025/v17,/cdaq/circulating/2025/v1.0.0/HLT/V1,Run2025A,11
391531,10571,531,2025-05-03 08:41:13,2025-05-03 08:50:04,"[CSC, HCAL]",0.001970854883,4.86233E-7,256007,circulating2025/v17,/cdaq/circulating/2025/v1.0.0/HLT/V1,Run2025B,11
391539,10573,383,2025-05-03 12:07:49,2025-05-03 12:14:12,"[CTPPS, CTPPS_TOT]",9.772713E-6,7.8547E-6,7362653,circulating2025/v18,/cdaq/circulating/2025/v1.0.0/HLT/V1,Run2025B,11
391541,10573,314,2025-05-03 12:15:34,2025-05-03 12:20:48,"[CTPPS, CTPPS_TOT]",1.4904835E-5,6.947641E-6,5991776,circulating2025/v18,/cdaq/circulating/2025/v1.0.0/HLT/V1,Run2025B,11
391543,10573,585,2025-05-03 12:26:49,2025-05-03 12:36:34,"[CTPPS, CTPPS_TOT]",6.9008193E-5,1.3131595E-5,11460140,cosmics2025/v31,/cdaq/cosmic/commissioning2025/v1.0.0/HLT/V1,Run2025B,4
391545,10573,1411,2025-05-03 13:10:56,2025-05-03 13:34:27,"[CTPPS, CTPPS_TOT]",4.6139617E-5,4.236292E-5,34391812,collisions2025/v16,/cdaq/physics/Run2025/2e34/v1.0.1/HLT/V2,Run2025B,9
391546,10573,743,2025-05-03 13:35:52,2025-05-03 13:48:15,"[CTPPS, CTPPS_TOT]",3.9020865E-5,2.3697926E-5,7370702,collisions2025/v16,/cdaq/physics/Run2025/2e34/v1.0.1/HLT/V2,Run2025B,11
391547,10573,29,2025-05-03 13:53:09,2025-05-03 13:53:38,"[CTPPS, CTPPS_TOT]",,,,testingl1t/v149,,Run2025B,
391548,10573,2891,2025-05-03 13:55:49,2025-05-03 14:43:59,"[CTPPS, CTPPS_TOT]",0.002959089678,0.001965657823,57351508,testingl1t/v149,/cdaq/physics/Run2025/2e34/v1.0.1/HLT/V2,Run2025B,2
391549,10573,1036,2025-05-03 14:51:32,2025-05-03 15:08:48,"[CTPPS]",0.003348600716,0.002321675818,31058624,collisions2025/v17,/cdaq/physics/Run2025/2e34/v1.0.1/HLT/V2,Run2025B,9
391550,10573,2971,2025-05-03 15:15:16,2025-05-03 16:04:47,"[CTPPS]",3.36852044E-4,3.14657418E-4,91541778,collisions2025/v18,/cdaq/physics/Run2025/2e34/v1.0.1/HLT/V2,Run2025B,9
391551,10573,7538,2025-05-03 16:07:25,2025-05-03 18:13:03,"[]",7.95408897E-4,7.84407078E-4,230603941,collisions2025/v18,/cdaq/physics/Run2025/2e34/v1.0.1/HLT/V2,Run2025B,9
391553,10573,3077,2025-05-03 18:17:33,2025-05-03 19:08:50,"[]",1.0411E-8,0.0,345554098,cosmics2025/v33,/cdaq/cosmic/commissioning2025/v1.0.0/HLT/V1,Run2025B,4
391556,10574,1450,2025-05-03 19:16:20,2025-05-03 19:40:30,"[]",7.7482E-8,7.6435E-8,708542,circulating2025/v20,/cdaq/circulating/2025/v1.0.0/HLT/V1,Run2025B,11
391560,10574,3930,2025-05-03 20:01:44,2025-05-03 21:07:14,"[]",0.007456979096,0.006921640387,119561026,collisions2025/v18,/cdaq/physics/Run2025/2e34/v1.0.1/HLT/V2,Run2025B,9
391561,10574,371,2025-05-03 21:09:00,2025-05-03 21:15:11,"[]",4.01780308E-4,3.95062853E-4,10073572,collisions2025/v18,/cdaq/physics/Run2025/2e34/v1.0.1/HLT/V2,Run2025B,9
391563,10575,114,2025-05-03 21:58:24,2025-05-03 22:00:18,"[]",0.0,0.0,1530,circulating2025/v20,/cdaq/circulating/2025/v1.0.0/HLT/V1,Run2025B,11
391564,10575,1734,2025-05-03 22:04:41,2025-05-03 22:33:35,"[]",2.78E-10,0.0,843012,circulating2025/v20,/cdaq/circulating/2025/v1.0.0/HLT/V1,Run2025B,11
391565,10575,3392,2025-05-03 22:39:57,2025-05-03 23:36:29,"[]",0.008623320577,0.007881722368,100677373,collisions2025/v18,/cdaq/physics/Run2025/2e34/v1.0.1/HLT/V2,Run2025B,0
391566,10575,47,2025-05-03 23:39:01,2025-05-03 23:39:48,"[]",1.6571657E-5,2.37732E-7,1531,collisions2025/v18,/cdaq/physics/Run2025/2e34/v1.0.1/HLT/V2,Run2025B,9
391568,10576,2228,2025-05-04 00:20:54,2025-05-04 00:58:02,"[]",0.0,0.0,1566719,circulating2025/v20,/cdaq/circulating/2025/v1.0.0/HLT/V1,Run2025B,11
391572,10576,4676,2025-05-04 01:11:36,2025-05-04 02:29:32,"[ECAL]",0.013271029304,0.013100388243,141166229,collisions2025/v18,/cdaq/physics/Run2025/2e34/v1.0.1/HLT/V2,Run2025B,0
391573,10577,938,2025-05-04 03:08:11,2025-05-04 03:23:49,"[ECAL]",0.0,0.0,656171,circulating2025/v20,/cdaq/circulating/2025/v1.0.0/HLT/V1,Run2025B,11
391576,10577,5608,2025-05-04 03:35:50,2025-05-04 05:09:18,"[ECAL]",0.0,0.0,632412294,cosmics2025/v33,/cdaq/cosmic/commissioning2025/v1.0.0/HLT/V1,Run2025B,4
391577,10579,3648,2025-05-04 05:13:32,2025-05-04 06:14:20,"[ECAL]",0.0,0.0,1830721,circulating2025/v20,/cdaq/circulating/2025/v1.0.0/HLT/V1,Run2025B,11
391580,10579,6308,2025-05-04 06:19:09,2025-05-04 08:04:17,"[ECAL]",0.021010504772,0.019338699046,184223308,collisions2025/v18,/cdaq/physics/Run2025/2e34/v1.0.1/HLT/V2,Run2025B,0
391581,10579,223,2025-05-04 08:09:20,2025-05-04 08:13:03,"[GEM]",0.001655012777,3.01950814E-4,1025460,collisions2025/v18,/cdaq/physics/Run2025/2e34/v1.0.1/HLT/V2,Run2025B,0
391582,10579,114,2025-05-04 08:15:59,2025-05-04 08:17:53,"[CSC, GEM]",,,,collisions2025/v18,,Run2025B,
391584,10579,20,2025-05-04 08:24:30,2025-05-04 08:24:50,"[CSC, GEM, RPC]",0.0,0.0,,collisions2025/v18,/cdaq/physics/Run2025/2e34/v1.0.1/HLT/V2,Run2025B,
391585,10579,526,2025-05-04 08:28:31,2025-05-04 08:37:17,"[CSC, GEM, RPC]",0.0,0.0,51096277,cosmics2025/v33,/cdaq/cosmic/commissioning2025/v1.0.0/HLT/V1,Run2025B,4
391586,10580,505,2025-05-04 08:40:37,2025-05-04 08:49:02,"[GEM, RPC]",0.0,0.0,48292745,cosmics2025/v33,/cdaq/cosmic/commissioning2025/v1.0.0/HLT/V1,Run2025B,4
391587,10580,89,2025-05-04 08:52:02,2025-05-04 08:53:32,"[RPC]",0.0,0.0,1631628,cosmics2025/v33,/cdaq/cosmic/commissioning2025/v1.0.0/HLT/V1,Run2025B,4
391588,10580,1544,2025-05-04 08:54:48,2025-05-04 09:20:32,"[RPC]",0.0,0.0,173569153,cosmics2025/v33,/cdaq/cosmic/commissioning2025/v1.0.0/HLT/V1,Run2025B,4
391590,10580,1408,2025-05-04 09:25:33,2025-05-04 09:49:01,"[RPC]",0.0,0.0,723382,circulating2025/v20,/cdaq/circulating/2025/v1.0.0/HLT/V1,Run2025B,11
391591,10580,2266,2025-05-04 09:53:31,2025-05-04 10:31:17,"[HCAL, RPC]",1.600747E-6,1.597566E-6,1158871,circulating2025/v20,/cdaq/circulating/2025/v1.0.0/HLT/V1,Run2025B,11
391595,10581,1648,2025-05-04 10:36:07,2025-05-04 11:03:35,"[HCAL]",0.0,0.0,827885,circulating2025/v20,/cdaq/circulating/2025/v1.0.0/HLT/V1,Run2025B,11
391596,10581,11424,2025-05-04 11:08:24,2025-05-04 14:18:48,"[]",0.0,0.0,5719439,circulating2025/v20,/cdaq/circulating/2025/v1.0.0/HLT/V1,Run2025B,11
391597,10582,17755,2025-05-04 14:22:30,2025-05-04 19:18:25,"[]",0.0,0.0,2016753527,cosmics2025/v33,/cdaq/cosmic/commissioning2025/v1.0.0/HLT/V1,Run2025B,4
391599,10583,10408,2025-05-04 19:26:50,2025-05-04 22:20:18,"[]",0.0,0.0,5136696,circulating2025/v20,/cdaq/circulating/2025/v1.0.0/HLT/V1,Run2025B,11
391600,10585,6009,2025-05-04 22:43:09,2025-05-05 00:23:19,"[]",1.295335E-6,1.295335E-6,118257445,collisions2025/v18,/cdaq/physics/Run2025/2e34/v1.0.1/HLT/V2,Run2025B,0
391601,10586,12660,2025-05-05 01:35:45,2025-05-05 05:06:44,"[]",0.069676231683,0.063693834837,387165790,collisions2025/v18,/cdaq/physics/Run2025/2e34/v1.0.1/HLT/V2,Run2025B,0
391602,10586,1356,2025-05-05 05:22:22,2025-05-05 05:44:58,"[]",0.005935421053,0.004222705509,38034508,collisions2025/v18,/cdaq/physics/Run2025/2e34/v1.0.1/HLT/V2,Run2025B,9
391603,10586,117,2025-05-05 05:49:07,2025-05-05 05:51:04,"[]",0.001704016487,7.793661E-6,1541,collisions2025/v18,/cdaq/physics/Run2025/2e34/v1.0.1/HLT/V2,Run2025B,9
391604,10586,659,2025-05-05 05:56:00,2025-05-05 06:06:59,"[]",0.001754356323,0.001732135955,19141220,collisions2025/v18,/cdaq/physics/Run2025/2e34/v1.0.1/HLT/V2,Run2025B,9
391607,10586,199,2025-05-05 06:17:00,2025-05-05 06:20:19,"[CSC, HCAL]",0.0,0.0,13286,cosmics2025/v33,/cdaq/cosmic/commissioning2025/v1.0.0/HLT/V1,Run2025B,4
391609,10587,1185,2025-05-05 06:25:18,2025-05-05 06:45:03,"[CSC, HCAL]",0.0,0.0,100427394,cosmics2025/v33,/cdaq/cosmic/commissioning2025/v1.0.0/HLT/V1,Run2025B,4
391613,10587,1886,2025-05-05 06:50:42,2025-05-05 07:22:08,"[CSC, HCAL]",0.0,0.0,203816485,cosmics2025/v33,/cdaq/cosmic/commissioning2025/v1.0.0/HLT/V1,Run2025B,4
391616,10587,1778,2025-05-05 07:26:26,2025-05-05 07:56:04,"[CSC]",0.0,0.0,192518458,cosmics2025/v33,/cdaq/cosmic/commissioning2025/v1.0.0/HLT/V1,Run2025B,4
391617,10587,201,2025-05-05 07:58:06,2025-05-05 08:01:28,"[CSC]",0.0,0.0,21137236,cosmics2025/v33,/cdaq/cosmic/commissioning2025/v1.0.0/HLT/V1,Run2025B,4
391620,10587,174,2025-05-05 08:06:24,2025-05-05 08:09:18,"[CSC, PIXEL, RPC]",0.0,0.0,18507083,cosmics2025/v33,/cdaq/cosmic/commissioning2025/v1.0.0/HLT/V1,Run2025B,4
391622,10587,698,2025-05-05 08:12:08,2025-05-05 08:23:46,"[CSC, DT, PIXEL, RPC]",0.0,0.0,65793542,cosmics2025/v33,/cdaq/cosmic/commissioning2025/v1.0.0/HLT/V1,Run2025B,4
391626,10587,51,2025-05-05 08:27:04,2025-05-05 08:27:55,"[CSC, PIXEL, RPC]",0.0,0.0,161,cosmics2025/v33,/cdaq/cosmic/commissioning2025/v1.0.0/HLT/V1,Run2025B,4
391627,10587,49,2025-05-05 08:30:37,2025-05-05 08:31:26,"[CSC, PIXEL, RPC]",0.0,0.0,512,cosmics2025/v33,/cdaq/cosmic/commissioning2025/v1.0.0/HLT/V1,Run2025B,4
391629,10587,41,2025-05-05 08:37:38,2025-05-05 08:38:19,"[CSC, ECAL, PIXEL, RPC]",0.0,0.0,256,cosmics2025/v33,/cdaq/cosmic/commissioning2025/v1.0.0/HLT/V1,Run2025B,4
391631,10587,103,2025-05-05 08:42:46,2025-05-05 08:44:29,"[CSC, ECAL, ES, PIXEL, RPC]",0.0,0.0,6464236,cosmics2025/v34,/cdaq/cosmic/commissioning2025/v1.0.0/HLT/V1,Run2025B,4
391635,10587,418,2025-05-05 08:47:50,2025-05-05 08:54:48,"[CSC, CTPPS, ECAL, ES, PIXEL, RPC]",0.0,0.0,33296905,cosmics2025/v34,/cdaq/cosmic/commissioning2025/v1.0.0/HLT/V1,Run2025B,4
391636,10587,11,2025-05-05 08:56:58,2025-05-05 08:57:09,"[CTPPS, ECAL, ES, PIXEL, RPC]",,,,cosmics2025/v34,,Run2025B,
391637,10587,1907,2025-05-05 08:58:45,2025-05-05 09:30:32,"[CTPPS, ECAL, ES, PIXEL, RPC]",0.0,0.0,212004364,cosmics2025/v34,/cdaq/cosmic/commissioning2025/v1.0.0/HLT/V1,Run2025B,4
391644,10587,221,2025-05-05 09:33:19,2025-05-05 09:37:00,"[CTPPS, ECAL, ES, PIXEL, RPC]",0.0,0.0,23825786,cosmics2025/v34,/cdaq/cosmic/commissioning2025/v1.0.0/HLT/V1,Run2025B,4
391645,10587,1312,2025-05-05 09:41:38,2025-05-05 10:03:30,"[CTPPS, ECAL, ES, GEM, RPC]",0.0,0.0,106866490,cosmics2025/v34,/cdaq/cosmic/commissioning2025/v1.0.0/HLT/V1,Run2025B,4
391646,10588,73,2025-05-05 10:07:48,2025-05-05 10:09:01,"[CTPPS]",0.0,0.0,33263,cosmics2025/v34,/cdaq/cosmic/commissioning2025/v1.0.0/HLT/V1,Run2025B,4
391647,10588,261,2025-05-05 10:12:59,2025-05-05 10:17:20,"[CTPPS]",0.0,0.0,125911,circulating2025/v21,/cdaq/circulating/2025/v1.0.0/HLT/V1,Run2025B,11
391648,10589,913,2025-05-05 10:22:19,2025-05-05 10:37:32,"[CTPPS]",0.0,0.0,665558,circulating2025/v21,/cdaq/circulating/2025/v1.0.0/HLT/V1,Run2025B,11
391650,10589,525,2025-05-05 10:48:48,2025-05-05 10:57:33,"[TRACKER]",0.0,0.0,253846,circulating2025/v21,/cdaq/circulating/2025/v1.0.0/HLT/V1,Run2025B,11
391652,10589,3,2025-05-05 11:02:58,2025-05-05 11:03:01,"[]",0.0,0.0,,circulating2025/v21,/cdaq/circulating/2025/v1.0.0/HLT/V1,Run2025B,
391653,10589,24,2025-05-05 11:04:29,2025-05-05 11:04:53,"[]",0.0,0.0,256,circulating2025/v21,/cdaq/circulating/2025/v1.0.0/HLT/V1,Run2025B,11
391654,10589,199,2025-05-05 11:07:42,2025-05-05 11:11:01,"[]",0.0,0.0,82042,circulating2025/v22,/cdaq/circulating/2025/v1.0.0/HLT/V1,Run2025B,11
391655,10589,63,2025-05-05 11:14:26,2025-05-05 11:15:29,"[]",0.0,0.0,22890,circulating2025/v23,/cdaq/circulating/2025/v1.0.0/HLT/V1,Run2025B,11
391656,10589,210,2025-05-05 11:18:36,2025-05-05 11:22:06,"[]",,,,collisions2025/v20,/cdaq/physics/Run2025/2e34/v1.0.1/HLT/V2,Run2025B,
391657,10589,98,2025-05-05 11:24:52,2025-05-05 11:26:30,"[]",0.0,0.0,1841853,collisions2025/v20,/cdaq/physics/Run2025/2e34/v1.0.1/HLT/V2,Run2025B,0
391658,10589,5241,2025-05-05 11:31:55,2025-05-05 12:59:17,"[]",0.051352731496,0.048941419039,208120380,collisions2025/v20,/cdaq/physics/Run2025/2e34/v1.0.1/HLT/V2,Run2025B,0
