run_number,fill_number,duration,start_time,end_time,components_out,delivered_lumi,recorded_lumi,l1_triggers_counter,l1_hlt_mode_stripped,hlt_key,era,initial_prescale_index
376421,9322,52,2024-01-19 17:25:16,2024-01-19 17:26:09,"[CSC, CTPPS, CTPPS_TOT, DAQ, DQM, DT, ECAL, ES, GEM, HCAL, L1SCOUT, PIXEL, RPC, TRACKER, TRG]",,,13,cosmics_hi/v19,,Commissioning2024,
376443,9322,71,2024-01-24 14:10:34,2024-01-24 14:11:45,"[CSC, CTPPS, CTPPS_TOT, DT, ECAL, ES, GEM, HCAL, L1SCOUT, PIXEL, RPC, TRACKER, TRG]",,,359,,/cdaq/cosmic/commissioning2023/CRAFT/v3.1/HLT/V1,Commissioning2024,
376456,9322,401,2024-01-24 14:14:31,2024-01-24 14:21:12,"[CSC, CTPPS, CTPPS_TOT, DT, ECAL, ES, GEM, HCAL, L1SCOUT, PIXEL, RPC, TRACKER, TRG]",,,2130,,/cdaq/cosmic/commissioning2023/CRAFT/v3.1/HLT/V1,Commissioning2024,
376457,9322,1194,2024-01-24 14:44:33,2024-01-24 15:04:27,"[CSC, CTPPS, CTPPS_TOT, DT, ECAL, ES, GEM, HCAL, L1SCOUT, PIXEL, RPC, TRACKER, TRG]",,,6875,,/cdaq/cosmic/commissioning2023/CRAFT/v3.1/HLT/V1,Commissioning2024,
376458,9322,116,2024-01-24 15:15:36,2024-01-24 15:17:32,"[CSC, CTPPS, CTPPS_TOT, DT, ECAL, ES, GEM, HCAL, L1SCOUT, PIXEL, RPC, TRACKER, TRG]",,,191,,/cdaq/cosmic/commissioning2023/CRAFT/v3.1/HLT/V1,Commissioning2024,
376459,9322,138,2024-01-24 15:20:37,2024-01-24 15:22:55,"[CSC, CTPPS, CTPPS_TOT, DT, ECAL, ES, GEM, HCAL, L1SCOUT, PIXEL, RPC, TRACKER, TRG]",,,161,,/cdaq/cosmic/commissioning2023/CRAFT/v3.1/HLT/V1,Commissioning2024,
376460,9322,1319,2024-01-24 15:24:21,2024-01-24 15:46:20,"[CSC, CTPPS, CTPPS_TOT, DT, ECAL, ES, GEM, HCAL, L1SCOUT, PIXEL, RPC, TRACKER, TRG]",,,7757,,/cdaq/cosmic/commissioning2023/CRAFT/v3.1/HLT/V1,Commissioning2024,
376461,9322,1187,2024-01-24 15:47:11,2024-01-24 16:06:58,"[CSC, CTPPS, CTPPS_TOT, DT, ECAL, ES, GEM, HCAL, L1SCOUT, PIXEL, RPC, TRACKER, TRG]",,,7089,,/cdaq/cosmic/commissioning2023/CRAFT/v3.1/HLT/V1,Commissioning2024,
376462,9322,749,2024-01-24 16:08:03,2024-01-24 16:20:32,"[CSC, CTPPS, CTPPS_TOT, DT, ECAL, ES, GEM, HCAL, L1SCOUT, PIXEL, RPC, TRACKER, TRG]",,,4093,,/cdaq/cosmic/commissioning2023/CRAFT/v3.1/HLT/V1,Commissioning2024,
376527,9322,391,2024-01-30 15:01:20,2024-01-30 15:07:51,"[CSC, CTPPS, CTPPS_TOT, DT, ES, GEM, HCAL, L1SCOUT, PIXEL, RPC, TRACKER, TRG]",,,2010,cosmics2023/v129,/cdaq/cosmic/commissioning2023/CRAFT/v3.1/HLT/V1,Commissioning2024,
376528,9322,151,2024-01-30 15:13:58,2024-01-30 15:16:29,"[CSC, CTPPS, CTPPS_TOT, DT, ES, GEM, HCAL, L1SCOUT, PIXEL, RPC, TRACKER, TRG]",,,943,cosmics2023/v129,/cdaq/cosmic/commissioning2023/CRAFT/v3.1/HLT/V1,Commissioning2024,
376529,9322,962,2024-01-30 15:40:38,2024-01-30 15:56:40,"[CSC, CTPPS, CTPPS_TOT, DT, ES, GEM, HCAL, L1SCOUT, PIXEL, RPC, TRACKER, TRG]",,,5532,cosmics2023/v129,/cdaq/cosmic/commissioning2023/CRAFT/v3.1/HLT/V1,Commissioning2024,
376530,9322,5409,2024-01-30 15:59:56,2024-01-30 17:30:05,"[CSC, CTPPS, CTPPS_TOT, DT, ES, GEM, HCAL, L1SCOUT, PIXEL, RPC, TRACKER, TRG]",,,31530,cosmics2023/v129,/cdaq/cosmic/commissioning2023/CRAFT/v3.1/HLT/V1,Commissioning2024,
376531,9322,288,2024-01-30 17:31:19,2024-01-30 17:36:07,"[CSC, CTPPS, CTPPS_TOT, DT, ES, GEM, HCAL, L1SCOUT, PIXEL, RPC, TRACKER, TRG]",,,1411,cosmics2023/v129,/cdaq/cosmic/commissioning2023/CRAFT/v3.1/HLT/V1,Commissioning2024,
376532,9322,1647,2024-01-30 17:36:48,2024-01-30 18:04:15,"[CSC, CTPPS, CTPPS_TOT, DT, ES, GEM, HCAL, L1SCOUT, PIXEL, RPC, TRACKER, TRG]",,,9504,cosmics2023/v129,/cdaq/cosmic/commissioning2023/CRAFT/v3.1/HLT/V1,Commissioning2024,
376534,9322,1630,2024-01-30 18:07:13,2024-01-30 18:34:23,"[CSC, CTPPS, CTPPS_TOT, DT, ES, GEM, HCAL, L1SCOUT, PIXEL, RPC, TRACKER, TRG]",,,9461,cosmics2023/v129,/cdaq/cosmic/commissioning2023/CRAFT/v3.1/HLT/V1,Commissioning2024,
376535,9322,857,2024-01-30 18:35:12,2024-01-30 18:49:29,"[CSC, CTPPS, CTPPS_TOT, DT, ES, GEM, HCAL, L1SCOUT, PIXEL, RPC, TRACKER, TRG]",,,4837,cosmics2023/v129,/cdaq/cosmic/commissioning2023/CRAFT/v3.1/HLT/V1,Commissioning2024,
376540,9322,3254,2024-01-31 08:33:07,2024-01-31 09:27:21,"[CSC, CTPPS, CTPPS_TOT, DT, ES, GEM, HCAL, L1SCOUT, PIXEL, RPC, TRACKER, TRG]",,,19129,cosmics2023/v129,/cdaq/cosmic/commissioning2023/CRAFT/v3.1/HLT/V1,Commissioning2024,
376543,9322,387,2024-01-31 09:32:13,2024-01-31 09:38:40,"[CSC, CTPPS, CTPPS_TOT, DT, ES, GEM, HCAL, L1SCOUT, PIXEL, RPC, TRACKER]",,,0,cosmics2023/v129,/cdaq/cosmic/commissioning2023/CRAFT/v3.1/HLT/V1,Commissioning2024,4
376544,9322,494,2024-01-31 09:40:34,2024-01-31 09:48:48,"[CSC, CTPPS, CTPPS_TOT, DT, ES, GEM, HCAL, L1SCOUT, PIXEL, RPC, TRACKER, TRG]",,,2685,cosmics2023/v129,/cdaq/cosmic/commissioning2023/CRAFT/v3.1/HLT/V1,Commissioning2024,
376545,9322,1430,2024-01-31 09:50:05,2024-01-31 10:13:55,"[CSC, CTPPS, CTPPS_TOT, DT, ES, GEM, HCAL, L1SCOUT, PIXEL, RPC, TRACKER, TRG]",,,8360,cosmics2023/v129,/cdaq/cosmic/commissioning2023/CRAFT/v3.1/HLT/V1,Commissioning2024,
376550,9322,148,2024-01-31 10:33:03,2024-01-31 10:35:31,"[CSC, CTPPS, CTPPS_TOT, DT, ES, GEM, HCAL, L1SCOUT, PIXEL, RPC, TRACKER, TRG]",,,535,cosmics2023/v129,/cdaq/cosmic/commissioning2023/CRAFT/v3.1/HLT/V1,Commissioning2024,
376553,9322,979,2024-01-31 11:42:05,2024-01-31 11:58:24,"[CSC, CTPPS, CTPPS_TOT, DT, ES, GEM, HCAL, L1SCOUT, PIXEL, RPC, TRACKER, TRG]",,,5789,cosmics2023/v129,/cdaq/cosmic/commissioning2023/CRAFT/v3.1/HLT/V1,Commissioning2024,
376554,9322,333,2024-01-31 11:59:44,2024-01-31 12:05:17,"[CSC, CTPPS, CTPPS_TOT, DT, ES, GEM, HCAL, L1SCOUT, PIXEL, RPC, TRACKER, TRG]",,,1811,cosmics2023/v129,/cdaq/cosmic/commissioning2023/CRAFT/v3.1/HLT/V1,Commissioning2024,
376555,9322,1722,2024-01-31 12:46:43,2024-01-31 13:15:25,"[CSC, CTPPS, CTPPS_TOT, DT, ES, GEM, HCAL, L1SCOUT, PIXEL, RPC, TRACKER, TRG]",,,10180,cosmics2023/v129,/cdaq/cosmic/commissioning2023/CRAFT/v3.1/HLT/V1,Commissioning2024,
376556,9322,544,2024-01-31 13:18:25,2024-01-31 13:27:29,"[CSC, CTPPS, CTPPS_TOT, DT, ES, GEM, HCAL, L1SCOUT, PIXEL, RPC, TRACKER, TRG]",,,3301,cosmics2023/v129,/cdaq/cosmic/commissioning2023/CRAFT/v3.1/HLT/V1,Commissioning2024,
376557,9322,1235,2024-01-31 13:29:02,2024-01-31 13:49:37,"[CSC, CTPPS, CTPPS_TOT, DT, ES, GEM, HCAL, L1SCOUT, PIXEL, RPC, TRACKER, TRG]",,,7077,cosmics2023/v129,/cdaq/cosmic/commissioning2023/CRAFT/v3.1/HLT/V1,Commissioning2024,
376558,9322,151,2024-01-31 13:52:41,2024-01-31 13:55:12,"[CSC, CTPPS, CTPPS_TOT, DT, ES, GEM, HCAL, L1SCOUT, PIXEL, RPC, TRACKER]",,,0,cosmics2023/v129,/cdaq/cosmic/commissioning2023/CRAFT/v3.1/HLT/V1,Commissioning2024,4
376559,9322,256,2024-01-31 13:56:58,2024-01-31 14:01:14,"[CSC, CTPPS, CTPPS_TOT, DT, ES, GEM, HCAL, L1SCOUT, PIXEL, RPC, TRACKER]",,,73,cosmics2023/v129,/cdaq/cosmic/commissioning2023/CRAFT/v3.1/HLT/V1,Commissioning2024,4
376560,9322,30,2024-01-31 14:03:44,2024-01-31 14:04:14,"[CSC, CTPPS, CTPPS_TOT, DT, ES, GEM, HCAL, L1SCOUT, PIXEL, RPC, TRACKER]",,,,cosmics2023/v129,/cdaq/cosmic/commissioning2023/CRAFT/v3.1/HLT/V1,Commissioning2024,
376561,9322,3721,2024-01-31 14:05:54,2024-01-31 15:07:55,"[CSC, CTPPS, CTPPS_TOT, DT, ES, GEM, HCAL, L1SCOUT, PIXEL, RPC, TRACKER, TRG]",,,6823,cosmics2023/v129,/cdaq/cosmic/commissioning2023/CRAFT/v3.1/HLT/V1,Commissioning2024,
376562,9322,650,2024-01-31 15:09:32,2024-01-31 15:20:22,"[CSC, CTPPS, CTPPS_TOT, DT, ES, GEM, HCAL, L1SCOUT, PIXEL, RPC, TRACKER, TRG]",,,3771,cosmics2023/v129,/cdaq/cosmic/commissioning2023/CRAFT/v3.1/HLT/V1,Commissioning2024,
376564,9322,828,2024-01-31 15:23:10,2024-01-31 15:36:58,"[CSC, CTPPS, CTPPS_TOT, DT, ES, GEM, HCAL, L1SCOUT, PIXEL, RPC, TRACKER]",,,73,cosmics2023/v129,/cdaq/cosmic/commissioning2023/CRAFT/v3.1/HLT/V1,Commissioning2024,4
376566,9322,16,2024-01-31 15:42:35,2024-01-31 15:42:51,"[CSC, CTPPS, CTPPS_TOT, DT, ES, GEM, HCAL, L1SCOUT, PIXEL, RPC, TRACKER]",,,,cosmics2023/v129,,Commissioning2024,
376567,9322,501,2024-01-31 15:45:32,2024-01-31 15:53:53,"[CSC, CTPPS, CTPPS_TOT, DT, ES, GEM, HCAL, L1SCOUT, PIXEL, RPC, TRACKER, TRG]",,,2712,cosmics2023/v129,/cdaq/cosmic/commissioning2023/CRAFT/v3.1/HLT/V1,Commissioning2024,
376568,9322,330,2024-01-31 15:55:24,2024-01-31 16:00:54,"[CSC, CTPPS, CTPPS_TOT, DT, ES, GEM, HCAL, L1SCOUT, PIXEL, RPC, TRACKER, TRG]",,,1634,cosmics2023/v129,/cdaq/cosmic/commissioning2023/CRAFT/v3.1/HLT/V1,Commissioning2024,
376569,9322,230,2024-01-31 16:19:10,2024-01-31 16:23:00,"[CSC, CTPPS, CTPPS_TOT, DT, ES, GEM, HCAL, L1SCOUT, PIXEL, RPC, TRACKER, TRG]",,,1276,cosmics2023/v129,/cdaq/cosmic/commissioning2023/CRAFT/v3.1/HLT/V1,Commissioning2024,
376570,9322,87,2024-01-31 16:33:37,2024-01-31 16:35:04,"[CSC, CTPPS, CTPPS_TOT, DT, ES, GEM, HCAL, L1SCOUT, PIXEL, RPC, TRACKER, TRG]",,,178,cosmics2023/v129,/cdaq/cosmic/commissioning2023/CRAFT/v3.1/HLT/V1,Commissioning2024,
376572,9322,674,2024-01-31 16:36:53,2024-01-31 16:48:07,"[CSC, CTPPS, CTPPS_TOT, DT, ES, GEM, HCAL, L1SCOUT, PIXEL, RPC, TRACKER, TRG]",,,3777,cosmics2023/v129,/cdaq/cosmic/commissioning2023/CRAFT/v3.1/HLT/V1,Commissioning2024,
376573,9322,1007,2024-01-31 16:48:55,2024-01-31 17:05:42,"[CSC, CTPPS, CTPPS_TOT, DT, ES, GEM, HCAL, L1SCOUT, PIXEL, RPC, TRACKER, TRG]",,,5628,cosmics2023/v129,/cdaq/cosmic/commissioning2023/CRAFT/v3.1/HLT/V1,Commissioning2024,
376574,9322,731,2024-01-31 17:09:36,2024-01-31 17:21:47,"[CSC, CTPPS, CTPPS_TOT, DT, ES, GEM, HCAL, L1SCOUT, PIXEL, RPC, TRACKER, TRG]",,,4372,cosmics2023/v129,/cdaq/cosmic/commissioning2023/CRAFT/v3.1/HLT/V1,Commissioning2024,
376575,9322,152,2024-01-31 17:23:16,2024-01-31 17:25:48,"[CSC, CTPPS, CTPPS_TOT, DT, ES, GEM, HCAL, L1SCOUT, PIXEL, RPC, TRACKER, TRG]",,,700,cosmics2023/v129,/cdaq/cosmic/commissioning2023/CRAFT/v3.1/HLT/V1,Commissioning2024,
376576,9322,799,2024-01-31 17:27:04,2024-01-31 17:40:23,"[CSC, CTPPS, CTPPS_TOT, DT, ES, GEM, HCAL, L1SCOUT, PIXEL, RPC, TRACKER, TRG]",,,4424,cosmics2023/v129,/cdaq/cosmic/commissioning2023/CRAFT/v3.1/HLT/V1,Commissioning2024,
376577,9322,288,2024-01-31 17:42:06,2024-01-31 17:46:54,"[CSC, CTPPS, CTPPS_TOT, DT, ES, GEM, HCAL, L1SCOUT, PIXEL, RPC, TRACKER, TRG]",,,1433,cosmics2023/v129,/cdaq/cosmic/commissioning2023/CRAFT/v3.1/HLT/V1,Commissioning2024,
376578,9322,257,2024-01-31 17:48:40,2024-01-31 17:52:57,"[CSC, CTPPS, CTPPS_TOT, DT, ES, GEM, HCAL, L1SCOUT, PIXEL, RPC, TRACKER, TRG]",,,1487,cosmics2023/v129,/cdaq/cosmic/commissioning2023/CRAFT/v3.1/HLT/V1,Commissioning2024,
376579,9322,1093,2024-01-31 17:54:20,2024-01-31 18:12:33,"[CSC, CTPPS, CTPPS_TOT, DT, ES, GEM, HCAL, L1SCOUT, PIXEL, RPC, TRACKER, TRG]",,,6436,cosmics2023/v129,/cdaq/cosmic/commissioning2023/CRAFT/v3.1/HLT/V1,Commissioning2024,
376580,9322,585,2024-01-31 18:14:32,2024-01-31 18:24:17,"[CSC, CTPPS, CTPPS_TOT, DT, ES, GEM, HCAL, L1SCOUT, PIXEL, RPC, TRACKER, TRG]",,,3236,cosmics2023/v129,/cdaq/cosmic/commissioning2023/CRAFT/v3.1/HLT/V1,Commissioning2024,
376581,9322,1286,2024-01-31 18:26:22,2024-01-31 18:47:48,"[CSC, CTPPS, CTPPS_TOT, DT, ES, GEM, HCAL, L1SCOUT, PIXEL, RPC, TRACKER]",,,7123,cosmics2023/v129,/cdaq/cosmic/commissioning2023/CRAFT/v3.1/HLT/V1,Commissioning2024,4
376582,9322,356,2024-01-31 18:49:24,2024-01-31 18:55:20,"[CSC, CTPPS, CTPPS_TOT, DT, ES, GEM, HCAL, L1SCOUT, PIXEL, RPC, TRACKER]",,,1606,cosmics2023/v129,/cdaq/cosmic/commissioning2023/CRAFT/v3.1/HLT/V1,Commissioning2024,4
376583,9322,588,2024-01-31 18:57:06,2024-01-31 19:06:54,"[CSC, CTPPS, CTPPS_TOT, DT, ES, GEM, HCAL, L1SCOUT, PIXEL, RPC, TRACKER]",,,3376,cosmics2023/v129,/cdaq/cosmic/commissioning2023/CRAFT/v3.1/HLT/V1,Commissioning2024,4
376584,9322,687,2024-01-31 19:10:01,2024-01-31 19:21:28,"[CSC, CTPPS, CTPPS_TOT, DT, ES, GEM, HCAL, L1SCOUT, PIXEL, RPC, TRACKER]",,,3805,cosmics2023/v129,/cdaq/cosmic/commissioning2023/CRAFT/v3.1/HLT/V1,Commissioning2024,4
376585,9322,253,2024-01-31 19:23:17,2024-01-31 19:27:30,"[CSC, CTPPS, CTPPS_TOT, DT, ES, GEM, HCAL, L1SCOUT, PIXEL, RPC, TRACKER]",,,1252,cosmics2023/v129,/cdaq/cosmic/commissioning2023/CRAFT/v3.1/HLT/V1,Commissioning2024,4
376674,9322,43,2024-02-09 18:12:11,2024-02-09 18:12:54,"[CSC, CTPPS, CTPPS_TOT, ECAL, ES, GEM, HCAL, L1SCOUT, PIXEL, RPC, TRACKER]",,,,cosmics2023/v129,,Commissioning2024,
376675,9322,11,2024-02-09 18:14:01,2024-02-09 18:14:12,"[CSC, CTPPS, CTPPS_TOT, ECAL, ES, GEM, HCAL, L1SCOUT, PIXEL, RPC, TRACKER]",,,,cosmics2023/v129,,Commissioning2024,
376676,9322,43,2024-02-09 18:16:19,2024-02-09 18:17:03,"[CSC, CTPPS, CTPPS_TOT, ECAL, ES, GEM, HCAL, L1SCOUT, PIXEL, RPC, TRACKER]",,,121,cosmics2023/v129,/cdaq/cosmic/commissioning2023/CRAFT/v3.1/HLT/V1,Commissioning2024,4
376677,9322,338,2024-02-09 18:19:30,2024-02-09 18:25:08,"[CSC, CTPPS, CTPPS_TOT, ECAL, ES, GEM, HCAL, L1SCOUT, PIXEL, RPC, TRACKER]",,,99,cosmics2023/v129,/cdaq/cosmic/commissioning2023/CRAFT/v3.1/HLT/V1,Commissioning2024,4
376678,9322,279,2024-02-09 18:32:19,2024-02-09 18:36:58,"[CSC, CTPPS, CTPPS_TOT, ECAL, ES, GEM, HCAL, L1SCOUT, PIXEL, RPC, TRACKER]",,,99,cosmics2023/v129,/cdaq/cosmic/commissioning2023/CRAFT/v3.1/HLT/V1,Commissioning2024,
376679,9322,55,2024-02-09 18:39:40,2024-02-09 18:40:35,"[CSC, CTPPS, CTPPS_TOT, ECAL, ES, GEM, HCAL, L1SCOUT, PIXEL, RPC, TRACKER]",,,99,cosmics2023/v129,/cdaq/cosmic/commissioning2023/CRAFT/v3.1/HLT/V1,Commissioning2024,4
376680,9322,57,2024-02-09 18:42:22,2024-02-09 18:43:19,"[CSC, CTPPS, CTPPS_TOT, ECAL, ES, GEM, HCAL, L1SCOUT, PIXEL, RPC, TRACKER]",,,99,cosmics2023/v129,/cdaq/cosmic/commissioning2023/CRAFT/v3.1/HLT/V1,Commissioning2024,4
376681,9322,56,2024-02-09 18:44:49,2024-02-09 18:45:45,"[CSC, CTPPS, CTPPS_TOT, ECAL, ES, GEM, HCAL, L1SCOUT, PIXEL, RPC, TRACKER]",,,99,cosmics2023/v129,/cdaq/cosmic/commissioning2023/CRAFT/v3.1/HLT/V1,Commissioning2024,4
376682,9322,1643,2024-02-09 18:47:55,2024-02-09 19:15:18,"[CSC, CTPPS, CTPPS_TOT, ECAL, ES, GEM, HCAL, L1SCOUT, PIXEL, RPC, TRACKER]",,,99,cosmics2023/v129,/cdaq/cosmic/commissioning2023/CRAFT/v3.1/HLT/V1,Commissioning2024,4
376683,9322,15,2024-02-09 20:56:08,2024-02-09 20:56:22,"[CSC, CTPPS, CTPPS_TOT, ECAL, ES, GEM, HCAL, L1SCOUT, PIXEL, RPC, TRACKER]",,,7046,cosmics_hi/v19,/cdaq/cosmic/commissioning2023/CRAFT/v3.1/HLT/V1,Commissioning2024,
376684,9322,2113,2024-02-09 21:31:15,2024-02-09 22:06:28,"[CSC, CTPPS, CTPPS_TOT, ECAL, ES, GEM, HCAL, L1SCOUT, PIXEL, RPC, TRACKER]",0.0,0.0,39160309,cosmics_hi/v19,/cdaq/cosmic/commissioning2023/CRAFT/v3.1/HLT/V1,Commissioning2024,4
376685,9322,1606,2024-02-09 22:08:17,2024-02-09 22:35:03,"[CSC, CTPPS, CTPPS_TOT, ECAL, ES, GEM, HCAL, L1SCOUT, PIXEL, RPC, TRACKER]",0.0,0.0,467110,cosmics_hi/v19,/cdaq/cosmic/commissioning2023/CRAFT/v3.1/HLT/V1,Commissioning2024,4
376686,9322,31488,2024-02-09 23:03:28,2024-02-10 07:48:16,"[CSC, CTPPS, CTPPS_TOT, ECAL, ES, GEM, HCAL, L1SCOUT, PIXEL, RPC, TRACKER]",0.0,0.0,20257456,cosmics_hi/v19,/cdaq/cosmic/commissioning2023/CRAFT/v3.1/HLT/V1,Commissioning2024,4
376690,9322,96,2024-02-10 17:14:37,2024-02-10 17:16:13,"[CSC, CTPPS, CTPPS_TOT, ECAL, ES, GEM, HCAL, L1SCOUT, PIXEL, RPC, TRACKER]",0.0,0.0,55467,cosmics_hi/v19,/cdaq/cosmic/commissioning2023/CRAFT/v3.1/HLT/V1,Commissioning2024,4
376691,9322,52841,2024-02-10 17:18:06,2024-02-11 07:58:47,"[CSC, CTPPS, CTPPS_TOT, ECAL, ES, GEM, HCAL, L1SCOUT, PIXEL, RPC, TRACKER]",0.0,0.0,31547478,cosmics_hi/v19,/cdaq/cosmic/commissioning2023/CRAFT/v3.1/HLT/V1,Commissioning2024,4
376696,9322,3371,2024-02-11 13:49:23,2024-02-11 14:45:34,"[CSC, CTPPS, CTPPS_TOT, ECAL, ES, GEM, HCAL, L1SCOUT, PIXEL, RPC, TRACKER]",0.0,0.0,2026051,cosmics_hi/v19,/cdaq/cosmic/commissioning2023/CRAFT/v3.1/HLT/V1,Commissioning2024,4
376697,9322,25249,2024-02-11 15:14:00,2024-02-11 22:14:49,"[CSC, CTPPS, CTPPS_TOT, ECAL, ES, GEM, HCAL, L1SCOUT, PIXEL, RPC, TRACKER]",0.0,0.0,15200539,cosmics_hi/v19,/cdaq/cosmic/commissioning2023/CRAFT/v3.1/HLT/V1,Commissioning2024,4
376698,9322,33519,2024-02-11 22:23:55,2024-02-12 07:42:34,"[CSC, CTPPS, CTPPS_TOT, ECAL, ES, GEM, HCAL, L1SCOUT, PIXEL, RPC, TRACKER]",0.0,0.0,20406556,cosmics_hi/v19,/cdaq/cosmic/commissioning2023/CRAFT/v3.1/HLT/V1,Commissioning2024,4
376706,9322,50398,2024-02-12 17:11:28,2024-02-13 07:11:26,"[CSC, CTPPS, CTPPS_TOT, ECAL, ES, GEM, HCAL, L1SCOUT, PIXEL, RPC, TRACKER]",0.0,0.0,31001156,cosmics_hi/v19,/cdaq/cosmic/commissioning2023/CRAFT/v3.1/HLT/V1,Commissioning2024,4
376727,9322,50035,2024-02-13 16:35:25,2024-02-14 06:29:20,"[CSC, CTPPS, CTPPS_TOT, ECAL, ES, GEM, HCAL, L1SCOUT, PIXEL, RPC, TRACKER]",0.0,0.0,30964895,cosmics_hi/v19,/cdaq/cosmic/commissioning2023/CRAFT/v3.1/HLT/V1,Commissioning2024,4
376750,9322,47389,2024-02-14 17:56:07,2024-02-15 07:05:57,"[CSC, CTPPS, CTPPS_TOT, ECAL, ES, GEM, HCAL, L1SCOUT, PIXEL, RPC, TRACKER]",0.0,0.0,29445914,cosmics_hi/v19,/cdaq/cosmic/commissioning2023/CRAFT/v3.1/HLT/V1,Commissioning2024,4
376784,9322,41974,2024-02-15 19:33:29,2024-02-16 07:13:03,"[CSC, CTPPS, CTPPS_TOT, ECAL, ES, GEM, HCAL, L1SCOUT, PIXEL, RPC, TRACKER]",0.0,0.0,26204475,cosmics_hi/v19,/cdaq/cosmic/commissioning2023/CRAFT/v3.1/HLT/V1,Commissioning2024,4
376808,9322,98,2024-02-16 12:53:14,2024-02-16 12:54:52,"[CTPPS, CTPPS_TOT, DT, ECAL, ES, GEM, HCAL, L1SCOUT, PIXEL, RPC, TRACKER]",,,,cosmics2024/v4,,Commissioning2024,
376809,9322,293,2024-02-16 12:56:09,2024-02-16 13:01:02,"[CTPPS, CTPPS_TOT, DT, ECAL, ES, GEM, HCAL, L1SCOUT, PIXEL, RPC, TRACKER]",0.0,0.0,161338,cosmics2024/v4,/cdaq/cosmic/commissioning2024/v1.0/HLT/V1,Commissioning2024,4
376810,9322,60,2024-02-16 13:02:47,2024-02-16 13:03:47,"[CTPPS, CTPPS_TOT, DT, ECAL, ES, GEM, HCAL, L1SCOUT, PIXEL, RPC, TRACKER]",,,,cosmics2024/v4,/cdaq/cosmic/commissioning2024/v1.0/HLT/V1,Commissioning2024,
376811,9322,39,2024-02-16 13:04:38,2024-02-16 13:05:17,"[CTPPS, CTPPS_TOT, DT, ECAL, ES, GEM, HCAL, L1SCOUT, PIXEL, RPC, TRACKER]",0.0,0.0,0,cosmics2024/v4,/cdaq/cosmic/commissioning2024/v1.0/HLT/V1,Commissioning2024,4
376813,9322,7152,2024-02-16 13:08:00,2024-02-16 15:07:12,"[CTPPS, CTPPS_TOT, ECAL, ES, GEM, HCAL, L1SCOUT, RPC, TRACKER]",0.0,0.0,4964097,cosmics2024/v4,/cdaq/cosmic/commissioning2024/v1.0/HLT/V1,Commissioning2024,4
376820,9322,7103,2024-02-16 15:08:50,2024-02-16 17:07:13,"[CTPPS, CTPPS_TOT, ECAL, ES, GEM, HCAL, L1SCOUT, RPC, TRACKER]",0.0,0.0,4909829,cosmics2024/v5,/cdaq/cosmic/commissioning2024/v1.0/HLT/V1,Commissioning2024,4
376824,9322,14086,2024-02-16 17:12:45,2024-02-16 21:07:31,"[CTPPS, CTPPS_TOT, ECAL, ES, GEM, HCAL, L1SCOUT, RPC]",0.0,0.0,9750178,cosmics2024/v5,/cdaq/cosmic/commissioning2024/v1.0/HLT/V1,Commissioning2024,4
376825,9322,2547,2024-02-16 21:09:06,2024-02-16 21:51:33,"[CTPPS, CTPPS_TOT, ECAL, ES, GEM, HCAL, L1SCOUT, RPC]",0.0,0.0,1756858,cosmics2024/v5,/cdaq/cosmic/commissioning2024/v1.0/HLT/V1,Commissioning2024,4
376826,9322,34972,2024-02-16 22:09:11,2024-02-17 07:52:04,"[CTPPS, CTPPS_TOT, ECAL, ES, GEM, HCAL, L1SCOUT, RPC]",0.0,0.0,23381288,cosmics2024/v5,/cdaq/cosmic/commissioning2024/v1.0/HLT/V1,Commissioning2024,4
376827,9322,2018,2024-02-17 08:00:55,2024-02-17 08:34:33,"[CTPPS, CTPPS_TOT, ECAL, ES, GEM, HCAL, L1SCOUT, PIXEL, RPC]",0.0,0.0,1354232,cosmics2024/v5,/cdaq/cosmic/commissioning2024/v1.0/HLT/V1,Commissioning2024,4
376829,9322,25397,2024-02-17 08:37:42,2024-02-17 15:40:59,"[CSC, CTPPS, CTPPS_TOT, ECAL, ES, GEM, HCAL, L1SCOUT, PIXEL, RPC]",0.0,0.0,15290553,cosmics2024/v5,/cdaq/cosmic/commissioning2024/v1.0/HLT/V1,Commissioning2024,4
376831,9322,21230,2024-02-17 16:05:38,2024-02-17 21:59:28,"[CTPPS, CTPPS_TOT, ECAL, ES, GEM, HCAL, L1SCOUT, RPC]",0.0,0.0,14452836,cosmics2024/v5,/cdaq/cosmic/commissioning2024/v1.0/HLT/V1,Commissioning2024,4
376832,9322,37604,2024-02-17 22:08:45,2024-02-18 08:35:29,"[CTPPS, CTPPS_TOT, ECAL, ES, GEM, HCAL, L1SCOUT, RPC]",0.0,0.0,25781916,cosmics2024/v5,/cdaq/cosmic/commissioning2024/v1.0/HLT/V1,Commissioning2024,4
376834,9322,2159,2024-02-18 08:50:00,2024-02-18 09:25:59,"[CSC, CTPPS, CTPPS_TOT, ECAL, ES, GEM, HCAL, L1SCOUT, RPC]",0.0,0.0,1322585,cosmics2024/v5,/cdaq/cosmic/commissioning2024/v1.0/HLT/V1,Commissioning2024,4
376836,9322,21988,2024-02-18 09:28:35,2024-02-18 15:35:03,"[CTPPS, CTPPS_TOT, ECAL, ES, GEM, HCAL, L1SCOUT, RPC]",0.0,0.0,15114051,cosmics2024/v5,/cdaq/cosmic/commissioning2024/v1.0/HLT/V1,Commissioning2024,4
376837,9322,21838,2024-02-18 15:40:52,2024-02-18 21:44:50,"[CTPPS, CTPPS_TOT, ECAL, ES, GEM, HCAL, L1SCOUT, RPC]",0.0,0.0,15033982,cosmics2024/v5,/cdaq/cosmic/commissioning2024/v1.0/HLT/V1,Commissioning2024,4
376838,9322,36388,2024-02-18 21:51:48,2024-02-19 07:58:16,"[CTPPS, CTPPS_TOT, ECAL, ES, GEM, HCAL, L1SCOUT, RPC]",0.0,0.0,24160718,cosmics2024/v5,/cdaq/cosmic/commissioning2024/v1.0/HLT/V1,Commissioning2024,4
376839,9322,1807,2024-02-19 08:01:26,2024-02-19 08:31:33,"[CSC, CTPPS, CTPPS_TOT, ECAL, ES, GEM, HCAL, L1SCOUT, RPC]",0.0,0.0,19584818,cosmics2024/v5,/cdaq/cosmic/commissioning2024/v1.0/HLT/V1,Commissioning2024,4
376840,9322,66,2024-02-19 08:32:29,2024-02-19 08:33:34,"[CSC, CTPPS, CTPPS_TOT, ECAL, ES, GEM, HCAL, L1SCOUT, RPC]",0.0,0.0,1829581,cosmics2024/v5,/cdaq/cosmic/commissioning2024/v1.0/HLT/V1,Commissioning2024,4
376841,9322,999,2024-02-19 08:36:37,2024-02-19 08:53:16,"[CSC, CTPPS, CTPPS_TOT, ECAL, ES, GEM, HCAL, L1SCOUT, RPC]",0.0,0.0,73700900,cosmics2024/v5,/cdaq/cosmic/commissioning2024/v1.0/HLT/V1,Commissioning2024,4
376842,9322,283,2024-02-19 08:55:18,2024-02-19 09:00:01,"[CSC, CTPPS, CTPPS_TOT, ECAL, ES, GEM, HCAL, L1SCOUT, RPC]",0.0,0.0,24747292,cosmics2024/v6,/cdaq/cosmic/commissioning2024/v1.0/HLT/V1,Commissioning2024,4
376843,9322,94,2024-02-19 09:03:17,2024-02-19 09:04:50,"[CSC, CTPPS, CTPPS_TOT, DT, ECAL, ES, GEM, HCAL, L1SCOUT, RPC]",0.0,0.0,1793,cosmics2024/v6,/cdaq/cosmic/commissioning2024/v1.0/HLT/V1,Commissioning2024,4
376844,9322,64,2024-02-19 09:07:07,2024-02-19 09:08:11,"[CSC, CTPPS, CTPPS_TOT, DT, ECAL, ES, GEM, HCAL, L1SCOUT, RPC]",0.0,0.0,768,cosmics2024/v6,/cdaq/cosmic/commissioning2024/v1.0/HLT/V1,Commissioning2024,4
376845,9322,71,2024-02-19 09:11:28,2024-02-19 09:12:39,"[CSC, CTPPS, CTPPS_TOT, DT, ECAL, ES, GEM, HCAL, L1SCOUT, RPC]",0.0,0.0,3579,cosmics2024/v6,/cdaq/cosmic/commissioning2024/v1.0/HLT/V1,Commissioning2024,4
376849,9322,162,2024-02-19 09:44:38,2024-02-19 09:47:20,"[CTPPS, CTPPS_TOT, DT, ECAL, ES, GEM, HCAL, L1SCOUT, PIXEL, RPC, TRACKER]",0.0,0.0,10705705,cosmics2024/v8,/cdaq/cosmic/commissioning2024/v1.0/HLT/V1,Commissioning2024,4
376851,9322,228,2024-02-19 09:52:31,2024-02-19 09:56:19,"[CTPPS, CTPPS_TOT, DT, ECAL, ES, GEM, HCAL, L1SCOUT, PIXEL, RPC]",,,,cosmics2024/v8,,Commissioning2024,
376854,9322,87,2024-02-19 09:57:43,2024-02-19 09:59:10,"[CTPPS, CTPPS_TOT, DT, ECAL, ES, GEM, HCAL, L1SCOUT, PIXEL, RPC]",0.0,0.0,1537,cosmics2024/v8,/cdaq/cosmic/commissioning2024/v1.0/HLT/V1,Commissioning2024,4
376856,9322,2015,2024-02-19 10:03:12,2024-02-19 10:36:47,"[CTPPS, CTPPS_TOT, DT, ECAL, ES, GEM, HCAL, L1SCOUT, PIXEL, RPC]",0.0,0.0,205572478,cosmics2024/v8,/cdaq/cosmic/commissioning2024/v1.0/HLT/V1,Commissioning2024,4
376857,9322,382,2024-02-19 10:39:40,2024-02-19 10:46:02,"[CTPPS, CTPPS_TOT, DT, ECAL, ES, GEM, HCAL, PIXEL, RPC]",0.0,0.0,1943649,testingl1t/v95,/cdaq/cosmic/commissioning2024/v1.0/HLT/V1,Commissioning2024,4
376858,9322,783,2024-02-19 10:50:59,2024-02-19 11:04:02,"[CTPPS, CTPPS_TOT, DT, ECAL, ES, GEM, HCAL, L1SCOUT, PIXEL, RPC]",0.0,0.0,84320001,cosmics2024/v8,/cdaq/cosmic/commissioning2024/v1.0/HLT/V1,Commissioning2024,4
376859,9322,2045,2024-02-19 11:06:52,2024-02-19 11:40:57,"[CTPPS, CTPPS_TOT, DT, ECAL, ES, GEM, HCAL, PIXEL, RPC]",0.0,0.0,225920722,cosmics2024/v8,/cdaq/cosmic/commissioning2024/v1.0/HLT/V1,Commissioning2024,4
376860,9322,502,2024-02-19 11:42:37,2024-02-19 11:50:59,"[CTPPS, CTPPS_TOT, DT, ECAL, ES, GEM, HCAL, PIXEL, RPC]",0.0,0.0,55882190,cosmics2024/v8,/cdaq/cosmic/commissioning2024/v1.0/HLT/V1,Commissioning2024,4
376861,9322,593,2024-02-19 11:55:25,2024-02-19 12:05:19,"[CTPPS, CTPPS_TOT, ECAL, ES, GEM, HCAL, PIXEL, RPC]",0.0,0.0,496321,testingl1t/v95,/cdaq/cosmic/commissioning2024/v1.0/HLT/V1,Commissioning2024,4
376862,9322,4656,2024-02-19 12:07:06,2024-02-19 13:24:42,"[CTPPS, CTPPS_TOT, ECAL, ES, GEM, HCAL, PIXEL, RPC]",0.0,0.0,3959661,testingl1t/v96,/cdaq/cosmic/commissioning2024/v1.0/HLT/V1,Commissioning2024,4
376865,9322,494,2024-02-19 13:42:06,2024-02-19 13:50:20,"[CTPPS, CTPPS_TOT, ECAL, GEM, HCAL, PIXEL, RPC]",0.0,0.0,397378,testingl1t/v96,/cdaq/cosmic/commissioning2024/v1.0/HLT/V1,Commissioning2024,4
376869,9322,314,2024-02-19 13:56:14,2024-02-19 14:01:28,"[CTPPS, CTPPS_TOT, GEM, HCAL, PIXEL, RPC]",0.0,0.0,4381,testingl1t/v96,/cdaq/cosmic/commissioning2024/v1.0/HLT/V1,Commissioning2024,4
376870,9322,50,2024-02-19 14:03:36,2024-02-19 14:04:26,"[CTPPS, CTPPS_TOT, GEM, HCAL, PIXEL, RPC]",0.0,0.0,4355,testingl1t/v96,/cdaq/cosmic/commissioning2024/v1.0/HLT/V1,Commissioning2024,2
376871,9322,686,2024-02-19 14:06:54,2024-02-19 14:18:20,"[CTPPS, CTPPS_TOT, GEM, HCAL, PIXEL, RPC]",0.0,0.0,4327,testingl1t/v96,/cdaq/cosmic/commissioning2024/v1.0/HLT/V1,Commissioning2024,2
376872,9322,470,2024-02-19 14:20:44,2024-02-19 14:28:34,"[CTPPS, CTPPS_TOT, GEM, HCAL, PIXEL, RPC]",0.0,0.0,4314,testingl1t/v96,/cdaq/cosmic/commissioning2024/v1.0/HLT/V1,Commissioning2024,2
376873,9322,29,2024-02-19 14:40:18,2024-02-19 14:40:47,"[CTPPS, CTPPS_TOT, GEM, HCAL, PIXEL, RPC]",0.0,0.0,,testingl1t/v96,/cdaq/cosmic/commissioning2024/v1.0/HLT/V1,Commissioning2024,2
376874,9322,591,2024-02-19 14:43:47,2024-02-19 14:53:38,"[CTPPS, CTPPS_TOT, ES, GEM, HCAL, PIXEL, RPC]",0.0,0.0,537550,testingl1t/v96,/cdaq/cosmic/commissioning2024/v1.0/HLT/V1,Commissioning2024,2
376875,9322,20,2024-02-19 14:55:10,2024-02-19 14:55:30,"[CTPPS, CTPPS_TOT, ES, GEM, HCAL, PIXEL, RPC]",0.0,0.0,,testingl1t/v96,/cdaq/cosmic/commissioning2024/v1.0/HLT/V1,Commissioning2024,
376876,9322,587,2024-02-19 14:57:02,2024-02-19 15:06:49,"[CTPPS, CTPPS_TOT, ES, GEM, HCAL, PIXEL, RPC]",0.0,0.0,532054,testingl1t/v96,/cdaq/cosmic/commissioning2024/v1.0/HLT/V1,Commissioning2024,2
376877,9322,5,2024-02-19 15:08:38,2024-02-19 15:08:43,"[CTPPS, CTPPS_TOT, ES, GEM, HCAL, PIXEL, RPC]",0.0,0.0,,testingl1t/v96,/cdaq/cosmic/commissioning2024/v1.0/HLT/V1,Commissioning2024,
376878,9322,601,2024-02-19 15:10:01,2024-02-19 15:20:03,"[CTPPS, CTPPS_TOT, ES, GEM, HCAL, PIXEL, RPC]",0.0,0.0,537543,testingl1t/v96,/cdaq/cosmic/commissioning2024/v1.0/HLT/V1,Commissioning2024,2
376879,9322,50,2024-02-19 15:22:52,2024-02-19 15:23:42,"[CTPPS, CTPPS_TOT, ES, GEM, HCAL, PIXEL, RPC]",0.0,0.0,61,testingl1t/v96,/cdaq/cosmic/commissioning2024/v1.0/HLT/V1,Commissioning2024,2
376883,9322,12,2024-02-19 15:40:50,2024-02-19 15:41:02,"[CTPPS, CTPPS_TOT, ES, GEM, HCAL, PIXEL, RPC]",0.0,0.0,,testingl1t/v96,/cdaq/cosmic/commissioning2024/v1.0/HLT/V1,Commissioning2024,
376884,9322,1439,2024-02-19 15:43:04,2024-02-19 16:07:03,"[CTPPS, CTPPS_TOT, ES, GEM, HCAL, PIXEL, RPC, TRACKER]",0.0,0.0,1126464,testingl1t/v96,/cdaq/cosmic/commissioning2024/v1.0/HLT/V1,Commissioning2024,4
376885,9322,4262,2024-02-19 16:10:13,2024-02-19 17:21:16,"[CTPPS, CTPPS_TOT, ES, GEM, HCAL, RPC, TRACKER]",0.0,0.0,3266281,testingl1t/v96,/cdaq/cosmic/commissioning2024/v1.0/HLT/V1,Commissioning2024,4
376886,9322,1044,2024-02-19 17:25:52,2024-02-19 17:43:16,"[CTPPS, CTPPS_TOT, ES, GEM, HCAL, PIXEL, RPC, TRACKER]",0.0,0.0,815617,testingl1t/v96,/cdaq/cosmic/commissioning2024/v1.0/HLT/V1,Commissioning2024,4
376887,9322,7953,2024-02-19 17:48:15,2024-02-19 20:00:48,"[CTPPS, CTPPS_TOT, ES, GEM, HCAL, PIXEL, RPC, TRACKER]",0.0,0.0,6300506,testingl1t/v96,/cdaq/cosmic/commissioning2024/v1.0/HLT/V1,Commissioning2024,2
376888,9322,5677,2024-02-19 20:07:43,2024-02-19 21:42:20,"[CTPPS, CTPPS_TOT, ES, GEM, HCAL, PIXEL, RPC, TRACKER]",0.0,0.0,641169475,cosmics2024/v9,/cdaq/cosmic/commissioning2024/v1.0/HLT/V1,Commissioning2024,2
376889,9322,1366,2024-02-19 21:44:27,2024-02-19 22:07:12,"[CTPPS, CTPPS_TOT, ES, GEM, HCAL, PIXEL, RPC, TRACKER]",0.0,0.0,152939903,cosmics2024/v9,/cdaq/cosmic/commissioning2024/v1.0/HLT/V1,Commissioning2024,4
376890,9322,33665,2024-02-19 22:09:57,2024-02-20 07:31:02,"[CTPPS, CTPPS_TOT, ES, GEM, HCAL, PIXEL, RPC, TRACKER]",0.0,0.0,3841607356,cosmics2024/v9,/cdaq/cosmic/commissioning2024/v1.0/HLT/V1,Commissioning2024,4
376892,9322,4455,2024-02-20 07:34:19,2024-02-20 08:48:34,"[CTPPS, CTPPS_TOT, DT, ES, GEM, HCAL, PIXEL, RPC, TRACKER]",0.0,0.0,492778394,cosmics2024/v9,/cdaq/cosmic/commissioning2024/v1.0/HLT/V1,Commissioning2024,4
376893,9322,3900,2024-02-20 08:50:46,2024-02-20 09:55:46,"[CSC, CTPPS, CTPPS_TOT, DT, ES, GEM, HCAL, PIXEL, RPC, TRACKER]",0.0,0.0,437430422,cosmics2024/v9,/cdaq/cosmic/commissioning2024/v1.0/HLT/V1,Commissioning2024,4
376899,9322,1332,2024-02-20 10:05:52,2024-02-20 10:28:04,"[CSC, CTPPS, CTPPS_TOT, DT, ES, GEM, HCAL, PIXEL, RPC, TRACKER]",0.0,0.0,717631,cosmics2024/v9,/cdaq/cosmic/commissioning2024/v1.0/HLT/V1,Commissioning2024,4
376900,9322,1119,2024-02-20 10:29:22,2024-02-20 10:48:01,"[CSC, CTPPS, CTPPS_TOT, DT, ES, GEM, HCAL, PIXEL, RPC, TRACKER]",0.0,0.0,542681,cosmics2024/v9,/cdaq/cosmic/commissioning2024/v1.0/HLT/V1,Commissioning2024,4
376901,9322,434,2024-02-20 10:49:33,2024-02-20 10:56:47,"[CSC, CTPPS, CTPPS_TOT, DT, ES, GEM, HCAL, PIXEL, RPC, TRACKER]",0.0,0.0,247513,cosmics2024/v9,/cdaq/cosmic/commissioning2024/v1.0/HLT/V1,Commissioning2024,4
376902,9322,565,2024-02-20 10:58:08,2024-02-20 11:07:33,"[CSC, CTPPS, CTPPS_TOT, DT, ES, GEM, HCAL, PIXEL, RPC, TRACKER]",0.0,0.0,332211,cosmics2024/v9,/cdaq/cosmic/commissioning2024/v1.0/HLT/V1,Commissioning2024,4
376903,9322,916,2024-02-20 11:09:34,2024-02-20 11:24:50,"[CSC, CTPPS, CTPPS_TOT, DT, ES, GEM, HCAL, PIXEL, RPC, TRACKER]",0.0,0.0,550586,cosmics2024/v9,/cdaq/cosmic/commissioning2024/v1.0/HLT/V1,Commissioning2024,4
376904,9322,2255,2024-02-20 11:27:28,2024-02-20 12:05:03,"[CSC, CTPPS, CTPPS_TOT, DT, ES, GEM, HCAL, PIXEL, RPC, TRACKER]",0.0,0.0,1426511,cosmics2024/v9,/cdaq/cosmic/commissioning2024/v1.0/HLT/V1,Commissioning2024,4
376907,9322,1425,2024-02-20 12:09:14,2024-02-20 12:33:00,"[CSC, CTPPS, CTPPS_TOT, DT, ES, GEM, HCAL, PIXEL, RPC, TRACKER]",0.0,0.0,156561255,cosmics2024/v9,/cdaq/cosmic/commissioning2024/v1.0/HLT/V1,Commissioning2024,4
376910,9322,2683,2024-02-20 12:49:19,2024-02-20 13:34:02,"[CSC, CTPPS, CTPPS_TOT, DT, ES, GEM, HCAL, PIXEL, RPC, TRACKER]",0.0,0.0,291296110,cosmics2024/v10,/cdaq/cosmic/commissioning2024/v1.0/HLT/V1,Commissioning2024,4
376912,9322,154,2024-02-20 13:38:58,2024-02-20 13:41:33,"[CTPPS, CTPPS_TOT, DT, ES, GEM, HCAL, PIXEL, RPC, TRACKER]",0.0,0.0,6531436,cosmics2024/v10,/cdaq/cosmic/commissioning2024/v1.0/HLT/V1,Commissioning2024,4
376913,9322,1200,2024-02-20 13:43:55,2024-02-20 14:03:56,"[CTPPS, CTPPS_TOT, DT, ES, GEM, HCAL, PIXEL, RPC, TRACKER]",0.0,0.0,98696023,cosmics2024/v10,/cdaq/cosmic/commissioning2024/v1.0/HLT/V1,Commissioning2024,4
376914,9322,1703,2024-02-20 14:08:24,2024-02-20 14:36:47,"[CTPPS, CTPPS_TOT, DT, ECAL, ES, GEM, HCAL, PIXEL, RPC, TRACKER]",0.0,0.0,158018343,cosmics2024/v10,/cdaq/cosmic/commissioning2024/v1.0/HLT/V1,Commissioning2024,4
376919,9322,644,2024-02-20 14:40:33,2024-02-20 14:51:17,"[CTPPS, CTPPS_TOT, DT, ES, GEM, HCAL, PIXEL, RPC, TRACKER]",0.0,0.0,64302835,cosmics2024/v10,/cdaq/cosmic/commissioning2024/v1.0/HLT/V1,Commissioning2024,4
376920,9322,2846,2024-02-20 14:53:50,2024-02-20 15:41:16,"[CSC, CTPPS, CTPPS_TOT, DT, ES, GEM, HCAL, PIXEL, RPC, TRACKER]",0.0,0.0,320350085,cosmics2024/v10,/cdaq/cosmic/commissioning2024/v1.0/HLT/V1,Commissioning2024,4
376922,9322,393,2024-02-20 15:44:59,2024-02-20 15:51:32,"[CSC, CTPPS, CTPPS_TOT, DT, ES, GEM, HCAL, PIXEL, RPC, TRACKER]",0.0,0.0,259392,cosmics2024/v10,/cdaq/cosmic/commissioning2024/v1.0/HLT/V1,Commissioning2024,4
376923,9322,3045,2024-02-20 15:52:41,2024-02-20 16:43:26,"[CSC, CTPPS, CTPPS_TOT, DT, ES, GEM, HCAL, PIXEL, RPC, TRACKER]",0.0,0.0,248564280,cosmics2024/v10,/cdaq/cosmic/commissioning2024/v1.0/HLT/V1,Commissioning2024,4
376927,9322,1826,2024-02-20 18:06:51,2024-02-20 18:37:17,"[CTPPS, CTPPS_TOT, ES, GEM, HCAL, RPC]",0.0,0.0,204730982,cosmics2024/v10,/cdaq/cosmic/commissioning2024/v1.0/HLT/V1,Commissioning2024,4
376928,9322,44284,2024-02-20 18:44:43,2024-02-21 07:02:47,"[CTPPS, CTPPS_TOT, ES, GEM, HCAL, RPC]",0.0,0.0,5050940868,cosmics2024/v10,/cdaq/cosmic/commissioning2024/v1.0/HLT/V1,Commissioning2024,4
376939,9322,2773,2024-02-21 07:12:56,2024-02-21 07:59:09,"[CTPPS, CTPPS_TOT, DT, ES, GEM, HCAL, PIXEL, RPC]",0.0,0.0,282009396,cosmics2024/v10,/cdaq/cosmic/commissioning2024/v1.0/HLT/V1,Commissioning2024,4
376943,9322,1197,2024-02-21 08:02:05,2024-02-21 08:22:02,"[CTPPS, CTPPS_TOT, DT, ES, GEM, HCAL, PIXEL, RPC]",0.0,0.0,135806744,cosmics2024/v10,/cdaq/cosmic/commissioning2024/v1.0/HLT/V1,Commissioning2024,4
376944,9322,3194,2024-02-21 08:24:35,2024-02-21 09:17:49,"[CSC, CTPPS, CTPPS_TOT, DT, ES, GEM, HCAL, PIXEL, RPC]",0.0,0.0,359254824,cosmics2024/v10,/cdaq/cosmic/commissioning2024/v1.0/HLT/V1,Commissioning2024,4
376945,9322,2239,2024-02-21 09:19:40,2024-02-21 09:56:59,"[CSC, CTPPS, CTPPS_TOT, DT, ES, GEM, HCAL, L1SCOUT, PIXEL, RPC]",0.0,0.0,252887980,cosmics2024/v10,/cdaq/cosmic/commissioning2024/v1.0/HLT/V1,Commissioning2024,4
376946,9322,184,2024-02-21 10:00:12,2024-02-21 10:03:16,"[CSC, CTPPS, CTPPS_TOT, DT, ECAL, ES, GEM, HCAL, L1SCOUT, PIXEL, RPC]",0.0,0.0,81118,cosmics2024/v11,/cdaq/cosmic/commissioning2024/v1.0/HLT/V1,Commissioning2024,4
376950,9322,696,2024-02-21 10:33:55,2024-02-21 10:45:31,"[CSC, CTPPS, CTPPS_TOT, DT, ECAL, ES, GEM, HCAL, L1SCOUT, PIXEL, RPC]",0.0,0.0,74262013,cosmics2024/v11,/cdaq/cosmic/commissioning2024/v1.0/HLT/V1,Commissioning2024,4
376951,9322,1412,2024-02-21 10:49:40,2024-02-21 11:13:12,"[CSC, CTPPS, CTPPS_TOT, DT, ES, GEM, HCAL, L1SCOUT, PIXEL, RPC]",0.0,0.0,160184368,cosmics2024/v11,/cdaq/cosmic/commissioning2024/v1.0/HLT/V1,Commissioning2024,4
376952,9322,3909,2024-02-21 11:16:40,2024-02-21 12:21:49,"[CSC, CTPPS, CTPPS_TOT, DT, ECAL, ES, GEM, HCAL, L1SCOUT, PIXEL, RPC]",0.0,0.0,415669833,cosmics2024/v11,/cdaq/cosmic/commissioning2024/v1.0/HLT/V1,Commissioning2024,4
376953,9322,2281,2024-02-21 12:26:46,2024-02-21 13:04:47,"[CSC, CTPPS, CTPPS_TOT, DT, ECAL, ES, GEM, HCAL, L1SCOUT, PIXEL, RPC]",0.0,0.0,263909922,cosmics2024/v12,/cdaq/cosmic/commissioning2024/v1.0/HLT/V1,Commissioning2024,4
376954,9322,3023,2024-02-21 13:09:11,2024-02-21 13:59:34,"[CTPPS, CTPPS_TOT, DT, ECAL, ES, GEM, HCAL, L1SCOUT, PIXEL, RPC, TRACKER]",0.0,0.0,1772059,cosmics2024/v12,/cdaq/cosmic/commissioning2024/v1.0/HLT/V1,Commissioning2024,4
376957,9322,978,2024-02-21 14:05:31,2024-02-21 14:21:49,"[CSC, CTPPS, CTPPS_TOT, DT, GEM, HCAL, L1SCOUT, PIXEL, RPC]",0.0,0.0,85901641,cosmics2024/v12,/cdaq/cosmic/commissioning2024/v1.0/HLT/V1,Commissioning2024,4
376958,9322,927,2024-02-21 14:26:51,2024-02-21 14:42:18,"[CSC, CTPPS, CTPPS_TOT, DT, GEM, HCAL, L1SCOUT, RPC]",0.0,0.0,64808899,cosmics2024/v12,/cdaq/cosmic/commissioning2024/v1.0/HLT/V1,Commissioning2024,4
376960,9322,3433,2024-02-21 14:47:05,2024-02-21 15:44:19,"[CSC, CTPPS, CTPPS_TOT, DT, ES, GEM, HCAL, L1SCOUT, RPC]",0.0,0.0,387495519,cosmics2024/v12,/cdaq/cosmic/commissioning2024/v1.0/HLT/V1,Commissioning2024,4
376963,9322,2158,2024-02-21 15:48:42,2024-02-21 16:24:40,"[CSC, CTPPS, CTPPS_TOT, DT, GEM, HCAL, L1SCOUT, RPC]",0.0,0.0,240559678,cosmics2024/v12,/cdaq/cosmic/commissioning2024/v1.0/HLT/V1,Commissioning2024,4
376964,9322,91,2024-02-21 16:27:33,2024-02-21 16:29:04,"[CSC, CTPPS, CTPPS_TOT, DT, ES, GEM, HCAL, L1SCOUT, RPC]",0.0,0.0,10543873,cosmics2024/v12,/cdaq/cosmic/commissioning2024/v1.0/HLT/V1,Commissioning2024,4
376965,9322,108,2024-02-21 16:31:05,2024-02-21 16:32:53,"[CSC, CTPPS, CTPPS_TOT, DT, ES, GEM, L1SCOUT, RPC]",,,,cosmics2024/v12,,Commissioning2024,
376966,9322,207,2024-02-21 16:33:49,2024-02-21 16:37:16,"[CSC, CTPPS, CTPPS_TOT, DT, ES, GEM, L1SCOUT, RPC]",,,,cosmics2024/v12,,Commissioning2024,
376967,9322,206,2024-02-21 16:38:15,2024-02-21 16:41:41,"[CSC, CTPPS, CTPPS_TOT, DT, ES, GEM, L1SCOUT, RPC]",,,,cosmics2024/v12,,Commissioning2024,
376969,9322,89,2024-02-21 16:47:37,2024-02-21 16:49:06,"[CSC, CTPPS, CTPPS_TOT, DT, ES, GEM, L1SCOUT, RPC]",,,,cosmics2024/v12,,Commissioning2024,
376970,9322,431,2024-02-21 16:53:22,2024-02-21 17:00:33,"[CSC, CTPPS, CTPPS_TOT, DT, ES, GEM, HCAL, L1SCOUT, RPC]",0.0,0.0,44836127,cosmics2024/v12,/cdaq/cosmic/commissioning2024/v1.0/HLT/V1,Commissioning2024,4
376971,9322,135,2024-02-21 17:03:07,2024-02-21 17:05:22,"[CSC, CTPPS, CTPPS_TOT, DT, ES, GEM, L1SCOUT, RPC]",,,,cosmics2024/v12,,Commissioning2024,
376972,9322,50,2024-02-21 17:07:24,2024-02-21 17:08:14,"[CSC, CTPPS, CTPPS_TOT, DT, ES, GEM, L1SCOUT, RPC]",0.0,0.0,111,cosmics2024/v12,/cdaq/cosmic/commissioning2024/v1.0/HLT/V1,Commissioning2024,4
376973,9322,88,2024-02-21 17:10:03,2024-02-21 17:11:31,"[CSC, CTPPS, CTPPS_TOT, DT, ES, GEM, L1SCOUT, RPC]",0.0,0.0,111,cosmics2024/v12,/cdaq/cosmic/commissioning2024/v1.0/HLT/V1,Commissioning2024,4
376974,9322,1294,2024-02-21 17:14:15,2024-02-21 17:35:48,"[CSC, CTPPS, CTPPS_TOT, DT, ES, GEM, L1SCOUT, RPC]",0.0,0.0,143785802,cosmics2024/v12,/cdaq/cosmic/commissioning2024/v1.0/HLT/V1,Commissioning2024,4
376975,9322,57,2024-02-21 17:49:00,2024-02-21 17:49:57,"[CTPPS, CTPPS_TOT, ES, GEM, L1SCOUT, RPC]",0.0,0.0,3301232,cosmics2024/v12,/cdaq/cosmic/commissioning2024/v1.0/HLT/V1,Commissioning2024,4
376976,9322,161,2024-02-21 17:53:01,2024-02-21 17:55:42,"[CTPPS, CTPPS_TOT, ES, GEM, L1SCOUT, RPC]",0.0,0.0,23938760,cosmics2024/v12,/cdaq/cosmic/commissioning2024/v1.0/HLT/V1,Commissioning2024,4
376977,9322,3032,2024-02-21 17:58:17,2024-02-21 18:48:48,"[CTPPS, CTPPS_TOT, ES, GEM, L1SCOUT, RPC]",0.0,0.0,343965497,cosmics2024/v12,/cdaq/cosmic/commissioning2024/v1.0/HLT/V1,Commissioning2024,4
376978,9322,2812,2024-02-21 18:51:25,2024-02-21 19:38:17,"[CTPPS, CTPPS_TOT, ES, GEM, L1SCOUT, RPC]",0.0,0.0,322701485,cosmics2024/v13,/cdaq/cosmic/commissioning2024/v1.0/HLT/V1,Commissioning2024,4
376979,9322,15456,2024-02-21 20:15:50,2024-02-22 00:33:26,"[CTPPS, CTPPS_TOT, GEM, L1SCOUT, RPC]",0.0,0.0,1745828427,cosmics2024/v13,/cdaq/cosmic/commissioning2024/v1.0/HLT/V1,Commissioning2024,4
376980,9322,28382,2024-02-22 00:37:55,2024-02-22 08:30:57,"[CTPPS, CTPPS_TOT, GEM, L1SCOUT, RPC]",0.0,0.0,3245123527,cosmics2024/v13,/cdaq/cosmic/commissioning2024/v1.0/HLT/V1,Commissioning2024,4
376981,9322,1698,2024-02-22 08:37:45,2024-02-22 09:06:03,"[CSC, CTPPS, CTPPS_TOT, ECAL, ES, GEM, L1SCOUT, PIXEL, RPC]",0.0,0.0,169431360,cosmics2024/v13,/cdaq/cosmic/commissioning2024/v1.0/HLT/V1,Commissioning2024,4
376982,9322,809,2024-02-22 09:17:17,2024-02-22 09:30:46,"[CSC, CTPPS, CTPPS_TOT, ECAL, ES, GEM, HCAL, L1SCOUT, PIXEL, RPC]",0.0,0.0,143826206,cosmics2024/v13,/cdaq/cosmic/commissioning2024/v1.0/HLT/V1,Commissioning2024,4
376984,9322,1338,2024-02-22 10:14:13,2024-02-22 10:36:31,"[CSC, CTPPS, CTPPS_TOT, ECAL, ES, GEM, HCAL, L1SCOUT, PIXEL, RPC]",0.0,0.0,146132818,cosmics2024/v13,/cdaq/cosmic/commissioning2024/v1.0/HLT/V1,Commissioning2024,4
376985,9322,12362,2024-02-22 10:38:45,2024-02-22 14:04:47,"[CSC, CTPPS, CTPPS_TOT, ECAL, GEM, HCAL, L1SCOUT, PIXEL, RPC]",0.0,0.0,1405909662,cosmics2024/v13,/cdaq/cosmic/commissioning2024/v1.0/HLT/V1,Commissioning2024,4
376994,9322,93,2024-02-22 18:40:21,2024-02-22 18:41:54,"[CTPPS, CTPPS_TOT, ECAL, GEM, L1SCOUT, RPC]",0.0,0.0,235,cosmics2024/v13,/cdaq/cosmic/commissioning2024/v1.0/HLT/V1,Commissioning2024,4
376995,9322,183,2024-02-22 18:48:04,2024-02-22 18:51:08,"[CTPPS, CTPPS_TOT, ECAL, GEM, L1SCOUT, RPC]",0.0,0.0,7684,cosmics2024/v13,/cdaq/cosmic/commissioning2024/v1.0/HLT/V1,Commissioning2024,4
376996,9322,77,2024-02-22 18:56:40,2024-02-22 18:57:57,"[CTPPS, CTPPS_TOT, ECAL, GEM, L1SCOUT, RPC]",,,,cosmics2024/v13,/cdaq/cosmic/commissioning2024/v1.0/HLT/V1,Commissioning2024,
376997,9322,79,2024-02-22 19:03:01,2024-02-22 19:04:20,"[CTPPS, CTPPS_TOT, ECAL, GEM, L1SCOUT, RPC]",0.0,0.0,2053,cosmics2024/v13,/cdaq/cosmic/commissioning2024/v1.0/HLT/V1,Commissioning2024,4
376998,9322,198,2024-02-22 19:12:17,2024-02-22 19:15:35,"[CTPPS, CTPPS_TOT, ECAL, GEM, L1SCOUT, RPC, TRACKER]",,,,cosmics2024/v13,,Commissioning2024,
377000,9322,417,2024-02-22 19:19:22,2024-02-22 19:26:19,"[CTPPS, CTPPS_TOT, ECAL, GEM, L1SCOUT, RPC, TRACKER]",0.0,0.0,40710093,cosmics2024/v13,/cdaq/cosmic/commissioning2024/v1.0/HLT/V1,Commissioning2024,4
377001,9322,101,2024-02-22 19:29:29,2024-02-22 19:31:10,"[CTPPS, CTPPS_TOT, ECAL, GEM, L1SCOUT, RPC]",0.0,0.0,2305,cosmics2024/v13,/cdaq/cosmic/commissioning2024/v1.0/HLT/V1,Commissioning2024,4
377002,9322,523,2024-02-22 19:36:51,2024-02-22 19:45:34,"[CTPPS, CTPPS_TOT, ECAL, GEM, L1SCOUT, RPC, TRACKER]",0.0,0.0,58606509,cosmics2024/v13,/cdaq/cosmic/commissioning2024/v1.0/HLT/V1,Commissioning2024,4
377003,9322,1803,2024-02-22 19:47:55,2024-02-22 20:17:58,"[CTPPS, CTPPS_TOT, ECAL, GEM, L1SCOUT, RPC, TRACKER]",0.0,0.0,205413463,cosmics2024/v13,/cdaq/cosmic/commissioning2024/v1.0/HLT/V1,Commissioning2024,4
377005,9322,97,2024-02-22 20:21:10,2024-02-22 20:22:47,"[CTPPS, CTPPS_TOT, ECAL, GEM, L1SCOUT, RPC]",0.0,0.0,4794,cosmics2024/v13,/cdaq/cosmic/commissioning2024/v1.0/HLT/V1,Commissioning2024,4
377006,9322,20288,2024-02-22 20:26:54,2024-02-23 02:05:02,"[CTPPS, CTPPS_TOT, ECAL, GEM, L1SCOUT, RPC]",0.0,0.0,2281090561,cosmics2024/v13,/cdaq/cosmic/commissioning2024/v1.0/HLT/V1,Commissioning2024,4
377007,9322,18794,2024-02-23 02:08:32,2024-02-23 07:21:46,"[CTPPS, CTPPS_TOT, ECAL, GEM, L1SCOUT, RPC]",0.0,0.0,2146359873,cosmics2024/v13,/cdaq/cosmic/commissioning2024/v1.0/HLT/V1,Commissioning2024,4
377030,9322,1799,2024-02-23 15:33:04,2024-02-23 16:03:03,"[CTPPS, CTPPS_TOT, ECAL, GEM, L1SCOUT, PIXEL, RPC]",0.0,0.0,202566176,cosmics2024/v13,/cdaq/cosmic/commissioning2024/v1.0/HLT/V1,Commissioning2024,4
377031,9322,4017,2024-02-23 16:06:52,2024-02-23 17:13:49,"[CTPPS, CTPPS_TOT, ECAL, GEM, HCAL, L1SCOUT, PIXEL, RPC, TRACKER]",0.0,0.0,443115166,cosmics2024/v13,/cdaq/cosmic/commissioning2024/v1.0/HLT/V1,Commissioning2024,4
377038,9322,2986,2024-02-23 17:16:59,2024-02-23 18:06:45,"[CTPPS, CTPPS_TOT, ECAL, GEM, HCAL, L1SCOUT, RPC, TRACKER]",0.0,0.0,335967520,cosmics2024/v13,/cdaq/cosmic/commissioning2024/v1.0/HLT/V1,Commissioning2024,4
377042,9322,3301,2024-02-23 18:11:15,2024-02-23 19:06:16,"[CTPPS, CTPPS_TOT, ECAL, GEM, HCAL, L1SCOUT, RPC]",0.0,0.0,375562868,cosmics2024/v13,/cdaq/cosmic/commissioning2024/v1.0/HLT/V1,Commissioning2024,4
377044,9322,1625,2024-02-23 19:10:38,2024-02-23 19:37:43,"[CTPPS, CTPPS_TOT, ECAL, GEM, L1SCOUT, RPC]",0.0,0.0,183595305,cosmics2024/v13,/cdaq/cosmic/commissioning2024/v1.0/HLT/V1,Commissioning2024,4
377045,9322,62,2024-02-23 19:41:26,2024-02-23 19:42:28,"[CTPPS, CTPPS_TOT, ECAL, GEM, HCAL, L1SCOUT, RPC]",,,,cosmics2024/v13,,Commissioning2024,
377046,9322,3125,2024-02-23 19:44:10,2024-02-23 20:36:15,"[CTPPS, CTPPS_TOT, ECAL, GEM, HCAL, L1SCOUT, RPC]",0.0,0.0,348174578,cosmics2024/v13,/cdaq/cosmic/commissioning2024/v1.0/HLT/V1,Commissioning2024,4
377049,9322,5426,2024-02-23 20:39:37,2024-02-23 22:10:03,"[CTPPS, CTPPS_TOT, ECAL, GEM, L1SCOUT, RPC]",0.0,0.0,617603202,cosmics2024/v13,/cdaq/cosmic/commissioning2024/v1.0/HLT/V1,Commissioning2024,4
377050,9322,12518,2024-02-23 22:14:06,2024-02-24 01:42:44,"[CTPPS, CTPPS_TOT, ECAL, GEM, L1SCOUT, RPC]",0.0,0.0,1426646607,cosmics2024/v13,/cdaq/cosmic/commissioning2024/v1.0/HLT/V1,Commissioning2024,4
377051,9322,19822,2024-02-24 01:45:27,2024-02-24 07:15:49,"[CTPPS, CTPPS_TOT, ECAL, GEM, L1SCOUT, RPC]",0.0,0.0,2263091150,cosmics2024/v13,/cdaq/cosmic/commissioning2024/v1.0/HLT/V1,Commissioning2024,4
377053,9322,110,2024-02-24 07:20:07,2024-02-24 07:21:57,"[CTPPS, CTPPS_TOT, ECAL, GEM, L1SCOUT, RPC]",0.0,0.0,314359,cosmics2024/v13,/cdaq/cosmic/commissioning2024/v1.0/HLT/V1,Commissioning2024,4
377055,9322,10739,2024-02-24 07:26:05,2024-02-24 10:25:04,"[CTPPS, CTPPS_TOT, ECAL, GEM, L1SCOUT, RPC]",0.0,0.0,1223081145,cosmics2024/v13,/cdaq/cosmic/commissioning2024/v1.0/HLT/V1,Commissioning2024,4
377056,9322,5443,2024-02-24 10:26:58,2024-02-24 11:57:41,"[CTPPS, CTPPS_TOT, ECAL, GEM, L1SCOUT, PIXEL, RPC]",0.0,0.0,571766318,cosmics2024/v13,/cdaq/cosmic/commissioning2024/v1.0/HLT/V1,Commissioning2024,4
377057,9322,7565,2024-02-24 12:00:30,2024-02-24 14:06:34,"[CTPPS, CTPPS_TOT, ECAL, GEM, L1SCOUT, PIXEL, RPC]",0.0,0.0,864273286,cosmics2024/v13,/cdaq/cosmic/commissioning2024/v1.0/HLT/V1,Commissioning2024,4
377058,9322,3861,2024-02-24 14:08:52,2024-02-24 15:13:14,"[CSC, CTPPS, CTPPS_TOT, ECAL, GEM, L1SCOUT, PIXEL, RPC]",0.0,0.0,439885938,cosmics2024/v13,/cdaq/cosmic/commissioning2024/v1.0/HLT/V1,Commissioning2024,4
377059,9322,127,2024-02-24 15:16:13,2024-02-24 15:18:20,"[CTPPS, CTPPS_TOT, ECAL, GEM, L1SCOUT, PIXEL, RPC]",0.0,0.0,13226627,cosmics2024/v13,/cdaq/cosmic/commissioning2024/v1.0/HLT/V1,Commissioning2024,4
377060,9322,5261,2024-02-24 15:21:17,2024-02-24 16:48:57,"[CTPPS, CTPPS_TOT, ECAL, GEM, L1SCOUT, RPC]",0.0,0.0,599896010,cosmics2024/v13,/cdaq/cosmic/commissioning2024/v1.0/HLT/V1,Commissioning2024,4
377061,9322,14214,2024-02-24 16:52:10,2024-02-24 20:49:04,"[CTPPS, CTPPS_TOT, ECAL, GEM, L1SCOUT, RPC]",0.0,0.0,1618497695,cosmics2024/v13,/cdaq/cosmic/commissioning2024/v1.0/HLT/V1,Commissioning2024,4
377063,9322,44857,2024-02-24 20:54:54,2024-02-25 09:22:31,"[CTPPS, CTPPS_TOT, ECAL, GEM, L1SCOUT, RPC]",0.0,0.0,5121522292,cosmics2024/v13,/cdaq/cosmic/commissioning2024/v1.0/HLT/V1,Commissioning2024,4
377064,9322,22458,2024-02-25 09:24:15,2024-02-25 15:38:33,"[CTPPS, CTPPS_TOT, ECAL, GEM, L1SCOUT, PIXEL, RPC]",0.0,0.0,2566972929,cosmics2024/v13,/cdaq/cosmic/commissioning2024/v1.0/HLT/V1,Commissioning2024,4
377065,9322,40053,2024-02-25 15:41:29,2024-02-26 02:49:02,"[CTPPS, CTPPS_TOT, ECAL, GEM, L1SCOUT, RPC]",0.0,0.0,4560210816,cosmics2024/v13,/cdaq/cosmic/commissioning2024/v1.0/HLT/V1,Commissioning2024,4
377068,9322,13366,2024-02-26 03:18:19,2024-02-26 07:01:05,"[CTPPS, CTPPS_TOT, ECAL, GEM, L1SCOUT, RPC, TRACKER]",0.0,0.0,1521932598,cosmics2024/v13,/cdaq/cosmic/commissioning2024/v1.0/HLT/V1,Commissioning2024,4
377078,9322,109,2024-02-27 15:24:37,2024-02-27 15:26:26,"[CSC, CTPPS, CTPPS_TOT, DT, ECAL, ES, GEM, HCAL, PIXEL, RPC, TRACKER, TRG]",0.0,0.0,46245,cosmics2024/v13,/cdaq/cosmic/commissioning2024/v1.0/HLT/V1,Commissioning2024,
377113,9322,393,2024-02-27 15:41:30,2024-02-27 15:48:03,"[CSC, CTPPS, CTPPS_TOT, DT, ECAL, ES, GEM, HCAL, PIXEL, RPC, TRACKER]",0.0,0.0,129420,cosmics2024/v13,/cdaq/cosmic/commissioning2024/v1.0/HLT/V1,Commissioning2024,4
377115,9322,1125,2024-02-27 15:52:47,2024-02-27 16:11:32,"[CSC, CTPPS, CTPPS_TOT, DT, ECAL, ES, GEM, HCAL, PIXEL, RPC, TRACKER]",0.0,0.0,553004,cosmics2024/v13,/cdaq/cosmic/commissioning2024/v1.0/HLT/V1,Commissioning2024,4
377116,9322,201,2024-02-27 16:17:41,2024-02-27 16:21:01,"[CSC, CTPPS, CTPPS_TOT, DT, ECAL, ES, GEM, HCAL, PIXEL, RPC, TRACKER]",0.0,0.0,92443,cosmics2024/v13,/cdaq/cosmic/commissioning2024/v1.0/HLT/V1,Commissioning2024,4
377117,9322,225,2024-02-27 16:23:17,2024-02-27 16:27:02,"[CSC, CTPPS, CTPPS_TOT, DT, ECAL, ES, GEM, HCAL, PIXEL, RPC, TRACKER]",0.0,0.0,103893,cosmics2024/v13,/cdaq/cosmic/commissioning2024/v1.0/HLT/V1,Commissioning2024,4
377118,9322,574,2024-02-27 16:28:12,2024-02-27 16:37:46,"[CSC, CTPPS, CTPPS_TOT, DT, ECAL, ES, GEM, HCAL, PIXEL, RPC, TRACKER]",0.0,0.0,277128,cosmics2024/v13,/cdaq/cosmic/commissioning2024/v1.0/HLT/V1,Commissioning2024,4
377120,9322,2578,2024-02-27 18:11:36,2024-02-27 18:54:33,"[CSC, CTPPS, CTPPS_TOT, DT, ECAL, ES, GEM, HCAL, L1SCOUT, PIXEL, RPC, TRACKER]",0.0,0.0,1501616,cosmics2024/v13,/cdaq/cosmic/commissioning2024/v1.0/HLT/V1,Commissioning2024,4
377122,9322,335,2024-02-27 18:56:45,2024-02-27 19:02:20,"[CSC, CTPPS, CTPPS_TOT, DT, ECAL, ES, GEM, HCAL, L1SCOUT, PIXEL, RPC, TRACKER]",0.0,0.0,3267,cosmics2024/v13,/cdaq/cosmic/commissioning2024/v1.0/HLT/V1,Commissioning2024,4
377125,9322,440,2024-02-27 20:28:44,2024-02-27 20:36:05,"[CTPPS, CTPPS_TOT, ECAL, ES, GEM, L1SCOUT, RPC]",0.0,0.0,36229578,cosmics2024/v13,/cdaq/cosmic/commissioning2024/v1.0/HLT/V1,Commissioning2024,4
377126,9322,2567,2024-02-27 20:37:29,2024-02-27 21:20:16,"[CTPPS, CTPPS_TOT, ECAL, ES, GEM, L1SCOUT, RPC]",0.0,0.0,293339058,cosmics2024/v13,/cdaq/cosmic/commissioning2024/v1.0/HLT/V1,Commissioning2024,4
377127,9322,34937,2024-02-27 21:22:32,2024-02-28 07:04:49,"[CTPPS, CTPPS_TOT, ECAL, ES, L1SCOUT, RPC]",0.0,0.0,3964744841,cosmics2024/v13,/cdaq/cosmic/commissioning2024/v1.0/HLT/V1,Commissioning2024,4
377128,9322,4526,2024-02-28 07:08:16,2024-02-28 08:23:41,"[CSC, CTPPS, CTPPS_TOT, ECAL, ES, L1SCOUT, RPC]",0.0,0.0,504863711,cosmics2024/v13,/cdaq/cosmic/commissioning2024/v1.0/HLT/V1,Commissioning2024,4
377129,9322,2360,2024-02-28 08:25:55,2024-02-28 09:05:15,"[CSC, CTPPS, CTPPS_TOT, ECAL, ES, GEM, L1SCOUT, RPC]",0.0,0.0,267065528,cosmics2024/v13,/cdaq/cosmic/commissioning2024/v1.0/HLT/V1,Commissioning2024,4
377139,9322,5166,2024-02-28 10:04:59,2024-02-28 11:31:06,"[CSC, CTPPS, CTPPS_TOT, DT, ES, GEM, HCAL, L1SCOUT, PIXEL, RPC, TRACKER]",0.0,0.0,4259523,cosmics2024/v13,/cdaq/cosmic/commissioning2024/v1.0/HLT/V1,Commissioning2024,4
377146,9322,1031,2024-02-28 11:33:31,2024-02-28 11:50:42,"[CSC, CTPPS, CTPPS_TOT, DT, ES, GEM, L1SCOUT, PIXEL, RPC, TRACKER]",0.0,0.0,577444,cosmics2024/v13,/cdaq/cosmic/commissioning2024/v1.0/HLT/V1,Commissioning2024,4
377148,9322,321,2024-02-28 11:56:08,2024-02-28 12:01:29,"[CSC, CTPPS, CTPPS_TOT, DT, ES, GEM, HCAL, L1SCOUT, PIXEL, RPC]",0.0,0.0,141451,cosmics2024/v13,/cdaq/cosmic/commissioning2024/v1.0/HLT/V1,Commissioning2024,4
377149,9322,158,2024-02-28 12:03:16,2024-02-28 12:05:54,"[CSC, CTPPS, CTPPS_TOT, DT, ES, GEM, HCAL, L1SCOUT, PIXEL, RPC]",0.0,0.0,17614,cosmics2024/v13,/cdaq/cosmic/commissioning2024/v1.0/HLT/V1,Commissioning2024,4
377150,9322,298,2024-02-28 12:08:35,2024-02-28 12:13:33,"[CSC, CTPPS, CTPPS_TOT, ES, GEM, HCAL, L1SCOUT, PIXEL, RPC]",0.0,0.0,140500,cosmics2024/v13,/cdaq/cosmic/commissioning2024/v1.0/HLT/V1,Commissioning2024,4
377151,9322,124,2024-02-28 12:17:53,2024-02-28 12:19:57,"[CSC, CTPPS, CTPPS_TOT, ES, GEM, HCAL, L1SCOUT, PIXEL, RPC]",0.0,0.0,59,cosmics2024/v13,/cdaq/cosmic/commissioning2024/v1.0/HLT/V1,Commissioning2024,4
377152,9322,190,2024-02-28 12:22:36,2024-02-28 12:25:46,"[CSC, CTPPS, CTPPS_TOT, ES, GEM, HCAL, L1SCOUT, PIXEL, RPC]",0.0,0.0,97,cosmics2024/v13,/cdaq/cosmic/commissioning2024/v1.0/HLT/V1,Commissioning2024,4
377153,9322,4344,2024-02-28 12:27:54,2024-02-28 13:40:18,"[CSC, CTPPS, CTPPS_TOT, ES, GEM, HCAL, L1SCOUT, PIXEL, RPC, TRACKER]",0.0,0.0,2648226,cosmics2024/v13,/cdaq/cosmic/commissioning2024/v1.0/HLT/V1,Commissioning2024,4
377155,9322,72,2024-02-28 13:43:23,2024-02-28 13:44:35,"[CSC, CTPPS, CTPPS_TOT, ES, GEM, HCAL, L1SCOUT, PIXEL, RPC]",0.0,0.0,16365,cosmics2024/v13,/cdaq/cosmic/commissioning2024/v1.0/HLT/V1,Commissioning2024,4
377157,9322,125,2024-02-28 13:47:37,2024-02-28 13:49:42,"[CSC, CTPPS, CTPPS_TOT, ES, GEM, HCAL, L1SCOUT, PIXEL, RPC]",0.0,0.0,16,cosmics2024/v13,/cdaq/cosmic/commissioning2024/v1.0/HLT/V1,Commissioning2024,4
377158,9322,56,2024-02-28 13:55:01,2024-02-28 13:55:57,"[CSC, CTPPS, CTPPS_TOT, ES, GEM, HCAL, L1SCOUT, PIXEL, RPC]",0.0,0.0,2262,cosmics2024/v13,/cdaq/cosmic/commissioning2024/v1.0/HLT/V1,Commissioning2024,4
377159,9322,235,2024-02-28 14:01:48,2024-02-28 14:05:43,"[CSC, CTPPS, CTPPS_TOT, ES, GEM, HCAL, L1SCOUT, PIXEL, RPC, TRACKER]",0.0,0.0,17511937,cosmics2024/v13,/cdaq/cosmic/commissioning2024/v1.0/HLT/V1,Commissioning2024,4
377160,9322,968,2024-02-28 14:08:05,2024-02-28 14:24:13,"[CSC, CTPPS, CTPPS_TOT, ES, GEM, HCAL, L1SCOUT, PIXEL, RPC, TRACKER]",0.0,0.0,96312115,cosmics2024/v13,/cdaq/cosmic/commissioning2024/v1.0/HLT/V1,Commissioning2024,4
377161,9322,43,2024-02-28 14:28:06,2024-02-28 14:28:50,"[CSC, CTPPS, CTPPS_TOT, ES, GEM, HCAL, L1SCOUT, PIXEL, RPC]",0.0,0.0,1,cosmics2024/v13,/cdaq/cosmic/commissioning2024/v1.0/HLT/V1,Commissioning2024,4
377162,9322,322,2024-02-28 14:31:55,2024-02-28 14:37:17,"[CTPPS, CTPPS_TOT, ES, GEM, HCAL, L1SCOUT, PIXEL, RPC]",0.0,0.0,13,cosmics2024/v13,/cdaq/cosmic/commissioning2024/v1.0/HLT/V1,Commissioning2024,4
377166,9322,146,2024-02-28 14:40:11,2024-02-28 14:42:36,"[CTPPS, CTPPS_TOT, ES, GEM, HCAL, L1SCOUT, PIXEL, RPC]",0.0,0.0,3947,cosmics2024/v13,/cdaq/cosmic/commissioning2024/v1.0/HLT/V1,Commissioning2024,4
377170,9322,5842,2024-02-28 14:58:47,2024-02-28 16:36:09,"[CTPPS, CTPPS_TOT, ES, GEM, HCAL, L1SCOUT, PIXEL, RPC]",0.0,0.0,658790449,cosmics2024/v13,/cdaq/cosmic/commissioning2024/v1.0/HLT/V1,Commissioning2024,4
377174,9322,1682,2024-02-28 16:39:29,2024-02-28 17:07:31,"[CTPPS, CTPPS_TOT, ES, GEM, HCAL, L1SCOUT, PIXEL, RPC]",0.0,0.0,189164479,cosmics2024/v14,/cdaq/cosmic/commissioning2024/v1.0/HLT/V1,Commissioning2024,4
377175,9322,2855,2024-02-28 17:10:15,2024-02-28 17:57:50,"[CTPPS, CTPPS_TOT, ES, GEM, HCAL, L1SCOUT, RPC]",0.0,0.0,314931214,cosmics2024/v14,/cdaq/cosmic/commissioning2024/v1.0/HLT/V1,Commissioning2024,4
377176,9322,5358,2024-02-28 18:00:40,2024-02-28 19:29:58,"[CTPPS, CTPPS_TOT, ES, GEM, L1SCOUT, RPC]",0.0,0.0,602071936,cosmics2024/v14,/cdaq/cosmic/commissioning2024/v1.0/HLT/V1,Commissioning2024,4
377177,9322,17429,2024-02-28 19:34:21,2024-02-29 00:24:50,"[CTPPS, CTPPS_TOT, GEM, L1SCOUT, RPC]",0.0,0.0,1913549665,cosmics2024/v14,/cdaq/cosmic/commissioning2024/v1.0/HLT/V1,Commissioning2024,4
377178,9322,27200,2024-02-29 00:34:28,2024-02-29 08:07:48,"[CTPPS, CTPPS_TOT, GEM, L1SCOUT, RPC]",0.0,0.0,3029798914,cosmics2024/v14,/cdaq/cosmic/commissioning2024/v1.0/HLT/V1,Commissioning2024,4
377179,9322,1217,2024-02-29 08:12:33,2024-02-29 08:32:50,"[CTPPS, CTPPS_TOT, GEM, L1SCOUT, RPC]",0.0,0.0,137789688,cosmics2024/v14,/cdaq/cosmic/commissioning2024/v1.0/HLT/V1,Commissioning2024,4
377180,9322,1488,2024-02-29 08:34:46,2024-02-29 08:59:34,"[CTPPS, CTPPS_TOT, GEM, L1SCOUT, RPC]",0.0,0.0,167629099,cosmics2024/v14,/cdaq/cosmic/commissioning2024/v1.0/HLT/V1,Commissioning2024,4
377181,9322,273,2024-02-29 09:01:09,2024-02-29 09:05:42,"[CTPPS, CTPPS_TOT, GEM, L1SCOUT, PIXEL, RPC]",0.0,0.0,182103,cosmics2024/v14,/cdaq/cosmic/commissioning2024/v1.0/HLT/V1,Commissioning2024,4
377182,9322,2382,2024-02-29 09:08:29,2024-02-29 09:48:11,"[CSC, CTPPS, CTPPS_TOT, GEM, L1SCOUT, PIXEL, RPC]",0.0,0.0,1462325,cosmics2024/v14,/cdaq/cosmic/commissioning2024/v1.0/HLT/V1,Commissioning2024,4
377185,9322,62,2024-02-29 09:55:06,2024-02-29 09:56:08,"[CSC, CTPPS, CTPPS_TOT, GEM, L1SCOUT, PIXEL, RPC]",0.0,0.0,6631,cosmics2024/v14,/cdaq/cosmic/commissioning2024/v1.0/HLT/V1,Commissioning2024,4
377186,9322,154,2024-02-29 09:59:42,2024-02-29 10:02:16,"[CSC, CTPPS, CTPPS_TOT, GEM, L1SCOUT, PIXEL, RPC]",0.0,0.0,2816,cosmics2024/v14,/cdaq/cosmic/commissioning2024/v1.0/HLT/V1,Commissioning2024,4
377187,9322,87,2024-02-29 10:08:46,2024-02-29 10:10:14,"[CSC, CTPPS, CTPPS_TOT, GEM, L1SCOUT, PIXEL, RPC]",0.0,0.0,0,cosmics2024/v14,/cdaq/cosmic/commissioning2024/v1.0/HLT/V1,Commissioning2024,4
377188,9322,1044,2024-02-29 10:13:06,2024-02-29 10:30:30,"[CSC, CTPPS, CTPPS_TOT, GEM, L1SCOUT, PIXEL, RPC]",0.0,0.0,729060,cosmics2024/v14,/cdaq/cosmic/commissioning2024/v1.0/HLT/V1,Commissioning2024,4
377189,9322,414,2024-02-29 10:33:26,2024-02-29 10:40:20,"[CSC, CTPPS, CTPPS_TOT, GEM, L1SCOUT, PIXEL, RPC]",0.0,0.0,282688,cosmics2024/v14,/cdaq/cosmic/commissioning2024/v1.0/HLT/V1,Commissioning2024,4
377190,9322,298,2024-02-29 10:42:52,2024-02-29 10:47:50,"[CSC, CTPPS, CTPPS_TOT, GEM, L1SCOUT, PIXEL, RPC]",0.0,0.0,199580,cosmics2024/v14,/cdaq/cosmic/commissioning2024/v1.0/HLT/V1,Commissioning2024,4
377191,9322,21,2024-02-29 10:49:56,2024-02-29 10:50:17,"[CSC, CTPPS, CTPPS_TOT, GEM, L1SCOUT, PIXEL, RPC, TRACKER]",0.0,0.0,9799,cosmics2024/v14,/cdaq/cosmic/commissioning2024/v1.0/HLT/V1,Commissioning2024,
377192,9322,524,2024-02-29 10:52:20,2024-02-29 11:01:04,"[CSC, CTPPS, CTPPS_TOT, GEM, L1SCOUT, PIXEL, RPC, TRACKER]",0.0,0.0,44468407,cosmics2024/v14,/cdaq/cosmic/commissioning2024/v1.0/HLT/V1,Commissioning2024,4
377194,9322,658,2024-02-29 11:03:02,2024-02-29 11:14:01,"[CSC, CTPPS, CTPPS_TOT, DT, GEM, L1SCOUT, PIXEL, RPC, TRACKER]",0.0,0.0,74570689,cosmics2024/v14,/cdaq/cosmic/commissioning2024/v1.0/HLT/V1,Commissioning2024,4
377196,9322,202,2024-02-29 11:21:21,2024-02-29 11:24:43,"[CSC, CTPPS, CTPPS_TOT, DT, GEM, L1SCOUT, PIXEL, RPC, TRACKER]",0.0,0.0,21307262,cosmics2024/v15,/cdaq/cosmic/commissioning2024/v1.0/HLT/V1,Commissioning2024,4
377197,9322,490,2024-02-29 11:27:05,2024-02-29 11:35:15,"[CSC, CTPPS, CTPPS_TOT, DT, GEM, L1SCOUT, PIXEL, RPC, TRACKER]",0.0,0.0,55372868,cosmics2024/v15,/cdaq/cosmic/commissioning2024/v1.0/HLT/V1,Commissioning2024,4
377198,9322,112,2024-02-29 11:37:40,2024-02-29 11:39:32,"[CSC, CTPPS, CTPPS_TOT, DT, GEM, L1SCOUT, PIXEL, RPC, TRACKER]",0.0,0.0,10667591,cosmics2024/v15,/cdaq/cosmic/commissioning2024/v1.0/HLT/V1,Commissioning2024,4
377199,9322,135,2024-02-29 11:41:06,2024-02-29 11:43:21,"[CSC, CTPPS, CTPPS_TOT, DT, GEM, L1SCOUT, PIXEL, RPC, TRACKER]",,,,cosmics2024/v15,,Commissioning2024,
377202,9322,810,2024-02-29 11:48:50,2024-02-29 12:02:20,"[CSC, CTPPS, CTPPS_TOT, DT, GEM, L1SCOUT, PIXEL, RPC, TRACKER]",0.0,0.0,90576546,cosmics2024/v15,/cdaq/cosmic/commissioning2024/v1.0/HLT/V1,Commissioning2024,4
377203,9322,699,2024-02-29 12:04:26,2024-02-29 12:16:05,"[CSC, CTPPS, CTPPS_TOT, DT, GEM, L1SCOUT, PIXEL, RPC, TRACKER]",0.0,0.0,77253871,cosmics2024/v15,/cdaq/cosmic/commissioning2024/v1.0/HLT/V1,Commissioning2024,4
377204,9322,549,2024-02-29 12:18:24,2024-02-29 12:27:32,"[CSC, CTPPS, CTPPS_TOT, DT, GEM, L1SCOUT, PIXEL, RPC, TRACKER]",0.0,0.0,61251741,cosmics2024/v15,/cdaq/cosmic/commissioning2024/v1.0/HLT/V1,Commissioning2024,4
377205,9322,161,2024-02-29 12:29:35,2024-02-29 12:32:16,"[CSC, CTPPS, CTPPS_TOT, DT, GEM, L1SCOUT, PIXEL, RPC, TRACKER]",0.0,0.0,18553165,cosmics2024/v15,/cdaq/cosmic/commissioning2024/v1.0/HLT/V1,Commissioning2024,4
377206,9322,124,2024-02-29 12:34:41,2024-02-29 12:36:45,"[CSC, CTPPS, CTPPS_TOT, DT, GEM, L1SCOUT, PIXEL, RPC, TRACKER]",0.0,0.0,13324833,cosmics2024/v15,/cdaq/cosmic/commissioning2024/v1.0/HLT/V1,Commissioning2024,4
377208,9322,159,2024-02-29 12:40:54,2024-02-29 12:43:33,"[CSC, CTPPS, CTPPS_TOT, DT, GEM, HCAL, L1SCOUT, PIXEL, RPC, TRACKER]",0.0,0.0,15947907,cosmics2024/v15,/cdaq/cosmic/commissioning2024/v1.0/HLT/V1,Commissioning2024,4
377209,9322,472,2024-02-29 12:45:57,2024-02-29 12:53:50,"[CSC, CTPPS, CTPPS_TOT, DT, GEM, HCAL, L1SCOUT, PIXEL, RPC, TRACKER]",0.0,0.0,53287890,cosmics2024/v15,/cdaq/cosmic/commissioning2024/v1.0/HLT/V1,Commissioning2024,4
377211,9322,235,2024-02-29 12:55:53,2024-02-29 12:59:48,"[CSC, CTPPS, CTPPS_TOT, DT, GEM, HCAL, L1SCOUT, PIXEL, RPC, TRACKER]",0.0,0.0,26155666,cosmics2024/v15,/cdaq/cosmic/commissioning2024/v1.0/HLT/V1,Commissioning2024,4
377214,9322,366,2024-02-29 13:01:29,2024-02-29 13:07:35,"[CSC, CTPPS, CTPPS_TOT, DT, GEM, HCAL, L1SCOUT, PIXEL, RPC, TRACKER]",0.0,0.0,39924271,cosmics2024/v15,/cdaq/cosmic/commissioning2024/v1.0/HLT/V1,Commissioning2024,4
377215,9322,122,2024-02-29 13:09:31,2024-02-29 13:11:33,"[CSC, CTPPS, CTPPS_TOT, DT, GEM, HCAL, L1SCOUT, PIXEL, RPC, TRACKER]",0.0,0.0,13324387,cosmics2024/v15,/cdaq/cosmic/commissioning2024/v1.0/HLT/V1,Commissioning2024,4
377221,9322,2554,2024-02-29 13:34:10,2024-02-29 14:16:44,"[CSC, CTPPS, CTPPS_TOT, DT, GEM, HCAL, L1SCOUT, RPC, TRACKER]",0.0,0.0,286939002,cosmics2024/v15,/cdaq/cosmic/commissioning2024/v1.0/HLT/V1,Commissioning2024,4
377225,9322,301,2024-02-29 14:37:43,2024-02-29 14:42:44,"[CSC, CTPPS, CTPPS_TOT, DT, GEM, HCAL, L1SCOUT, PIXEL, RPC, TRACKER]",0.0,0.0,146177,cosmics2024/v15,/cdaq/cosmic/commissioning2024/v1.0/HLT/V1,Commissioning2024,4
377227,9322,197,2024-02-29 14:47:29,2024-02-29 14:50:45,"[CSC, CTPPS, CTPPS_TOT, DT, GEM, HCAL, L1SCOUT, RPC, TRACKER]",0.0,0.0,92391,cosmics2024/v15,/cdaq/cosmic/commissioning2024/v1.0/HLT/V1,Commissioning2024,4
377229,9322,651,2024-02-29 15:03:00,2024-02-29 15:13:51,"[CSC, CTPPS, CTPPS_TOT, DT, GEM, HCAL, L1SCOUT, RPC, TRACKER]",0.0,0.0,3170,cosmics2024/v15,/cdaq/cosmic/commissioning2024/v1.0/HLT/V1,Commissioning2024,4
377230,9322,1372,2024-02-29 15:16:51,2024-02-29 15:39:44,"[CSC, CTPPS, CTPPS_TOT, DT, GEM, HCAL, L1SCOUT, RPC, TRACKER]",0.0,0.0,660781,cosmics2024/v15,/cdaq/cosmic/commissioning2024/v1.0/HLT/V1,Commissioning2024,4
377233,9322,49,2024-02-29 15:43:45,2024-02-29 15:44:34,"[CSC, CTPPS, CTPPS_TOT, GEM, HCAL, L1SCOUT, RPC, TRACKER]",0.0,0.0,28569,cosmics2024/v15,/cdaq/cosmic/commissioning2024/v1.0/HLT/V1,Commissioning2024,4
377235,9322,676,2024-02-29 15:51:53,2024-02-29 16:03:09,"[CTPPS, CTPPS_TOT, GEM, L1SCOUT, RPC, TRACKER]",0.0,0.0,71550098,cosmics2024/v15,/cdaq/cosmic/commissioning2024/v1.0/HLT/V1,Commissioning2024,4
377236,9322,290,2024-02-29 16:06:29,2024-02-29 16:11:18,"[CTPPS, CTPPS_TOT, GEM, L1SCOUT, RPC]",0.0,0.0,12150213,cosmics2024/v15,/cdaq/cosmic/commissioning2024/v1.0/HLT/V1,Commissioning2024,4
377237,9322,69,2024-02-29 16:14:50,2024-02-29 16:15:59,"[CSC, CTPPS, CTPPS_TOT, L1SCOUT, RPC]",0.0,0.0,96,cosmics2024/v15,/cdaq/cosmic/commissioning2024/v1.0/HLT/V1,Commissioning2024,4
377238,9322,776,2024-02-29 16:17:32,2024-02-29 16:30:28,"[CSC, CTPPS, CTPPS_TOT, L1SCOUT, RPC]",0.0,0.0,96,cosmics2024/v15,/cdaq/cosmic/commissioning2024/v1.0/HLT/V1,Commissioning2024,4
377240,9322,1180,2024-02-29 16:32:36,2024-02-29 16:52:16,"[CSC, CTPPS, CTPPS_TOT, L1SCOUT, RPC]",0.0,0.0,130504143,cosmics2024/v15,/cdaq/cosmic/commissioning2024/v1.0/HLT/V1,Commissioning2024,4
377242,9322,4496,2024-02-29 16:58:48,2024-02-29 18:13:43,"[CSC, CTPPS, CTPPS_TOT, GEM, L1SCOUT, RPC]",0.0,0.0,510776367,cosmics2024/v15,/cdaq/cosmic/commissioning2024/v1.0/HLT/V1,Commissioning2024,4
377250,9322,1360,2024-02-29 18:16:21,2024-02-29 18:39:01,"[CTPPS, CTPPS_TOT, GEM, L1SCOUT, RPC]",0.0,0.0,152669349,cosmics2024/v15,/cdaq/cosmic/commissioning2024/v1.0/HLT/V1,Commissioning2024,4
377251,9322,1108,2024-02-29 18:41:34,2024-02-29 19:00:02,"[CTPPS, CTPPS_TOT, L1SCOUT, RPC]",0.0,0.0,121325980,cosmics2024/v15,/cdaq/cosmic/commissioning2024/v1.0/HLT/V1,Commissioning2024,4
377252,9322,10404,2024-02-29 19:02:20,2024-02-29 21:55:44,"[CTPPS, CTPPS_TOT, L1SCOUT, RPC]",0.0,0.0,1180354580,cosmics2024/v15,/cdaq/cosmic/commissioning2024/v1.0/HLT/V1,Commissioning2024,4
377253,9322,2361,2024-02-29 21:58:13,2024-02-29 22:37:34,"[CTPPS, CTPPS_TOT, L1SCOUT, RPC]",0.0,0.0,266496878,cosmics2024/v15,/cdaq/cosmic/commissioning2024/v1.0/HLT/V1,Commissioning2024,4
377254,9322,1525,2024-02-29 22:39:23,2024-02-29 23:04:48,"[CTPPS, CTPPS_TOT, L1SCOUT, RPC]",0.0,0.0,151817843,cosmics2024/v15,/cdaq/cosmic/commissioning2024/v1.0/HLT/V1,Commissioning2024,4
377255,9322,1308,2024-02-29 23:07:08,2024-02-29 23:28:56,"[CTPPS, CTPPS_TOT, L1SCOUT, RPC]",0.0,0.0,146586864,cosmics2024/v15,/cdaq/cosmic/commissioning2024/v1.0/HLT/V1,Commissioning2024,4
377256,9322,959,2024-02-29 23:30:02,2024-02-29 23:46:01,"[CTPPS, CTPPS_TOT, L1SCOUT, RPC]",0.0,0.0,106587735,cosmics2024/v15,/cdaq/cosmic/commissioning2024/v1.0/HLT/V1,Commissioning2024,4
377257,9322,11317,2024-02-29 23:47:51,2024-03-01 02:56:28,"[CTPPS, CTPPS_TOT, L1SCOUT, RPC]",0.0,0.0,1282805778,cosmics2024/v15,/cdaq/cosmic/commissioning2024/v1.0/HLT/V1,Commissioning2024,4
377258,9322,68,2024-03-01 02:57:07,2024-03-01 02:58:15,"[CTPPS, CTPPS_TOT, L1SCOUT, RPC]",,,,cosmics2024/v15,,Commissioning2024,
377260,9322,71,2024-03-01 03:01:08,2024-03-01 03:02:19,"[CTPPS, CTPPS_TOT, L1SCOUT, RPC]",,,,cosmics2024/v15,,Commissioning2024,
377261,9322,87,2024-03-01 03:03:21,2024-03-01 03:04:48,"[CTPPS, CTPPS_TOT, L1SCOUT, RPC]",,,,cosmics2024/v15,,Commissioning2024,
377262,9322,83,2024-03-01 03:07:00,2024-03-01 03:08:23,"[CTPPS, CTPPS_TOT, L1SCOUT, RPC]",,,,cosmics2024/v15,,Commissioning2024,
377263,9322,370,2024-03-01 03:12:02,2024-03-01 03:18:12,"[CTPPS, CTPPS_TOT, L1SCOUT, RPC]",,,,cosmics2024/v15,,Commissioning2024,
377264,9322,1021,2024-03-01 03:35:30,2024-03-01 03:52:31,"[CTPPS, CTPPS_TOT, L1SCOUT, RPC]",0.0,0.0,112466099,cosmics2024/v16,/cdaq/cosmic/commissioning2024/v1.0/HLT/V1,Commissioning2024,4
377265,9322,61,2024-03-01 03:54:04,2024-03-01 03:55:05,"[CTPPS, CTPPS_TOT, L1SCOUT, RPC]",,,,cosmics2024/v16,,Commissioning2024,
377266,9322,174,2024-03-01 03:57:08,2024-03-01 04:00:02,"[CTPPS, CTPPS_TOT, L1SCOUT, RPC]",0.0,0.0,18353590,cosmics2024/v16,/cdaq/cosmic/commissioning2024/v1.0/HLT/V1,Commissioning2024,4
377267,9322,16017,2024-03-01 04:34:36,2024-03-01 09:01:33,"[CTPPS, CTPPS_TOT, L1SCOUT, RPC]",0.0,0.0,1801858526,cosmics2024/v17,/cdaq/cosmic/commissioning2024/v1.0/HLT/V1,Commissioning2024,4
377268,9322,8463,2024-03-01 11:30:17,2024-03-01 13:51:20,"[CTPPS, CTPPS_TOT, GEM, HCAL, L1SCOUT, RPC]",0.0,0.0,548803182,cosmics2024/v18,/cdaq/cosmic/commissioning2024/v1.0/HLT/V1,Commissioning2024,4
377288,9322,10330,2024-03-01 13:54:19,2024-03-01 16:46:29,"[CTPPS, CTPPS_TOT, GEM, L1SCOUT, RPC]",0.0,0.0,1148756369,cosmics2024/v18,/cdaq/cosmic/commissioning2024/v1.0/HLT/V1,Commissioning2024,4
377289,9322,156,2024-03-01 16:48:09,2024-03-01 16:50:45,"[CTPPS, CTPPS_TOT, GEM, L1SCOUT, RPC]",0.0,0.0,15944398,cosmics2024/v18,/cdaq/cosmic/commissioning2024/v1.0/HLT/V1,Commissioning2024,4
377290,9322,10984,2024-03-01 16:53:14,2024-03-01 19:56:18,"[CTPPS, CTPPS_TOT, GEM, L1SCOUT, RPC]",0.0,0.0,1248626390,cosmics2024/v18,/cdaq/cosmic/commissioning2024/v1.0/HLT/V1,Commissioning2024,4
377293,9322,31,2024-03-01 19:59:14,2024-03-01 19:59:45,"[CTPPS, CTPPS_TOT, L1SCOUT, RPC]",,,,cosmics2024/v18,,Commissioning2024,
377294,9322,11953,2024-03-01 20:01:23,2024-03-01 23:20:36,"[CTPPS, CTPPS_TOT, L1SCOUT, RPC]",0.0,0.0,1340555591,cosmics2024/v18,/cdaq/cosmic/commissioning2024/v1.0/HLT/V1,Commissioning2024,4
377295,9322,10369,2024-03-01 23:24:27,2024-03-02 02:17:16,"[CTPPS, CTPPS_TOT, L1SCOUT, RPC]",0.0,0.0,1172274198,cosmics2024/v18,/cdaq/cosmic/commissioning2024/v1.0/HLT/V1,Commissioning2024,4
377296,9322,33351,2024-03-02 02:20:34,2024-03-02 11:36:24,"[CTPPS, CTPPS_TOT, L1SCOUT, RPC]",0.0,0.0,3754788070,cosmics2024/v18,/cdaq/cosmic/commissioning2024/v1.0/HLT/V1,Commissioning2024,4
377297,9322,31498,2024-03-02 11:39:20,2024-03-02 20:24:18,"[CTPPS, CTPPS_TOT, L1SCOUT, RPC]",0.0,0.0,3588442431,cosmics2024/v18,/cdaq/cosmic/commissioning2024/v1.0/HLT/V1,Commissioning2024,4
377298,9322,45231,2024-03-02 20:27:42,2024-03-03 09:01:33,"[CTPPS, CTPPS_TOT, L1SCOUT, RPC]",0.0,0.0,5149019019,cosmics2024/v19,/cdaq/cosmic/commissioning2024/v1.0/HLT/V1,Commissioning2024,4
377300,9322,157,2024-03-03 09:53:51,2024-03-03 09:56:28,"[CSC, CTPPS, CTPPS_TOT, L1SCOUT, RPC]",0.0,0.0,90239,cosmics2024/v19,/cdaq/cosmic/commissioning2024/v1.0/HLT/V1,Commissioning2024,4
377303,9322,270,2024-03-03 10:03:18,2024-03-03 10:07:48,"[CSC, CTPPS, CTPPS_TOT, L1SCOUT, RPC]",0.0,0.0,157272,cosmics2024/v19,/cdaq/cosmic/commissioning2024/v1.0/HLT/V1,Commissioning2024,4
377304,9322,504,2024-03-03 10:10:24,2024-03-03 10:18:48,"[CSC, CTPPS, CTPPS_TOT, L1SCOUT, RPC]",0.0,0.0,55638739,cosmics2024/v19,/cdaq/cosmic/commissioning2024/v1.0/HLT/V1,Commissioning2024,4
377305,9322,20,2024-03-03 10:39:28,2024-03-03 10:39:48,"[CSC, CTPPS, CTPPS_TOT, L1SCOUT, RPC]",0.0,0.0,,cosmics2024/v19,/cdaq/cosmic/commissioning2024/v1.0/HLT/V1,Commissioning2024,
377306,9322,288,2024-03-03 10:44:31,2024-03-03 10:49:19,"[CTPPS, CTPPS_TOT, L1SCOUT, RPC]",0.0,0.0,377,cosmics2024/v19,/cdaq/cosmic/commissioning2024/v1.0/HLT/V1,Commissioning2024,4
377307,9322,159,2024-03-03 10:52:20,2024-03-03 10:54:59,"[CTPPS, CTPPS_TOT, L1SCOUT, RPC]",0.0,0.0,695,cosmics2024/v19,/cdaq/cosmic/commissioning2024/v1.0/HLT/V1,Commissioning2024,4
377308,9322,308,2024-03-03 10:58:23,2024-03-03 11:03:31,"[CTPPS, CTPPS_TOT, L1SCOUT, RPC]",0.0,0.0,830,cosmics2024/v19,/cdaq/cosmic/commissioning2024/v1.0/HLT/V1,Commissioning2024,4
377309,9322,154,2024-03-03 11:06:38,2024-03-03 11:09:12,"[CTPPS, CTPPS_TOT, L1SCOUT, RPC]",0.0,0.0,42422,cosmics2024/v19,/cdaq/cosmic/commissioning2024/v1.0/HLT/V1,Commissioning2024,4
377310,9322,346,2024-03-03 11:25:49,2024-03-03 11:31:35,"[CTPPS, CTPPS_TOT, L1SCOUT, PIXEL, RPC]",0.0,0.0,2584765,cosmics2024/v20,/cdaq/cosmic/commissioning2024/v1.0/HLT/V1,Commissioning2024,4
377311,9322,745,2024-03-03 11:37:36,2024-03-03 11:50:01,"[CTPPS, CTPPS_TOT, L1SCOUT, RPC]",0.0,0.0,72988159,cosmics2024/v20,/cdaq/cosmic/commissioning2024/v1.0/HLT/V1,Commissioning2024,4
377312,9322,1624,2024-03-03 11:53:39,2024-03-03 12:20:44,"[CTPPS, CTPPS_TOT, L1SCOUT, RPC]",0.0,0.0,183770775,cosmics2024/v20,/cdaq/cosmic/commissioning2024/v1.0/HLT/V1,Commissioning2024,4
377313,9322,63,2024-03-03 12:24:05,2024-03-03 12:25:08,"[CTPPS, CTPPS_TOT, L1SCOUT, RPC]",0.0,0.0,4001,cosmics2024/v20,/cdaq/cosmic/commissioning2024/v1.0/HLT/V1,Commissioning2024,4
377314,9322,96,2024-03-03 12:28:58,2024-03-03 12:30:34,"[CTPPS, CTPPS_TOT, L1SCOUT, RPC]",0.0,0.0,1900195,cosmics2024/v20,/cdaq/cosmic/commissioning2024/v1.0/HLT/V1,Commissioning2024,4
377315,9322,3307,2024-03-03 12:32:13,2024-03-03 13:27:20,"[CTPPS, CTPPS_TOT, L1SCOUT, RPC]",0.0,0.0,375674187,cosmics2024/v20,/cdaq/cosmic/commissioning2024/v1.0/HLT/V1,Commissioning2024,4
377316,9322,382,2024-03-03 13:30:08,2024-03-03 13:36:30,"[CTPPS, CTPPS_TOT, L1SCOUT, RPC]",0.0,0.0,397,cosmics2024/v20,/cdaq/cosmic/commissioning2024/v1.0/HLT/V1,Commissioning2024,4
377317,9322,3452,2024-03-03 13:38:57,2024-03-03 14:36:29,"[CTPPS, CTPPS_TOT, L1SCOUT, RPC]",0.0,0.0,390521453,cosmics2024/v20,/cdaq/cosmic/commissioning2024/v1.0/HLT/V1,Commissioning2024,4
377318,9322,8844,2024-03-03 14:38:57,2024-03-03 17:06:21,"[CTPPS, CTPPS_TOT, L1SCOUT, PIXEL, RPC]",0.0,0.0,1004542979,cosmics2024/v20,/cdaq/cosmic/commissioning2024/v1.0/HLT/V1,Commissioning2024,4
377323,9322,4551,2024-03-03 17:09:47,2024-03-03 18:25:38,"[CTPPS, CTPPS_TOT, L1SCOUT, RPC]",0.0,0.0,499989122,cosmics2024/v20,/cdaq/cosmic/commissioning2024/v1.0/HLT/V1,Commissioning2024,4
377324,9322,1738,2024-03-03 18:28:54,2024-03-03 18:57:52,"[CTPPS, CTPPS_TOT, L1SCOUT, RPC]",0.0,0.0,198677237,cosmics2024/v20,/cdaq/cosmic/commissioning2024/v1.0/HLT/V1,Commissioning2024,4
377325,9322,975,2024-03-03 19:00:44,2024-03-03 19:16:59,"[CTPPS, CTPPS_TOT, GEM, L1SCOUT, RPC]",0.0,0.0,101004767,cosmics2024/v20,/cdaq/cosmic/commissioning2024/v1.0/HLT/V1,Commissioning2024,4
377326,9322,487,2024-03-03 19:19:06,2024-03-03 19:27:13,"[CTPPS, CTPPS_TOT, L1SCOUT, RPC]",0.0,0.0,43698925,cosmics2024/v20,/cdaq/cosmic/commissioning2024/v1.0/HLT/V1,Commissioning2024,4
377327,9322,49073,2024-03-03 19:29:12,2024-03-04 09:07:05,"[CTPPS, CTPPS_TOT, L1SCOUT, RPC]",0.0,0.0,5595760760,cosmics2024/v20,/cdaq/cosmic/commissioning2024/v1.0/HLT/V1,Commissioning2024,4
377334,9322,1140,2024-03-04 12:27:24,2024-03-04 12:46:25,"[CSC, CTPPS, CTPPS_TOT, DT, ECAL, GEM, HCAL, L1SCOUT, RPC]",0.0,0.0,75527913,cosmics2024/v20,/cdaq/cosmic/commissioning2024/v1.0/HLT/V1,Commissioning2024,4
377344,9322,1767,2024-03-04 12:48:53,2024-03-04 13:18:20,"[CSC, CTPPS, CTPPS_TOT, DT, ECAL, GEM, HCAL, L1SCOUT, RPC]",0.0,0.0,189179408,cosmics2024/v20,/cdaq/cosmic/commissioning2024/v1.0/HLT/V1,Commissioning2024,4
377347,9322,1381,2024-03-04 13:21:34,2024-03-04 13:44:35,"[CTPPS, CTPPS_TOT, DT, ECAL, GEM, HCAL, L1SCOUT, RPC]",0.0,0.0,147101735,cosmics2024/v20,/cdaq/cosmic/commissioning2024/v1.0/HLT/V1,Commissioning2024,4
377350,9322,1090,2024-03-04 13:49:42,2024-03-04 14:07:52,"[CTPPS, CTPPS_TOT, DT, ECAL, GEM, HCAL, L1SCOUT, RPC]",0.0,0.0,120415224,cosmics2024/v21,/cdaq/cosmic/commissioning2024/v1.0/HLT/V1,Commissioning2024,4
377352,9322,6212,2024-03-04 14:10:58,2024-03-04 15:54:31,"[CTPPS, CTPPS_TOT, DT, GEM, HCAL, L1SCOUT, RPC]",0.0,0.0,696058250,cosmics2024/v21,/cdaq/cosmic/commissioning2024/v1.0/HLT/V1,Commissioning2024,4
377355,9322,2490,2024-03-04 15:57:05,2024-03-04 16:38:35,"[CTPPS, CTPPS_TOT, DT, GEM, HCAL, L1SCOUT, RPC]",0.0,0.0,280034357,cosmics2024/v21,/cdaq/cosmic/commissioning2024/v1.0/HLT/V1,Commissioning2024,4
377362,9322,54,2024-03-04 16:41:28,2024-03-04 16:42:22,"[CTPPS, CTPPS_TOT, DT, GEM, L1SCOUT, RPC]",0.0,0.0,13486,cosmics2024/v21,/cdaq/cosmic/commissioning2024/v1.0/HLT/V1,Commissioning2024,4
377364,9322,3431,2024-03-04 16:46:17,2024-03-04 17:43:28,"[CTPPS, CTPPS_TOT, DT, L1SCOUT, RPC]",0.0,0.0,387300877,cosmics2024/v21,/cdaq/cosmic/commissioning2024/v1.0/HLT/V1,Commissioning2024,4
377374,9322,2211,2024-03-04 17:46:27,2024-03-04 18:23:18,"[CTPPS, CTPPS_TOT, L1SCOUT, RPC]",0.0,0.0,250110582,cosmics2024/v21,/cdaq/cosmic/commissioning2024/v1.0/HLT/V1,Commissioning2024,4
377376,9322,5989,2024-03-04 18:26:08,2024-03-04 20:05:57,"[CTPPS, CTPPS_TOT, DT, L1SCOUT, RPC]",0.0,0.0,678346744,cosmics2024/v21,/cdaq/cosmic/commissioning2024/v1.0/HLT/V1,Commissioning2024,4
377382,9322,6453,2024-03-04 20:08:46,2024-03-04 21:56:19,"[CTPPS, CTPPS_TOT, L1SCOUT, RPC]",0.0,0.0,735479673,cosmics2024/v21,/cdaq/cosmic/commissioning2024/v1.0/HLT/V1,Commissioning2024,4
377383,9322,37310,2024-03-04 21:59:31,2024-03-05 08:21:21,"[CTPPS, CTPPS_TOT, L1SCOUT, RPC]",0.0,0.0,4237949117,cosmics2024/v22,/cdaq/cosmic/commissioning2024/v1.0/HLT/V1,Commissioning2024,4
377392,9322,1013,2024-03-05 09:07:25,2024-03-05 09:24:18,"[CSC, CTPPS, CTPPS_TOT, DT, L1SCOUT, RPC]",0.0,0.0,109712389,cosmics2024/v22,/cdaq/cosmic/commissioning2024/v1.0/HLT/V1,Commissioning2024,4
377397,9322,48,2024-03-05 09:48:32,2024-03-05 09:49:20,"[CSC, CTPPS, CTPPS_TOT, DT, L1SCOUT, RPC]",,,,cosmics2024/v22,/cdaq/cosmic/commissioning2024/v1.0/HLT/V1,Commissioning2024,
377403,9322,22,2024-03-05 09:52:26,2024-03-05 09:52:48,"[CSC, CTPPS, CTPPS_TOT, DT, HCAL, L1SCOUT, RPC]",0.0,0.0,,cosmics2024/v22,/cdaq/cosmic/commissioning2024/v1.0/HLT/V1,Commissioning2024,
377404,9322,1039,2024-03-05 09:56:31,2024-03-05 10:13:50,"[CSC, CTPPS, CTPPS_TOT, DT, GEM, HCAL, L1SCOUT, RPC]",0.0,0.0,65927480,cosmics2024/v22,/cdaq/cosmic/commissioning2024/v1.0/HLT/V1,Commissioning2024,4
377417,9322,13362,2024-03-05 11:16:23,2024-03-05 14:59:05,"[CSC, CTPPS, CTPPS_TOT, DT, GEM, HCAL, L1SCOUT, RPC]",0.0,0.0,1024496534,cosmics2024/v24,/cdaq/cosmic/commissioning2024/v1.0/HLT/V1,Commissioning2024,4
377433,9322,106,2024-03-05 15:02:02,2024-03-05 15:03:48,"[CSC, CTPPS, CTPPS_TOT, DT, GEM, HCAL, L1SCOUT, RPC]",,,,cosmics2024/v24,,Commissioning2024,
377436,9322,1955,2024-03-05 15:07:53,2024-03-05 15:40:27,"[CSC, CTPPS, CTPPS_TOT, DT, GEM, HCAL, L1SCOUT, RPC]",0.0,0.0,199902683,cosmics2024/v24,/cdaq/cosmic/commissioning2024/v1.0/HLT/V1,Commissioning2024,4
377439,9322,2363,2024-03-05 15:44:57,2024-03-05 16:24:21,"[CSC, CTPPS, CTPPS_TOT, DT, GEM, HCAL, L1SCOUT, RPC]",0.0,0.0,266691099,cosmics2024/v25,/cdaq/cosmic/commissioning2024/v1.0/HLT/V1,Commissioning2024,4
377440,9323,1416,2024-03-05 16:31:14,2024-03-05 16:54:50,"[CTPPS, CTPPS_TOT, DT, GEM, HCAL, L1SCOUT]",0.0,0.0,147284662,cosmics2024/v25,/cdaq/cosmic/commissioning2024/v1.0/HLT/V1,Commissioning2024,4
377441,9323,2137,2024-03-05 16:58:08,2024-03-05 17:33:45,"[CSC, CTPPS, CTPPS_TOT, DT, GEM, HCAL, L1SCOUT]",0.0,0.0,242076164,cosmics2024/v25,/cdaq/cosmic/commissioning2024/v1.0/HLT/V1,Commissioning2024,4
377448,9323,960,2024-03-05 17:46:58,2024-03-05 18:02:58,"[CSC, CTPPS, CTPPS_TOT, GEM, HCAL, L1SCOUT]",0.0,0.0,93423677,cosmics2024/v25,/cdaq/cosmic/commissioning2024/v1.0/HLT/V1,Commissioning2024,4
377453,9323,1161,2024-03-05 18:18:25,2024-03-05 18:37:46,"[CSC, CTPPS, CTPPS_TOT, L1SCOUT]",0.0,0.0,125182460,cosmics2024/v25,/cdaq/cosmic/commissioning2024/v1.0/HLT/V1,Commissioning2024,4
377455,9323,1685,2024-03-05 18:40:59,2024-03-05 19:09:04,"[CTPPS, CTPPS_TOT, L1SCOUT]",0.0,0.0,181609425,cosmics2024/v25,/cdaq/cosmic/commissioning2024/v1.0/HLT/V1,Commissioning2024,4
377456,9323,898,2024-03-05 19:12:31,2024-03-05 19:27:29,"[CTPPS, CTPPS_TOT, L1SCOUT]",0.0,0.0,101219701,cosmics2024/v25,/cdaq/cosmic/commissioning2024/v1.0/HLT/V1,Commissioning2024,4
377457,9323,393,2024-03-05 19:35:57,2024-03-05 19:42:30,"[CTPPS, CTPPS_TOT, L1SCOUT]",0.0,0.0,42616413,cosmics2024/v25,/cdaq/cosmic/commissioning2024/v1.0/HLT/V1,Commissioning2024,4
377458,9323,1085,2024-03-05 19:43:59,2024-03-05 20:02:05,"[CTPPS, CTPPS_TOT, L1SCOUT]",0.0,0.0,122623165,cosmics2024/v25,/cdaq/cosmic/commissioning2024/v1.0/HLT/V1,Commissioning2024,4
377459,9323,91,2024-03-05 20:03:46,2024-03-05 20:05:17,"[CTPPS, CTPPS_TOT, L1SCOUT]",0.0,0.0,7992841,cosmics2024/v25,/cdaq/cosmic/commissioning2024/v1.0/HLT/V1,Commissioning2024,4
377460,9323,2068,2024-03-05 20:08:50,2024-03-05 20:43:18,"[CTPPS, CTPPS_TOT, GEM, L1SCOUT]",0.0,0.0,234439013,cosmics2024/v25,/cdaq/cosmic/commissioning2024/v1.0/HLT/V1,Commissioning2024,4
377461,9323,4727,2024-03-05 20:48:26,2024-03-05 22:07:13,"[CTPPS, CTPPS_TOT, L1SCOUT]",0.0,0.0,538317703,cosmics2024/v25,/cdaq/cosmic/commissioning2024/v1.0/HLT/V1,Commissioning2024,4
377462,9323,16862,2024-03-05 22:10:17,2024-03-06 02:51:19,"[CTPPS, CTPPS_TOT, L1SCOUT]",0.0,0.0,1914131685,cosmics2024/v25,/cdaq/cosmic/commissioning2024/v1.0/HLT/V1,Commissioning2024,4
377463,9323,15890,2024-03-06 02:52:59,2024-03-06 07:17:49,"[CTPPS, CTPPS_TOT, L1SCOUT]",0.0,0.0,1810340267,cosmics2024/v25,/cdaq/cosmic/commissioning2024/v1.0/HLT/V1,Commissioning2024,4
377465,9323,1445,2024-03-06 07:20:55,2024-03-06 07:45:00,"[CSC, CTPPS, CTPPS_TOT, L1SCOUT]",0.0,0.0,83620287,cosmics2024/v25,/cdaq/cosmic/commissioning2024/v1.0/HLT/V1,Commissioning2024,4
377468,9323,207,2024-03-06 07:48:08,2024-03-06 07:51:35,"[CSC, CTPPS, CTPPS_TOT, L1SCOUT]",0.0,0.0,21191408,cosmics2024/v25,/cdaq/cosmic/commissioning2024/v1.0/HLT/V1,Commissioning2024,4
377469,9323,23,2024-03-06 07:55:26,2024-03-06 07:55:49,"[CSC, CTPPS, CTPPS_TOT, GEM, L1SCOUT]",0.0,0.0,,cosmics2024/v25,/cdaq/cosmic/commissioning2024/v1.0/HLT/V1,Commissioning2024,
377470,9323,3735,2024-03-06 07:57:49,2024-03-06 09:00:03,"[CSC, CTPPS, CTPPS_TOT, ES, GEM, L1SCOUT]",0.0,0.0,420968911,cosmics2024/v25,/cdaq/cosmic/commissioning2024/v1.0/HLT/V1,Commissioning2024,4
377472,9323,2715,2024-03-06 09:22:37,2024-03-06 10:07:52,"[CSC, CTPPS, CTPPS_TOT, ES, GEM, HCAL, L1SCOUT, TRACKER]",0.0,0.0,303001409,cosmics2024/v25,/cdaq/cosmic/commissioning2024/v1.0/HLT/V1,Commissioning2024,4
377483,9323,1638,2024-03-06 10:11:02,2024-03-06 10:38:20,"[CSC, CTPPS, CTPPS_TOT, DT, GEM, HCAL, L1SCOUT, TRACKER]",0.0,0.0,157107831,cosmics2024/v25,/cdaq/cosmic/commissioning2024/v1.0/HLT/V1,Commissioning2024,4
377486,9323,824,2024-03-06 10:41:43,2024-03-06 10:55:27,"[CSC, CTPPS, CTPPS_TOT, GEM, HCAL, L1SCOUT, TRACKER]",0.0,0.0,89409906,cosmics2024/v25,/cdaq/cosmic/commissioning2024/v1.0/HLT/V1,Commissioning2024,4
377489,9323,3862,2024-03-06 11:29:26,2024-03-06 12:33:48,"[CTPPS, CTPPS_TOT, GEM, HCAL, L1SCOUT, TRACKER]",0.0,0.0,434138243,cosmics2024/v26,/cdaq/cosmic/commissioning2024/v1.0/HLT/V1,Commissioning2024,4
377492,9323,2683,2024-03-06 12:36:07,2024-03-06 13:20:50,"[CTPPS, CTPPS_TOT, GEM, HCAL, L1SCOUT, TRACKER]",0.0,0.0,303946089,cosmics2024/v26,/cdaq/cosmic/commissioning2024/v1.0/HLT/V1,Commissioning2024,4
377493,9323,398,2024-03-06 13:23:40,2024-03-06 13:30:19,"[CTPPS, CTPPS_TOT, GEM, L1SCOUT, TRACKER]",0.0,0.0,31749801,cosmics2024/v26,/cdaq/cosmic/commissioning2024/v1.0/HLT/V1,Commissioning2024,4
377497,9323,474,2024-03-06 13:35:08,2024-03-06 13:43:02,"[CTPPS, CTPPS_TOT, GEM, L1SCOUT, TRACKER]",0.0,0.0,201077,cosmics2024/v26,/cdaq/cosmic/commissioning2024/v1.0/HLT/V1,Commissioning2024,4
377498,9323,85,2024-03-06 13:45:11,2024-03-06 13:46:36,"[CTPPS, CTPPS_TOT, GEM, L1SCOUT, RPC, TRACKER]",,,,cosmics2024/v26,,Commissioning2024,
377499,9323,1432,2024-03-06 13:49:59,2024-03-06 14:13:51,"[CTPPS, CTPPS_TOT, GEM, L1SCOUT, RPC, TRACKER]",0.0,0.0,514361,cosmics2024/v26,/cdaq/cosmic/commissioning2024/v1.0/HLT/V1,Commissioning2024,4
377501,9323,26,2024-03-06 14:28:37,2024-03-06 14:29:03,"[CTPPS, CTPPS_TOT, GEM, L1SCOUT, RPC, TRACKER]",,,,cosmics2024/v27,,Commissioning2024,
377502,9323,330,2024-03-06 14:33:43,2024-03-06 14:39:13,"[CTPPS, CTPPS_TOT, GEM, L1SCOUT, RPC, TRACKER]",0.0,0.0,132328,cosmics2024/v27,/cdaq/cosmic/commissioning2024/v1.1.0/HLT/V2,Commissioning2024,4
377503,9323,647,2024-03-06 14:42:14,2024-03-06 14:53:01,"[CTPPS, CTPPS_TOT, GEM, L1SCOUT, RPC, TRACKER]",0.0,0.0,233593,cosmics2024/v27,/cdaq/cosmic/commissioning2024/v1.1.0/HLT/V2,Commissioning2024,4
377504,9323,113,2024-03-06 14:56:38,2024-03-06 14:58:31,"[CTPPS, CTPPS_TOT, GEM, L1SCOUT, RPC, TRACKER]",0.0,0.0,39647,cosmics2024/v27,/cdaq/cosmic/commissioning2024/v1.1.0/HLT/V2,Commissioning2024,4
377506,9323,234,2024-03-06 15:09:25,2024-03-06 15:13:19,"[CTPPS, CTPPS_TOT, GEM, L1SCOUT, RPC, TRACKER]",0.0,0.0,205,beamsplash/v20,/cdaq/special/2024/Splashes/v1.1.0/HLT/V3,Commissioning2024,0
377507,9323,766,2024-03-06 15:16:14,2024-03-06 15:29:00,"[CTPPS, CTPPS_TOT, GEM, L1SCOUT, RPC, TRACKER]",0.0,0.0,772,beamsplash/v20,/cdaq/special/2024/Splashes/v1.1.0/HLT/V3,Commissioning2024,0
377509,9323,313,2024-03-06 15:32:59,2024-03-06 15:38:12,"[CTPPS, CTPPS_TOT, GEM, L1SCOUT, RPC, TRACKER]",0.0,0.0,475,beamsplash/v20,/cdaq/special/2024/Splashes/v1.1.0/HLT/V3,Commissioning2024,2
377514,9323,861,2024-03-06 15:59:59,2024-03-06 16:14:20,"[CTPPS, CTPPS_TOT, GEM, L1SCOUT, RPC, TRACKER]",0.0,0.0,281340,cosmics2024/v27,/cdaq/cosmic/commissioning2024/v1.1.0/HLT/V2,Commissioning2024,4
377515,9323,335,2024-03-06 16:16:38,2024-03-06 16:22:13,"[CTPPS, CTPPS_TOT, GEM, L1SCOUT, RPC, TRACKER]",0.0,0.0,62739,cosmics2024/v27,/cdaq/cosmic/commissioning2024/v1.1.0/HLT/V2,Commissioning2024,1
377516,9323,1020,2024-03-06 16:24:30,2024-03-06 16:41:30,"[CTPPS, CTPPS_TOT, GEM, L1SCOUT, RPC, TRACKER]",0.0,0.0,305547,cosmics2024/v27,/cdaq/cosmic/commissioning2024/v1.1.0/HLT/V2,Commissioning2024,1
377518,9323,4369,2024-03-06 16:44:25,2024-03-06 17:57:14,"[CTPPS, CTPPS_TOT, GEM, L1SCOUT, RPC, TRACKER]",0.0,0.0,2878652,cosmics2024/v27,/cdaq/cosmic/commissioning2024/v1.1.0/HLT/V2,Commissioning2024,4
377519,9323,540,2024-03-06 17:58:35,2024-03-06 18:07:35,"[CTPPS, CTPPS_TOT, GEM, L1SCOUT, RPC, TRACKER]",0.0,0.0,218302,cosmics2024/v27,/cdaq/cosmic/commissioning2024/v1.1.0/HLT/V2,Commissioning2024,4
377520,9323,604,2024-03-06 18:09:45,2024-03-06 18:19:49,"[CTPPS, CTPPS_TOT, GEM, L1SCOUT, RPC, TRACKER]",0.0,0.0,213637,cosmics2024/v27,/cdaq/cosmic/commissioning2024/v1.1.0/HLT/V2,Commissioning2024,4
377521,9323,564,2024-03-06 18:25:04,2024-03-06 18:34:28,"[CTPPS, CTPPS_TOT, GEM, L1SCOUT, RPC]",0.0,0.0,167314,cosmics2024/v27,/cdaq/cosmic/commissioning2024/v1.1.0/HLT/V2,Commissioning2024,4
377522,9323,92,2024-03-06 18:35:43,2024-03-06 18:37:15,"[CTPPS, CTPPS_TOT, GEM, L1SCOUT, RPC]",,,,cosmics2024/v27,,Commissioning2024,
377523,9323,646,2024-03-06 18:39:12,2024-03-06 18:49:59,"[CTPPS, CTPPS_TOT, GEM, L1SCOUT, RPC]",0.0,0.0,186102,cosmics2024/v27,/cdaq/cosmic/commissioning2024/v1.1.0/HLT/V2,Commissioning2024,4
377524,9323,768,2024-03-06 18:52:17,2024-03-06 19:05:05,"[CTPPS, CTPPS_TOT, GEM, L1SCOUT, RPC]",0.0,0.0,218265,cosmics2024/v27,/cdaq/cosmic/commissioning2024/v1.1.0/HLT/V2,Commissioning2024,4
377525,9323,653,2024-03-06 19:07:25,2024-03-06 19:18:18,"[CTPPS, CTPPS_TOT, GEM, L1SCOUT, RPC]",0.0,0.0,184295,cosmics2024/v27,/cdaq/cosmic/commissioning2024/v1.1.0/HLT/V2,Commissioning2024,4
377528,9323,23750,2024-03-06 19:43:19,2024-03-07 02:19:08,"[CTPPS, CTPPS_TOT, L1SCOUT]",0.0,0.0,2658620160,cosmics2024/v27,/cdaq/cosmic/commissioning2024/v1.1.0/HLT/V2,Commissioning2024,4
377529,9323,242,2024-03-07 02:20:34,2024-03-07 02:24:36,"[CTPPS, CTPPS_TOT, L1SCOUT]",0.0,0.0,17053104,cosmics2024/v27,/cdaq/cosmic/commissioning2024/v1.1.0/HLT/V2,Commissioning2024,4
377531,9323,1618,2024-03-07 02:33:29,2024-03-07 03:00:27,"[CTPPS, CTPPS_TOT, L1SCOUT]",0.0,0.0,979195,cosmics2024/v27,/cdaq/cosmic/commissioning2024/v1.1.0/HLT/V2,Commissioning2024,4
377532,9323,786,2024-03-07 03:04:21,2024-03-07 03:17:27,"[CTPPS, CTPPS_TOT, L1SCOUT]",0.0,0.0,439914,cosmics2024/v27,/cdaq/cosmic/commissioning2024/v1.1.0/HLT/V2,Commissioning2024,4
377533,9323,161,2024-03-07 03:20:44,2024-03-07 03:23:25,"[CTPPS, CTPPS_TOT, L1SCOUT]",,,,cosmics2024/v27,,Commissioning2024,
377535,9323,1383,2024-03-07 03:29:29,2024-03-07 03:52:31,"[CTPPS, CTPPS_TOT, L1SCOUT]",0.0,0.0,80012,cosmics2024/v27,/cdaq/cosmic/commissioning2024/v1.1.0/HLT/V2,Commissioning2024,4
377536,9323,449,2024-03-07 03:55:32,2024-03-07 04:03:02,"[CTPPS, CTPPS_TOT, L1SCOUT]",0.0,0.0,98863,cosmics2024/v27,/cdaq/cosmic/commissioning2024/v1.1.0/HLT/V2,Commissioning2024,4
377537,9323,95,2024-03-07 04:05:18,2024-03-07 04:06:53,"[CTPPS, CTPPS_TOT, L1SCOUT]",,,,cosmics2024/v27,,Commissioning2024,
377539,9323,13242,2024-03-07 04:10:44,2024-03-07 07:51:26,"[CTPPS, CTPPS_TOT, L1SCOUT]",0.0,0.0,1428687590,cosmics2024/v27,/cdaq/cosmic/commissioning2024/v1.1.0/HLT/V2,Commissioning2024,4
377540,9323,328,2024-03-07 07:54:46,2024-03-07 08:00:14,"[CTPPS, CTPPS_TOT, L1SCOUT]",0.0,0.0,34526132,cosmics2024/v27,/cdaq/cosmic/commissioning2024/v1.1.0/HLT/V2,Commissioning2024,4
377569,9325,437,2024-03-07 20:30:16,2024-03-07 20:37:33,"[CSC, CTPPS, CTPPS_TOT, DT, ECAL, ES, GEM, HCAL, L1SCOUT, PIXEL, RPC, TRACKER]",0.0,0.0,207802,cosmics2024/v28,/cdaq/cosmic/commissioning2024/v1.1.0/HLT/V2,Commissioning2024,4
377574,9326,110,2024-03-07 21:00:14,2024-03-07 21:02:04,"[CTPPS, CTPPS_TOT, L1SCOUT]",0.0,0.0,39,cosmics2024/v28,/cdaq/cosmic/commissioning2024/v1.1.0/HLT/V2,Commissioning2024,4
377575,9326,166,2024-03-07 21:04:28,2024-03-07 21:07:14,"[CTPPS, CTPPS_TOT, L1SCOUT]",0.0,0.0,111,cosmics2024/v28,/cdaq/cosmic/commissioning2024/v1.1.0/HLT/V2,Commissioning2024,4
377577,9326,45,2024-03-07 21:09:46,2024-03-07 21:10:31,"[CTPPS, CTPPS_TOT, L1SCOUT]",0.0,0.0,111,cosmics2024/v28,/cdaq/cosmic/commissioning2024/v1.1.0/HLT/V2,Commissioning2024,4
377578,9326,1879,2024-03-07 21:16:40,2024-03-07 21:47:59,"[CTPPS, CTPPS_TOT, GEM, L1SCOUT]",0.0,0.0,205721820,cosmics2024/v28,/cdaq/cosmic/commissioning2024/v1.1.0/HLT/V2,Commissioning2024,4
377582,9326,40535,2024-03-07 21:50:41,2024-03-08 09:06:16,"[CTPPS, CTPPS_TOT, L1SCOUT]",0.0,0.0,4616017025,cosmics2024/v28,/cdaq/cosmic/commissioning2024/v1.1.0/HLT/V2,Commissioning2024,4
377584,9328,233,2024-03-08 09:08:37,2024-03-08 09:12:30,"[CSC, CTPPS, CTPPS_TOT, L1SCOUT]",0.0,0.0,19254869,cosmics2024/v28,/cdaq/cosmic/commissioning2024/v1.1.0/HLT/V2,Commissioning2024,4
377585,9328,2652,2024-03-08 09:18:39,2024-03-08 10:02:51,"[CSC, CTPPS, CTPPS_TOT, GEM, L1SCOUT, TRACKER]",0.0,0.0,2701,beamsplash/v21,/cdaq/special/2024/Splashes/v1.1.0/HLT/V3,Commissioning2024,0
377590,9328,456,2024-03-08 10:06:57,2024-03-08 10:14:33,"[CSC, CTPPS, CTPPS_TOT, DT, GEM, L1SCOUT, PIXEL, RPC, TRACKER]",0.0,0.0,362,beamsplash/v21,/cdaq/special/2024/Splashes/v1.1.0/HLT/V3,Commissioning2024,0
377594,9328,74,2024-03-08 10:16:55,2024-03-08 10:18:09,"[CSC, CTPPS, CTPPS_TOT, DT, GEM, L1SCOUT, PIXEL, RPC, TRACKER]",,,,beamsplash/v21,,Commissioning2024,
377595,9328,293,2024-03-08 10:20:05,2024-03-08 10:24:58,"[CSC, CTPPS, CTPPS_TOT, DT, GEM, L1SCOUT, PIXEL, RPC, TRACKER]",0.0,0.0,235,beamsplash/v21,/cdaq/special/2024/Splashes/v1.1.0/HLT/V3,Commissioning2024,0
377596,9328,141,2024-03-08 10:28:11,2024-03-08 10:30:32,"[CSC, CTPPS, CTPPS_TOT, DT, GEM, L1SCOUT, PIXEL, RPC, TRACKER]",0.0,0.0,919,beamsplash/v21,/cdaq/special/2024/Splashes/v1.1.0/HLT/V3,Commissioning2024,0
377597,9328,753,2024-03-08 10:33:29,2024-03-08 10:46:02,"[CSC, CTPPS, CTPPS_TOT, DT, GEM, L1SCOUT, PIXEL, RPC, TRACKER]",0.0,0.0,2718,beamsplash/v21,/cdaq/special/2024/Splashes/v1.1.0/HLT/V3,Commissioning2024,0
377602,9328,82,2024-03-08 10:47:53,2024-03-08 10:49:15,"[CSC, CTPPS, CTPPS_TOT, DT, GEM, L1SCOUT, PIXEL, RPC, TRACKER]",,,,beamsplash/v21,,Commissioning2024,
377605,9328,3346,2024-03-08 10:52:49,2024-03-08 11:48:35,"[CSC, CTPPS, CTPPS_TOT, DT, GEM, L1SCOUT, PIXEL, RPC, TRACKER]",-1.783E-9,-1.213E-9,3471,beamsplash/v21,/cdaq/special/2024/Splashes/v1.1.0/HLT/V3,Commissioning2024,0
377618,9328,131,2024-03-08 12:24:34,2024-03-08 12:26:45,"[CSC, CTPPS, CTPPS_TOT, GEM, HCAL, L1SCOUT, RPC]",0.0,0.0,57745,circulating2024/v4,/cdaq/circulating/2024/v1.1.0/HLT/V2,Commissioning2024,3
377624,9328,268,2024-03-08 12:38:01,2024-03-08 12:42:29,"[CSC, CTPPS, CTPPS_TOT, L1SCOUT, RPC]",0.0,0.0,127142,circulating2024/v5,/cdaq/circulating/2024/v1.1.0/HLT/V2,Commissioning2024,3
377625,9328,2156,2024-03-08 12:45:49,2024-03-08 13:21:44,"[CTPPS, CTPPS_TOT, L1SCOUT, RPC]",0.0,0.0,1116792,circulating2024/v5,/cdaq/circulating/2024/v1.1.0/HLT/V2,Commissioning2024,3
377627,9329,1036,2024-03-08 13:24:49,2024-03-08 13:42:05,"[CTPPS, CTPPS_TOT, L1SCOUT]",0.0,0.0,517397,circulating2024/v5,/cdaq/circulating/2024/v1.1.0/HLT/V2,Commissioning2024,3
377628,9329,34,2024-03-08 13:45:21,2024-03-08 13:45:55,"[CTPPS, CTPPS_TOT, L1SCOUT]",,,,circulating2024/v5,,Commissioning2024,
377631,9329,443,2024-03-08 13:50:39,2024-03-08 13:58:02,"[CTPPS, CTPPS_TOT, L1SCOUT]",0.0,0.0,219448,circulating2024/v5,/cdaq/circulating/2024/v1.1.0/HLT/V2,Commissioning2024,3
377632,9329,181,2024-03-08 14:01:15,2024-03-08 14:04:16,"[CTPPS, CTPPS_TOT, L1SCOUT]",0.0,0.0,81077,cosmics2024/v28,/cdaq/cosmic/commissioning2024/v1.1.0/HLT/V2,Commissioning2024,4
377633,9329,4385,2024-03-08 14:07:38,2024-03-08 15:20:43,"[CTPPS, CTPPS_TOT, L1SCOUT]",0.0,0.0,2180706,circulating2024/v5,/cdaq/circulating/2024/v1.1.0/HLT/V2,Commissioning2024,3
377639,9329,3698,2024-03-08 15:23:26,2024-03-08 16:25:04,"[CTPPS, CTPPS_TOT, L1SCOUT]",0.0,0.0,1833981,circulating2024/v6,/cdaq/circulating/2024/v1.1.0/HLT/V3,Commissioning2024,11
377649,9329,2440,2024-03-08 16:28:54,2024-03-08 17:09:34,"[CSC, CTPPS, CTPPS_TOT, L1SCOUT]",0.0,0.0,1204567,circulating2024/v6,/cdaq/circulating/2024/v1.1.0/HLT/V3,Commissioning2024,11
377655,9329,2792,2024-03-08 17:13:14,2024-03-08 17:59:46,"[CTPPS, CTPPS_TOT, L1SCOUT]",0.0,0.0,1440342,circulating2024/v6,/cdaq/circulating/2024/v1.1.0/HLT/V3,Commissioning2024,11
377659,9329,8962,2024-03-08 18:04:07,2024-03-08 20:33:29,"[CTPPS, CTPPS_TOT, L1SCOUT]",0.0,0.0,4517515,circulating2024/v6,/cdaq/circulating/2024/v1.1.0/HLT/V3,Commissioning2024,11
377660,9329,12005,2024-03-08 20:37:56,2024-03-08 23:58:01,"[CTPPS, CTPPS_TOT, L1SCOUT]",0.0,0.0,1333660495,cosmics2024/v28,/cdaq/cosmic/commissioning2024/v1.1.0/HLT/V2,Commissioning2024,4
377661,9330,18020,2024-03-09 00:00:41,2024-03-09 05:01:00,"[CTPPS, CTPPS_TOT, L1SCOUT]",0.0,0.0,9120245,circulating2024/v6,/cdaq/circulating/2024/v1.1.0/HLT/V3,Commissioning2024,11
377662,9330,3696,2024-03-09 05:02:37,2024-03-09 06:04:13,"[CTPPS, CTPPS_TOT, L1SCOUT]",0.0,0.0,1821795,circulating2024/v6,/cdaq/circulating/2024/v1.1.0/HLT/V3,Commissioning2024,11
377663,9330,923,2024-03-09 06:07:41,2024-03-09 06:23:04,"[CTPPS, CTPPS_TOT, L1SCOUT]",0.0,0.0,444763,circulating2024/v6,/cdaq/circulating/2024/v1.1.0/HLT/V3,Commissioning2024,11
377664,9330,736,2024-03-09 06:26:16,2024-03-09 06:38:32,"[CTPPS, CTPPS_TOT, L1SCOUT]",0.0,0.0,365958,collisions2024/v2,/cdaq/special/2024/Splashes/v1.1.0/HLT/V3,Commissioning2024,0
377665,9330,2517,2024-03-09 06:53:30,2024-03-09 07:35:28,"[CTPPS, CTPPS_TOT, L1SCOUT]",0.0,0.0,1229395,circulating2024/v6,/cdaq/circulating/2024/v1.1.0/HLT/V3,Commissioning2024,11
377666,9330,20,2024-03-09 07:35:56,2024-03-09 07:36:16,"[CTPPS, CTPPS_TOT, L1SCOUT]",,,,circulating2024/v6,,Commissioning2024,
377667,9330,336,2024-03-09 07:37:59,2024-03-09 07:43:34,"[CTPPS, CTPPS_TOT, L1SCOUT]",0.0,0.0,161677,circulating2024/v6,/cdaq/circulating/2024/v1.1.0/HLT/V3,Commissioning2024,11
377668,9330,4404,2024-03-09 07:47:10,2024-03-09 09:00:34,"[CTPPS, CTPPS_TOT, L1SCOUT]",0.0,0.0,492076895,cosmics2024/v28,/cdaq/cosmic/commissioning2024/v1.1.0/HLT/V2,Commissioning2024,4
377669,9332,37975,2024-03-09 09:03:52,2024-03-09 19:36:47,"[CTPPS, CTPPS_TOT, L1SCOUT]",0.0,0.0,19147266,circulating2024/v6,/cdaq/circulating/2024/v1.1.0/HLT/V3,Commissioning2024,11
377671,9333,1789,2024-03-09 19:42:42,2024-03-09 20:12:31,"[CTPPS, CTPPS_TOT, L1SCOUT]",0.0,0.0,197570097,cosmics2024/v28,/cdaq/cosmic/commissioning2024/v1.1.0/HLT/V2,Commissioning2024,4
377676,9333,23709,2024-03-09 20:23:35,2024-03-10 02:58:44,"[CTPPS, CTPPS_TOT, L1SCOUT]",0.0,0.0,12018417,circulating2024/v6,/cdaq/circulating/2024/v1.1.0/HLT/V3,Commissioning2024,11
377677,9334,8,2024-03-10 03:00:14,2024-03-10 03:00:22,"[CTPPS, CTPPS_TOT, L1SCOUT]",0.0,0.0,,circulating2024/v6,/cdaq/circulating/2024/v1.1.0/HLT/V3,Commissioning2024,
377679,9334,2712,2024-03-10 03:05:07,2024-03-10 03:50:19,"[CTPPS, CTPPS_TOT, L1SCOUT]",0.0,0.0,304007909,cosmics2024/v28,/cdaq/cosmic/commissioning2024/v1.1.0/HLT/V2,Commissioning2024,4
377681,9334,1838,2024-03-10 03:54:56,2024-03-10 04:25:35,"[CTPPS, CTPPS_TOT, L1SCOUT]",0.0,0.0,890171,circulating2024/v6,/cdaq/circulating/2024/v1.1.0/HLT/V3,Commissioning2024,11
377682,9336,4617,2024-03-10 04:28:20,2024-03-10 05:45:17,"[CTPPS, CTPPS_TOT, L1SCOUT]",0.0,0.0,455123991,cosmics2024/v28,/cdaq/cosmic/commissioning2024/v1.1.0/HLT/V2,Commissioning2024,4
377684,9336,2687,2024-03-10 05:49:43,2024-03-10 06:34:30,"[CTPPS, CTPPS_TOT, L1SCOUT]",0.0,0.0,1313629,circulating2024/v6,/cdaq/circulating/2024/v1.1.0/HLT/V3,Commissioning2024,11
377685,9336,5662,2024-03-10 06:37:58,2024-03-10 08:12:20,"[CTPPS, CTPPS_TOT, L1SCOUT]",0.0,0.0,2798158,circulating2024/v6,/cdaq/circulating/2024/v1.1.0/HLT/V3,Commissioning2024,11
377687,9337,37,2024-03-10 08:16:09,2024-03-10 08:16:46,"[CTPPS, CTPPS_TOT, L1SCOUT]",,,,cosmics2024/v28,,Commissioning2024,
377688,9337,2014,2024-03-10 08:18:43,2024-03-10 08:52:17,"[CTPPS, CTPPS_TOT, L1SCOUT]",0.0,0.0,214111999,cosmics2024/v28,/cdaq/cosmic/commissioning2024/v1.1.0/HLT/V2,Commissioning2024,4
377689,9337,5088,2024-03-10 08:56:27,2024-03-10 10:21:15,"[CTPPS, CTPPS_TOT, L1SCOUT]",0.0,0.0,2514174,circulating2024/v6,/cdaq/circulating/2024/v1.1.0/HLT/V3,Commissioning2024,11
377691,9338,2753,2024-03-10 10:26:56,2024-03-10 11:12:49,"[CTPPS, CTPPS_TOT, L1SCOUT]",0.0,0.0,306482889,cosmics2024/v28,/cdaq/cosmic/commissioning2024/v1.1.0/HLT/V2,Commissioning2024,4
377692,9338,2030,2024-03-10 11:16:24,2024-03-10 11:50:14,"[CTPPS, CTPPS_TOT, L1SCOUT]",0.0,0.0,1051590,circulating2024/v6,/cdaq/circulating/2024/v1.1.0/HLT/V3,Commissioning2024,11
377695,9338,48,2024-03-10 11:55:47,2024-03-10 11:56:35,"[CTPPS, CTPPS_TOT, L1SCOUT]",0.0,0.0,11667,cosmics2024/v28,/cdaq/cosmic/commissioning2024/v1.1.0/HLT/V2,Commissioning2024,4
377697,9338,483,2024-03-10 12:00:57,2024-03-10 12:09:00,"[CTPPS, CTPPS_TOT, L1SCOUT]",0.0,0.0,231192,circulating2024/v6,/cdaq/circulating/2024/v1.1.0/HLT/V3,Commissioning2024,11
377698,9338,16,2024-03-10 12:12:32,2024-03-10 12:12:48,"[CSC, CTPPS, CTPPS_TOT, L1SCOUT]",,,,circulating2024/v6,,Commissioning2024,
377700,9339,2309,2024-03-10 12:19:04,2024-03-10 12:57:33,"[CSC, CTPPS, CTPPS_TOT, L1SCOUT]",0.0,0.0,248870478,cosmics2024/v28,/cdaq/cosmic/commissioning2024/v1.1.0/HLT/V2,Commissioning2024,4
377702,9339,4294,2024-03-10 13:05:27,2024-03-10 14:17:01,"[CSC, CTPPS, CTPPS_TOT, L1SCOUT]",0.0,0.0,2116284,circulating2024/v6,/cdaq/circulating/2024/v1.1.0/HLT/V3,Commissioning2024,11
377704,9339,49075,2024-03-10 14:20:51,2024-03-11 03:58:46,"[CTPPS, CTPPS_TOT, L1SCOUT]",0.0,0.0,24382597,circulating2024/v6,/cdaq/circulating/2024/v1.1.0/HLT/V3,Commissioning2024,11
377705,9341,2476,2024-03-11 04:02:33,2024-03-11 04:43:49,"[CTPPS, CTPPS_TOT, L1SCOUT]",0.0,0.0,275837264,cosmics2024/v28,/cdaq/cosmic/commissioning2024/v1.1.0/HLT/V2,Commissioning2024,4
377706,9341,2677,2024-03-11 04:47:09,2024-03-11 05:31:47,"[CTPPS, CTPPS_TOT, L1SCOUT]",0.0,0.0,1282551,circulating2024/v6,/cdaq/circulating/2024/v1.1.0/HLT/V3,Commissioning2024,11
377707,9341,5761,2024-03-11 05:36:26,2024-03-11 07:12:27,"[CTPPS, CTPPS_TOT, L1SCOUT]",0.0,0.0,644243573,cosmics2024/v28,/cdaq/cosmic/commissioning2024/v1.1.0/HLT/V2,Commissioning2024,4
377708,9342,6426,2024-03-11 07:15:11,2024-03-11 09:02:17,"[CSC, CTPPS, CTPPS_TOT, L1SCOUT]",0.0,0.0,722179143,cosmics2024/v28,/cdaq/cosmic/commissioning2024/v1.1.0/HLT/V2,Commissioning2024,4
377714,9342,23,2024-03-11 09:08:01,2024-03-11 09:08:24,"[CSC, CTPPS, CTPPS_TOT, GEM, HCAL, L1SCOUT, PIXEL]",0.0,0.0,,cosmics2024/v28,/cdaq/cosmic/commissioning2024/v1.1.0/HLT/V2,Commissioning2024,
377716,9342,889,2024-03-11 09:11:57,2024-03-11 09:26:46,"[CSC, CTPPS, CTPPS_TOT, ECAL, GEM, HCAL, L1SCOUT, PIXEL]",0.0,0.0,76455462,cosmics2024/v28,/cdaq/cosmic/commissioning2024/v1.1.0/HLT/V2,Commissioning2024,4
377721,9342,2204,2024-03-11 09:30:43,2024-03-11 10:07:27,"[CSC, CTPPS, CTPPS_TOT, ECAL, GEM, L1SCOUT, PIXEL, RPC]",0.0,0.0,246255650,cosmics2024/v28,/cdaq/cosmic/commissioning2024/v1.1.0/HLT/V2,Commissioning2024,4
377725,9342,317,2024-03-11 10:09:59,2024-03-11 10:15:16,"[CSC, CTPPS, CTPPS_TOT, ECAL, GEM, L1SCOUT, RPC]",0.0,0.0,31689780,cosmics2024/v28,/cdaq/cosmic/commissioning2024/v1.1.0/HLT/V2,Commissioning2024,4
377727,9342,13216,2024-03-11 10:20:46,2024-03-11 14:01:02,"[CSC, CTPPS, CTPPS_TOT, GEM, L1SCOUT, RPC]",0.0,0.0,1491180699,cosmics2024/v28,/cdaq/cosmic/commissioning2024/v1.1.0/HLT/V2,Commissioning2024,4
377737,9344,4612,2024-03-11 14:05:35,2024-03-11 15:22:27,"[CTPPS, CTPPS_TOT, DT, GEM, L1SCOUT, RPC, TRACKER]",-1.93532E-7,-1.82833E-7,519215789,cosmics2024/v28,/cdaq/cosmic/commissioning2024/v1.1.0/HLT/V2,Commissioning2024,4
377744,9345,232,2024-03-11 15:26:10,2024-03-11 15:30:02,"[CTPPS, CTPPS_TOT, GEM, L1SCOUT, RPC]",-1.1042E-8,-1.035E-8,19394754,cosmics2024/v28,/cdaq/cosmic/commissioning2024/v1.1.0/HLT/V2,Commissioning2024,4
377746,9345,755,2024-03-11 15:31:56,2024-03-11 15:44:31,"[CTPPS, CTPPS_TOT, GEM, L1SCOUT, RPC, TRACKER]",-4.4347E-8,-4.3279E-8,9678288,cosmics2024/v28,/cdaq/cosmic/commissioning2024/v1.1.0/HLT/V2,Commissioning2024,4
377748,9345,775,2024-03-11 15:46:50,2024-03-11 15:59:45,"[CTPPS, CTPPS_TOT, GEM, L1SCOUT, PIXEL, RPC, TRACKER]",-4.6191E-8,-4.382E-8,85683552,cosmics2024/v28,/cdaq/cosmic/commissioning2024/v1.1.0/HLT/V2,Commissioning2024,4
377749,9345,674,2024-03-11 16:03:02,2024-03-11 16:14:16,"[CTPPS, CTPPS_TOT, GEM, L1SCOUT, RPC, TRACKER]",-4.0413E-8,-3.9842E-8,69655768,cosmics2024/v28,/cdaq/cosmic/commissioning2024/v1.1.0/HLT/V2,Commissioning2024,4
377754,9345,2245,2024-03-11 16:19:50,2024-03-11 16:57:15,"[CTPPS, CTPPS_TOT, GEM, L1SCOUT, RPC, TRACKER]",-1.39936E-7,-1.38717E-7,1108586,circulating2024/v6,/cdaq/circulating/2024/v1.1.0/HLT/V3,Commissioning2024,11
377758,9345,411,2024-03-11 17:03:54,2024-03-11 17:10:45,"[CTPPS, CTPPS_TOT, GEM, L1SCOUT, RPC]",-2.5206E-8,-2.385E-8,195114,circulating2024/v6,/cdaq/circulating/2024/v1.1.0/HLT/V3,Commissioning2024,11
377759,9345,276,2024-03-11 17:13:53,2024-03-11 17:18:29,"[CTPPS, CTPPS_TOT, L1SCOUT, RPC]",-1.6075E-8,-1.5544E-8,133176,circulating2024/v6,/cdaq/circulating/2024/v1.1.0/HLT/V3,Commissioning2024,11
377760,9345,3910,2024-03-11 17:21:51,2024-03-11 18:27:01,"[CTPPS, CTPPS_TOT, L1SCOUT]",-2.5876E-7,-2.54887E-7,1928744,circulating2024/v6,/cdaq/circulating/2024/v1.1.0/HLT/V3,Commissioning2024,11
377762,9345,1107,2024-03-11 18:31:19,2024-03-11 18:49:46,"[CTPPS, CTPPS_TOT, L1SCOUT]",-7.2846E-8,-6.8672E-8,119149842,cosmics2024/v28,/cdaq/cosmic/commissioning2024/v1.1.0/HLT/V2,Commissioning2024,4
377763,9346,29,2024-03-11 18:51:40,2024-03-11 18:52:09,"[CTPPS, CTPPS_TOT, L1SCOUT]",,,,circulating2024/v6,,Commissioning2024,
377764,9346,137,2024-03-11 18:54:31,2024-03-11 18:56:48,"[CTPPS, CTPPS_TOT, L1SCOUT]",-5.875E-9,-5.195E-9,36209,circulating2024/v6,/cdaq/circulating/2024/v1.1.0/HLT/V3,Commissioning2024,11
377765,9346,226,2024-03-11 18:57:45,2024-03-11 19:01:31,"[CTPPS, CTPPS_TOT, L1SCOUT]",-7.405E-9,-6.11E-9,65830,circulating2024/v6,/cdaq/circulating/2024/v1.1.0/HLT/V3,Commissioning2024,11
377766,9346,109,2024-03-11 19:03:40,2024-03-11 19:05:28,"[CTPPS, CTPPS_TOT, L1SCOUT]",-9.63E-10,0.0,0,circulating2024/v6,/cdaq/circulating/2024/v1.1.0/HLT/V3,Commissioning2024,11
377767,9346,204,2024-03-11 19:08:00,2024-03-11 19:11:24,"[CTPPS, CTPPS_TOT, L1SCOUT]",-1.1827E-8,-1.0528E-8,85568,circulating2024/v6,/cdaq/circulating/2024/v1.1.0/HLT/V3,Commissioning2024,11
377770,9346,6839,2024-03-11 19:22:01,2024-03-11 21:16:00,"[CTPPS, CTPPS_TOT, L1SCOUT]",-4.8711E-7,-4.8079E-7,3366032,circulating2024/v6,/cdaq/circulating/2024/v1.1.0/HLT/V3,Commissioning2024,11
377771,9346,46,2024-03-11 21:19:20,2024-03-11 21:20:06,"[CTPPS, CTPPS_TOT, L1SCOUT]",,,,circulating2024/v6,/cdaq/circulating/2024/v1.1.0/HLT/V3,Commissioning2024,
377772,9346,158,2024-03-11 21:22:22,2024-03-11 21:25:00,"[CTPPS, CTPPS_TOT, L1SCOUT]",,,,circulating2024/v6,/cdaq/circulating/2024/v1.1.0/HLT/V3,Commissioning2024,
377773,9346,14357,2024-03-11 21:28:24,2024-03-12 01:27:42,"[CTPPS, CTPPS_TOT, L1SCOUT]",-1.317802E-6,-1.29714E-6,7015374,circulating2024/v6,/cdaq/circulating/2024/v1.1.0/HLT/V3,Commissioning2024,11
377774,9346,2892,2024-03-12 01:29:49,2024-03-12 02:18:01,"[CTPPS, CTPPS_TOT, L1SCOUT]",-2.5464E-7,-2.50241E-7,1415364,circulating2024/v6,/cdaq/circulating/2024/v1.1.0/HLT/V3,Commissioning2024,11
377775,9347,4598,2024-03-12 02:21:23,2024-03-12 03:38:01,"[CTPPS, CTPPS_TOT, L1SCOUT]",-3.84391E-7,-3.91052E-7,515377011,cosmics2024/v28,/cdaq/cosmic/commissioning2024/v1.1.0/HLT/V2,Commissioning2024,4
377776,9347,10567,2024-03-12 03:41:01,2024-03-12 06:37:08,"[CTPPS, CTPPS_TOT, L1SCOUT]",-9.80395E-7,-9.66049E-7,5217976,circulating2024/v6,/cdaq/circulating/2024/v1.1.0/HLT/V3,Commissioning2024,11
377777,9347,3207,2024-03-12 06:40:08,2024-03-12 07:33:35,"[CTPPS, CTPPS_TOT, L1SCOUT]",-2.97142E-7,-2.91658E-7,1582197,circulating2024/v6,/cdaq/circulating/2024/v1.1.0/HLT/V3,Commissioning2024,11
377778,9347,6487,2024-03-12 07:36:27,2024-03-12 09:24:33,"[CTPPS, CTPPS_TOT, L1SCOUT]",-5.85564E-7,-5.55559E-7,730751822,cosmics2024/v28,/cdaq/cosmic/commissioning2024/v1.1.0/HLT/V2,Commissioning2024,4
377780,9347,95,2024-03-12 09:27:55,2024-03-12 09:29:29,"[CSC, CTPPS, CTPPS_TOT, L1SCOUT, TRACKER]",-1.0448E-8,-6.433E-9,7888330,cosmics2024/v28,/cdaq/cosmic/commissioning2024/v1.1.0/HLT/V2,Commissioning2024,4
377781,9347,133,2024-03-12 09:35:13,2024-03-12 09:37:26,"[CSC, L1SCOUT, TRACKER]",-4.0E-9,-2.138E-9,18547,cosmics2024/v28,/cdaq/cosmic/commissioning2024/v1.1.0/HLT/V2,Commissioning2024,4
377782,9347,29,2024-03-12 09:40:12,2024-03-12 09:40:41,"[CSC, L1SCOUT, TRACKER]",-2.8E-9,-1.0E-12,37113,cosmics2024/v28,/cdaq/cosmic/commissioning2024/v1.1.0/HLT/V2,Commissioning2024,4
377783,9347,2181,2024-03-12 09:47:08,2024-03-12 10:23:29,"[CSC, HCAL, L1SCOUT, TRACKER]",-9.607E-9,-8.054E-9,245326815,cosmics2024/v28,/cdaq/cosmic/commissioning2024/v1.1.0/HLT/V2,Commissioning2024,4
377793,9347,4826,2024-03-12 10:25:34,2024-03-12 11:46:00,"[CSC, HCAL, L1SCOUT, RPC, TRACKER]",-2.4637E-8,-2.1479E-8,522906219,cosmics2024/v28,/cdaq/cosmic/commissioning2024/v1.1.0/HLT/V2,Commissioning2024,4
377796,9347,3936,2024-03-12 11:49:42,2024-03-12 12:55:18,"[CSC, HCAL, L1SCOUT, RPC]",-5.323E-9,-4.884E-9,416237139,cosmics2024/v28,/cdaq/cosmic/commissioning2024/v1.1.0/HLT/V2,Commissioning2024,4
377799,9349,1242,2024-03-12 12:58:23,2024-03-12 13:19:05,"[HCAL, L1SCOUT, RPC]",0.0,0.0,135581575,cosmics2024/v28,/cdaq/cosmic/commissioning2024/v1.1.0/HLT/V2,Commissioning2024,4
377801,9349,808,2024-03-12 13:22:50,2024-03-12 13:36:18,"[HCAL, L1SCOUT, RPC]",0.0,0.0,90325735,cosmics2024/v28,/cdaq/cosmic/commissioning2024/v1.1.0/HLT/V2,Commissioning2024,4
377803,9349,3312,2024-03-12 13:51:54,2024-03-12 14:47:05,"[HCAL, L1SCOUT, RPC]",3.675E-9,6.135E-9,1627956,circulating2024/v6,/cdaq/circulating/2024/v1.1.0/HLT/V3,Commissioning2024,11
377806,9349,2106,2024-03-12 14:55:31,2024-03-12 15:30:37,"[CTPPS_TOT, DT, HCAL, L1SCOUT, PIXEL, RPC]",-5.766E-9,-2.672E-9,1028162,circulating2024/v6,/cdaq/circulating/2024/v1.1.0/HLT/V3,Commissioning2024,11
377813,9349,494,2024-03-12 15:38:17,2024-03-12 15:46:31,"[CTPPS_TOT, DT, HCAL, L1SCOUT, PIXEL, RPC]",9.9E-10,2.631E-9,230975,circulating2024/v6,/cdaq/circulating/2024/v1.1.0/HLT/V3,Commissioning2024,11
377815,9349,2691,2024-03-12 15:51:57,2024-03-12 16:36:48,"[CTPPS_TOT, HCAL, L1SCOUT, RPC]",-5.597E-9,-4.613E-9,1328602,circulating2024/v6,/cdaq/circulating/2024/v1.1.0/HLT/V3,Commissioning2024,11
377817,9349,2220,2024-03-12 16:40:15,2024-03-12 17:17:15,"[CTPPS_TOT, L1SCOUT, RPC]",-2.03861E-7,-2.00181E-7,1105167,circulating2024/v6,/cdaq/circulating/2024/v1.1.0/HLT/V3,Commissioning2024,11
377818,9349,812,2024-03-12 17:21:59,2024-03-12 17:35:31,"[CTPPS_TOT, L1SCOUT, RPC]",-7.3916E-8,-7.2359E-8,412264,circulating2024/v6,/cdaq/circulating/2024/v1.1.0/HLT/V3,Commissioning2024,11
377820,9349,62,2024-03-12 17:37:58,2024-03-12 17:39:00,"[CTPPS_TOT, L1SCOUT, RPC]",,,,circulating2024/v6,,Commissioning2024,
377821,9349,1730,2024-03-12 17:40:58,2024-03-12 18:09:48,"[CTPPS_TOT, L1SCOUT, RPC]",-1.61754E-7,-1.5908E-7,843241,circulating2024/v6,/cdaq/circulating/2024/v1.1.0/HLT/V3,Commissioning2024,11
377822,9349,1772,2024-03-12 18:15:29,2024-03-12 18:45:01,"[CTPPS_TOT, L1SCOUT]",-1.66594E-7,-1.60198E-7,855621,circulating2024/v6,/cdaq/circulating/2024/v1.1.0/HLT/V3,Commissioning2024,11
377823,9349,3970,2024-03-12 18:59:57,2024-03-12 20:06:07,"[CTPPS_TOT, L1SCOUT]",-3.69098E-7,-3.60172E-7,1948760,circulating2024/v6,/cdaq/circulating/2024/v1.1.0/HLT/V3,Commissioning2024,11
377824,9349,517,2024-03-12 20:09:49,2024-03-12 20:18:26,"[CTPPS_TOT, L1SCOUT]",-4.5715E-8,-4.2151E-8,234314,circulating2024/v6,/cdaq/circulating/2024/v1.1.0/HLT/V3,Commissioning2024,11
377825,9349,33820,2024-03-12 20:21:37,2024-03-13 05:45:17,"[CTPPS_TOT, L1SCOUT]",-3.07207E-6,-3.008978E-6,16560280,circulating2024/v6,/cdaq/circulating/2024/v1.1.0/HLT/V3,Commissioning2024,11
377827,9350,688,2024-03-13 05:50:01,2024-03-13 06:01:29,"[CTPPS_TOT, L1SCOUT]",-6.2115E-8,-5.8669E-8,334974,collisions2024/v2,/cdaq/special/2024/Splashes/v1.1.0/HLT/V3,Commissioning2024,0
377829,9351,11,2024-03-13 06:06:24,2024-03-13 06:06:34,"[CTPPS_TOT, L1SCOUT]",-1.473E-9,-2.85E-10,,cosmics2024/v28,/cdaq/cosmic/commissioning2024/v1.1.0/HLT/V2,Commissioning2024,
377830,9351,58,2024-03-13 06:08:09,2024-03-13 06:09:07,"[CTPPS_TOT, L1SCOUT]",-6.486E-9,-4.508E-9,23032,cosmics2024/v28,/cdaq/cosmic/commissioning2024/v1.1.0/HLT/V2,Commissioning2024,4
377831,9351,8,2024-03-13 06:11:48,2024-03-13 06:11:56,"[CTPPS_TOT, L1SCOUT]",-1.932E-9,-1.99E-10,,cosmics2024/v28,/cdaq/cosmic/commissioning2024/v1.1.0/HLT/V2,Commissioning2024,
377832,9351,657,2024-03-13 06:16:37,2024-03-13 06:27:34,"[CTPPS_TOT, L1SCOUT]",-5.7177E-8,-5.2428E-8,66973581,cosmics2024/v28,/cdaq/cosmic/commissioning2024/v1.1.0/HLT/V2,Commissioning2024,4
377833,9351,1079,2024-03-13 06:30:27,2024-03-13 06:48:26,"[CTPPS_TOT, L1SCOUT]",-9.9223E-8,-9.5078E-8,122354398,cosmics2024/v28,/cdaq/cosmic/commissioning2024/v1.1.0/HLT/V2,Commissioning2024,4
377835,9351,1149,2024-03-13 06:53:37,2024-03-13 07:12:46,"[CTPPS_TOT, L1SCOUT]",-1.00825E-7,-9.7367E-8,552822,circulating2024/v6,/cdaq/circulating/2024/v1.1.0/HLT/V3,Commissioning2024,11
377837,9351,824,2024-03-13 07:20:02,2024-03-13 07:33:45,"[CSC, CTPPS, CTPPS_TOT, DT, GEM, L1SCOUT, PIXEL, RPC, TRACKER]",-5.498E-9,-5.113E-9,845,beamsplash/v21,/cdaq/special/2024/Splashes/v1.1.0/HLT/V3,Commissioning2024,0
377838,9351,6315,2024-03-13 07:35:51,2024-03-13 09:21:06,"[CSC, CTPPS, CTPPS_TOT, DT, GEM, L1SCOUT, PIXEL, RPC, TRACKER]",-3.6084E-8,-2.914E-8,6577,beamsplash/v21,/cdaq/special/2024/Splashes/v1.1.0/HLT/V3,Commissioning2024,0
377845,9351,323,2024-03-13 09:37:20,2024-03-13 09:42:43,"[CTPPS, CTPPS_TOT, L1SCOUT]",-3.1705E-8,-2.9722E-8,148846,circulating2024/v6,/cdaq/circulating/2024/v1.1.0/HLT/V3,Commissioning2024,11
377848,9351,273,2024-03-13 09:45:35,2024-03-13 09:50:08,"[CTPPS, CTPPS_TOT, L1SCOUT]",-2.7961E-8,-2.5611E-8,127201,collisions2024/v3,/cdaq/special/2024/FirstCollisions/v1.1.0/HLT/V2,Commissioning2024,8
377849,9351,471,2024-03-13 09:52:03,2024-03-13 09:59:55,"[CTPPS, CTPPS_TOT, L1SCOUT]",-4.8297E-8,-4.4707E-8,230689,collisions2024/v3,/cdaq/special/2024/FirstCollisions/v1.1.0/HLT/V2,Commissioning2024,8
377853,9351,21,2024-03-13 10:11:20,2024-03-13 10:11:41,"[CTPPS_TOT, GEM, L1SCOUT, PIXEL, RPC]",-1.649E-9,-8.32E-10,,circulating2024/v6,/cdaq/circulating/2024/v1.1.0/HLT/V3,Commissioning2024,
377854,9351,2841,2024-03-13 10:16:27,2024-03-13 11:03:48,"[GEM, L1SCOUT, PIXEL, RPC]",-1.9321E-7,-1.894E-7,1397965,circulating2024/v6,/cdaq/circulating/2024/v1.1.0/HLT/V3,Commissioning2024,11
377857,9351,68,2024-03-13 11:09:54,2024-03-13 11:11:02,"[CSC, GEM, L1SCOUT, PIXEL, RPC]",,,,circulating2024/v6,,Commissioning2024,
377858,9351,1086,2024-03-13 11:12:56,2024-03-13 11:31:02,"[CSC, GEM, L1SCOUT, PIXEL, RPC]",-3.7159E-8,-3.5745E-8,382349,circulating2024/v6,/cdaq/circulating/2024/v1.1.0/HLT/V3,Commissioning2024,11
377860,9351,624,2024-03-13 11:36:47,2024-03-13 11:47:11,"[CSC, GEM, L1SCOUT, PIXEL, RPC]",-2.1283E-8,-1.9708E-8,226465,circulating2024/v6,/cdaq/circulating/2024/v1.1.0/HLT/V3,Commissioning2024,11
377861,9351,314,2024-03-13 11:50:47,2024-03-13 11:56:01,"[CSC, GEM, L1SCOUT, PIXEL, RPC]",-1.5367E-8,-1.52E-8,136611,circulating2024/v6,/cdaq/circulating/2024/v1.1.0/HLT/V3,Commissioning2024,11
377862,9351,1820,2024-03-13 12:03:48,2024-03-13 12:34:08,"[CSC, GEM, L1SCOUT, PIXEL, RPC]",-8.6293E-8,-8.4566E-8,898463,circulating2024/v6,/cdaq/circulating/2024/v1.1.0/HLT/V3,Commissioning2024,11
377863,9351,1915,2024-03-13 12:37:50,2024-03-13 13:09:45,"[CSC, GEM, HCAL, L1SCOUT, PIXEL, RPC]",-2.482E-9,-9.97E-10,946932,circulating2024/v6,/cdaq/circulating/2024/v1.1.0/HLT/V3,Commissioning2024,11
377867,9352,38,2024-03-13 13:12:46,2024-03-13 13:13:24,"[CSC, GEM, HCAL, L1SCOUT, PIXEL, RPC]",,,,collisions2024/v5,,Commissioning2024,
377868,9352,492,2024-03-13 13:15:27,2024-03-13 13:23:39,"[CSC, GEM, HCAL, L1SCOUT, PIXEL, RPC]",-3.624E-9,-1.426E-9,1832662,collisions2024/v5,/cdaq/special/2024/FirstCollisions/v1.1.0/HLT/V2,Commissioning2024,8
377869,9352,9629,2024-03-13 13:27:05,2024-03-13 16:07:35,"[CSC, GEM, HCAL, L1SCOUT, PIXEL, RPC]",3.295E-9,5.542E-9,4758250,circulating2024/v6,/cdaq/circulating/2024/v1.1.0/HLT/V3,Commissioning2024,11
377876,9352,953,2024-03-13 16:14:09,2024-03-13 16:30:03,"[GEM, HCAL, L1SCOUT, PIXEL, RPC]",2.5925E-8,2.5965E-8,461731,circulating2024/v6,/cdaq/circulating/2024/v1.1.0/HLT/V3,Commissioning2024,11
377879,9352,160,2024-03-13 16:34:52,2024-03-13 16:37:33,"[HCAL, L1SCOUT, PIXEL, RPC]",1.6257E-8,1.6257E-8,69481,circulating2024/v6,/cdaq/circulating/2024/v1.1.0/HLT/V3,Commissioning2024,11
377880,9352,521,2024-03-13 16:42:27,2024-03-13 16:51:08,"[HCAL, L1SCOUT, PIXEL]",2.6504E-8,3.1819E-8,242418,circulating2024/v6,/cdaq/circulating/2024/v1.1.0/HLT/V3,Commissioning2024,11
377881,9352,76,2024-03-13 17:15:58,2024-03-13 17:17:13,"[CSC, DT, HCAL, L1SCOUT, PIXEL]",-5.53E-10,3.0E-10,34698,circulating2024/v6,/cdaq/circulating/2024/v1.1.0/HLT/V3,Commissioning2024,11
377883,9352,17,2024-03-13 17:22:47,2024-03-13 17:23:04,"[DT, HCAL, L1SCOUT, PIXEL]",1.04E-10,9.25E-10,,circulating2024/v6,/cdaq/circulating/2024/v1.1.0/HLT/V3,Commissioning2024,
377884,9352,2511,2024-03-13 17:27:44,2024-03-13 18:09:35,"[HCAL, L1SCOUT, PIXEL]",-8.44E-10,-1.929E-9,1204401,circulating2024/v6,/cdaq/circulating/2024/v1.1.0/HLT/V3,Commissioning2024,11
377887,9352,1413,2024-03-13 18:12:16,2024-03-13 18:35:49,"[HCAL, L1SCOUT, PIXEL]",6.01E-10,2.041E-9,671602,circulating2024/v7,/cdaq/circulating/2024/v1.1.0/HLT/V3,Commissioning2024,11
377889,9352,550,2024-03-13 18:41:02,2024-03-13 18:50:12,"[L1SCOUT, PIXEL]",-2.8635E-8,-2.7994E-8,254456,circulating2024/v7,/cdaq/circulating/2024/v1.1.0/HLT/V3,Commissioning2024,11
377891,9352,9167,2024-03-13 18:53:54,2024-03-13 21:26:41,"[L1SCOUT]",-5.03929E-7,-4.98183E-7,4542689,circulating2024/v7,/cdaq/circulating/2024/v1.1.0/HLT/V3,Commissioning2024,11
377893,9352,6735,2024-03-13 21:35:32,2024-03-13 23:27:47,"[L1SCOUT]",-3.52854E-7,-3.46309E-7,3297482,circulating2024/v7,/cdaq/circulating/2024/v1.1.0/HLT/V3,Commissioning2024,11
377894,9353,582,2024-03-13 23:30:54,2024-03-13 23:40:36,"[L1SCOUT]",,,,circulating2024/v7,,Commissioning2024,
377896,9353,3417,2024-03-13 23:46:51,2024-03-14 00:43:48,"[L1SCOUT]",-1.68677E-7,-1.68161E-7,375170727,cosmics2024/v29,/cdaq/cosmic/commissioning2024/v1.1.0/HLT/V2,Commissioning2024,4
377897,9353,25370,2024-03-14 00:47:39,2024-03-14 07:50:29,"[L1SCOUT]",-4.0195E-8,-3.8087E-8,12527188,circulating2024/v7,/cdaq/circulating/2024/v1.1.0/HLT/V3,Commissioning2024,11
377898,9353,902,2024-03-14 07:58:45,2024-03-14 08:13:47,"[CSC, L1SCOUT]",-4.2914E-8,-4.2378E-8,468464,circulating2024/v7,/cdaq/circulating/2024/v1.1.0/HLT/V3,Commissioning2024,11
377900,9353,4086,2024-03-14 08:15:39,2024-03-14 09:23:46,"[CSC, L1SCOUT]",-1.93753E-7,-1.9581E-7,2184422,circulating2024/v7,/cdaq/circulating/2024/v1.1.0/HLT/V3,Commissioning2024,11
377907,9353,869,2024-03-14 09:53:16,2024-03-14 10:07:45,"[CSC, CTPPS, CTPPS_TOT, ECAL, L1SCOUT]",-4.9828E-8,-3.1504E-8,2464840,collisions2024/v7,/cdaq/special/2024/FirstCollisions/v1.1.0/HLT/V3,Commissioning2024,8
377909,9353,1272,2024-03-14 10:11:06,2024-03-14 10:32:18,"[CSC, CTPPS, CTPPS_TOT, ECAL, L1SCOUT]",-7.9408E-8,-7.8006E-8,618288,circulating2024/v7,/cdaq/circulating/2024/v1.1.0/HLT/V3,Commissioning2024,11
377911,9354,13,2024-03-14 10:35:33,2024-03-14 10:35:46,"[CSC, CTPPS, CTPPS_TOT, ECAL, L1SCOUT]",-2.18E-10,-2.19E-10,,cosmics2024/v29,/cdaq/cosmic/commissioning2024/v1.1.0/HLT/V2,Commissioning2024,
377913,9354,1238,2024-03-14 10:40:37,2024-03-14 11:01:15,"[CTPPS, CTPPS_TOT, L1SCOUT]",-9.1701E-8,-7.4131E-8,132715068,cosmics2024/v29,/cdaq/cosmic/commissioning2024/v1.1.0/HLT/V2,Commissioning2024,4
377969,9364,23,2024-03-15 11:58:51,2024-03-15 11:59:14,"[CTPPS, CTPPS_TOT, HCAL, L1SCOUT]",-1.347E-9,-1.53E-10,4466,cosmics2024/v29,/cdaq/cosmic/commissioning2024/v1.1.0/HLT/V2,Commissioning2024,
377971,9364,1563,2024-03-15 12:02:02,2024-03-15 12:28:05,"[CTPPS, CTPPS_TOT, HCAL, L1SCOUT]",-3.537E-9,-3.212E-9,165624942,cosmics2024/v29,/cdaq/cosmic/commissioning2024/v1.1.0/HLT/V2,Commissioning2024,4
377976,9364,92,2024-03-15 12:31:16,2024-03-15 12:32:48,"[CTPPS, CTPPS_TOT, HCAL, L1SCOUT]",-1.947E-9,-8.55E-10,7899854,cosmics2024/v29,/cdaq/cosmic/commissioning2024/v1.1.0/HLT/V2,Commissioning2024,4
377977,9364,1027,2024-03-15 12:36:14,2024-03-15 12:53:21,"[CSC, CTPPS, CTPPS_TOT, HCAL, L1SCOUT]",-7.37E-9,-6.023E-9,72144256,cosmics2024/v29,/cdaq/cosmic/commissioning2024/v1.1.0/HLT/V2,Commissioning2024,4
377978,9365,67,2024-03-15 12:57:04,2024-03-15 12:58:11,"[CTPPS, CTPPS_TOT, HCAL, L1SCOUT]",-2.673E-9,-8.8E-11,23004,cosmics2024/v29,/cdaq/cosmic/commissioning2024/v1.1.0/HLT/V2,Commissioning2024,4
377980,9365,1655,2024-03-15 13:06:29,2024-03-15 13:34:04,"[CTPPS, CTPPS_TOT, HCAL, L1SCOUT]",-4.745E-9,-2.686E-9,809193,circulating2024/v7,/cdaq/circulating/2024/v1.1.0/HLT/V3,Commissioning2024,11
377982,9365,610,2024-03-15 13:36:36,2024-03-15 13:46:46,"[CTPPS, CTPPS_TOT, HCAL, L1SCOUT]",3.1E-10,2.815E-9,11961066,collisions2024/v8,/cdaq/special/2024/FirstCollisions/v1.1.0/HLT/V4,Commissioning2024,8
377983,9365,1452,2024-03-15 13:52:37,2024-03-15 14:16:49,"[CTPPS, CTPPS_TOT, L1SCOUT]",-2.69985E-7,-2.66246E-7,752244,circulating2024/v7,/cdaq/circulating/2024/v1.1.0/HLT/V3,Commissioning2024,11
377984,9365,2131,2024-03-15 14:19:35,2024-03-15 14:55:06,"[CTPPS, CTPPS_TOT, L1SCOUT]",-4.01846E-7,-3.92923E-7,1110107,circulating2024/v7,/cdaq/circulating/2024/v1.1.0/HLT/V3,Commissioning2024,11
377988,9365,891,2024-03-15 15:19:28,2024-03-15 15:34:19,"[CTPPS, CTPPS_TOT, HCAL, L1SCOUT]",1.2451E-8,1.4807E-8,427431,circulating2024/v7,/cdaq/circulating/2024/v1.1.0/HLT/V3,Commissioning2024,11
377990,9365,5328,2024-03-15 15:38:13,2024-03-15 17:07:01,"[CTPPS, CTPPS_TOT, L1SCOUT]",-9.95422E-7,-9.79579E-7,2633437,circulating2024/v7,/cdaq/circulating/2024/v1.1.0/HLT/V3,Commissioning2024,11
377992,9365,70,2024-03-15 17:11:54,2024-03-15 17:13:04,"[CTPPS, CTPPS_TOT, L1SCOUT]",-1.4675E-8,-1.058E-8,3084976,circulating2024/v7,/cdaq/circulating/2024/v1.1.0/HLT/V3,Commissioning2024,11
377993,9365,549,2024-03-15 17:17:26,2024-03-15 17:26:36,"[CTPPS, CTPPS_TOT, L1SCOUT]",-1.03642E-7,-9.8722E-8,265735,circulating2024/v7,/cdaq/circulating/2024/v1.1.0/HLT/V3,Commissioning2024,11
377994,9365,31,2024-03-15 17:34:29,2024-03-15 17:35:00,"[CTPPS, CTPPS_TOT, L1SCOUT]",,,,cosmics2024/v29,,Commissioning2024,
377995,9365,180,2024-03-15 17:37:12,2024-03-15 17:40:12,"[CTPPS, CTPPS_TOT, L1SCOUT]",-3.1839E-8,-2.9137E-8,80757,cosmics2024/v29,/cdaq/cosmic/commissioning2024/v1.1.0/HLT/V2,Commissioning2024,4
377996,9365,712,2024-03-15 17:44:25,2024-03-15 17:56:17,"[CTPPS, CTPPS_TOT, L1SCOUT]",-1.32761E-7,-1.23163E-7,74380019,testingl1t/v97,/cdaq/cosmic/commissioning2024/v1.1.0/HLT/V2,Commissioning2024,4
377997,9365,483,2024-03-15 18:02:26,2024-03-15 18:10:29,"[CTPPS, CTPPS_TOT, L1SCOUT]",-9.7305E-8,-8.7145E-8,230963,circulating2024/v7,/cdaq/circulating/2024/v1.1.0/HLT/V3,Commissioning2024,11
377999,9365,705,2024-03-15 18:28:12,2024-03-15 18:39:57,"[CTPPS, CTPPS_TOT, L1SCOUT]",-1.24211E-7,-1.16605E-7,67238008,cosmics2024/v29,/cdaq/cosmic/commissioning2024/v1.1.0/HLT/V2,Commissioning2024,4
378002,9365,25547,2024-03-15 18:45:44,2024-03-16 01:51:31,"[CTPPS, CTPPS_TOT, L1SCOUT]",-3.111508E-6,-3.068895E-6,12545439,circulating2024/v7,/cdaq/circulating/2024/v1.1.0/HLT/V3,Commissioning2024,11
378003,9365,2990,2024-03-16 01:55:45,2024-03-16 02:45:34,"[CTPPS, CTPPS_TOT, L1SCOUT]",-2.98219E-7,-2.83302E-7,332568652,cosmics2024/v29,/cdaq/cosmic/commissioning2024/v1.1.0/HLT/V2,Commissioning2024,4
378004,9366,296,2024-03-16 02:48:52,2024-03-16 02:53:48,"[CTPPS, CTPPS_TOT, L1SCOUT]",1.132E-9,4.268E-9,1564,circulating2024/v7,/cdaq/circulating/2024/v1.1.0/HLT/V3,Commissioning2024,11
378005,9366,3419,2024-03-16 02:59:12,2024-03-16 03:56:11,"[CTPPS, CTPPS_TOT, L1SCOUT]",-3.88417E-7,-3.78021E-7,1660681,circulating2024/v7,/cdaq/circulating/2024/v1.1.0/HLT/V3,Commissioning2024,11
378007,9367,1235,2024-03-16 04:00:28,2024-03-16 04:21:03,"[CTPPS, CTPPS_TOT, L1SCOUT]",-1.20246E-7,-1.4011E-7,136861188,cosmics2024/v29,/cdaq/cosmic/commissioning2024/v1.1.0/HLT/V2,Commissioning2024,4
378008,9367,140,2024-03-16 04:25:59,2024-03-16 04:28:19,"[CTPPS, CTPPS_TOT, L1SCOUT]",-6.698E-9,-8.246E-9,38090,circulating2024/v7,/cdaq/circulating/2024/v1.1.0/HLT/V3,Commissioning2024,11
378009,9367,4114,2024-03-16 04:33:51,2024-03-16 05:42:25,"[CTPPS, CTPPS_TOT, L1SCOUT]",-3.41407E-7,-4.67952E-7,2007353,circulating2024/v7,/cdaq/circulating/2024/v1.1.0/HLT/V3,Commissioning2024,11
378011,9368,2537,2024-03-16 05:47:56,2024-03-16 06:30:13,"[CTPPS, CTPPS_TOT, L1SCOUT]",-2.38288E-7,-3.22991E-7,284417132,cosmics2024/v29,/cdaq/cosmic/commissioning2024/v1.1.0/HLT/V2,Commissioning2024,4
378014,9368,352,2024-03-16 06:37:25,2024-03-16 06:43:17,"[CTPPS, CTPPS_TOT, L1SCOUT]",-5.147E-8,-4.9699E-8,161754,circulating2024/v7,/cdaq/circulating/2024/v1.1.0/HLT/V3,Commissioning2024,11
378015,9368,603,2024-03-16 06:48:46,2024-03-16 06:58:49,"[CTPPS, CTPPS_TOT, L1SCOUT]",-7.1614E-8,-8.8264E-8,289100,cosmics2024/v29,/cdaq/cosmic/commissioning2024/v1.1.0/HLT/V2,Commissioning2024,4
378019,9369,426,2024-03-16 07:09:43,2024-03-16 07:16:49,"[CTPPS, CTPPS_TOT, L1SCOUT]",,,,circulating2024/v7,,Commissioning2024,
378020,9369,22,2024-03-16 07:19:56,2024-03-16 07:20:18,"[CTPPS, CTPPS_TOT, L1SCOUT]",-1.0722E-8,-2.54E-9,,cosmics2024/v29,/cdaq/cosmic/commissioning2024/v1.1.0/HLT/V2,Commissioning2024,4
378024,9369,530,2024-03-16 07:41:25,2024-03-16 07:50:15,"[CTPPS, CTPPS_TOT, L1SCOUT]",-5.2642E-8,-7.1122E-8,254114,cosmics2024/v29,/cdaq/cosmic/commissioning2024/v1.1.0/HLT/V2,Commissioning2024,4
378026,9369,7606,2024-03-16 07:55:34,2024-03-16 10:02:20,"[CTPPS, CTPPS_TOT, L1SCOUT]",-9.56822E-7,-9.44174E-7,3754630,circulating2024/v7,/cdaq/circulating/2024/v1.1.0/HLT/V3,Commissioning2024,11
378028,9369,1962,2024-03-16 10:14:01,2024-03-16 10:46:43,"[CSC, CTPPS, CTPPS_TOT, L1SCOUT]",-2.38471E-7,-2.33334E-7,969600,circulating2024/v7,/cdaq/circulating/2024/v1.1.0/HLT/V3,Commissioning2024,11
378031,9370,494,2024-03-16 10:52:04,2024-03-16 11:00:18,"[CSC, CTPPS, CTPPS_TOT, L1SCOUT]",-2.4343E-8,-6.0944E-8,1164873,cosmics2024/v29,/cdaq/cosmic/commissioning2024/v1.1.0/HLT/V2,Commissioning2024,4
378033,9370,2059,2024-03-16 11:05:43,2024-03-16 11:40:02,"[CSC, CTPPS, CTPPS_TOT, L1SCOUT]",-2.36082E-7,-2.32622E-7,969664,circulating2024/v7,/cdaq/circulating/2024/v1.1.0/HLT/V3,Commissioning2024,11
378037,9370,1996,2024-03-16 11:45:43,2024-03-16 12:18:59,"[CSC, CTPPS, CTPPS_TOT, L1SCOUT]",-2.61222E-7,-2.58599E-7,981418,collisions2024/v8,/cdaq/special/2024/FirstCollisions/v1.1.0/HLT/V4,Commissioning2024,8
378038,9370,9,2024-03-16 12:22:11,2024-03-16 12:22:20,"[CSC, CTPPS, CTPPS_TOT, L1SCOUT]",1.203E-9,2.664E-9,,circulating2024/v7,/cdaq/circulating/2024/v1.1.0/HLT/V3,Commissioning2024,
378039,9370,3539,2024-03-16 12:26:11,2024-03-16 13:25:10,"[CTPPS, CTPPS_TOT, L1SCOUT]",-5.62764E-7,-5.46578E-7,1649381,circulating2024/v7,/cdaq/circulating/2024/v1.1.0/HLT/V3,Commissioning2024,11
378040,9371,284,2024-03-16 13:29:11,2024-03-16 13:33:55,"[CTPPS, CTPPS_TOT, L1SCOUT]",,,,circulating2024/v7,,Commissioning2024,
378042,9371,2683,2024-03-16 13:38:33,2024-03-16 14:23:16,"[CTPPS, CTPPS_TOT, L1SCOUT]",-4.62205E-7,-4.52545E-7,255138956,cosmics2024/v29,/cdaq/cosmic/commissioning2024/v1.1.0/HLT/V2,Commissioning2024,4
378043,9371,5620,2024-03-16 14:26:06,2024-03-16 15:59:46,"[CTPPS, CTPPS_TOT, L1SCOUT]",-8.29696E-7,-8.1779E-7,2775531,circulating2024/v7,/cdaq/circulating/2024/v1.1.0/HLT/V3,Commissioning2024,11
378044,9371,124,2024-03-16 16:03:25,2024-03-16 16:05:29,"[CSC, CTPPS, CTPPS_TOT, L1SCOUT]",-2.25E-8,-2.1517E-8,57574,circulating2024/v7,/cdaq/circulating/2024/v1.1.0/HLT/V3,Commissioning2024,11
378045,9371,10651,2024-03-16 16:08:36,2024-03-16 19:06:06,"[CTPPS, CTPPS_TOT, L1SCOUT]",-1.987929E-6,-1.964822E-6,5246301,circulating2024/v7,/cdaq/circulating/2024/v1.1.0/HLT/V3,Commissioning2024,11
378050,9371,7464,2024-03-16 19:08:50,2024-03-16 21:13:14,"[CTPPS, CTPPS_TOT, L1SCOUT]",-1.405815E-6,-1.389095E-6,3685799,circulating2024/v7,/cdaq/circulating/2024/v1.1.0/HLT/V3,Commissioning2024,11
378054,9371,3628,2024-03-16 21:21:47,2024-03-16 22:22:15,"[CTPPS, CTPPS_TOT, L1SCOUT]",-5.69692E-7,-5.62055E-7,3934615,circulating2024/v7,/cdaq/circulating/2024/v1.1.0/HLT/V3,Commissioning2024,11
378055,9371,16212,2024-03-16 22:25:47,2024-03-17 02:55:59,"[CTPPS, CTPPS_TOT, L1SCOUT]",1.81596E-7,2.18986E-7,7999146,circulating2024/v7,/cdaq/circulating/2024/v1.1.0/HLT/V3,Commissioning2024,11
378056,9372,2698,2024-03-17 02:59:19,2024-03-17 03:44:17,"[CTPPS, CTPPS_TOT, L1SCOUT]",-3.17962E-7,-3.17759E-7,170261362,cosmics2024/v29,/cdaq/cosmic/commissioning2024/v1.1.0/HLT/V2,Commissioning2024,4
378057,9372,1706,2024-03-17 03:47:48,2024-03-17 04:16:14,"[CTPPS, CTPPS_TOT, L1SCOUT]",-1.69764E-7,-1.65857E-7,827056,circulating2024/v7,/cdaq/circulating/2024/v1.1.0/HLT/V3,Commissioning2024,11
378058,9373,2240,2024-03-17 04:19:41,2024-03-17 04:57:01,"[CTPPS, CTPPS_TOT, L1SCOUT]",-2.1543E-7,-2.19336E-7,156192765,cosmics2024/v29,/cdaq/cosmic/commissioning2024/v1.1.0/HLT/V2,Commissioning2024,4
378061,9373,1407,2024-03-17 05:02:33,2024-03-17 05:26:00,"[CTPPS, CTPPS_TOT, L1SCOUT]",-1.18612E-7,-1.37819E-7,662686,circulating2024/v7,/cdaq/circulating/2024/v1.1.0/HLT/V3,Commissioning2024,11
378062,9373,8215,2024-03-17 05:29:38,2024-03-17 07:46:33,"[CTPPS, CTPPS_TOT, L1SCOUT]",-8.14349E-7,-7.9046E-7,931274997,cosmics2024/v29,/cdaq/cosmic/commissioning2024/v1.1.0/HLT/V2,Commissioning2024,4
378063,9375,3324,2024-03-17 07:49:53,2024-03-17 08:45:17,"[CTPPS, CTPPS_TOT, L1SCOUT]",-4.01086E-7,-3.95995E-7,1640160,circulating2024/v7,/cdaq/circulating/2024/v1.1.0/HLT/V3,Commissioning2024,11
378064,9375,7061,2024-03-17 08:49:03,2024-03-17 10:46:44,"[CSC, CTPPS, CTPPS_TOT, L1SCOUT]",-1.107473E-6,-1.093622E-6,3487830,circulating2024/v7,/cdaq/circulating/2024/v1.1.0/HLT/V3,Commissioning2024,11
378067,9375,79,2024-03-17 10:50:51,2024-03-17 10:52:10,"[CTPPS, CTPPS_TOT, L1SCOUT]",,,,circulating2024/v7,,Commissioning2024,
378068,9375,17884,2024-03-17 10:55:14,2024-03-17 15:53:18,"[CTPPS, CTPPS_TOT, L1SCOUT]",-1.807445E-6,-1.789062E-6,8833793,circulating2024/v7,/cdaq/circulating/2024/v1.1.0/HLT/V3,Commissioning2024,11
378069,9376,4843,2024-03-17 16:36:22,2024-03-17 17:57:05,"[CTPPS, CTPPS_TOT, L1SCOUT]",-5.18475E-7,-5.11265E-7,2372457,circulating2024/v7,/cdaq/circulating/2024/v1.1.0/HLT/V3,Commissioning2024,11
378072,9376,1677,2024-03-17 18:05:08,2024-03-17 18:33:05,"[CTPPS, CTPPS_TOT, L1SCOUT]",-1.66826E-7,-1.62525E-7,793834,circulating2024/v7,/cdaq/circulating/2024/v1.1.0/HLT/V3,Commissioning2024,11
378073,9376,75,2024-03-17 18:40:04,2024-03-17 18:41:19,"[CSC, CTPPS, CTPPS_TOT, L1SCOUT]",-5.717E-9,-6.007E-9,23043,circulating2024/v7,/cdaq/circulating/2024/v1.1.0/HLT/V3,Commissioning2024,11
378074,9376,10444,2024-03-17 18:45:24,2024-03-17 21:39:28,"[CTPPS, CTPPS_TOT, L1SCOUT]",-1.236575E-6,-1.218073E-6,5159856,circulating2024/v7,/cdaq/circulating/2024/v1.1.0/HLT/V3,Commissioning2024,11
378075,9376,998,2024-03-17 21:44:06,2024-03-17 22:00:45,"[CTPPS, CTPPS_TOT, L1SCOUT]",-9.0442E-8,-9.1217E-8,95815135,cosmics2024/v29,/cdaq/cosmic/commissioning2024/v1.1.0/HLT/V2,Commissioning2024,4
378076,9376,3168,2024-03-17 22:03:30,2024-03-17 22:56:18,"[CTPPS, CTPPS_TOT, L1SCOUT]",-3.45689E-7,-3.40139E-7,1545107,circulating2024/v7,/cdaq/circulating/2024/v1.1.0/HLT/V3,Commissioning2024,11
378077,9376,1542,2024-03-17 22:58:38,2024-03-17 23:24:20,"[CTPPS, CTPPS_TOT, L1SCOUT]",-7.816E-8,-1.46669E-7,741318,circulating2024/v7,/cdaq/circulating/2024/v1.1.0/HLT/V3,Commissioning2024,11
378078,9377,13054,2024-03-17 23:27:18,2024-03-18 03:04:52,"[CTPPS, CTPPS_TOT, L1SCOUT]",-1.433591E-6,-1.429088E-6,6384583,cosmics2024/v29,/cdaq/cosmic/commissioning2024/v1.1.0/HLT/V2,Commissioning2024,4
378079,9379,1896,2024-03-18 03:07:49,2024-03-18 03:39:25,"[CTPPS, CTPPS_TOT, L1SCOUT]",-2.38116E-7,-2.33319E-7,916424,circulating2024/v7,/cdaq/circulating/2024/v1.1.0/HLT/V3,Commissioning2024,11
378080,9380,19,2024-03-18 03:41:08,2024-03-18 03:41:27,"[CTPPS, CTPPS_TOT, L1SCOUT]",,,,circulating2024/v7,,Commissioning2024,
378081,9380,3033,2024-03-18 03:43:56,2024-03-18 04:34:29,"[CTPPS, CTPPS_TOT, L1SCOUT]",-3.891E-7,-3.82629E-7,1484187,circulating2024/v7,/cdaq/circulating/2024/v1.1.0/HLT/V3,Commissioning2024,11
378082,9380,8007,2024-03-18 04:37:22,2024-03-18 06:50:49,"[CTPPS, CTPPS_TOT, L1SCOUT]",-8.79566E-7,-8.55508E-7,905680110,cosmics2024/v29,/cdaq/cosmic/commissioning2024/v1.1.0/HLT/V2,Commissioning2024,4
378083,9380,7723,2024-03-18 06:53:35,2024-03-18 09:02:18,"[CTPPS, CTPPS_TOT, L1SCOUT]",-9.10516E-7,-8.98131E-7,3799955,circulating2024/v7,/cdaq/circulating/2024/v1.1.0/HLT/V3,Commissioning2024,11
378085,9380,586,2024-03-18 09:13:15,2024-03-18 09:23:01,"[CTPPS, CTPPS_TOT, L1SCOUT]",-6.3592E-8,-6.239E-8,9076997,collisions2024/v9,/cdaq/special/2024/FirstCollisions/v1.1.0/HLT/V5,Commissioning2024,8
378086,9380,270,2024-03-18 09:27:20,2024-03-18 09:31:50,"[CSC, CTPPS, CTPPS_TOT, ECAL, GEM, HCAL, L1SCOUT, PIXEL]",4.33E-10,1.387E-9,127244,circulating2024/v7,/cdaq/circulating/2024/v1.1.0/HLT/V3,Commissioning2024,11
378087,9380,2603,2024-03-18 09:35:10,2024-03-18 10:18:33,"[CSC, CTPPS, CTPPS_TOT, ECAL, GEM, HCAL, L1SCOUT, PIXEL]",1.6656E-8,1.6723E-8,1282292,circulating2024/v7,/cdaq/circulating/2024/v1.1.0/HLT/V3,Commissioning2024,11
378097,9380,679,2024-03-18 10:23:28,2024-03-18 10:34:47,"[CSC, CTPPS, CTPPS_TOT, ECAL, HCAL, L1SCOUT, PIXEL]",1.3358E-8,1.3358E-8,323516,circulating2024/v7,/cdaq/circulating/2024/v1.1.0/HLT/V3,Commissioning2024,11
378103,9380,2665,2024-03-18 10:39:23,2024-03-18 11:23:48,"[CSC, ECAL, HCAL, L1SCOUT, PIXEL]",4.7231E-7,4.7231E-7,1305170,circulating2024/v7,/cdaq/circulating/2024/v1.1.0/HLT/V3,Commissioning2024,11
378110,9380,1857,2024-03-18 11:28:04,2024-03-18 11:59:01,"[CSC, HCAL, L1SCOUT, PIXEL]",0.0,0.0,912300,circulating2024/v7,/cdaq/circulating/2024/v1.1.0/HLT/V3,Commissioning2024,11
378112,9380,35,2024-03-18 12:06:02,2024-03-18 12:06:37,"[HCAL, L1SCOUT]",,,,cosmics2024/v29,/cdaq/cosmic/commissioning2024/v1.1.0/HLT/V2,Commissioning2024,
378113,9380,4411,2024-03-18 12:13:15,2024-03-18 13:26:46,"[L1SCOUT]",0.0,0.0,496651057,cosmics2024/v29,/cdaq/cosmic/commissioning2024/v1.1.0/HLT/V2,Commissioning2024,4
378114,9381,3378,2024-03-18 13:29:45,2024-03-18 14:26:03,"[ECAL, ES, L1SCOUT]",0.0,0.0,379467390,cosmics2024/v29,/cdaq/cosmic/commissioning2024/v1.1.0/HLT/V2,Commissioning2024,4
378121,9382,2848,2024-03-18 14:31:35,2024-03-18 15:19:03,"[L1SCOUT]",0.0,0.0,313572061,cosmics2024/v29,/cdaq/cosmic/commissioning2024/v1.1.0/HLT/V2,Commissioning2024,4
378122,9383,415,2024-03-18 15:24:22,2024-03-18 15:31:18,"[L1SCOUT]",0.0,0.0,640310,collisions2024/v9,/cdaq/special/2024/FirstCollisions/v1.1.0/HLT/V5,Commissioning2024,8
378123,9383,106,2024-03-18 15:33:35,2024-03-18 15:35:20,"[L1SCOUT]",0.0,0.0,11616742,circulating2024/v7,/cdaq/circulating/2024/v1.1.0/HLT/V3,Commissioning2024,11
378124,9383,61,2024-03-18 15:40:18,2024-03-18 15:41:19,"[L1SCOUT]",0.0,0.0,234765,circulating2024/v7,/cdaq/circulating/2024/v1.1.0/HLT/V3,Commissioning2024,11
378128,9383,1809,2024-03-18 16:21:10,2024-03-18 16:51:19,"[HCAL, L1SCOUT]",3.817E-9,3.817E-9,876077,circulating2024/v8,/cdaq/circulating/2024/v1.1.0/HLT/V3,Commissioning2024,11
378131,9383,220,2024-03-18 16:59:40,2024-03-18 17:03:20,"[L1SCOUT]",0.0,0.0,92386,circulating2024/v8,/cdaq/circulating/2024/v1.1.0/HLT/V3,Commissioning2024,11
378132,9383,1443,2024-03-18 17:07:02,2024-03-18 17:31:05,"[L1SCOUT]",0.0,0.0,158226381,cosmics2024/v30,/cdaq/cosmic/commissioning2024/v1.1.0/HLT/V2,Commissioning2024,4
378133,9383,10971,2024-03-18 17:35:43,2024-03-18 20:38:34,"[L1SCOUT]",0.0,0.0,1238768110,cosmics2024/v31,/cdaq/cosmic/commissioning2024/v1.1.0/HLT/V2,Commissioning2024,4
378134,9385,964,2024-03-18 20:43:43,2024-03-18 20:59:47,"[L1SCOUT]",0.0,0.0,452094,circulating2024/v9,/cdaq/circulating/2024/v1.1.0/HLT/V3,Commissioning2024,11
378135,9385,917,2024-03-18 21:02:41,2024-03-18 21:17:58,"[L1SCOUT]",0.0,0.0,445171,circulating2024/v9,/cdaq/circulating/2024/v1.1.0/HLT/V3,Commissioning2024,11
378136,9385,28738,2024-03-18 21:21:35,2024-03-19 05:20:33,"[L1SCOUT]",0.0,0.0,14196928,circulating2024/v9,/cdaq/circulating/2024/v1.1.0/HLT/V3,Commissioning2024,11
378137,9386,4504,2024-03-19 05:24:28,2024-03-19 06:39:33,"[L1SCOUT]",1.2641E-8,-5.309E-9,508872722,cosmics2024/v31,/cdaq/cosmic/commissioning2024/v1.1.0/HLT/V2,Commissioning2024,4
378139,9386,2348,2024-03-19 06:43:39,2024-03-19 07:22:47,"[L1SCOUT]",-3.2339E-8,-3.5564E-8,1125431,circulating2024/v9,/cdaq/circulating/2024/v1.1.0/HLT/V3,Commissioning2024,11
378140,9386,3403,2024-03-19 07:27:07,2024-03-19 08:23:50,"[L1SCOUT]",2.31846502E-4,2.28912543E-4,67172617,collisions2024/v11,/cdaq/special/2024/FirstCollisions/v1.1.0/HLT/V5,Commissioning2024,8
378141,9387,2658,2024-03-19 08:28:46,2024-03-19 09:13:04,"[L1SCOUT]",0.0,0.0,294899781,cosmics2024/v31,/cdaq/cosmic/commissioning2024/v1.1.0/HLT/V2,Commissioning2024,4
378142,9388,1355,2024-03-19 09:17:39,2024-03-19 09:40:14,"[L1SCOUT]",1.886354E-6,1.886354E-6,670877,circulating2024/v9,/cdaq/circulating/2024/v1.1.0/HLT/V3,Run2024A,11
378144,9388,591,2024-03-19 09:46:44,2024-03-19 09:56:35,"[L1SCOUT]",1.383624E-6,1.384969E-6,10028236,collisions2024/v11,/cdaq/special/2024/FirstCollisions/v1.1.0/HLT/V5,Run2024A,1
378145,9389,319,2024-03-19 09:59:26,2024-03-19 10:04:45,"[L1SCOUT]",5.141916E-6,5.142066E-6,2696987,circulating2024/v9,/cdaq/circulating/2024/v1.1.0/HLT/V3,Run2024A,11
378146,9389,5154,2024-03-19 10:08:08,2024-03-19 11:34:02,"[L1SCOUT]",5.0312659E-5,5.0314391E-5,107298441,collisions2024/v11,/cdaq/special/2024/FirstCollisions/v1.1.0/HLT/V5,Run2024A,1
378147,9391,1297,2024-03-19 11:38:11,2024-03-19 11:59:48,"[L1SCOUT]",-1.15949E-7,-1.07819E-7,140138233,cosmics2024/v31,/cdaq/cosmic/commissioning2024/v1.1.0/HLT/V2,Run2024A,4
378148,9391,837,2024-03-19 12:33:16,2024-03-19 12:47:13,"[L1SCOUT]",-6.5348E-8,-6.9937E-8,10158748,collisions2024/v15,/cdaq/special/2024/FirstCollisions/v1.1.0/HLT/V7,Commissioning2024,0
378151,9391,2577,2024-03-19 13:10:02,2024-03-19 13:52:59,"[CSC, DT, GEM, HCAL, L1SCOUT, PIXEL, RPC]",-1.579E-9,-8.63E-10,1270411,circulating2024/v9,/cdaq/circulating/2024/v1.1.0/HLT/V3,Run2024A,11
378157,9391,143,2024-03-19 13:55:53,2024-03-19 13:58:16,"[CSC, DT, GEM, HCAL, L1SCOUT, PIXEL, RPC]",-2.152E-9,-9.5E-10,69107,circulating2024/v9,/cdaq/circulating/2024/v1.1.0/HLT/V3,Run2024A,11
378159,9391,433,2024-03-19 14:01:17,2024-03-19 14:08:30,"[CSC, DT, GEM, HCAL, L1SCOUT, PIXEL, RPC]",-3.58E-10,1.66E-10,190021,circulating2024/v9,/cdaq/circulating/2024/v1.1.0/HLT/V3,Run2024A,11
378161,9391,1025,2024-03-19 14:14:12,2024-03-19 14:31:18,"[CSC, DT, GEM, HCAL, L1SCOUT, PIXEL, RPC]",6.149E-9,7.845E-9,424617,circulating2024/v9,/cdaq/circulating/2024/v1.1.0/HLT/V3,Run2024A,11
378164,9391,844,2024-03-19 14:34:28,2024-03-19 14:48:32,"[CSC, DT, GEM, HCAL, L1SCOUT, PIXEL, RPC]",-3.82E-10,2.542E-9,413473,circulating2024/v9,/cdaq/circulating/2024/v1.1.0/HLT/V3,Run2024A,11
378167,9391,107,2024-03-19 15:00:29,2024-03-19 15:02:16,"[DT, GEM, HCAL, L1SCOUT, RPC]",-2.34E-9,-1.07E-10,46274,circulating2024/v10,/cdaq/circulating/2024/v1.1.0/HLT/V3,Run2024A,11
378168,9391,827,2024-03-19 15:07:29,2024-03-19 15:21:15,"[DT, GEM, HCAL, L1SCOUT, RPC]",-9.669E-9,-5.904E-9,397510,cosmics2024/v32,/cdaq/cosmic/commissioning2024/v1.1.0/HLT/V2,Run2024A,4
378171,9392,1455,2024-03-19 15:30:32,2024-03-19 15:54:47,"[DT, HCAL, L1SCOUT, RPC]",-2.24E-10,1.663E-9,633176,circulating2024/v10,/cdaq/circulating/2024/v1.1.0/HLT/V3,Run2024A,11
378172,9392,1405,2024-03-19 15:56:40,2024-03-19 16:20:05,"[DT, HCAL, L1SCOUT, RPC]",4.345E-9,2.575E-9,693192,circulating2024/v10,/cdaq/circulating/2024/v1.1.0/HLT/V3,Run2024A,11
378174,9392,1562,2024-03-19 16:24:12,2024-03-19 16:50:14,"[DT, L1SCOUT, RPC]",-1.02159E-7,-1.18736E-7,759307,circulating2024/v10,/cdaq/circulating/2024/v1.1.0/HLT/V3,Run2024A,11
378175,9392,151,2024-03-19 16:55:02,2024-03-19 16:57:33,"[L1SCOUT, RPC]",,,,circulating2024/v10,,Commissioning2024,
378176,9392,451,2024-03-19 16:59:49,2024-03-19 17:07:20,"[L1SCOUT, RPC]",-5.237E-9,-1.7049E-8,215117,circulating2024/v10,/cdaq/circulating/2024/v1.1.0/HLT/V3,Run2024A,11
378177,9392,2523,2024-03-19 17:11:01,2024-03-19 17:53:03,"[L1SCOUT, RPC]",1.01373E-7,3.807E-9,34088735,collisions2024/v16,/cdaq/special/2024/FirstCollisions/v1.1.0/HLT/V7,Run2024A,0
378178,9392,9985,2024-03-19 17:56:23,2024-03-19 20:42:49,"[L1SCOUT]",4.868675E-6,4.811885E-6,134985736,collisions2024/v16,/cdaq/special/2024/FirstCollisions/v1.1.0/HLT/V7,Run2024A,0
378179,9392,7542,2024-03-19 20:46:06,2024-03-19 22:51:48,"[L1SCOUT]",-6.54853E-7,-6.13936E-7,845743947,cosmics2024/v32,/cdaq/cosmic/commissioning2024/v1.1.0/HLT/V2,Run2024A,4
378180,9393,1489,2024-03-19 23:07:40,2024-03-19 23:32:29,"[L1SCOUT]",-5.551E-8,-1.11385E-7,723121,circulating2024/v10,/cdaq/circulating/2024/v1.1.0/HLT/V3,Run2024A,11
378182,9393,20520,2024-03-19 23:54:47,2024-03-20 05:36:47,"[L1SCOUT]",-4.14313E-7,-4.2108E-7,10148961,circulating2024/v10,/cdaq/circulating/2024/v1.1.0/HLT/V3,Run2024A,11
378183,9393,1914,2024-03-20 05:40:55,2024-03-20 06:12:49,"[CTPPS, CTPPS_TOT, L1SCOUT]",-4.1231E-8,-1.02273E-7,942172,circulating2024/v10,/cdaq/circulating/2024/v1.1.0/HLT/V3,Run2024A,11
378184,9393,5529,2024-03-20 06:16:23,2024-03-20 07:48:32,"[CTPPS, CTPPS_TOT, L1SCOUT]",-4.84609E-7,-4.5675E-7,613345010,cosmics2024/v32,/cdaq/cosmic/commissioning2024/v1.1.0/HLT/V2,Run2024A,4
378186,9393,6831,2024-03-20 07:54:40,2024-03-20 09:48:31,"[CSC, CTPPS, CTPPS_TOT, DT, GEM, L1SCOUT, PIXEL, RPC]",-6.12189E-7,-5.83493E-7,777005019,cosmics2024/v32,/cdaq/cosmic/commissioning2024/v1.1.0/HLT/V2,Run2024A,4
378190,9394,292,2024-03-20 09:55:52,2024-03-20 10:00:44,"[CSC, CTPPS, CTPPS_TOT, DT, ECAL, ES, GEM, L1SCOUT, PIXEL, RPC]",-2.4378E-8,-2.3862E-8,2443676,cosmics2024/v32,/cdaq/cosmic/commissioning2024/v1.1.0/HLT/V2,Run2024A,4
378192,9394,588,2024-03-20 10:05:31,2024-03-20 10:15:19,"[CSC, CTPPS, CTPPS_TOT, DT, GEM, L1SCOUT, PIXEL, RPC]",-3.9846E-8,-3.6677E-8,49807371,cosmics2024/v32,/cdaq/cosmic/commissioning2024/v1.1.0/HLT/V2,Run2024A,4
378194,9394,336,2024-03-20 10:31:29,2024-03-20 10:37:05,"[CSC, DT, GEM, L1SCOUT, PIXEL, RPC]",-1.9635E-8,-1.9342E-8,36828381,cosmics2024/v34,/cdaq/cosmic/commissioning2024/v1.1.0/HLT/V2,Run2024A,4
378195,9394,614,2024-03-20 10:39:34,2024-03-20 10:49:48,"[DT, GEM, L1SCOUT, PIXEL, RPC, TRACKER]",-3.9488E-8,-3.6386E-8,64452527,cosmics2024/v34,/cdaq/cosmic/commissioning2024/v1.1.0/HLT/V2,Run2024A,4
378200,9394,1053,2024-03-20 11:12:02,2024-03-20 11:29:35,"[L1SCOUT, PIXEL, RPC, TRACKER]",-7.3048E-8,-6.9316E-8,115848424,cosmics2024/v36,/cdaq/cosmic/commissioning2024/v1.1.0/HLT/V2,Run2024A,4
378201,9394,512,2024-03-20 11:35:19,2024-03-20 11:43:51,"[DT, L1SCOUT, PIXEL, RPC]",-3.9721E-8,-3.703E-8,36131443,cosmics2024/v37,/cdaq/cosmic/commissioning2024/v1.1.0/HLT/V2,Run2024A,4
378203,9394,2250,2024-03-20 11:46:02,2024-03-20 12:23:32,"[DT, L1SCOUT, PIXEL, RPC]",-1.77541E-7,-1.67946E-7,255158457,cosmics2024/v38,/cdaq/cosmic/commissioning2024/v1.1.0/HLT/V2,Run2024A,4
378205,9394,176,2024-03-20 12:25:53,2024-03-20 12:28:48,"[DT, L1SCOUT, PIXEL, RPC]",-2.0643E-8,-1.4562E-8,18613093,cosmics2024/v38,/cdaq/cosmic/commissioning2024/v1.1.0/HLT/V2,Run2024A,4
378206,9395,959,2024-03-20 12:37:34,2024-03-20 12:53:33,"[DT, L1SCOUT, PIXEL, RPC]",-9.0996E-8,-8.7884E-8,6372469,collisions2024/v18,/cdaq/special/2024/FirstCollisions/v1.1.0/HLT/V7,Commissioning2024,0
378207,9395,177,2024-03-20 12:58:45,2024-03-20 13:01:41,"[DT, L1SCOUT, PIXEL, RPC]",-1.9167E-8,-1.716E-8,3550952,circulating2024/v12,/cdaq/circulating/2024/v1.1.0/HLT/V3,Commissioning2024,11
378208,9395,300,2024-03-20 13:04:02,2024-03-20 13:09:03,"[DT, L1SCOUT, PIXEL, RPC]",-3.0483E-8,-2.4431E-8,31588017,cosmics2024/v40,/cdaq/cosmic/commissioning2024/v1.1.0/HLT/V2,Commissioning2024,4
378209,9395,1185,2024-03-20 13:23:34,2024-03-20 13:43:19,"[DT, HCAL, L1SCOUT, RPC]",-6.312E-9,-5.043E-9,113136050,cosmics2024/v40,/cdaq/cosmic/commissioning2024/v1.1.0/HLT/V2,Run2024A,4
378210,9395,1934,2024-03-20 13:46:04,2024-03-20 14:18:18,"[DT, HCAL, L1SCOUT]",-1.1896E-8,-1.0203E-8,213998474,cosmics2024/v40,/cdaq/cosmic/commissioning2024/v1.1.0/HLT/V2,Run2024A,4
378211,9395,282,2024-03-20 14:21:48,2024-03-20 14:26:30,"[DT, HCAL, L1SCOUT]",-4.112E-9,-1.908E-9,135737,circulating2024/v12,/cdaq/circulating/2024/v1.1.0/HLT/V3,Run2024A,11
378212,9395,221,2024-03-20 14:31:53,2024-03-20 14:35:34,"[DT, HCAL, L1SCOUT]",-2.851E-9,-1.011E-9,21432972,cosmics2024/v40,/cdaq/cosmic/commissioning2024/v1.1.0/HLT/V2,Run2024A,4
378213,9395,288,2024-03-20 14:39:14,2024-03-20 14:44:02,"[DT, HCAL, L1SCOUT]",-1.3906E-8,-2.042E-9,138607,circulating2024/v12,/cdaq/circulating/2024/v1.1.0/HLT/V3,Run2024A,11
378215,9395,819,2024-03-20 14:48:06,2024-03-20 15:01:46,"[DT, HCAL, L1SCOUT, TRACKER]",-9.6183E-8,-7.5863E-8,67202079,cosmics2024/v40,/cdaq/cosmic/commissioning2024/v1.1.0/HLT/V2,Run2024A,4
378216,9395,2230,2024-03-20 15:04:56,2024-03-20 15:42:05,"[DT, HCAL, L1SCOUT, TRACKER]",-1.7657E-8,-1.6424E-8,1097154,circulating2024/v12,/cdaq/circulating/2024/v1.1.0/HLT/V3,Run2024A,11
378221,9395,138,2024-03-20 15:45:45,2024-03-20 15:48:03,"[DT, L1SCOUT, TRACKER]",-1.3446E-8,-1.1089E-8,57804,circulating2024/v12,/cdaq/circulating/2024/v1.1.0/HLT/V3,Run2024A,11
378223,9395,1015,2024-03-20 15:51:52,2024-03-20 16:08:47,"[DT, L1SCOUT]",-9.8959E-8,-9.4555E-8,496665,circulating2024/v12,/cdaq/circulating/2024/v1.1.0/HLT/V3,Run2024A,11
378225,9395,2873,2024-03-20 16:19:49,2024-03-20 17:07:43,"[L1SCOUT]",-2.52309E-7,-2.36453E-7,318374268,cosmics2024/v40,/cdaq/cosmic/commissioning2024/v1.1.0/HLT/V2,Run2024A,4
378226,9395,207,2024-03-20 17:12:47,2024-03-20 17:16:14,"[L1SCOUT]",-4.447E-9,-2.88E-10,4219,circulating2024/v12,/cdaq/circulating/2024/v1.1.0/HLT/V3,Commissioning2024,11
378227,9395,108,2024-03-20 17:18:16,2024-03-20 17:20:04,"[L1SCOUT]",-7.098E-9,-4.802E-9,30556,circulating2024/v12,/cdaq/circulating/2024/v1.1.0/HLT/V3,Commissioning2024,11
378228,9395,1713,2024-03-20 17:22:46,2024-03-20 17:51:19,"[L1SCOUT]",-1.58543E-7,-1.55601E-7,843625,circulating2024/v12,/cdaq/circulating/2024/v1.1.0/HLT/V3,Run2024A,11
378229,9395,2468,2024-03-20 17:54:24,2024-03-20 18:35:32,"[L1SCOUT]",-2.05137E-7,-2.01227E-7,1213284,circulating2024/v13,/cdaq/circulating/2024/v1.1.0/HLT/V3,Run2024A,11
378230,9395,27,2024-03-20 18:39:23,2024-03-20 18:39:50,"[L1SCOUT]",-3.428E-9,-1.467E-9,9764,cosmics2024/v41,/cdaq/cosmic/commissioning2024/v1.1.0/HLT/V2,Run2024A,4
378231,9395,15870,2024-03-20 18:44:01,2024-03-20 23:08:31,"[L1SCOUT]",-1.345927E-6,-1.326631E-6,7781242,circulating2024/v13,/cdaq/circulating/2024/v1.1.0/HLT/V3,Run2024A,11
378233,9397,63,2024-03-20 23:15:41,2024-03-20 23:16:44,"[L1SCOUT]",,,,circulating2024/v13,,Commissioning2024,
378234,9397,509,2024-03-20 23:20:15,2024-03-20 23:28:45,"[L1SCOUT]",-3.5116E-8,-3.3584E-8,249570,circulating2024/v13,/cdaq/circulating/2024/v1.1.0/HLT/V3,Run2024A,11
378235,9397,3657,2024-03-20 23:32:53,2024-03-21 00:33:50,"[L1SCOUT]",-3.0016E-7,-2.93006E-7,1805044,cosmics2024/v41,/cdaq/cosmic/commissioning2024/v1.1.0/HLT/V2,Run2024A,4
378236,9397,22044,2024-03-21 00:41:52,2024-03-21 06:49:16,"[L1SCOUT]",1.7311948E-5,1.1181119E-5,16556931,circulating2024/v13,/cdaq/circulating/2024/v1.1.0/HLT/V3,Run2024A,11
378238,9400,9924,2024-03-21 06:55:20,2024-03-21 09:40:44,"[L1SCOUT]",1.45923542E-4,1.36234099E-4,397732399,collisions2024/v19,/cdaq/special/2024/FirstCollisions/v1.1.0/HLT/V7,Run2024A,1
378239,9400,22685,2024-03-21 09:44:26,2024-03-21 16:02:31,"[L1SCOUT]",1.70600391E-4,1.62523341E-4,920240353,collisions2024/v19,/cdaq/special/2024/FirstCollisions/v1.1.0/HLT/V7,Run2024A,1
378281,9405,113,2024-03-22 18:36:52,2024-03-22 18:38:45,"[CTPPS, CTPPS_TOT, L1SCOUT]",0.0,0.0,52745,collisions2024/v21,/cdaq/special/2024/FirstCollisions/v1.1.0/HLT/V8,Run2024A,0
378282,9405,3306,2024-03-22 18:44:59,2024-03-22 19:40:05,"[CTPPS, CTPPS_TOT, L1SCOUT]",0.0,0.0,1628999,circulating2024/v14,/cdaq/circulating/2024/v1.1.0/HLT/V3,Run2024A,11
378283,9405,311,2024-03-22 19:44:38,2024-03-22 19:49:48,"[CTPPS, CTPPS_TOT, L1SCOUT]",0.0,0.0,150207,collisions2024/v21,/cdaq/special/2024/FirstCollisions/v1.1.0/HLT/V8,Commissioning2024,1
378284,9405,16496,2024-03-22 19:52:16,2024-03-23 00:27:12,"[CTPPS, CTPPS_TOT, L1SCOUT]",0.0,0.0,8131523,circulating2024/v14,/cdaq/circulating/2024/v1.1.0/HLT/V3,Run2024A,11
378285,9406,16,2024-03-23 00:30:29,2024-03-23 00:30:45,"[CTPPS, CTPPS_TOT, L1SCOUT]",0.0,0.0,,collisions2024/v21,/cdaq/special/2024/FirstCollisions/v1.1.0/HLT/V8,Run2024A,
378287,9407,1231,2024-03-23 00:35:50,2024-03-23 00:56:21,"[CTPPS, CTPPS_TOT, L1SCOUT]",0.0,0.0,128023175,cosmics2024/v42,/cdaq/cosmic/commissioning2024/v1.1.0/HLT/V2,Run2024A,4
378288,9407,41,2024-03-23 01:03:47,2024-03-23 01:04:28,"[CTPPS, CTPPS_TOT, L1SCOUT]",,,,circulating2024/v14,/cdaq/circulating/2024/v1.1.0/HLT/V3,Commissioning2024,
378289,9407,5512,2024-03-23 01:06:21,2024-03-23 02:38:13,"[CTPPS, CTPPS_TOT, L1SCOUT]",0.0,0.0,2696525,circulating2024/v14,/cdaq/circulating/2024/v1.1.0/HLT/V3,Run2024A,11
378290,9408,24,2024-03-23 02:40:40,2024-03-23 02:41:04,"[CTPPS, CTPPS_TOT, L1SCOUT]",,,,circulating2024/v14,,Commissioning2024,
378295,9408,1659,2024-03-23 02:46:22,2024-03-23 03:14:01,"[CTPPS, CTPPS_TOT, L1SCOUT]",0.0,0.0,187421021,cosmics2024/v42,/cdaq/cosmic/commissioning2024/v1.1.0/HLT/V2,Run2024A,4
378296,9408,1280,2024-03-23 03:17:25,2024-03-23 03:38:46,"[CTPPS, CTPPS_TOT, L1SCOUT]",0.0,0.0,623180,circulating2024/v14,/cdaq/circulating/2024/v1.1.0/HLT/V3,Run2024A,11
378297,9408,946,2024-03-23 03:41:45,2024-03-23 03:57:31,"[CTPPS, CTPPS_TOT, L1SCOUT]",0.0,0.0,460490,circulating2024/v14,/cdaq/circulating/2024/v1.1.0/HLT/V3,Run2024A,11
378299,9408,126,2024-03-23 04:02:03,2024-03-23 04:04:09,"[CTPPS, CTPPS_TOT, L1SCOUT]",0.0,0.0,55932,collisions2024/v21,/cdaq/special/2024/FirstCollisions/v1.1.0/HLT/V8,Run2024A,0
378300,9409,3670,2024-03-23 04:07:38,2024-03-23 05:08:48,"[CTPPS, CTPPS_TOT, L1SCOUT]",0.0,0.0,402218795,cosmics2024/v42,/cdaq/cosmic/commissioning2024/v1.1.0/HLT/V2,Run2024A,4
378301,9409,3950,2024-03-23 05:11:57,2024-03-23 06:17:47,"[CTPPS, CTPPS_TOT, L1SCOUT]",0.0,0.0,1926211,circulating2024/v14,/cdaq/circulating/2024/v1.1.0/HLT/V3,Run2024A,11
378302,9409,873,2024-03-23 06:20:44,2024-03-23 06:35:17,"[CTPPS, CTPPS_TOT, L1SCOUT]",0.0,0.0,438495,circulating2024/v14,/cdaq/circulating/2024/v1.1.0/HLT/V3,Run2024A,11
378303,9409,29,2024-03-23 06:38:16,2024-03-23 06:38:45,"[CTPPS, CTPPS_TOT, L1SCOUT]",0.0,0.0,5659,collisions2024/v21,/cdaq/special/2024/FirstCollisions/v1.1.0/HLT/V8,Run2024A,0
378304,9409,3597,2024-03-23 06:41:37,2024-03-23 07:41:34,"[CTPPS, CTPPS_TOT, L1SCOUT]",0.0,0.0,405916017,cosmics2024/v42,/cdaq/cosmic/commissioning2024/v1.1.0/HLT/V2,Run2024A,4
378305,9410,3726,2024-03-23 07:45:25,2024-03-23 08:47:31,"[CTPPS, CTPPS_TOT, L1SCOUT]",0.0,0.0,1940970,circulating2024/v14,/cdaq/circulating/2024/v1.1.0/HLT/V3,Run2024A,11
378306,9410,181,2024-03-23 08:51:02,2024-03-23 08:54:03,"[CTPPS, CTPPS_TOT, L1SCOUT]",0.0,0.0,80440,collisions2024/v21,/cdaq/special/2024/FirstCollisions/v1.1.0/HLT/V8,Run2024A,0
378307,9410,2245,2024-03-23 08:56:55,2024-03-23 09:34:19,"[CTPPS, CTPPS_TOT, L1SCOUT]",0.0,0.0,235100640,cosmics2024/v42,/cdaq/cosmic/commissioning2024/v1.1.0/HLT/V2,Run2024A,4
378309,9411,72,2024-03-23 09:39:09,2024-03-23 09:40:21,"[CSC, CTPPS, CTPPS_TOT, GEM, L1SCOUT]",0.0,0.0,4221,circulating2024/v14,/cdaq/circulating/2024/v1.1.0/HLT/V3,Commissioning2024,11
378310,9411,97,2024-03-23 09:41:40,2024-03-23 09:43:17,"[CSC, CTPPS, CTPPS_TOT, GEM, L1SCOUT]",0.0,0.0,4642,circulating2024/v14,/cdaq/circulating/2024/v1.1.0/HLT/V3,Commissioning2024,11
378311,9411,37,2024-03-23 09:46:27,2024-03-23 09:47:04,"[CSC, CTPPS, CTPPS_TOT, GEM, L1SCOUT]",0.0,0.0,0,circulating2024/v14,/cdaq/circulating/2024/v1.1.0/HLT/V3,Commissioning2024,11
378312,9411,54,2024-03-23 09:49:27,2024-03-23 09:50:21,"[CSC, CTPPS, CTPPS_TOT, GEM, L1SCOUT]",0.0,0.0,4515,circulating2024/v14,/cdaq/circulating/2024/v1.1.0/HLT/V3,Commissioning2024,11
378313,9411,82,2024-03-23 09:51:34,2024-03-23 09:52:56,"[CSC, CTPPS, CTPPS_TOT, GEM, L1SCOUT]",0.0,0.0,28202,circulating2024/v14,/cdaq/circulating/2024/v1.1.0/HLT/V3,Commissioning2024,11
378314,9411,1415,2024-03-23 09:55:27,2024-03-23 10:19:02,"[CSC, CTPPS, CTPPS_TOT, GEM, L1SCOUT]",0.0,0.0,706824,circulating2024/v14,/cdaq/circulating/2024/v1.1.0/HLT/V3,Run2024A,11
378315,9411,3591,2024-03-23 10:22:29,2024-03-23 11:22:20,"[CSC, CTPPS, CTPPS_TOT, L1SCOUT]",0.0,0.0,1866403,circulating2024/v14,/cdaq/circulating/2024/v1.1.0/HLT/V3,Run2024A,11
378319,9411,2247,2024-03-23 11:24:53,2024-03-23 12:02:20,"[CSC, CTPPS, CTPPS_TOT, L1SCOUT]",0.0,0.0,249876583,cosmics2024/v42,/cdaq/cosmic/commissioning2024/v1.1.0/HLT/V2,Run2024A,4
378322,9412,2994,2024-03-23 12:06:19,2024-03-23 12:56:13,"[CSC, CTPPS, CTPPS_TOT, L1SCOUT]",0.0,0.0,1553029,circulating2024/v14,/cdaq/circulating/2024/v1.1.0/HLT/V3,Run2024A,11
378324,9413,2517,2024-03-23 13:00:04,2024-03-23 13:42:01,"[CSC, CTPPS, CTPPS_TOT, L1SCOUT]",0.0,0.0,283490267,cosmics2024/v42,/cdaq/cosmic/commissioning2024/v1.1.0/HLT/V2,Run2024A,4
378326,9413,1330,2024-03-23 13:46:39,2024-03-23 14:08:49,"[CSC, CTPPS, CTPPS_TOT, L1SCOUT]",0.0,0.0,656137,circulating2024/v14,/cdaq/circulating/2024/v1.1.0/HLT/V3,Run2024A,11
378327,9413,1573,2024-03-23 14:12:22,2024-03-23 14:38:35,"[CSC, CTPPS, CTPPS_TOT, HCAL, L1SCOUT]",0.0,0.0,773662,circulating2024/v14,/cdaq/circulating/2024/v1.1.0/HLT/V3,Run2024A,11
378333,9413,899,2024-03-23 14:42:02,2024-03-23 14:57:01,"[CSC, CTPPS, CTPPS_TOT, L1SCOUT]",0.0,0.0,471904,circulating2024/v14,/cdaq/circulating/2024/v1.1.0/HLT/V3,Run2024A,11
378334,9413,7337,2024-03-23 15:00:02,2024-03-23 17:02:19,"[CSC, CTPPS, CTPPS_TOT, L1SCOUT]",0.0,0.0,828074168,cosmics2024/v42,/cdaq/cosmic/commissioning2024/v1.1.0/HLT/V2,Run2024A,4
378337,9413,2570,2024-03-23 17:06:14,2024-03-23 17:49:05,"[CTPPS, CTPPS_TOT, L1SCOUT]",0.0,0.0,285758593,cosmics2024/v42,/cdaq/cosmic/commissioning2024/v1.1.0/HLT/V2,Run2024A,4
378338,9414,3968,2024-03-23 18:06:56,2024-03-23 19:13:04,"[CTPPS, CTPPS_TOT, L1SCOUT]",0.0,0.0,1961780,circulating2024/v14,/cdaq/circulating/2024/v1.1.0/HLT/V3,Run2024A,11
378339,9414,1509,2024-03-23 19:15:51,2024-03-23 19:41:00,"[CTPPS, CTPPS_TOT, L1SCOUT]",0.0,0.0,734116,collisions2024/v21,/cdaq/special/2024/FirstCollisions/v1.1.0/HLT/V8,Run2024A,0
378340,9415,2080,2024-03-23 19:43:48,2024-03-23 20:18:29,"[CTPPS, CTPPS_TOT, L1SCOUT]",0.0,0.0,228955594,cosmics2024/v42,/cdaq/cosmic/commissioning2024/v1.1.0/HLT/V2,Run2024A,4
378341,9415,6003,2024-03-23 20:21:12,2024-03-23 22:01:15,"[CTPPS, CTPPS_TOT, L1SCOUT]",0.0,0.0,2971337,circulating2024/v14,/cdaq/circulating/2024/v1.1.0/HLT/V3,Run2024A,11
378342,9415,12704,2024-03-23 22:04:36,2024-03-24 01:36:20,"[CTPPS, CTPPS_TOT, L1SCOUT]",0.0,0.0,1430816415,cosmics2024/v42,/cdaq/cosmic/commissioning2024/v1.1.0/HLT/V2,Run2024A,4
378343,9415,3785,2024-03-24 01:43:13,2024-03-24 02:46:17,"[CTPPS, CTPPS_TOT, L1SCOUT]",0.0,0.0,430092517,cosmics2024/v42,/cdaq/cosmic/commissioning2024/v1.1.0/HLT/V2,Run2024A,4
378344,9416,6252,2024-03-24 02:55:30,2024-03-24 04:39:42,"[CTPPS, CTPPS_TOT, L1SCOUT]",0.0,0.0,700239040,cosmics2024/v42,/cdaq/cosmic/commissioning2024/v1.1.0/HLT/V2,Run2024A,4
378345,9418,12819,2024-03-24 04:48:38,2024-03-24 08:22:17,"[CTPPS, CTPPS_TOT, L1SCOUT]",0.0,0.0,6407382,circulating2024/v14,/cdaq/circulating/2024/v1.1.0/HLT/V3,Run2024A,11
378346,9419,878,2024-03-24 08:25:57,2024-03-24 08:40:34,"[CTPPS, CTPPS_TOT, L1SCOUT]",0.0,0.0,75167698,cosmics2024/v42,/cdaq/cosmic/commissioning2024/v1.1.0/HLT/V2,Run2024A,4
378347,9419,1749,2024-03-24 08:44:20,2024-03-24 09:13:30,"[CTPPS, CTPPS_TOT, L1SCOUT]",0.0,0.0,198787150,cosmics2024/v42,/cdaq/cosmic/commissioning2024/v1.1.0/HLT/V2,Run2024A,4
378348,9419,5574,2024-03-24 09:16:38,2024-03-24 10:49:32,"[CTPPS, CTPPS_TOT, L1SCOUT]",0.0,0.0,2765724,circulating2024/v14,/cdaq/circulating/2024/v1.1.0/HLT/V3,Run2024A,11
378349,9419,210,2024-03-24 10:53:46,2024-03-24 10:57:16,"[CTPPS, CTPPS_TOT, L1SCOUT]",0.0,0.0,934,collisions2024/v21,/cdaq/special/2024/FirstCollisions/v1.1.0/HLT/V8,Run2024A,0
378350,9419,13005,2024-03-24 10:59:10,2024-03-24 14:35:55,"[CTPPS, CTPPS_TOT, L1SCOUT]",0.0,0.0,6439319,collisions2024/v21,/cdaq/special/2024/FirstCollisions/v1.1.0/HLT/V8,Run2024A,0
378351,9419,8756,2024-03-24 14:42:09,2024-03-24 17:08:05,"[CSC, CTPPS, CTPPS_TOT, HCAL, L1SCOUT]",1.1600441E-5,1.1600441E-5,4314114,collisions2024/v21,/cdaq/special/2024/FirstCollisions/v1.1.0/HLT/V8,Run2024A,0
378361,9419,60,2024-03-24 17:14:05,2024-03-24 17:15:05,"[CSC, CTPPS, CTPPS_TOT, L1SCOUT]",,,,collisions2024/v21,,Commissioning2024,
378362,9419,5086,2024-03-24 17:17:12,2024-03-24 18:41:58,"[CSC, CTPPS, CTPPS_TOT, L1SCOUT]",0.0,0.0,2509844,collisions2024/v21,/cdaq/special/2024/FirstCollisions/v1.1.0/HLT/V8,Run2024A,0
378363,9419,5908,2024-03-24 18:48:19,2024-03-24 20:26:46,"[CTPPS, CTPPS_TOT, L1SCOUT]",0.0,0.0,2915077,collisions2024/v21,/cdaq/special/2024/FirstCollisions/v1.1.0/HLT/V8,Run2024A,0
378366,9420,355,2024-03-24 20:38:51,2024-03-24 20:44:46,"[CTPPS, CTPPS_TOT, L1SCOUT]",0.0,0.0,33104559,cosmics2024/v42,/cdaq/cosmic/commissioning2024/v1.1.0/HLT/V2,Run2024A,4
378367,9420,937,2024-03-24 20:48:40,2024-03-24 21:04:17,"[CTPPS, CTPPS_TOT, L1SCOUT]",0.0,0.0,102496332,cosmics2024/v42,/cdaq/cosmic/commissioning2024/v1.1.0/HLT/V2,Run2024A,4
378369,9420,1089,2024-03-24 21:08:56,2024-03-24 21:27:05,"[CTPPS, CTPPS_TOT, L1SCOUT]",0.0,0.0,523625,circulating2024/v14,/cdaq/circulating/2024/v1.1.0/HLT/V3,Run2024A,11
378370,9420,374,2024-03-24 21:28:33,2024-03-24 21:34:47,"[CTPPS, CTPPS_TOT, L1SCOUT]",0.0,0.0,168116,circulating2024/v15,/cdaq/circulating/2024/v1.1.0/HLT/V4,Run2024A,0
378371,9420,155,2024-03-24 21:42:01,2024-03-24 21:44:35,"[CTPPS, CTPPS_TOT, L1SCOUT]",0.0,0.0,13395,collisions2024/v22,/cdaq/special/2024/FirstCollisions/v1.1.0/HLT/V9,Run2024A,0
378372,9420,105,2024-03-24 21:47:24,2024-03-24 21:49:09,"[CTPPS, CTPPS_TOT, L1SCOUT]",0.0,0.0,36508,collisions2024/v22,/cdaq/special/2024/FirstCollisions/v1.1.0/HLT/V9,Run2024A,0
378373,9420,3570,2024-03-24 21:53:33,2024-03-24 22:53:03,"[CTPPS, CTPPS_TOT, L1SCOUT]",0.0,0.0,1760046,collisions2024/v22,/cdaq/special/2024/FirstCollisions/v1.1.0/HLT/V9,Run2024A,0
378374,9421,2565,2024-03-24 22:56:33,2024-03-24 23:39:18,"[CTPPS, CTPPS_TOT, L1SCOUT]",0.0,0.0,275224530,cosmics2024/v43,/cdaq/cosmic/commissioning2024/v1.1.0/HLT/V3,Run2024A,4
378375,9421,186,2024-03-24 23:40:43,2024-03-24 23:43:50,"[CTPPS, CTPPS_TOT, L1SCOUT]",0.0,0.0,18549476,cosmics2024/v43,/cdaq/cosmic/commissioning2024/v1.1.0/HLT/V3,Run2024A,4
378376,9421,2590,2024-03-24 23:48:07,2024-03-25 00:31:17,"[CTPPS, CTPPS_TOT, L1SCOUT]",0.0,0.0,1223392,circulating2024/v15,/cdaq/circulating/2024/v1.1.0/HLT/V4,Run2024A,11
378377,9421,401,2024-03-25 00:34:19,2024-03-25 00:41:00,"[CTPPS, CTPPS_TOT, L1SCOUT]",0.0,0.0,184894,collisions2024/v22,/cdaq/special/2024/FirstCollisions/v1.1.0/HLT/V9,Run2024A,0
378378,9422,2051,2024-03-25 00:43:53,2024-03-25 01:18:04,"[CTPPS, CTPPS_TOT, L1SCOUT]",0.0,0.0,208046722,cosmics2024/v43,/cdaq/cosmic/commissioning2024/v1.1.0/HLT/V3,Run2024A,4
378379,9422,2003,2024-03-25 01:20:53,2024-03-25 01:54:16,"[CTPPS, CTPPS_TOT, L1SCOUT]",0.0,0.0,931740,circulating2024/v15,/cdaq/circulating/2024/v1.1.0/HLT/V4,Run2024A,11
378380,9422,1620,2024-03-25 01:57:26,2024-03-25 02:24:26,"[CTPPS, CTPPS_TOT, L1SCOUT]",0.0,0.0,790219,collisions2024/v22,/cdaq/special/2024/FirstCollisions/v1.1.0/HLT/V9,Run2024A,0
378381,9422,69,2024-03-25 02:26:45,2024-03-25 02:27:54,"[CTPPS, CTPPS_TOT, L1SCOUT]",,,,cosmics2024/v43,,Commissioning2024,
378382,9423,2760,2024-03-25 02:29:49,2024-03-25 03:15:49,"[CTPPS, CTPPS_TOT, L1SCOUT]",2.38948E-7,2.38948E-7,280638907,cosmics2024/v43,/cdaq/cosmic/commissioning2024/v1.1.0/HLT/V3,Run2024A,4
378386,9423,75,2024-03-25 10:29:37,2024-03-25 10:30:52,"[CSC, CTPPS, CTPPS_TOT, GEM, HCAL, L1SCOUT, PIXEL]",0.0,0.0,19063,collisions2024/v22,/cdaq/special/2024/FirstCollisions/v1.1.0/HLT/V9,Commissioning2024,0
378387,9423,465,2024-03-25 10:33:03,2024-03-25 10:40:48,"[CSC, CTPPS, CTPPS_TOT, GEM, HCAL, L1SCOUT, PIXEL]",0.0,0.0,219158,collisions2024/v22,/cdaq/special/2024/FirstCollisions/v1.1.0/HLT/V9,Run2024A,0
378390,9423,4710,2024-03-25 10:45:01,2024-03-25 12:03:31,"[CSC, CTPPS, CTPPS_TOT, HCAL, L1SCOUT, PIXEL]",2.55063E-7,2.55063E-7,2329297,collisions2024/v22,/cdaq/special/2024/FirstCollisions/v1.1.0/HLT/V9,Run2024A,0
378395,9423,665,2024-03-25 12:06:56,2024-03-25 12:18:01,"[CSC, CTPPS, CTPPS_TOT, L1SCOUT, PIXEL]",4.771E-9,4.771E-9,323553,collisions2024/v22,/cdaq/special/2024/FirstCollisions/v1.1.0/HLT/V9,Run2024A,0
378396,9423,1817,2024-03-25 12:20:44,2024-03-25 12:51:01,"[CSC, CTPPS, CTPPS_TOT, L1SCOUT, PIXEL]",5.37487E-7,5.37487E-7,889374,collisions2024/v22,/cdaq/special/2024/FirstCollisions/v1.1.0/HLT/V9,Run2024A,0
378397,9423,654,2024-03-25 12:54:06,2024-03-25 13:05:00,"[CSC, CTPPS, CTPPS_TOT, L1SCOUT, PIXEL]",3.817E-9,3.817E-9,323387,collisions2024/v22,/cdaq/special/2024/FirstCollisions/v1.1.0/HLT/V9,Run2024A,0
378398,9423,62,2024-03-25 13:08:45,2024-03-25 13:09:47,"[CSC, CTPPS, CTPPS_TOT, L1SCOUT]",0.0,0.0,23084,collisions2024/v22,/cdaq/special/2024/FirstCollisions/v1.1.0/HLT/V9,Run2024A,0
378399,9423,665,2024-03-25 13:12:52,2024-03-25 13:23:57,"[CSC, CTPPS, CTPPS_TOT, L1SCOUT]",5.725E-9,5.725E-9,323309,collisions2024/v22,/cdaq/special/2024/FirstCollisions/v1.1.0/HLT/V9,Run2024A,0
378400,9423,919,2024-03-25 14:02:20,2024-03-25 14:17:39,"[CSC, CTPPS, CTPPS_TOT, L1SCOUT]",2.862E-9,2.862E-9,430738,collisions2024/v22,/cdaq/special/2024/FirstCollisions/v1.1.0/HLT/V9,Run2024A,0
378404,9423,1739,2024-03-25 14:47:53,2024-03-25 15:16:52,"[CSC, CTPPS, CTPPS_TOT, L1SCOUT]",1.750295E-6,1.750295E-6,596842,collisions2024/v22,/cdaq/special/2024/FirstCollisions/v1.1.0/HLT/V9,Run2024A,0
378406,9423,1139,2024-03-25 15:19:44,2024-03-25 15:38:43,"[CSC, CTPPS, CTPPS_TOT, L1SCOUT, TRACKER]",2.12729E-7,2.12729E-7,560791,collisions2024/v22,/cdaq/special/2024/FirstCollisions/v1.1.0/HLT/V9,Run2024A,0
378410,9423,1818,2024-03-25 15:43:43,2024-03-25 16:14:01,"[CSC, CTPPS, CTPPS_TOT, L1SCOUT, TRACKER]",8.3542826E-4,8.3542826E-4,130068,collisions2024/v22,/cdaq/special/2024/FirstCollisions/v1.1.0/HLT/V9,Run2024A,0
378415,9423,399,2024-03-25 16:20:10,2024-03-25 16:26:49,"[CSC, CTPPS, CTPPS_TOT, L1SCOUT, TRACKER]",1.0176582E-5,1.0176582E-5,194949,collisions2024/v22,/cdaq/special/2024/FirstCollisions/v1.1.0/HLT/V9,Run2024A,0
378416,9423,2644,2024-03-25 16:30:39,2024-03-25 17:14:43,"[CTPPS, CTPPS_TOT, L1SCOUT, TRACKER]",1.6355237E-5,1.6355236E-5,1304303,collisions2024/v22,/cdaq/special/2024/FirstCollisions/v1.1.0/HLT/V9,Run2024A,0
378418,9423,738,2024-03-25 17:17:54,2024-03-25 17:30:11,"[CTPPS, CTPPS_TOT, HCAL, L1SCOUT, TRACKER]",2.188411E-6,2.188411E-6,342059,collisions2024/v22,/cdaq/special/2024/FirstCollisions/v1.1.0/HLT/V9,Run2024A,0
378421,9424,2100,2024-03-25 18:28:18,2024-03-25 19:03:18,"[CTPPS, CTPPS_TOT, ECAL, HCAL, L1SCOUT, TRACKER]",0.0,0.0,222996077,cosmics2024/v43,/cdaq/cosmic/commissioning2024/v1.1.0/HLT/V3,Run2024A,4
378430,9424,175,2024-03-25 19:08:53,2024-03-25 19:11:48,"[CTPPS, CTPPS_TOT, ECAL, HCAL, L1SCOUT, TRACKER]",0.0,0.0,10255512,cosmics2024/v43,/cdaq/cosmic/commissioning2024/v1.1.0/HLT/V3,Run2024A,4
378431,9424,74,2024-03-25 19:15:16,2024-03-25 19:16:30,"[CTPPS, CTPPS_TOT, ECAL, L1SCOUT]",0.0,0.0,14957,cosmics2024/v43,/cdaq/cosmic/commissioning2024/v1.1.0/HLT/V3,Run2024A,4
378432,9424,1223,2024-03-25 19:19:05,2024-03-25 19:39:27,"[CTPPS, CTPPS_TOT, ECAL, L1SCOUT]",0.0,0.0,132803087,cosmics2024/v43,/cdaq/cosmic/commissioning2024/v1.1.0/HLT/V3,Run2024A,4
378433,9424,2869,2024-03-25 19:43:24,2024-03-25 20:31:13,"[CTPPS, CTPPS_TOT, ECAL, HCAL, L1SCOUT]",0.0,0.0,326995025,cosmics2024/v43,/cdaq/cosmic/commissioning2024/v1.1.0/HLT/V3,Run2024A,4
378434,9424,40656,2024-03-25 20:33:54,2024-03-26 07:51:30,"[CTPPS, CTPPS_TOT, ECAL, ES, HCAL, L1SCOUT]",0.0,0.0,4582970704,cosmics2024/v43,/cdaq/cosmic/commissioning2024/v1.1.0/HLT/V3,Run2024A,4
378443,9425,1270,2024-03-26 07:54:36,2024-03-26 08:15:46,"[CSC, CTPPS, CTPPS_TOT, ECAL, ES, HCAL, L1SCOUT, RPC]",0.0,0.0,143780703,cosmics2024/v43,/cdaq/cosmic/commissioning2024/v1.1.0/HLT/V3,Run2024A,4
378445,9425,2291,2024-03-26 08:33:50,2024-03-26 09:12:01,"[CSC, CTPPS, CTPPS_TOT, ECAL, ES, HCAL, L1SCOUT, RPC]",0.0,0.0,253788595,cosmics2024/v43,/cdaq/cosmic/commissioning2024/v1.1.0/HLT/V3,Run2024A,4
378468,9425,2251,2024-03-26 10:49:42,2024-03-26 11:27:13,"[CSC, CTPPS, CTPPS_TOT, DT, L1SCOUT, PIXEL, RPC, TRACKER]",0.0,0.0,252338455,cosmics2024/v44,/cdaq/cosmic/commissioning2024/v1.1.0/HLT/V3,Run2024A,4
378473,9425,1383,2024-03-26 11:29:56,2024-03-26 11:52:59,"[CSC, CTPPS, CTPPS_TOT, L1SCOUT, PIXEL, RPC, TRACKER]",0.0,0.0,155804264,cosmics2024/v45,/cdaq/cosmic/commissioning2024/v1.1.0/HLT/V3,Run2024A,4
378476,9425,1149,2024-03-26 11:55:44,2024-03-26 12:14:53,"[CSC, CTPPS, CTPPS_TOT, L1SCOUT, PIXEL, TRACKER]",0.0,0.0,113123381,cosmics2024/v45,/cdaq/cosmic/commissioning2024/v1.1.0/HLT/V3,Run2024A,4
378481,9425,27,2024-03-26 12:52:36,2024-03-26 12:53:03,"[CTPPS, CTPPS_TOT, L1SCOUT, PIXEL, TRACKER]",,,,cosmics2024/v45,,Commissioning2024,
378482,9425,28,2024-03-26 12:54:52,2024-03-26 12:55:20,"[CTPPS, CTPPS_TOT, L1SCOUT, PIXEL, TRACKER]",0.0,0.0,,cosmics2024/v45,/cdaq/cosmic/commissioning2024/v1.1.0/HLT/V3,Run2024A,
378483,9425,725,2024-03-26 12:57:25,2024-03-26 13:09:29,"[CTPPS, CTPPS_TOT, L1SCOUT, PIXEL, TRACKER]",0.0,0.0,79956310,cosmics2024/v45,/cdaq/cosmic/commissioning2024/v1.1.0/HLT/V3,Run2024A,4
378486,9425,28,2024-03-26 13:12:31,2024-03-26 13:12:59,"[CTPPS, CTPPS_TOT, L1SCOUT, TRACKER]",0.0,0.0,,cosmics2024/v45,/cdaq/cosmic/commissioning2024/v1.1.0/HLT/V3,Commissioning2024,4
378487,9425,31,2024-03-26 13:14:47,2024-03-26 13:15:18,"[CTPPS, CTPPS_TOT, L1SCOUT, TRACKER]",0.0,0.0,,cosmics2024/v45,/cdaq/cosmic/commissioning2024/v1.1.0/HLT/V3,Commissioning2024,4
378489,9425,3745,2024-03-26 13:18:08,2024-03-26 14:20:33,"[CTPPS, CTPPS_TOT, L1SCOUT, TRACKER]",0.0,0.0,426561222,cosmics2024/v45,/cdaq/cosmic/commissioning2024/v1.1.0/HLT/V3,Run2024A,4
378492,9425,230,2024-03-26 14:26:14,2024-03-26 14:30:03,"[CTPPS, CTPPS_TOT, L1SCOUT, TRACKER]",0.0,0.0,37922,special/v26,/cdaq/special/EcalLaserTest/2024/v1.0/HLT/V1,Commissioning2024,1
378494,9425,127,2024-03-26 14:31:47,2024-03-26 14:33:54,"[CTPPS, CTPPS_TOT, L1SCOUT, TRACKER]",0.0,0.0,4219,special/v26,/cdaq/special/EcalLaserTest/2024/v1.0/HLT/V1,Commissioning2024,1
378495,9425,108,2024-03-26 14:36:02,2024-03-26 14:37:50,"[CTPPS, CTPPS_TOT, L1SCOUT, TRACKER]",0.0,0.0,17438,special/v26,/cdaq/special/EcalLaserTest/2024/v1.0/HLT/V1,Commissioning2024,1
378496,9425,792,2024-03-26 14:40:35,2024-03-26 14:53:47,"[CTPPS, CTPPS_TOT, L1SCOUT, TRACKER]",0.0,0.0,199250,special/v26,/cdaq/special/EcalLaserTest/2024/v1.0/HLT/V1,Run2024A,1
378498,9425,283,2024-03-26 14:57:33,2024-03-26 15:02:16,"[CTPPS, CTPPS_TOT, L1SCOUT, TRACKER]",0.0,0.0,311694,special/v26,/cdaq/special/EcalLaserTest/2024/v1.0/HLT/V1,Run2024A,1
378501,9425,14944,2024-03-26 15:22:41,2024-03-26 19:31:45,"[CTPPS, CTPPS_TOT, ECAL, ES, HCAL, L1SCOUT]",0.0,0.0,1687339628,cosmics2024/v45,/cdaq/cosmic/commissioning2024/v1.1.0/HLT/V3,Run2024A,4
378508,9427,90,2024-03-26 19:40:25,2024-03-26 19:41:55,"[CTPPS, CTPPS_TOT, L1SCOUT]",0.0,0.0,30218,circulating2024/v17,/cdaq/circulating/2024/v1.1.0/HLT/V4,Run2024A,11
378509,9427,8696,2024-03-26 19:45:34,2024-03-26 22:10:30,"[CTPPS, CTPPS_TOT, L1SCOUT]",1.905439E-6,1.905439E-6,4256858,circulating2024/v17,/cdaq/circulating/2024/v1.1.0/HLT/V4,Run2024A,11
378510,9429,844,2024-03-26 22:22:56,2024-03-26 22:36:59,"[CTPPS, CTPPS_TOT, L1SCOUT]",2.4163E-7,2.33972E-7,402042,cosmics2024/v45,/cdaq/cosmic/commissioning2024/v1.1.0/HLT/V3,Run2024A,4
378513,9429,2101,2024-03-26 22:44:14,2024-03-26 23:19:15,"[CTPPS, CTPPS_TOT, L1SCOUT]",1.593564E-6,1.586731E-6,1010495,circulating2024/v17,/cdaq/circulating/2024/v1.1.0/HLT/V4,Run2024A,11
378514,9429,81,2024-03-26 23:24:36,2024-03-26 23:25:57,"[CTPPS, CTPPS_TOT, L1SCOUT]",1.15157E-7,1.15157E-7,34746,circulating2024/v17,/cdaq/circulating/2024/v1.1.0/HLT/V4,Run2024A,11
378515,9429,7020,2024-03-26 23:27:16,2024-03-27 01:24:16,"[CTPPS, CTPPS_TOT, L1SCOUT]",4.147658E-6,4.147658E-6,3471093,circulating2024/v17,/cdaq/circulating/2024/v1.1.0/HLT/V4,Run2024A,11
378516,9430,83,2024-03-27 01:28:48,2024-03-27 01:30:11,"[CTPPS, CTPPS_TOT, L1SCOUT]",,,,cosmics2024/v45,,Commissioning2024,
378517,9430,2313,2024-03-27 01:31:45,2024-03-27 02:10:18,"[CTPPS, CTPPS_TOT, L1SCOUT]",0.0,0.0,222065843,cosmics2024/v45,/cdaq/cosmic/commissioning2024/v1.1.0/HLT/V3,Run2024A,4
378518,9430,2828,2024-03-27 02:11:38,2024-03-27 02:58:46,"[CTPPS, CTPPS_TOT, L1SCOUT]",9.1572E-8,9.1572E-8,313307809,cosmics2024/v45,/cdaq/cosmic/commissioning2024/v1.1.0/HLT/V3,Run2024A,4
378519,9430,2582,2024-03-27 03:04:56,2024-03-27 03:47:58,"[CTPPS, CTPPS_TOT, L1SCOUT]",1.344259E-6,1.337253E-6,1244370,circulating2024/v17,/cdaq/circulating/2024/v1.1.0/HLT/V4,Run2024A,11
378520,9430,902,2024-03-27 03:51:40,2024-03-27 04:06:42,"[CTPPS, CTPPS_TOT, L1SCOUT]",9.82598E-7,9.82598E-7,443056,circulating2024/v17,/cdaq/circulating/2024/v1.1.0/HLT/V4,Run2024A,11
378521,9431,1876,2024-03-27 04:11:33,2024-03-27 04:42:49,"[CTPPS, CTPPS_TOT, L1SCOUT]",2.37906E-7,2.31791E-7,206215150,cosmics2024/v45,/cdaq/cosmic/commissioning2024/v1.1.0/HLT/V3,Run2024A,4
378523,9431,1626,2024-03-27 04:48:26,2024-03-27 05:15:32,"[CTPPS, CTPPS_TOT, L1SCOUT]",2.304089E-6,1.394291E-6,784518,circulating2024/v17,/cdaq/circulating/2024/v1.1.0/HLT/V4,Run2024A,11
378524,9431,951,2024-03-27 05:19:54,2024-03-27 05:35:45,"[CTPPS, CTPPS_TOT, L1SCOUT]",3.23951153E-4,3.05337595E-4,51825610,collisions2024/v24,/cdaq/special/2024/FirstCollisions/v1.1.0/HLT/V9,Run2024A,0
378525,9432,466,2024-03-27 05:40:03,2024-03-27 05:47:49,"[CTPPS, CTPPS_TOT, L1SCOUT]",0.0,0.0,49760118,cosmics2024/v45,/cdaq/cosmic/commissioning2024/v1.1.0/HLT/V3,Run2024A,4
378526,9432,2663,2024-03-27 05:51:09,2024-03-27 06:35:32,"[CTPPS, CTPPS_TOT, L1SCOUT]",2.42697E-7,2.42697E-7,298470421,cosmics2024/v45,/cdaq/cosmic/commissioning2024/v1.1.0/HLT/V3,Run2024A,4
378527,9432,247,2024-03-27 06:38:49,2024-03-27 06:42:56,"[CTPPS, CTPPS_TOT, L1SCOUT]",2.96033E-7,2.96033E-7,3765,circulating2024/v17,/cdaq/circulating/2024/v1.1.0/HLT/V4,Run2024A,11
378528,9432,33,2024-03-27 06:45:00,2024-03-27 06:45:33,"[CTPPS, CTPPS_TOT, L1SCOUT]",1.95495E-7,1.95495E-7,0,circulating2024/v17,/cdaq/circulating/2024/v1.1.0/HLT/V4,Commissioning2024,11
378529,9432,3351,2024-03-27 06:48:58,2024-03-27 07:44:49,"[CTPPS, CTPPS_TOT, L1SCOUT]",2.59796E-6,2.585622E-6,1626552,circulating2024/v17,/cdaq/circulating/2024/v1.1.0/HLT/V4,Run2024A,11
378531,9432,5806,2024-03-27 07:51:15,2024-03-27 09:28:02,"[CTPPS, CTPPS_TOT, L1SCOUT]",1.529414E-6,1.529414E-6,2862272,collisions2024/v24,/cdaq/special/2024/FirstCollisions/v1.1.0/HLT/V9,Run2024A,0
378532,9432,225,2024-03-27 09:34:32,2024-03-27 09:38:17,"[CSC, CTPPS, CTPPS_TOT, GEM, L1SCOUT]",5.265E-9,4.073E-9,103999,collisions2024/v24,/cdaq/special/2024/FirstCollisions/v1.1.0/HLT/V9,Run2024A,0
378533,9432,10,2024-03-27 09:42:17,2024-03-27 09:42:27,"[CSC, CTPPS, CTPPS_TOT, GEM, HCAL, L1SCOUT]",0.0,0.0,,collisions2024/v25,/cdaq/special/2024/FirstCollisions/v1.1.0/HLT/V9,Run2024A,
378535,9432,202,2024-03-27 09:44:34,2024-03-27 09:47:56,"[CSC, CTPPS, CTPPS_TOT, GEM, HCAL, L1SCOUT, PIXEL, TRACKER]",1.3524E-8,1.3524E-8,92461,collisions2024/v25,/cdaq/special/2024/FirstCollisions/v1.1.0/HLT/V9,Run2024A,0
378537,9432,3449,2024-03-27 09:50:35,2024-03-27 10:48:04,"[CSC, CTPPS, CTPPS_TOT, HCAL, L1SCOUT, PIXEL, TRACKER]",9.0927E-8,9.0927E-8,1697303,collisions2024/v25,/cdaq/special/2024/FirstCollisions/v1.1.0/HLT/V9,Run2024A,0
378542,9432,292,2024-03-27 10:50:24,2024-03-27 10:55:16,"[CSC, CTPPS, CTPPS_TOT, HCAL, L1SCOUT, PIXEL, TRACKER]",2.162687E-6,2.162687E-6,138492,collisions2024/v27,/cdaq/special/2024/FirstCollisions/v1.1.0/HLT/V10,Run2024A,0
378543,9432,223,2024-03-27 10:58:04,2024-03-27 11:01:47,"[CSC, CTPPS, CTPPS_TOT, HCAL, L1SCOUT, PIXEL, TRACKER]",4.43562E-7,4.43562E-7,104801,circulating2024/v20,/cdaq/circulating/2024/v1.1.0/HLT/V5,Run2024A,11
378544,9432,44,2024-03-27 11:04:05,2024-03-27 11:04:49,"[CSC, CTPPS, CTPPS_TOT, HCAL, L1SCOUT, PIXEL, TRACKER]",,,,cosmics2024/v48,,Commissioning2024,
378545,9432,267,2024-03-27 11:06:18,2024-03-27 11:10:45,"[CSC, CTPPS, CTPPS_TOT, HCAL, L1SCOUT, PIXEL, TRACKER]",6.46376E-7,6.46376E-7,26736212,cosmics2024/v48,/cdaq/cosmic/commissioning2024/v1.1.0/HLT/V4,Run2024A,4
378546,9432,2840,2024-03-27 11:13:58,2024-03-27 12:01:17,"[CSC, CTPPS, CTPPS_TOT, HCAL, L1SCOUT, PIXEL, TRACKER]",4.18235E-7,4.18235E-7,1397486,collisions2024/v27,/cdaq/special/2024/FirstCollisions/v1.1.0/HLT/V10,Run2024A,0
378548,9432,861,2024-03-27 12:04:05,2024-03-27 12:18:26,"[CTPPS, CTPPS_TOT, HCAL, L1SCOUT, PIXEL, TRACKER]",9.311E-9,9.311E-9,415590,collisions2024/v27,/cdaq/special/2024/FirstCollisions/v1.1.0/HLT/V10,Run2024A,0
378549,9432,361,2024-03-27 12:21:40,2024-03-27 12:27:41,"[CTPPS, CTPPS_TOT, HCAL, L1SCOUT, PIXEL, TRACKER]",1.11222E-7,1.11222E-7,174199,collisions2024/v28,/cdaq/special/2024/FirstCollisions/v1.1.0/HLT/V10,Run2024A,0
378550,9432,613,2024-03-27 12:30:14,2024-03-27 12:40:27,"[CTPPS, CTPPS_TOT, HCAL, L1SCOUT, PIXEL, TRACKER]",4.807E-9,4.807E-9,331503,circulating2024/v21,/cdaq/circulating/2024/v1.1.0/HLT/V5,Run2024A,11
378551,9432,326,2024-03-27 12:44:17,2024-03-27 12:49:43,"[CTPPS, CTPPS_TOT, HCAL, L1SCOUT, PIXEL, TRACKER]",0.0,0.0,31921696,cosmics2024/v49,/cdaq/cosmic/commissioning2024/v1.1.0/HLT/V4,Run2024A,4
378553,9433,1832,2024-03-27 12:54:13,2024-03-27 13:24:45,"[CTPPS, CTPPS_TOT, HCAL, L1SCOUT, PIXEL, TRACKER]",0.0,0.0,203699150,cosmics2024/v49,/cdaq/cosmic/commissioning2024/v1.1.0/HLT/V4,Run2024A,4
378559,9433,50,2024-03-27 13:39:13,2024-03-27 13:40:03,"[CTPPS, CTPPS_TOT, HCAL, L1SCOUT, PIXEL, TRACKER]",,,,cosmics2024/v50,,Run2024A,
378560,9433,1996,2024-03-27 13:41:35,2024-03-27 14:14:51,"[CTPPS, CTPPS_TOT, HCAL, L1SCOUT, PIXEL, TRACKER]",1.02156E-7,4.0607E-8,227340446,cosmics2024/v50,/cdaq/cosmic/commissioning2024/v1.1.0/HLT/V4,Run2024A,4
378569,9433,716,2024-03-27 14:36:26,2024-03-27 14:48:22,"[CTPPS, CTPPS_TOT, HCAL, L1SCOUT, TRACKER]",3.78724E-7,2.39031E-7,351206,circulating2024/v23,/cdaq/circulating/2024/v1.1.0/HLT/V5,Run2024A,11
378574,9433,478,2024-03-27 14:53:27,2024-03-27 15:01:25,"[CTPPS, CTPPS_TOT, HCAL, L1SCOUT]",9.07353E-7,1.73007E-7,3072549,collisions2024/v30,/cdaq/special/2024/FirstCollisions/v1.1.0/HLT/V10,Run2024A,0
378577,9433,13925,2024-03-27 15:29:36,2024-03-27 19:21:41,"[CTPPS, CTPPS_TOT, HCAL, L1SCOUT]",0.04168445031,0.041126372189,109775399,collisions2024/v30,/cdaq/special/2024/FirstCollisions/v1.1.0/HLT/V10,Run2024A,0
378582,9434,185,2024-03-27 19:28:46,2024-03-27 19:31:51,"[CTPPS, CTPPS_TOT, L1SCOUT]",0.0,0.0,63479,collisions2024/v31,/cdaq/special/2024/FirstCollisions/v1.1.0/HLT/V10,Run2024A,0
378584,9434,186,2024-03-27 19:37:43,2024-03-27 19:40:50,"[CTPPS, CTPPS_TOT, L1SCOUT]",0.0,0.0,89627,collisions2024/v31,/cdaq/special/2024/FirstCollisions/v1.1.0/HLT/V10,Run2024A,0
378585,9434,290,2024-03-27 19:43:38,2024-03-27 19:48:28,"[CTPPS, CTPPS_TOT, L1SCOUT]",0.0,0.0,141302,circulating2024/v24,/cdaq/circulating/2024/v1.1.0/HLT/V5,Run2024A,11
378586,9434,918,2024-03-27 19:51:42,2024-03-27 20:07:00,"[CTPPS, CTPPS_TOT, L1SCOUT]",0.0,0.0,451573,cosmics2024/v52,/cdaq/cosmic/commissioning2024/v1.1.0/HLT/V4,Run2024A,4
378587,9434,239,2024-03-27 20:10:32,2024-03-27 20:14:31,"[CTPPS, CTPPS_TOT, L1SCOUT]",0.0,0.0,115100,pps_romanpotalignment/v2,/cdaq/special/2024/PPS/v1.1.0/HLT/V3,Run2024A,2
378588,9434,172,2024-03-27 20:18:18,2024-03-27 20:21:10,"[CTPPS, CTPPS_TOT, L1SCOUT]",0.0,0.0,82705,cosmics2024/v52,/cdaq/cosmic/commissioning2024/v1.1.0/HLT/V4,Run2024A,4
378589,9434,2749,2024-03-27 20:26:44,2024-03-27 21:12:34,"[CTPPS, CTPPS_TOT, L1SCOUT]",2.3026E-8,2.3026E-8,1324359,circulating2024/v24,/cdaq/circulating/2024/v1.1.0/HLT/V5,Run2024A,11
378593,9435,94,2024-03-27 21:36:57,2024-03-27 21:38:31,"[CTPPS, CTPPS_TOT, L1SCOUT]",,,,circulating2024/v24,,Run2024A,
378594,9435,1863,2024-03-27 21:40:10,2024-03-27 22:11:14,"[CTPPS, CTPPS_TOT, L1SCOUT]",1.91707E-7,1.63952E-7,906221,circulating2024/v24,/cdaq/circulating/2024/v1.1.0/HLT/V5,Run2024A,11
378595,9435,21641,2024-03-27 22:16:10,2024-03-28 04:16:51,"[CTPPS, CTPPS_TOT, L1SCOUT]",0.041628323536,0.040431430231,615226921,collisions2024/v31,/cdaq/special/2024/FirstCollisions/v1.1.0/HLT/V10,Run2024A,0
378596,9435,7135,2024-03-28 04:19:10,2024-03-28 06:18:05,"[CTPPS, CTPPS_TOT, L1SCOUT]",0.021522757187,0.02122586332,196989987,collisions2024/v31,/cdaq/special/2024/FirstCollisions/v1.1.0/HLT/V10,Run2024A,0
378597,9436,2887,2024-03-28 06:21:13,2024-03-28 07:09:20,"[CTPPS, CTPPS_TOT, L1SCOUT]",0.0,0.0,327438617,cosmics2024/v52,/cdaq/cosmic/commissioning2024/v1.1.0/HLT/V4,Run2024A,4
378601,9436,54,2024-03-28 07:18:08,2024-03-28 07:19:03,"[CTPPS, CTPPS_TOT, L1SCOUT]",0.0,0.0,24852,circulating2024/v24,/cdaq/circulating/2024/v1.1.0/HLT/V5,Run2024A,11
378602,9436,6406,2024-03-28 07:21:06,2024-03-28 09:07:52,"[CTPPS, CTPPS_TOT, L1SCOUT]",2.14287E-7,1.89115E-7,3143308,circulating2024/v24,/cdaq/circulating/2024/v1.1.0/HLT/V5,Run2024A,11
378603,9437,1190,2024-03-28 09:11:06,2024-03-28 09:30:55,"[CTPPS, CTPPS_TOT, L1SCOUT, PIXEL]",4.36724039E-4,3.73352069E-4,28898622,collisions2024/v31,/cdaq/special/2024/FirstCollisions/v1.1.0/HLT/V10,Run2024A,0
378630,9442,890,2024-03-29 10:28:28,2024-03-29 10:43:18,"[CSC, CTPPS, CTPPS_TOT, GEM, HCAL, L1SCOUT, TRACKER]",0.0,0.0,97561936,cosmics2024/v52,/cdaq/cosmic/commissioning2024/v1.1.0/HLT/V4,Run2024A,4
378638,9442,4,2024-03-29 10:55:14,2024-03-29 10:55:18,"[CSC, CTPPS, CTPPS_TOT, GEM, HCAL, L1SCOUT, TRACKER]",0.0,0.0,,cosmics2024/v52,/cdaq/cosmic/commissioning2024/v1.1.0/HLT/V4,Run2024A,
378641,9442,984,2024-03-29 11:01:36,2024-03-29 11:18:00,"[CSC, CTPPS, CTPPS_TOT, GEM, L1SCOUT, TRACKER]",0.0,0.0,484961,circulating2024/v24,/cdaq/circulating/2024/v1.1.0/HLT/V5,Run2024A,11
378644,9442,43,2024-03-29 11:22:36,2024-03-29 11:23:19,"[CTPPS, CTPPS_TOT, GEM, L1SCOUT, TRACKER]",0.0,0.0,19,circulating2024/v24,/cdaq/circulating/2024/v1.1.0/HLT/V5,Run2024A,11
378645,9442,31,2024-03-29 11:24:43,2024-03-29 11:25:14,"[CTPPS, CTPPS_TOT, GEM, L1SCOUT, TRACKER]",0.0,0.0,19,circulating2024/v24,/cdaq/circulating/2024/v1.1.0/HLT/V5,Run2024A,11
378647,9442,2170,2024-03-29 11:29:50,2024-03-29 12:06:00,"[CTPPS, CTPPS_TOT, GEM, L1SCOUT, TRACKER]",0.0,0.0,1130550,circulating2024/v24,/cdaq/circulating/2024/v1.1.0/HLT/V5,Run2024A,11
378651,9442,455,2024-03-29 12:09:08,2024-03-29 12:16:43,"[CTPPS, CTPPS_TOT, GEM, L1SCOUT, PIXEL, TRACKER]",0.0,0.0,230997,circulating2024/v24,/cdaq/circulating/2024/v1.1.0/HLT/V5,Run2024A,11
378652,9442,20,2024-03-29 12:19:59,2024-03-29 12:20:19,"[L1SCOUT, PIXEL, TRACKER]",,,,circulating2024/v24,,Run2024A,
378653,9442,401,2024-03-29 12:22:02,2024-03-29 12:28:43,"[L1SCOUT, PIXEL, TRACKER]",0.0,0.0,209071,circulating2024/v24,/cdaq/circulating/2024/v1.1.0/HLT/V5,Run2024A,11
378654,9442,1548,2024-03-29 12:32:31,2024-03-29 12:58:19,"[L1SCOUT, TRACKER]",0.0,0.0,12418053,collisions2024/v32,/cdaq/special/2024/FirstCollisions/v1.1.1/HLT/V1,Run2024A,0
378655,9442,108,2024-03-29 13:02:12,2024-03-29 13:04:00,"[L1SCOUT, TRACKER]",0.0,0.0,18215,circulating2024/v24,/cdaq/circulating/2024/v1.1.0/HLT/V5,Run2024A,11
378656,9442,13562,2024-03-29 13:05:49,2024-03-29 16:51:51,"[L1SCOUT, TRACKER]",0.0,0.0,6877739,circulating2024/v24,/cdaq/circulating/2024/v1.1.0/HLT/V5,Run2024A,11
378658,9442,5719,2024-03-29 16:54:54,2024-03-29 18:30:13,"[L1SCOUT, TRACKER]",0.0,0.0,2831046,circulating2024/v24,/cdaq/circulating/2024/v1.1.0/HLT/V5,Run2024A,11
378660,9442,78,2024-03-29 18:37:06,2024-03-29 18:38:24,"[HCAL, L1SCOUT, TRACKER]",0.0,0.0,1084,circulating2024/v24,/cdaq/circulating/2024/v1.1.0/HLT/V5,Run2024A,11
378661,9442,244,2024-03-29 18:45:24,2024-03-29 18:49:28,"[L1SCOUT, TRACKER]",0.0,0.0,59515,circulating2024/v24,/cdaq/circulating/2024/v1.1.0/HLT/V5,Run2024A,11
378662,9442,298,2024-03-29 18:58:01,2024-03-29 19:02:59,"[L1SCOUT, TRACKER]",0.0,0.0,138608,circulating2024/v24,/cdaq/circulating/2024/v1.1.0/HLT/V5,Run2024A,11
378663,9442,225,2024-03-29 19:08:32,2024-03-29 19:12:17,"[ECAL, ES, HCAL, L1SCOUT]",0.0,0.0,84377,circulating2024/v24,/cdaq/circulating/2024/v1.1.0/HLT/V5,Run2024A,11
378666,9442,6901,2024-03-29 19:14:33,2024-03-29 21:09:35,"[ECAL, ES, HCAL, L1SCOUT]",0.0,0.0,3407421,circulating2024/v24,/cdaq/circulating/2024/v1.1.0/HLT/V5,Run2024A,11
378669,9442,969,2024-03-29 21:11:19,2024-03-29 21:27:28,"[ECAL, ES, HCAL, L1SCOUT]",0.0,0.0,473679,circulating2024/v24,/cdaq/circulating/2024/v1.1.0/HLT/V5,Run2024A,11
378672,9442,29,2024-03-29 21:38:15,2024-03-29 21:38:44,"[ECAL, ES, HCAL, L1SCOUT]",0.0,0.0,10726,circulating2024/v24,/cdaq/circulating/2024/v1.1.0/HLT/V5,Run2024A,11
378674,9442,42747,2024-03-29 21:50:51,2024-03-30 09:43:18,"[ECAL, ES, HCAL, L1SCOUT]",0.0,0.0,4840109972,cosmics2024/v52,/cdaq/cosmic/commissioning2024/v1.1.0/HLT/V4,Run2024A,4
378677,9442,1113,2024-03-30 10:00:55,2024-03-30 10:19:28,"[CSC, ECAL, ES, HCAL, L1SCOUT]",0.0,0.0,115590436,cosmics2024/v52,/cdaq/cosmic/commissioning2024/v1.1.0/HLT/V4,Run2024A,4
378684,9442,3950,2024-03-30 10:24:13,2024-03-30 11:30:03,"[CSC, ECAL, ES, HCAL, L1SCOUT]",0.0,0.0,444199420,cosmics2024/v52,/cdaq/cosmic/commissioning2024/v1.1.0/HLT/V4,Run2024A,4
378687,9442,387,2024-03-30 11:33:33,2024-03-30 11:40:00,"[ECAL, ES, HCAL, L1SCOUT]",0.0,0.0,40919506,cosmics2024/v53,/cdaq/cosmic/commissioning2024/v1.1.0/HLT/V4,Run2024A,4
378688,9442,7116,2024-03-30 11:42:43,2024-03-30 13:41:19,"[ECAL, ES, HCAL, L1SCOUT]",0.0,0.0,806962894,cosmics2024/v53,/cdaq/cosmic/commissioning2024/v1.1.0/HLT/V4,Run2024A,4
378689,9442,9925,2024-03-30 13:44:22,2024-03-30 16:29:47,"[L1SCOUT]",0.0,0.0,1079915928,cosmics2024/v53,/cdaq/cosmic/commissioning2024/v1.1.0/HLT/V4,Run2024A,4
378691,9443,731,2024-03-30 16:40:07,2024-03-30 16:52:18,"[L1SCOUT]",1.28704888E-4,1.3066E-8,68451427,cosmics2024/v53,/cdaq/cosmic/commissioning2024/v1.1.0/HLT/V4,Run2024A,4
378698,9443,367,2024-03-30 17:50:27,2024-03-30 17:56:34,"[L1SCOUT]",0.00410396838,0.001069398859,173776,collisions2024/v33,/cdaq/special/2024/FirstCollisions/v1.1.1/HLT/V1,Run2024A,0
378710,9443,4091,2024-03-30 21:41:39,2024-03-30 22:49:50,"[L1SCOUT]",0.039503789013,0.038831697983,214854517,collisions2024/v33,/cdaq/special/2024/FirstCollisions/v1.1.1/HLT/V1,Run2024A,0
378711,9443,17250,2024-03-30 23:04:59,2024-03-31 03:52:29,"[L1SCOUT]",0.0,0.0,1946449771,cosmics2024/v55,/cdaq/cosmic/commissioning2024/v1.1.0/HLT/V4,Run2024A,4
378712,9443,6190,2024-03-31 03:54:40,2024-03-31 05:37:49,"[L1SCOUT]",7.87E-10,7.87E-10,703442662,cosmics2024/v55,/cdaq/cosmic/commissioning2024/v1.1.0/HLT/V4,Run2024A,4
378716,9444,878,2024-03-31 05:58:10,2024-03-31 06:12:48,"[L1SCOUT]",6.1105E-8,6.1105E-8,419162,circulating2024/v25,/cdaq/circulating/2024/v1.1.0/HLT/V5,Run2024A,11
378717,9444,943,2024-03-31 06:16:05,2024-03-31 06:31:49,"[L1SCOUT]",4.08773E-7,3.14171E-7,455972,circulating2024/v25,/cdaq/circulating/2024/v1.1.0/HLT/V5,Run2024A,11
378718,9444,7014,2024-03-31 06:35:37,2024-03-31 08:32:31,"[L1SCOUT]",0.068648467338,0.066257873241,324919134,collisions2024/v33,/cdaq/special/2024/FirstCollisions/v1.1.1/HLT/V1,Run2024A,0
378719,9444,3146,2024-03-31 08:35:08,2024-03-31 09:27:34,"[CSC, HCAL, L1SCOUT]",0.035026507011,0.034748910308,116318912,collisions2024/v33,/cdaq/special/2024/FirstCollisions/v1.1.1/HLT/V1,Run2024A,0
378728,9445,2074,2024-03-31 09:35:42,2024-03-31 10:10:16,"[CSC, HCAL, L1SCOUT]",0.0,0.0,200384628,cosmics2024/v55,/cdaq/cosmic/commissioning2024/v1.1.0/HLT/V4,Run2024A,4
378732,9445,1176,2024-03-31 10:15:14,2024-03-31 10:34:50,"[CSC, HCAL, L1SCOUT]",0.0,0.0,577288,circulating2024/v25,/cdaq/circulating/2024/v1.1.0/HLT/V5,Run2024A,11
378737,9445,16194,2024-03-31 10:43:34,2024-03-31 15:13:28,"[L1SCOUT]",0.0,0.0,8520087,circulating2024/v25,/cdaq/circulating/2024/v1.1.0/HLT/V5,Run2024A,11
378738,9445,26,2024-03-31 15:16:21,2024-03-31 15:16:47,"[L1SCOUT]",,,,cosmics2024/v55,,Run2024A,
378739,9445,199,2024-03-31 15:18:53,2024-03-31 15:22:12,"[L1SCOUT]",0.0,0.0,13228701,cosmics2024/v55,/cdaq/cosmic/commissioning2024/v1.1.0/HLT/V4,Run2024A,4
378740,9446,99,2024-03-31 15:25:47,2024-03-31 15:27:26,"[L1SCOUT]",0.0,0.0,34765,circulating2024/v25,/cdaq/circulating/2024/v1.1.0/HLT/V5,Run2024A,11
378741,9446,3937,2024-03-31 15:28:42,2024-03-31 16:34:19,"[L1SCOUT]",0.0,0.0,1927822,circulating2024/v25,/cdaq/circulating/2024/v1.1.0/HLT/V5,Run2024A,11
378742,9446,14179,2024-03-31 16:38:01,2024-03-31 20:34:20,"[L1SCOUT]",0.0,0.0,305400899,collisions2024/v33,/cdaq/special/2024/FirstCollisions/v1.1.1/HLT/V1,Run2024A,0
378744,9446,2686,2024-03-31 20:38:25,2024-03-31 21:23:11,"[L1SCOUT]",0.0,0.0,295437098,cosmics2024/v55,/cdaq/cosmic/commissioning2024/v1.1.0/HLT/V4,Run2024A,4
378745,9446,33081,2024-03-31 21:25:37,2024-04-01 06:36:58,"[L1SCOUT]",0.0,0.0,3751230079,cosmics2024/v55,/cdaq/cosmic/commissioning2024/v1.1.0/HLT/V4,Run2024A,4
378749,9448,916,2024-04-01 06:45:42,2024-04-01 07:00:58,"[L1SCOUT]",5.85058E-7,5.85058E-7,425357,circulating2024/v25,/cdaq/circulating/2024/v1.1.0/HLT/V5,Run2024A,11
378750,9448,13125,2024-04-01 07:02:46,2024-04-01 10:41:31,"[L1SCOUT]",7.05592582E-4,6.96801173E-4,1395778825,collisions2024/v33,/cdaq/special/2024/FirstCollisions/v1.1.1/HLT/V1,Run2024A,0
378751,9448,9852,2024-04-01 10:45:04,2024-04-01 13:29:16,"[L1SCOUT]",3.40238896E-4,3.32648446E-4,1063180600,collisions2024/v33,/cdaq/special/2024/FirstCollisions/v1.1.1/HLT/V1,Run2024A,0
378756,9449,990,2024-04-01 13:43:01,2024-04-01 13:59:31,"[CSC, GEM, HCAL, L1SCOUT, PIXEL]",-7.57E-9,-1.861E-9,103164269,cosmics2024/v55,/cdaq/cosmic/commissioning2024/v1.1.0/HLT/V4,Run2024A,4
378764,9450,807,2024-04-01 14:42:06,2024-04-01 14:55:33,"[CSC, GEM, L1SCOUT]",-3.06778E-7,-3.00133E-7,395077,collisions2024/v34,/cdaq/physics/Run2024/2e34/v1.0.1/HLT/V1,Run2024A,2
378765,9450,733,2024-04-01 14:57:52,2024-04-01 15:10:06,"[CSC, GEM, L1SCOUT]",-2.64274E-7,-2.62717E-7,348844,collisions2024/v34,/cdaq/physics/Run2024/2e34/v1.0.1/HLT/V1,Run2024A,1
378766,9450,1097,2024-04-01 15:16:29,2024-04-01 15:34:46,"[L1SCOUT]",-4.08689E-7,-4.04921E-7,531531,circulating2024/v25,/cdaq/circulating/2024/v1.1.0/HLT/V5,Run2024A,11
378767,9450,448,2024-04-01 15:38:16,2024-04-01 15:45:45,"[L1SCOUT]",-1.60968E-7,-1.55382E-7,201589,circulating2024/v25,/cdaq/circulating/2024/v1.1.0/HLT/V5,Run2024A,11
378768,9450,179,2024-04-01 15:48:57,2024-04-01 15:51:56,"[L1SCOUT]",-1.6092E-8,-2.0568E-8,32161,circulating2024/v25,/cdaq/circulating/2024/v1.1.0/HLT/V5,Run2024A,11
378771,9450,2782,2024-04-01 16:13:25,2024-04-01 16:59:47,"[L1SCOUT]",-1.016329E-6,-9.97044E-7,22205847,collisions2024/v34,/cdaq/physics/Run2024/2e34/v1.0.1/HLT/V1,Run2024A,2
378772,9450,43,2024-04-01 17:03:07,2024-04-01 17:03:50,"[L1SCOUT]",-1.89E-9,-1.23E-10,51304,collisions2024/v35,/cdaq/physics/Run2024/2e34/v1.0.1/HLT/V1,Run2024A,2
378773,9450,15173,2024-04-01 17:05:23,2024-04-01 21:18:16,"[L1SCOUT]",-3.353867E-6,-3.284261E-6,327731639,collisions2024/v35,/cdaq/physics/Run2024/2e34/v1.0.1/HLT/V1,Run2024A,0
378774,9450,2708,2024-04-01 21:22:24,2024-04-01 22:07:32,"[L1SCOUT]",-9.29387E-7,-8.74075E-7,286284710,cosmics2024/v56,/cdaq/cosmic/commissioning2024/v1.1.0/HLT/V4,Run2024A,4
378775,9451,3817,2024-04-01 22:12:28,2024-04-01 23:16:05,"[L1SCOUT]",-1.395726E-6,-1.367821E-6,1872931,circulating2024/v26,/cdaq/circulating/2024/v1.1.0/HLT/V5,Run2024A,11
378776,9451,116,2024-04-01 23:20:21,2024-04-01 23:22:17,"[L1SCOUT]",-2.4867E-8,-2.3947E-8,37172,collisions2024/v35,/cdaq/physics/Run2024/2e34/v1.0.1/HLT/V1,Run2024A,2
378777,9451,6223,2024-04-01 23:23:46,2024-04-02 01:07:29,"[L1SCOUT]",-2.271248E-6,-2.228848E-6,3033166,collisions2024/v35,/cdaq/physics/Run2024/2e34/v1.0.1/HLT/V1,Run2024A,2
378778,9451,2119,2024-04-02 01:11:42,2024-04-02 01:47:01,"[L1SCOUT]",-7.36439E-7,-6.97742E-7,230214819,cosmics2024/v56,/cdaq/cosmic/commissioning2024/v1.1.0/HLT/V4,Run2024A,4
378779,9452,51,2024-04-02 01:50:08,2024-04-02 01:50:59,"[L1SCOUT]",,,,circulating2024/v26,,Run2024A,
378780,9452,14042,2024-04-02 01:55:02,2024-04-02 05:49:04,"[L1SCOUT]",-5.134614E-6,-5.061943E-6,6940643,circulating2024/v26,/cdaq/circulating/2024/v1.1.0/HLT/V5,Run2024A,11
378781,9453,6892,2024-04-02 05:53:56,2024-04-02 07:48:48,"[L1SCOUT]",-2.420848E-6,-2.293797E-6,737240177,cosmics2024/v56,/cdaq/cosmic/commissioning2024/v1.1.0/HLT/V4,Run2024A,4
378782,9453,705,2024-04-02 07:53:15,2024-04-02 08:04:59,"[L1SCOUT]",-2.59137E-7,-2.47926E-7,713090,circulating2024/v26,/cdaq/circulating/2024/v1.1.0/HLT/V5,Run2024A,11
378783,9453,2612,2024-04-02 08:11:27,2024-04-02 08:54:59,"[CSC, L1SCOUT]",-9.63709E-7,-9.47561E-7,1290722,circulating2024/v26,/cdaq/circulating/2024/v1.1.0/HLT/V5,Run2024A,11
378784,9453,179,2024-04-02 08:59:32,2024-04-02 09:02:31,"[CSC, HCAL, L1SCOUT]",-1.985E-9,0.0,80891,circulating2024/v26,/cdaq/circulating/2024/v1.1.0/HLT/V5,Run2024A,11
378786,9453,90,2024-04-02 09:06:12,2024-04-02 09:07:42,"[CSC, DT, HCAL, L1SCOUT]",,,,circulating2024/v26,,Run2024A,
378788,9453,464,2024-04-02 09:09:27,2024-04-02 09:17:11,"[CSC, DT, HCAL, L1SCOUT]",-3.822E-8,-2.881E-9,219332,circulating2024/v26,/cdaq/circulating/2024/v1.1.0/HLT/V5,Run2024A,11
378794,9453,426,2024-04-02 10:18:22,2024-04-02 10:25:29,"[HCAL, L1SCOUT]",-1.0254E-8,-5.104E-9,207759,circulating2024/v26,/cdaq/circulating/2024/v1.1.0/HLT/V5,Run2024A,11
378795,9453,9229,2024-04-02 10:29:54,2024-04-02 13:03:44,"[L1SCOUT]",-3.353757E-6,-3.307574E-6,4562759,circulating2024/v26,/cdaq/circulating/2024/v1.1.0/HLT/V5,Run2024A,11
378797,9453,5718,2024-04-02 13:08:44,2024-04-02 14:44:02,"[CTPPS_TOT, L1SCOUT]",-2.093915E-6,-2.062218E-6,2846625,circulating2024/v26,/cdaq/circulating/2024/v1.1.0/HLT/V5,Run2024A,11
378800,9454,55,2024-04-02 14:49:02,2024-04-02 14:49:57,"[CTPPS_TOT, L1SCOUT]",-3.44E-9,-2.1E-11,33576,circulating2024/v27,/cdaq/circulating/2024/v1.1.0/HLT/V5,Run2024A,3
378801,9454,568,2024-04-02 14:54:49,2024-04-02 15:04:17,"[L1SCOUT]",-2.11273E-7,-2.02538E-7,11057670,circulating2024/v27,/cdaq/circulating/2024/v1.1.0/HLT/V5,Run2024A,3
378802,9454,6907,2024-04-02 15:09:29,2024-04-02 17:04:36,"[GEM, L1SCOUT]",-7.7719E-8,-7.674E-8,3424456,circulating2024/v27,/cdaq/circulating/2024/v1.1.0/HLT/V5,Run2024A,11
378803,9454,716,2024-04-02 17:09:47,2024-04-02 17:21:43,"[GEM, L1SCOUT, RPC]",0.0,0.0,354187,circulating2024/v27,/cdaq/circulating/2024/v1.1.0/HLT/V5,Run2024A,11
378805,9454,5011,2024-04-02 17:39:31,2024-04-02 19:03:02,"[ECAL, ES, L1SCOUT, RPC]",0.0,0.0,2520440,circulating2024/v27,/cdaq/circulating/2024/v1.1.0/HLT/V5,Run2024A,11
378806,9454,5920,2024-04-02 19:08:21,2024-04-02 20:47:01,"[ECAL, L1SCOUT, RPC]",-2.92E-10,0.0,2989704,circulating2024/v27,/cdaq/circulating/2024/v1.1.0/HLT/V5,Run2024A,11
378819,9459,268,2024-04-03 10:33:36,2024-04-03 10:38:04,"[CSC, CTPPS, CTPPS_TOT, ECAL, ES, GEM, HCAL, PIXEL, RPC, TRACKER]",-7.29E-10,-8.86E-10,200433,cosmics_fullphi/v2,/cdaq/cosmic/commissioning2024/v1.1.0/HLT/V4,Run2024A,4
378822,9459,363,2024-04-03 15:02:00,2024-04-03 15:08:03,"[CSC, CTPPS, CTPPS_TOT, DT, ECAL, ES, GEM, HCAL, L1SCOUT, PIXEL, RPC, TRACKER]",-1.793E-9,-6.4E-11,1895076,pps_romanpotalignment/v3,/cdaq/special/2024/PPS/v1.1.0/HLT/V3,Run2024A,2
378829,9459,1176,2024-04-03 15:34:55,2024-04-03 15:54:31,"[CSC, CTPPS, CTPPS_TOT, ECAL, ES, HCAL, L1SCOUT, PIXEL, RPC, TRACKER]",-1.671E-9,-1.379E-9,577441,cosmics2024/v57,/cdaq/cosmic/commissioning2024/v1.1.0/HLT/V4,Run2024A,4
378833,9460,1723,2024-04-03 15:58:07,2024-04-03 16:26:50,"[CSC, HCAL, L1SCOUT, PIXEL, RPC, TRACKER]",-4.954E-9,-4.665E-9,24673089,cosmics2024/v57,/cdaq/cosmic/commissioning2024/v1.1.0/HLT/V4,Run2024A,4
378836,9461,731,2024-04-03 16:29:24,2024-04-03 16:41:35,"[CSC, L1SCOUT, PIXEL, RPC, TRACKER]",-3.5601E-8,-3.3364E-8,70225876,cosmics2024/v57,/cdaq/cosmic/commissioning2024/v1.1.0/HLT/V4,Run2024A,4
378837,9461,719,2024-04-03 16:43:34,2024-04-03 16:55:33,"[CSC, ECAL, ES, L1SCOUT, PIXEL, RPC, TRACKER]",-3.3655E-8,-3.092E-8,77326340,cosmics2024/v57,/cdaq/cosmic/commissioning2024/v1.1.0/HLT/V4,Run2024A,4
378840,9461,1057,2024-04-03 16:58:39,2024-04-03 17:16:16,"[CSC, ECAL, ES, L1SCOUT, PIXEL, TRACKER]",-5.3259E-8,-4.9164E-8,119566278,cosmics2024/v57,/cdaq/cosmic/commissioning2024/v1.1.0/HLT/V4,Run2024A,4
378844,9461,67,2024-04-03 17:23:12,2024-04-03 17:24:19,"[CSC, L1SCOUT, PIXEL, TRACKER]",-5.061E-9,-3.066E-9,1551235,cosmics2024/v57,/cdaq/cosmic/commissioning2024/v1.1.0/HLT/V4,Run2024A,4
378845,9461,900,2024-04-03 17:29:50,2024-04-03 17:44:50,"[CSC, L1SCOUT, PIXEL, TRACKER]",-4.3264E-8,-3.8623E-8,100970954,cosmics2024/v57,/cdaq/cosmic/commissioning2024/v1.1.0/HLT/V4,Run2024A,4
378850,9461,3459,2024-04-03 17:59:18,2024-04-03 18:56:57,"[CSC, L1SCOUT, PIXEL, RPC, TRACKER]",-1.62573E-7,-1.6064E-7,1739855,circulating2024/v27,/cdaq/circulating/2024/v1.1.0/HLT/V5,Run2024A,11
378851,9461,865,2024-04-03 18:59:22,2024-04-03 19:13:47,"[CSC, L1SCOUT, PIXEL, RPC, TRACKER]",-1.3384E-8,-2.8209E-8,444427,circulating2024/v27,/cdaq/circulating/2024/v1.1.0/HLT/V5,Run2024A,9
378856,9461,3460,2024-04-03 19:28:22,2024-04-03 20:26:02,"[CSC, L1SCOUT, PIXEL, RPC, TRACKER]",0.009814903222,0.008738310249,63155776,pps_romanpotalignment/v3,/cdaq/special/2024/PPS/v1.1.0/HLT/V3,Run2024A,2
378857,9461,901,2024-04-03 20:31:31,2024-04-03 20:46:32,"[CSC, L1SCOUT, PIXEL, RPC, TRACKER]",0.003269999454,0.002691010967,22999397,pps_romanpotalignment/v3,/cdaq/special/2024/PPS/v1.1.0/HLT/V3,Run2024A,3
378858,9461,174,2024-04-03 20:49:41,2024-04-03 20:52:35,"[CSC, DT, ECAL, ES, GEM, HCAL, L1SCOUT, PIXEL, RPC, TRACKER]",7.13703319E-4,9.51953E-7,7507,pps_romanpotalignment/v3,/cdaq/special/2024/PPS/v1.1.0/HLT/V3,Run2024A,2
378859,9461,234,2024-04-03 20:53:39,2024-04-03 20:57:33,"[CSC, DT, ECAL, ES, GEM, HCAL, L1SCOUT, PIXEL, RPC, TRACKER]",0.001724985551,3.7106319E-5,6169,pps_romanpotalignment/v3,/cdaq/special/2024/PPS/v1.1.0/HLT/V3,Run2024A,3
378860,9461,691,2024-04-03 21:13:32,2024-04-03 21:25:04,"[CSC, DT, ECAL, ES, GEM, HCAL, L1SCOUT, PIXEL, RPC, TRACKER]",0.002339146905,0.002010507292,19215849,pps_romanpotalignment/v3,/cdaq/special/2024/PPS/v1.1.0/HLT/V3,Run2024A,3
378861,9461,2716,2024-04-03 21:26:43,2024-04-03 22:11:59,"[CSC, DT, ECAL, ES, GEM, HCAL, L1SCOUT, PIXEL, RPC, TRACKER]",0.008282636382,0.007831084401,117742899,pps_romanpotalignment/v4,/cdaq/special/2024/PPS/v1.1.0/HLT/V4,Run2024A,3
378862,9461,218,2024-04-03 22:13:57,2024-04-03 22:17:35,"[CSC, DT, ECAL, ES, GEM, HCAL, L1SCOUT, PIXEL, RPC, TRACKER]",8.64382527E-4,6.20486731E-4,9066461,pps_romanpotalignment/v4,/cdaq/special/2024/PPS/v1.1.0/HLT/V4,Run2024A,2
378863,9461,514,2024-04-03 22:18:58,2024-04-03 22:27:32,"[CSC, DT, ECAL, ES, GEM, HCAL, L1SCOUT, PIXEL, RPC, TRACKER]",0.001730714749,0.001455764376,14174141,pps_romanpotalignment/v4,/cdaq/special/2024/PPS/v1.1.0/HLT/V4,Run2024A,3
378864,9461,542,2024-04-03 22:29:04,2024-04-03 22:38:06,"[CSC, DT, ECAL, ES, GEM, HCAL, L1SCOUT, PIXEL, RPC, TRACKER]",0.001914803476,0.001513604905,15861479,pps_romanpotalignment/v4,/cdaq/special/2024/PPS/v1.1.0/HLT/V4,Run2024A,3
378865,9461,542,2024-04-03 22:40:16,2024-04-03 22:49:18,"[CSC, DT, ECAL, ES, GEM, HCAL, L1SCOUT, PIXEL, RPC, TRACKER]",0.001902969693,0.001525824917,15861099,pps_romanpotalignment/v4,/cdaq/special/2024/PPS/v1.1.0/HLT/V4,Run2024A,3
378866,9461,666,2024-04-03 22:51:27,2024-04-03 23:02:33,"[CSC, DT, ECAL, ES, GEM, HCAL, L1SCOUT, PIXEL, RPC, TRACKER]",0.002214388251,0.001861473275,19299160,pps_romanpotalignment/v4,/cdaq/special/2024/PPS/v1.1.0/HLT/V4,Run2024A,3
378867,9461,1665,2024-04-03 23:04:32,2024-04-03 23:32:17,"[CSC, DT, ECAL, ES, GEM, HCAL, L1SCOUT, PIXEL, RPC, TRACKER]",0.004788197172,0.004591902645,69506724,pps_romanpotalignment/v4,/cdaq/special/2024/PPS/v1.1.0/HLT/V4,Run2024A,2
378868,9461,1491,2024-04-03 23:33:11,2024-04-03 23:58:02,"[CSC, DT, ECAL, ES, GEM, HCAL, L1SCOUT, PIXEL, RPC, TRACKER]",0.014414546975,0.004017507923,54573818,pps_romanpotalignment/v4,/cdaq/special/2024/PPS/v1.1.0/HLT/V4,Run2024A,2
378869,9461,7504,2024-04-04 00:38:01,2024-04-04 02:43:05,"[CSC, DT, ECAL, ES, GEM, HCAL, L1SCOUT, PIXEL, RPC, TRACKER]",0.046497255073,0.035884232097,312279383,pps_romanpotalignment/v4,/cdaq/special/2024/PPS/v1.1.0/HLT/V4,Run2024A,2
378870,9461,7443,2024-04-04 03:08:45,2024-04-04 05:12:48,"[CSC, DT, ECAL, ES, GEM, HCAL, L1SCOUT, PIXEL, RPC, TRACKER]",0.058812733757,0.055140494247,312295102,pps_romanpotalignment/v4,/cdaq/special/2024/PPS/v1.1.0/HLT/V4,Run2024A,2
378871,9461,562,2024-04-04 05:20:25,2024-04-04 05:29:47,"[L1SCOUT]",0.005043288213,0.003948971867,24564885,collisions2024/v36,/cdaq/physics/Run2024/2e34/v1.0.1/HLT/V1,Run2024A,2
378872,9461,124,2024-04-04 05:32:15,2024-04-04 05:34:19,"[L1SCOUT]",0.002030224376,8.35025007E-4,5128249,collisions2024/v36,/cdaq/physics/Run2024/2e34/v1.0.1/HLT/V1,Run2024A,2
378873,9461,46,2024-04-04 05:37:01,2024-04-04 05:37:47,"[L1SCOUT]",9.83109268E-4,9.0272102E-5,574715,collisions2024/v36,/cdaq/physics/Run2024/2e34/v1.0.1/HLT/V1,Run2024A,2
378874,9461,34,2024-04-04 05:39:19,2024-04-04 05:39:54,"[L1SCOUT]",0.001545024355,7.8903999E-5,493287,collisions2024/v36,/cdaq/physics/Run2024/2e34/v1.0.1/HLT/V1,Run2024A,2
378875,9461,3456,2024-04-04 05:42:58,2024-04-04 06:40:34,"[L1SCOUT]",0.023136844588,0.022897184066,148832246,collisions2024/v36,/cdaq/physics/Run2024/2e34/v1.0.1/HLT/V1,Run2024A,2
378876,9462,40,2024-04-04 06:46:02,2024-04-04 06:46:42,"[L1SCOUT]",-7.31E-10,-5.21E-10,1740647,cosmics2024/v57,/cdaq/cosmic/commissioning2024/v1.1.0/HLT/V4,Run2024A,4
378877,9462,597,2024-04-04 06:48:22,2024-04-04 06:58:20,"[L1SCOUT]",-3.0795E-8,-2.8841E-8,66282607,cosmics2024/v57,/cdaq/cosmic/commissioning2024/v1.1.0/HLT/V4,Run2024A,4
378878,9462,1919,2024-04-04 07:02:15,2024-04-04 07:34:14,"[CSC, L1SCOUT]",-9.5039E-8,-8.8949E-8,216265832,cosmics2024/v57,/cdaq/cosmic/commissioning2024/v1.1.0/HLT/V4,Run2024A,4
378882,9462,650,2024-04-04 07:41:56,2024-04-04 07:52:46,"[CSC, L1SCOUT]",-2.8518E-8,-3.2298E-8,321934,circulating2024/v27,/cdaq/circulating/2024/v1.1.0/HLT/V5,Run2024A,11
378904,9465,1021,2024-04-04 12:18:01,2024-04-04 12:35:03,"[CSC, GEM, L1SCOUT, RPC]",0.0,0.0,108388930,cosmics2024/v59,/cdaq/cosmic/commissioning2024/v1.1.0/HLT/V4,Run2024A,4
378906,9465,2350,2024-04-04 12:39:18,2024-04-04 13:18:28,"[CSC, GEM, L1SCOUT, RPC]",2.123E-9,2.123E-9,1154491,circulating2024/v30,/cdaq/circulating/2024/v1.1.0/HLT/V5,Run2024A,11
378908,9465,391,2024-04-04 13:21:03,2024-04-04 13:27:34,"[CSC, GEM, RPC]",1.478E-9,1.478E-9,180414,circulating2024/v30,/cdaq/circulating/2024/v1.1.0/HLT/V5,Run2024A,11
378909,9465,1502,2024-04-04 13:29:46,2024-04-04 13:54:48,"[CSC, GEM, RPC]",1.415E-9,1.415E-9,704610,circulating2024/v30,/cdaq/circulating/2024/v1.1.0/HLT/V5,Run2024A,11
378910,9465,2070,2024-04-04 13:59:31,2024-04-04 14:34:00,"[GEM, RPC]",0.0,0.0,1066588,circulating2024/v30,/cdaq/circulating/2024/v1.1.0/HLT/V5,Run2024A,11
378911,9465,97,2024-04-04 14:35:06,2024-04-04 14:36:43,"[GEM, RPC]",,,,circulating2024/v31,/cdaq/circulating/2024/v1.1.1/HLT/V1,Run2024A,
378912,9465,384,2024-04-04 14:37:08,2024-04-04 14:43:32,"[GEM, RPC]",,,,circulating2024/v31,/cdaq/circulating/2024/v1.1.1/HLT/V1,Run2024A,
378913,9465,91,2024-04-04 14:44:00,2024-04-04 14:45:31,"[GEM, RPC]",,,,circulating2024/v31,/cdaq/circulating/2024/v1.1.1/HLT/V1,Run2024A,
378915,9465,692,2024-04-04 14:48:31,2024-04-04 15:00:03,"[GEM, RPC]",,,,circulating2024/v31,/cdaq/circulating/2024/v1.1.1/HLT/V1,Run2024A,
378916,9465,379,2024-04-04 15:15:09,2024-04-04 15:21:28,"[GEM, RPC]",1.821E-9,3.17E-10,194053,circulating2024/v32,/cdaq/circulating/2024/v1.1.1/HLT/V1,Run2024A,11
378917,9465,6,2024-04-04 15:26:12,2024-04-04 15:26:18,"[GEM, RPC]",2.237E-9,2.044E-9,,collisions2024/v40,/cdaq/physics/Run2024/2e34/v1.0.2/HLT/V1,Run2024A,
