run_number,fill_number,duration,start_time,end_time,components_out,delivered_lumi,recorded_lumi,l1_triggers_counter,l1_hlt_mode_stripped,hlt_key,era,initial_prescale_index
362920,8497,123,2023-01-12 10:54:47,2023-01-12 10:56:50,"[CSC, CTPPS, CTPPS_TOT, DT, ECAL, ES, GEM, HCAL, L1SCOUT, PIXEL, RPC, TRACKER, TRG]",,,18765,,/cdaq/cosmic/commissioning2022/CRAFT/v4.4/HLT/V2,Run2022G,
362921,8497,1413,2023-01-12 10:56:55,2023-01-12 11:20:28,"[CSC, CTPPS, CTPPS_TOT, DT, ECAL, ES, GEM, HCAL, L1SCOUT, PIXEL, RPC, TRACKER, TRG]",0.0,0.0,51309059,,/cdaq/cosmic/commissioning2022/CRAFT/v4.4/HLT/V2,Run2022G,
362923,8497,154,2023-01-12 12:27:13,2023-01-12 12:29:47,"[CSC, CTPPS, CTPPS_TOT, DT, ECAL, ES, GEM, HCAL, L1SCOUT, PIXEL, RPC, TRACKER, TRG]",0.0,0.0,12288944,,/cdaq/cosmic/commissioning2022/CRAFT/v4.4/HLT/V2,Run2022G,
362924,8497,29,2023-01-12 12:49:18,2023-01-12 12:49:47,"[CSC, CTPPS, CTPPS_TOT, DT, ECAL, ES, GEM, HCAL, L1SCOUT, PIXEL, RPC, TRACKER, TRG]",0.0,0.0,2256067,,/cdaq/cosmic/commissioning2022/CRAFT/v4.4/HLT/V2,Run2022G,
362925,8497,417,2023-01-12 13:05:31,2023-01-12 13:12:27,"[CSC, CTPPS, CTPPS_TOT, DT, ECAL, ES, GEM, HCAL, L1SCOUT, PIXEL, RPC, TRACKER, TRG]",0.0,0.0,39718489,,/cdaq/cosmic/commissioning2022/CRAFT/v4.4/HLT/V2,Run2022G,
362926,8497,642,2023-01-12 13:12:37,2023-01-12 13:23:19,"[CSC, CTPPS, CTPPS_TOT, DT, ECAL, ES, GEM, HCAL, L1SCOUT, PIXEL, RPC, TRACKER, TRG]",0.0,0.0,78041493,,/cdaq/cosmic/commissioning2022/CRAFT/v4.4/HLT/V2,Run2022G,
362975,8497,587,2023-01-18 10:04:47,2023-01-18 10:14:34,"[CSC, CTPPS, CTPPS_TOT, DT, ES, GEM, HCAL, L1SCOUT, PIXEL, RPC, TRACKER, TRG]",0.0,0.0,277431,,/cdaq/cosmic/commissioning2022/CRAFT/v4.4/HLT/V2,Run2022G,
362977,8497,3453,2023-01-18 10:23:41,2023-01-18 11:21:14,"[CSC, CTPPS, CTPPS_TOT, DT, ES, GEM, HCAL, L1SCOUT, PIXEL, RPC, TRACKER, TRG]",0.0,0.0,1695919,,/cdaq/cosmic/commissioning2022/CRAFT/v4.4/HLT/V2,Run2022G,
362978,8497,255,2023-01-18 11:22:33,2023-01-18 11:26:48,"[CSC, CTPPS, CTPPS_TOT, DT, ES, GEM, HCAL, L1SCOUT, PIXEL, RPC, TRACKER, TRG]",0.0,0.0,115533,,/cdaq/cosmic/commissioning2022/CRAFT/v4.4/HLT/V2,Run2022G,
362979,8497,3276,2023-01-18 11:27:09,2023-01-18 12:21:44,"[CSC, CTPPS, CTPPS_TOT, DT, ES, GEM, HCAL, L1SCOUT, PIXEL, RPC, TRACKER, TRG]",0.0,0.0,1618827,,/cdaq/cosmic/commissioning2022/CRAFT/v4.4/HLT/V2,Run2022G,
362980,8497,1979,2023-01-18 12:23:01,2023-01-18 12:56:00,"[CSC, CTPPS, CTPPS_TOT, DT, ES, GEM, HCAL, L1SCOUT, PIXEL, RPC, TRACKER, TRG]",0.0,0.0,971038,,/cdaq/cosmic/commissioning2022/CRAFT/v4.4/HLT/V2,Run2022G,
363001,8497,80,2023-01-19 11:50:26,2023-01-19 11:51:46,"[CSC, CTPPS, CTPPS_TOT, DT, ECAL, ES, GEM, HCAL, L1SCOUT, PIXEL, RPC, TRACKER, TRG]",0.0,0.0,34476,,/cdaq/cosmic/commissioning2022/CRAFT/v4.4/HLT/V2,Run2022G,
363003,8497,140,2023-01-19 12:24:13,2023-01-19 12:26:33,"[CSC, CTPPS, CTPPS_TOT, DT, ECAL, ES, GEM, HCAL, L1SCOUT, PIXEL, RPC, TRACKER, TRG]",0.0,0.0,57888,,/cdaq/cosmic/commissioning2022/CRAFT/v4.4/HLT/V2,Run2022G,
363287,8497,456,2023-02-07 16:43:19,2023-02-07 16:50:55,"[CSC, CTPPS, CTPPS_TOT, DT, ECAL, ES, GEM, HCAL, L1SCOUT, PIXEL, RPC, TRACKER, TRG]",0.0,0.0,219716,,/cdaq/cosmic/commissioning2022/CRAFT/v4.4/HLT/V2,P5_T0_TEST23,
363360,8497,328,2023-02-08 09:11:51,2023-02-08 09:17:19,"[CSC, CTPPS, CTPPS_TOT, DT, ECAL, ES, GEM, HCAL, L1SCOUT, PIXEL, RPC, TRACKER, TRG]",0.0,0.0,150076,cosmics2023/v1,/cdaq/cosmic/commissioning2023/MWGR/v1.0/HLT/V3,P5_T0_TEST23,
363375,8497,1189,2023-02-08 10:40:45,2023-02-08 11:00:34,"[CSC, CTPPS, CTPPS_TOT, DT, ECAL, GEM, HCAL, L1SCOUT, PIXEL, RPC, TRACKER]",,,,cosmics2023/v1,,P5_T0_TEST23,
363378,8497,206,2023-02-08 11:01:51,2023-02-08 11:05:17,"[CSC, CTPPS, CTPPS_TOT, DT, ECAL, GEM, HCAL, L1SCOUT, PIXEL, RPC, TRACKER]",0.0,0.0,104,cosmics2023/v1,/cdaq/cosmic/commissioning2023/MWGR/v1.0/HLT/V3,P5_T0_TEST23,2
363379,8497,149,2023-02-08 11:24:18,2023-02-08 11:26:47,"[CTPPS, CTPPS_TOT, DT, GEM, HCAL, L1SCOUT, PIXEL, RPC, TRACKER]",0.0,0.0,61579,cosmics2023/v1,/cdaq/cosmic/commissioning2023/MWGR/v1.0/HLT/V3,P5_T0_TEST23,2
363380,8497,1418,2023-02-08 11:27:25,2023-02-08 11:51:03,"[CTPPS, CTPPS_TOT, DT, GEM, HCAL, L1SCOUT, PIXEL, RPC, TRACKER]",0.0,0.0,739557,cosmics2023/v1,/cdaq/cosmic/commissioning2023/MWGR/v1.0/HLT/V3,Commissioning2023,2
363382,8497,118,2023-02-08 11:54:04,2023-02-08 11:56:02,"[CTPPS, CTPPS_TOT, DT, GEM, HCAL, L1SCOUT, PIXEL, RPC, TRACKER]",0.0,0.0,49318,cosmics2023/v2,/cdaq/cosmic/commissioning2023/MWGR/v1.0/HLT/V3,Commissioning2023,2
363383,8497,300,2023-02-08 11:59:59,2023-02-08 12:05:00,"[CTPPS, CTPPS_TOT, GEM, HCAL, L1SCOUT, PIXEL, RPC, TRACKER]",0.0,0.0,15220016,cosmics2023/v2,/cdaq/cosmic/commissioning2023/MWGR/v1.0/HLT/V3,Commissioning2023,2
363384,8497,72,2023-02-08 12:07:29,2023-02-08 12:08:41,"[CTPPS, CTPPS_TOT, DT, GEM, HCAL, L1SCOUT, PIXEL, RPC, TRACKER]",,,,cosmics2023/v2,,Commissioning2023,
363386,8497,767,2023-02-08 12:10:18,2023-02-08 12:23:05,"[CTPPS, CTPPS_TOT, DT, GEM, HCAL, L1SCOUT, PIXEL, RPC, TRACKER]",0.0,0.0,382002,cosmics2023/v2,/cdaq/cosmic/commissioning2023/MWGR/v1.0/HLT/V3,Commissioning2023,2
363387,8497,481,2023-02-08 12:24:43,2023-02-08 12:32:44,"[CTPPS, CTPPS_TOT, DT, GEM, HCAL, L1SCOUT, PIXEL, RPC, TRACKER]",0.0,0.0,250242,cosmics2023/v2,/cdaq/cosmic/commissioning2023/MWGR/v1.0/HLT/V3,Commissioning2023,2
363389,8497,270,2023-02-08 12:35:03,2023-02-08 12:39:33,"[CTPPS, CTPPS_TOT, GEM, HCAL, L1SCOUT, PIXEL, RPC, TRACKER]",0.0,0.0,26253257,cosmics2023/v2,/cdaq/cosmic/commissioning2023/MWGR/v1.0/HLT/V3,Commissioning2023,2
363390,8497,589,2023-02-08 12:42:29,2023-02-08 12:52:19,"[CTPPS, CTPPS_TOT, GEM, HCAL, L1SCOUT, PIXEL, RPC, TRACKER]",0.0,0.0,27603192,cosmics2023/v2,/cdaq/cosmic/commissioning2023/MWGR/v1.0/HLT/V3,Commissioning2023,2
363391,8497,74,2023-02-08 12:55:01,2023-02-08 12:56:15,"[CTPPS, CTPPS_TOT, GEM, HCAL, L1SCOUT, PIXEL, RPC, TRACKER]",0.0,0.0,28672,cosmics2023/v2,/cdaq/cosmic/commissioning2023/MWGR/v1.0/HLT/V3,Commissioning2023,2
363392,8497,332,2023-02-08 12:58:02,2023-02-08 13:03:34,"[CTPPS, CTPPS_TOT, GEM, HCAL, PIXEL, RPC, TRACKER]",0.0,0.0,189242,cosmics2023/v2,/cdaq/cosmic/commissioning2023/MWGR/v1.0/HLT/V3,Commissioning2023,2
363393,8497,606,2023-02-08 13:06:28,2023-02-08 13:16:34,"[CTPPS, CTPPS_TOT, DT, GEM, HCAL, PIXEL, RPC, TRACKER]",0.0,0.0,314141,cosmics2023/v2,/cdaq/cosmic/commissioning2023/MWGR/v1.0/HLT/V3,Commissioning2023,2
363397,8497,1522,2023-02-08 13:17:41,2023-02-08 13:43:03,"[CTPPS, CTPPS_TOT, DT, GEM, HCAL, PIXEL, RPC, TRACKER]",0.0,0.0,792337,cosmics2023/v2,/cdaq/cosmic/commissioning2023/MWGR/v1.0/HLT/V3,Commissioning2023,2
363400,8497,2715,2023-02-08 13:51:59,2023-02-08 14:37:15,"[CTPPS, CTPPS_TOT, DT, GEM, HCAL, PIXEL, RPC, TRACKER]",0.0,0.0,1431189,cosmics2023/v2,/cdaq/cosmic/commissioning2023/MWGR/v1.0/HLT/V3,Commissioning2023,2
363412,8497,115,2023-02-08 14:53:06,2023-02-08 14:55:01,"[CTPPS, CTPPS_TOT, GEM, HCAL, PIXEL, RPC, TRACKER]",0.0,0.0,463005,cosmics2023/v2,/cdaq/cosmic/commissioning2023/MWGR/v1.0/HLT/V3,Commissioning2023,2
363413,8497,792,2023-02-08 14:58:33,2023-02-08 15:11:44,"[CTPPS, CTPPS_TOT, DT, GEM, PIXEL, RPC, TRACKER]",0.0,0.0,428907,cosmics2023/v2,/cdaq/cosmic/commissioning2023/MWGR/v1.0/HLT/V3,Commissioning2023,2
363417,8497,6303,2023-02-08 15:14:13,2023-02-08 16:59:16,"[CTPPS, CTPPS_TOT, DT, GEM, HCAL, PIXEL, RPC, TRACKER]",0.0,0.0,3315451,cosmics2023/v2,/cdaq/cosmic/commissioning2023/MWGR/v1.0/HLT/V3,Commissioning2023,2
363423,8497,1003,2023-02-08 17:06:18,2023-02-08 17:23:01,"[CSC, CTPPS, CTPPS_TOT, DT, GEM, HCAL, PIXEL, RPC, TRACKER]",0.0,0.0,486053,cosmics2023/v3,/cdaq/cosmic/commissioning2023/MWGR/v1.0/HLT/V3,Commissioning2023,2
363424,8497,3514,2023-02-08 17:25:10,2023-02-08 18:23:44,"[CSC, CTPPS, CTPPS_TOT, DT, HCAL, PIXEL, RPC, TRACKER]",0.0,0.0,1734255,cosmics2023/v3,/cdaq/cosmic/commissioning2023/MWGR/v1.0/HLT/V3,Commissioning2023,2
363427,8497,44456,2023-02-08 18:28:53,2023-02-09 06:49:50,"[CTPPS, CTPPS_TOT, PIXEL, RPC, TRACKER]",0.0,0.0,29772759,cosmics2023/v3,/cdaq/cosmic/commissioning2023/MWGR/v1.0/HLT/V3,Commissioning2023,2
363428,8497,5725,2023-02-09 06:55:39,2023-02-09 08:31:04,"[CSC, CTPPS, CTPPS_TOT, PIXEL, RPC, TRACKER]",0.0,0.0,3175806,cosmics2023/v3,/cdaq/cosmic/commissioning2023/MWGR/v1.0/HLT/V3,Commissioning2023,2
363431,8497,24,2023-02-09 08:32:58,2023-02-09 08:33:22,"[CSC, CTPPS, CTPPS_TOT, PIXEL, RPC, TRACKER]",,,,cosmics2023/v3,,Commissioning2023,
363432,8497,3192,2023-02-09 08:35:04,2023-02-09 09:28:16,"[CSC, CTPPS, CTPPS_TOT, PIXEL, RPC, TRACKER]",0.0,0.0,1898859,cosmics2023/v3,/cdaq/cosmic/commissioning2023/MWGR/v1.0/HLT/V3,Commissioning2023,2
363435,8497,5461,2023-02-09 09:31:42,2023-02-09 11:02:43,"[CSC, CTPPS, CTPPS_TOT, DT, HCAL, PIXEL, RPC, TRACKER]",0.0,0.0,2705678,cosmics2023/v3,/cdaq/cosmic/commissioning2023/MWGR/v1.0/HLT/V3,Commissioning2023,2
363443,8497,4057,2023-02-09 11:05:18,2023-02-09 12:12:55,"[CSC, CTPPS, CTPPS_TOT, DT, HCAL, PIXEL, RPC, TRACKER]",0.0,0.0,1988486,cosmics2023/v3,/cdaq/cosmic/commissioning2023/MWGR/v1.0/HLT/V3,Commissioning2023,2
363448,8497,1142,2023-02-09 12:16:29,2023-02-09 12:35:31,"[CSC, CTPPS, CTPPS_TOT, DT, HCAL, PIXEL, RPC, TRACKER]",0.0,0.0,31264649,cosmics2023/v4,/cdaq/cosmic/commissioning2023/MWGR/v1.0/HLT/V3,Commissioning2023,2
363449,8497,2428,2023-02-09 12:37:52,2023-02-09 13:18:19,"[CSC, CTPPS, CTPPS_TOT, HCAL, PIXEL, RPC, TRACKER]",0.0,0.0,1409491,cosmics2023/v4,/cdaq/cosmic/commissioning2023/MWGR/v1.0/HLT/V3,Commissioning2023,2
363451,8497,4930,2023-02-09 13:21:09,2023-02-09 14:43:19,"[CSC, CTPPS, CTPPS_TOT, DT, ECAL, HCAL, PIXEL, RPC, TRACKER]",0.0,0.0,2439509,cosmics2023/v4,/cdaq/cosmic/commissioning2023/MWGR/v1.0/HLT/V3,Commissioning2023,2
363460,8497,525,2023-02-09 14:58:04,2023-02-09 15:06:48,"[CSC, CTPPS, CTPPS_TOT, DT, ECAL, HCAL, PIXEL, RPC, TRACKER]",0.0,0.0,254251,cosmics2023/v4,/cdaq/cosmic/commissioning2023/MWGR/v1.0/HLT/V3,Commissioning2023,2
363461,8497,261,2023-02-09 15:10:10,2023-02-09 15:14:31,"[CSC, CTPPS, CTPPS_TOT, DT, ECAL, GEM, HCAL, PIXEL, RPC, TRACKER]",0.0,0.0,126480,cosmics2023/v4,/cdaq/cosmic/commissioning2023/MWGR/v1.0/HLT/V3,Commissioning2023,2
363468,8497,3272,2023-02-09 15:32:30,2023-02-09 16:27:01,"[CSC, CTPPS, CTPPS_TOT, DT, ECAL, HCAL, PIXEL, RPC, TRACKER]",0.0,0.0,1595017,cosmics2023/v4,/cdaq/cosmic/commissioning2023/MWGR/v1.0/HLT/V3,Commissioning2023,2
363471,8497,121,2023-02-09 16:28:04,2023-02-09 16:30:05,"[CSC, CTPPS, CTPPS_TOT, DT, ECAL, HCAL, PIXEL, RPC, TRACKER]",0.0,0.0,57674,cosmics2023/v4,/cdaq/cosmic/commissioning2023/MWGR/v1.0/HLT/V3,Commissioning2023,2
363472,8497,80,2023-02-09 16:32:26,2023-02-09 16:33:46,"[CSC, CTPPS, CTPPS_TOT, DT, ECAL, HCAL, PIXEL, RPC, TRACKER]",0.0,0.0,34502,cosmics2023/v4,/cdaq/cosmic/commissioning2023/MWGR/v1.0/HLT/V3,Commissioning2023,2
363474,8497,63,2023-02-09 16:36:31,2023-02-09 16:37:33,"[CSC, CTPPS, CTPPS_TOT, DT, ECAL, HCAL, PIXEL, RPC, TRACKER]",0.0,0.0,13893,cosmics2023/v4,/cdaq/cosmic/commissioning2023/MWGR/v1.0/HLT/V3,Commissioning2023,2
363475,8497,243,2023-02-09 16:39:00,2023-02-09 16:43:03,"[CSC, CTPPS, CTPPS_TOT, DT, ECAL, HCAL, PIXEL, RPC, TRACKER]",0.0,0.0,208072,cosmics2023/v4,/cdaq/cosmic/commissioning2023/MWGR/v1.0/HLT/V3,Commissioning2023,2
363477,8497,144,2023-02-09 16:46:23,2023-02-09 16:48:46,"[CSC, CTPPS, CTPPS_TOT, DT, ECAL, HCAL, PIXEL, RPC, TRACKER]",0.0,0.0,123722,cosmics2023/v4,/cdaq/cosmic/commissioning2023/MWGR/v1.0/HLT/V3,Commissioning2023,2
363478,8497,351,2023-02-09 16:54:28,2023-02-09 17:00:20,"[CSC, CTPPS, CTPPS_TOT, HCAL, PIXEL, RPC, TRACKER]",0.0,0.0,194418,cosmics2023/v4,/cdaq/cosmic/commissioning2023/MWGR/v1.0/HLT/V3,Commissioning2023,2
363479,8497,399,2023-02-09 17:04:22,2023-02-09 17:11:01,"[CSC, CTPPS, CTPPS_TOT, PIXEL, RPC, TRACKER]",0.0,0.0,14883959,cosmics2023/v4,/cdaq/cosmic/commissioning2023/MWGR/v1.0/HLT/V3,Commissioning2023,2
363481,8497,890,2023-02-09 17:15:18,2023-02-09 17:30:08,"[CSC, CTPPS, CTPPS_TOT, HCAL, PIXEL, RPC, TRACKER]",0.0,0.0,528471,cosmics2023/v4,/cdaq/cosmic/commissioning2023/MWGR/v1.0/HLT/V3,Commissioning2023,2
363482,8497,136,2023-02-09 17:33:09,2023-02-09 17:35:26,"[CSC, CTPPS, CTPPS_TOT, HCAL, PIXEL, RPC, TRACKER]",0.0,0.0,42899,cosmics2023/v4,/cdaq/cosmic/commissioning2023/MWGR/v1.0/HLT/V3,Commissioning2023,2
363483,8497,430,2023-02-09 17:36:58,2023-02-09 17:44:08,"[CSC, CTPPS, CTPPS_TOT, HCAL, PIXEL, RPC, TRACKER]",0.0,0.0,242816,cosmics2023/v4,/cdaq/cosmic/commissioning2023/MWGR/v1.0/HLT/V3,Commissioning2023,2
363485,8497,48,2023-02-09 17:45:40,2023-02-09 17:46:28,"[CSC, CTPPS, CTPPS_TOT, HCAL, PIXEL, RPC, TRACKER]",0.0,0.0,27637,cosmics2023/v4,/cdaq/cosmic/commissioning2023/MWGR/v1.0/HLT/V3,Commissioning2023,2
363487,8497,287,2023-02-09 17:52:43,2023-02-09 17:57:30,"[CSC, CTPPS, CTPPS_TOT, PIXEL, RPC, TRACKER]",0.0,0.0,15806882,cosmics2023/v4,/cdaq/cosmic/commissioning2023/MWGR/v1.0/HLT/V3,Commissioning2023,2
363488,8497,129,2023-02-09 18:00:22,2023-02-09 18:02:31,"[CTPPS, CTPPS_TOT, HCAL, PIXEL, RPC, TRACKER]",0.0,0.0,77617,cosmics2023/v4,/cdaq/cosmic/commissioning2023/MWGR/v1.0/HLT/V3,Commissioning2023,2
363502,8497,20,2023-02-09 18:28:38,2023-02-09 18:28:58,"[CTPPS, CTPPS_TOT, HCAL, PIXEL, RPC, TRACKER]",0.0,0.0,10453,cosmics2023/v4,/cdaq/cosmic/commissioning2023/MWGR/v1.0/HLT/V3,Commissioning2023,
363503,8497,40587,2023-02-09 18:31:38,2023-02-10 05:48:05,"[CTPPS, CTPPS_TOT, PIXEL, RPC, TRACKER]",0.0,0.0,27013873,cosmics2023/v4,/cdaq/cosmic/commissioning2023/MWGR/v1.0/HLT/V3,Commissioning2023,2
363505,8497,3259,2023-02-10 05:55:45,2023-02-10 06:50:03,"[CTPPS, CTPPS_TOT, PIXEL, RPC, TRACKER]",0.0,0.0,2155769,cosmics2023/v4,/cdaq/cosmic/commissioning2023/MWGR/v1.0/HLT/V3,Commissioning2023,2
363506,8497,8893,2023-02-10 06:52:43,2023-02-10 09:20:56,"[CSC, CTPPS, CTPPS_TOT, PIXEL, RPC, TRACKER]",0.0,0.0,5290117,cosmics2023/v4,/cdaq/cosmic/commissioning2023/MWGR/v1.0/HLT/V3,Commissioning2023,2
363507,8497,1025,2023-02-10 09:23:52,2023-02-10 09:40:57,"[CSC, CTPPS, CTPPS_TOT, PIXEL, RPC, TRACKER]",0.0,0.0,607542,cosmics2023/v5,/cdaq/cosmic/commissioning2023/MWGR/v1.0/HLT/V3,Commissioning2023,2
363510,8497,930,2023-02-10 10:02:32,2023-02-10 10:18:01,"[CSC, CTPPS, CTPPS_TOT, ECAL, ES, PIXEL, RPC, TRACKER]",0.0,0.0,541732,cosmics2023/v5,/cdaq/cosmic/commissioning2023/MWGR/v1.0/HLT/V3,Commissioning2023,2
363511,8497,2488,2023-02-10 10:20:18,2023-02-10 11:01:46,"[CSC, CTPPS, CTPPS_TOT, DT, ECAL, ES, PIXEL, RPC, TRACKER]",0.0,0.0,50532157,cosmics2023/v5,/cdaq/cosmic/commissioning2023/MWGR/v1.0/HLT/V3,Commissioning2023,2
363516,8497,220,2023-02-10 11:12:11,2023-02-10 11:15:50,"[CSC, CTPPS, CTPPS_TOT, ECAL, ES, GEM, PIXEL, RPC, TRACKER]",0.0,0.0,124845,testingl1t/v29,/cdaq/cosmic/commissioning2023/MWGR/v1.0/HLT/V3,Commissioning2023,2
363517,8497,182,2023-02-10 11:29:02,2023-02-10 11:32:03,"[CSC, CTPPS, CTPPS_TOT, ECAL, ES, GEM, PIXEL, RPC, TRACKER]",0.0,0.0,97222,cosmics2023/v5,/cdaq/cosmic/commissioning2023/MWGR/v1.0/HLT/V3,Commissioning2023,2
363520,8497,3713,2023-02-10 11:49:09,2023-02-10 12:51:02,"[CSC, CTPPS, CTPPS_TOT, GEM, PIXEL, RPC, TRACKER]",0.0,0.0,2208890,cosmics2023/v5,/cdaq/cosmic/commissioning2023/MWGR/v1.0/HLT/V3,Commissioning2023,2
363523,8497,6930,2023-02-10 12:54:02,2023-02-10 14:49:32,"[CSC, CTPPS, CTPPS_TOT, GEM, HCAL, PIXEL, RPC, TRACKER]",0.0,0.0,4123217,cosmics2023/v5,/cdaq/cosmic/commissioning2023/MWGR/v1.0/HLT/V3,Commissioning2023,2
363527,8497,5017,2023-02-10 14:55:12,2023-02-10 16:18:49,"[CSC, CTPPS, CTPPS_TOT, GEM, PIXEL, RPC, TRACKER]",0.0,0.0,2984660,cosmics2023/v5,/cdaq/cosmic/commissioning2023/MWGR/v1.0/HLT/V3,Commissioning2023,2
363529,8497,5765,2023-02-10 16:23:26,2023-02-10 17:59:31,"[CSC, CTPPS, CTPPS_TOT, PIXEL, RPC, TRACKER]",0.0,0.0,3427909,cosmics2023/v5,/cdaq/cosmic/commissioning2023/MWGR/v1.0/HLT/V3,Commissioning2023,2
363534,8497,45436,2023-02-10 18:04:13,2023-02-11 06:41:29,"[CTPPS, CTPPS_TOT, PIXEL, RPC, TRACKER]",0.0,0.0,30216649,cosmics2023/v5,/cdaq/cosmic/commissioning2023/MWGR/v1.0/HLT/V3,Commissioning2023,2
363604,8497,656,2023-02-16 10:59:54,2023-02-16 11:10:50,"[CSC, CTPPS, CTPPS_TOT, DT, ECAL, ES, GEM, L1SCOUT, PIXEL, RPC, TRACKER]",0.0,0.0,312454,cosmics2023/v5,/cdaq/cosmic/commissioning2023/MWGR/v1.0/HLT/V3,Commissioning2023,2
363606,8497,694,2023-02-16 11:26:41,2023-02-16 11:38:15,"[CSC, CTPPS, CTPPS_TOT, DT, ECAL, ES, GEM, L1SCOUT, PIXEL, RPC, TRACKER]",0.0,0.0,2009534,cosmics2023/v5,/cdaq/cosmic/commissioning2023/MWGR/v1.0/HLT/V3,Commissioning2023,2
363607,8497,97,2023-02-16 11:39:37,2023-02-16 11:41:14,"[CSC, CTPPS, CTPPS_TOT, DT, ECAL, ES, GEM, L1SCOUT, PIXEL, RPC, TRACKER]",0.0,0.0,34752,cosmics2023/v5,/cdaq/cosmic/commissioning2023/MWGR/v1.0/HLT/V3,Commissioning2023,2
363608,8497,1156,2023-02-16 11:44:15,2023-02-16 12:03:31,"[CSC, CTPPS, CTPPS_TOT, DT, ECAL, ES, GEM, L1SCOUT, PIXEL, RPC, TRACKER]",0.0,0.0,1937560,cosmics2023/v5,/cdaq/cosmic/commissioning2023/MWGR/v1.0/HLT/V3,Commissioning2023,2
363609,8497,103,2023-02-16 12:15:22,2023-02-16 12:17:05,"[CSC, CTPPS, CTPPS_TOT, DT, ECAL, ES, GEM, L1SCOUT, PIXEL, RPC, TRACKER]",0.0,0.0,283765,cosmics2023/v5,/cdaq/cosmic/commissioning2023/MWGR/v1.0/HLT/V3,Commissioning2023,2
363610,8497,508,2023-02-16 12:18:00,2023-02-16 12:26:28,"[CSC, CTPPS, CTPPS_TOT, DT, ECAL, ES, GEM, L1SCOUT, PIXEL, RPC, TRACKER]",0.0,0.0,1747060,cosmics2023/v5,/cdaq/cosmic/commissioning2023/MWGR/v1.0/HLT/V3,Commissioning2023,2
363685,8497,63,2023-02-22 08:13:54,2023-02-22 08:14:57,"[CSC, CTPPS, CTPPS_TOT, DT, ECAL, ES, GEM, HCAL, PIXEL, RPC, TRACKER, TRG]",0.0,0.0,22868,cosmics2023/v5,/cdaq/cosmic/commissioning2023/MWGR/v1.0/HLT/V3,Commissioning2023,
363686,8497,40,2023-02-22 08:23:13,2023-02-22 08:23:54,"[CSC, CTPPS, CTPPS_TOT, DT, ECAL, ES, GEM, HCAL, PIXEL, RPC, TRACKER, TRG]",0.0,0.0,11492,,/cdaq/physics/Run2018HI/v1.5.0/HLT/V17,Commissioning2023,
363687,8497,899,2023-02-22 08:32:03,2023-02-22 08:47:02,"[CSC, CTPPS, CTPPS_TOT, DT, ECAL, ES, GEM, HCAL, PIXEL, RPC, TRACKER, TRG]",0.0,0.0,424754,cosmics2023/v5,/cdaq/cosmic/commissioning2023/MWGR/v1.0/HLT/V3,Commissioning2023,
363693,8497,117,2023-02-22 09:21:37,2023-02-22 09:23:34,"[CSC, CTPPS, CTPPS_TOT, DT, GEM, HCAL, RPC]",0.0,0.0,85,cosmics2023/v5,/cdaq/cosmic/commissioning2023/MWGR/v1.0/HLT/V3,Commissioning2023,2
363695,8497,50,2023-02-22 09:24:53,2023-02-22 09:25:43,"[CSC, CTPPS, CTPPS_TOT, DT, GEM, HCAL, RPC]",0.0,0.0,0,cosmics2023/v5,/cdaq/cosmic/commissioning2023/MWGR/v1.0/HLT/V3,Commissioning2023,2
363696,8497,133,2023-02-22 09:28:30,2023-02-22 09:30:43,"[CSC, CTPPS, CTPPS_TOT, DT, GEM, HCAL, RPC]",0.0,0.0,3997,cosmics2023/v5,/cdaq/cosmic/commissioning2023/MWGR/v1.0/HLT/V3,Commissioning2023,2
363716,8497,70,2023-02-22 10:25:23,2023-02-22 10:26:33,"[CSC, CTPPS, CTPPS_TOT, DT, GEM, HCAL, PIXEL, RPC, TRACKER]",0.0,0.0,96,cosmics2023/v6,/cdaq/cosmic/commissioning2023/MWGR/v1.1/HLT/V1,Commissioning2023,2
363719,8497,382,2023-02-22 10:31:06,2023-02-22 10:37:28,"[CSC, CTPPS, CTPPS_TOT, DT, GEM, HCAL, PIXEL, RPC, TRACKER]",0.0,0.0,1255578,cosmics2023/v6,/cdaq/cosmic/commissioning2023/MWGR/v1.1/HLT/V1,Commissioning2023,2
363725,8497,54,2023-02-22 10:52:34,2023-02-22 10:53:28,"[CSC, CTPPS, CTPPS_TOT, DT, GEM, HCAL, PIXEL, RPC]",0.0,0.0,52,cosmics2023/v6,/cdaq/cosmic/commissioning2023/MWGR/v1.1/HLT/V1,Commissioning2023,2
363727,8497,429,2023-02-22 10:56:02,2023-02-22 11:03:11,"[CSC, CTPPS, CTPPS_TOT, DT, GEM, HCAL, PIXEL, RPC, TRACKER]",0.0,0.0,207917,cosmics2023/v6,/cdaq/cosmic/commissioning2023/MWGR/v1.1/HLT/V1,Commissioning2023,2
363730,8497,218,2023-02-22 11:12:39,2023-02-22 11:16:17,"[CSC, CTPPS, CTPPS_TOT, DT, GEM, HCAL, PIXEL, RPC, TRACKER]",0.0,0.0,104097,cosmics2023/v6,/cdaq/cosmic/commissioning2023/MWGR/v1.1/HLT/V1,Commissioning2023,2
363732,8497,725,2023-02-22 11:24:52,2023-02-22 11:36:56,"[CSC, CTPPS, CTPPS_TOT, DT, ECAL, ES, GEM, HCAL, PIXEL, RPC, TRACKER]",0.0,0.0,357000,cosmics2023/v6,/cdaq/cosmic/commissioning2023/MWGR/v1.1/HLT/V1,Commissioning2023,2
363735,8497,223,2023-02-22 11:38:21,2023-02-22 11:42:04,"[CSC, CTPPS, CTPPS_TOT, DT, ECAL, ES, GEM, HCAL, PIXEL, RPC, TRACKER]",0.0,0.0,104042,cosmics2023/v6,/cdaq/cosmic/commissioning2023/MWGR/v1.1/HLT/V1,Commissioning2023,2
363737,8497,562,2023-02-22 11:46:36,2023-02-22 11:55:58,"[CSC, CTPPS, CTPPS_TOT, DT, ECAL, ES, GEM, HCAL, PIXEL, RPC, TRACKER]",0.0,0.0,276540,cosmics2023/v6,/cdaq/cosmic/commissioning2023/MWGR/v1.1/HLT/V1,Commissioning2023,2
363742,8497,450,2023-02-22 12:01:30,2023-02-22 12:09:00,"[CSC, CTPPS, CTPPS_TOT, DT, ECAL, ES, GEM, HCAL, PIXEL, RPC, TRACKER]",0.0,0.0,219698,testingl1t/v30,/cdaq/cosmic/commissioning2023/MWGR/v1.0/HLT/V3,Commissioning2023,2
363745,8497,414,2023-02-22 12:12:55,2023-02-22 12:19:49,"[CSC, CTPPS, CTPPS_TOT, DT, ECAL, ES, GEM, HCAL, PIXEL, RPC, TRACKER]",0.0,0.0,196399,testingl1t/v30,/cdaq/cosmic/commissioning2023/MWGR/v1.0/HLT/V3,Commissioning2023,2
363749,8497,39,2023-02-22 12:31:14,2023-02-22 12:31:53,"[CSC, CTPPS, CTPPS_TOT, DT, ECAL, ES, GEM, HCAL, PIXEL, RPC, TRACKER]",,,,testingl1t/v30,,Commissioning2023,
363750,8497,338,2023-02-22 12:34:25,2023-02-22 12:40:03,"[CSC, CTPPS, CTPPS_TOT, DT, ECAL, ES, GEM, HCAL, PIXEL, RPC, TRACKER]",0.0,0.0,161668,cosmics2023/v6,/cdaq/cosmic/commissioning2023/MWGR/v1.1/HLT/V1,Commissioning2023,2
363751,8497,394,2023-02-22 12:44:29,2023-02-22 12:51:03,"[CSC, CTPPS, CTPPS_TOT, DT, ECAL, ES, GEM, HCAL, PIXEL, RPC]",0.0,0.0,2985956,cosmics2023/v6,/cdaq/cosmic/commissioning2023/MWGR/v1.1/HLT/V1,Commissioning2023,2
363753,8497,858,2023-02-22 12:55:58,2023-02-22 13:10:16,"[CSC, CTPPS, CTPPS_TOT, DT, GEM, HCAL, PIXEL, RPC]",0.0,0.0,416279,cosmics2023/v6,/cdaq/cosmic/commissioning2023/MWGR/v1.1/HLT/V1,Commissioning2023,2
363755,8497,2366,2023-02-22 13:13:50,2023-02-22 13:53:17,"[CSC, CTPPS, CTPPS_TOT, DT, GEM, HCAL, RPC]",0.0,0.0,1167643,cosmics2023/v6,/cdaq/cosmic/commissioning2023/MWGR/v1.1/HLT/V1,Commissioning2023,2
363764,8497,290,2023-02-22 16:28:14,2023-02-22 16:33:05,"[CSC, CTPPS, CTPPS_TOT, DT, ECAL, ES, GEM, HCAL, RPC]",0.0,0.0,20989,cosmics2023/v7,/cdaq/cosmic/commissioning2023/MWGR/v1.1/HLT/V1,Commissioning2023,2
363769,8497,80,2023-02-22 16:50:41,2023-02-22 16:52:01,"[CSC, CTPPS, CTPPS_TOT, HCAL, RPC]",0.0,0.0,28,cosmics2023/v7,/cdaq/cosmic/commissioning2023/MWGR/v1.1/HLT/V1,Commissioning2023,2
363770,8497,119,2023-02-22 16:55:31,2023-02-22 16:57:30,"[CSC, CTPPS, CTPPS_TOT, HCAL, RPC]",0.0,0.0,113,cosmics2023/v7,/cdaq/cosmic/commissioning2023/MWGR/v1.1/HLT/V1,Commissioning2023,2
363771,8497,478,2023-02-22 16:59:40,2023-02-22 17:07:38,"[CSC, CTPPS, CTPPS_TOT, HCAL, RPC]",0.0,0.0,113,cosmics2023/v7,/cdaq/cosmic/commissioning2023/MWGR/v1.1/HLT/V1,Commissioning2023,2
363772,8497,560,2023-02-22 17:09:14,2023-02-22 17:18:34,"[CSC, CTPPS, CTPPS_TOT, HCAL, RPC]",0.0,0.0,111,cosmics2023/v7,/cdaq/cosmic/commissioning2023/MWGR/v1.1/HLT/V1,Commissioning2023,2
363774,8497,99,2023-02-22 17:22:05,2023-02-22 17:23:44,"[CSC, CTPPS, CTPPS_TOT, GEM, RPC]",0.0,0.0,24810,cosmics2023/v7,/cdaq/cosmic/commissioning2023/MWGR/v1.1/HLT/V1,Commissioning2023,2
363776,8497,298,2023-02-22 17:26:30,2023-02-22 17:31:28,"[CSC, CTPPS, CTPPS_TOT, GEM, RPC]",0.0,0.0,169491,cosmics2023/v7,/cdaq/cosmic/commissioning2023/MWGR/v1.1/HLT/V1,Commissioning2023,2
363779,8497,616,2023-02-22 17:34:15,2023-02-22 17:44:31,"[CSC, CTPPS, CTPPS_TOT, RPC]",0.0,0.0,366406,cosmics2023/v7,/cdaq/cosmic/commissioning2023/MWGR/v1.1/HLT/V1,Commissioning2023,2
363781,8497,47322,2023-02-22 17:48:51,2023-02-23 06:57:33,"[CTPPS, CTPPS_TOT, RPC]",0.0,0.0,33115581,cosmics2023/v7,/cdaq/cosmic/commissioning2023/MWGR/v1.1/HLT/V1,Commissioning2023,2
363782,8497,435,2023-02-23 07:03:46,2023-02-23 07:11:01,"[CSC, CTPPS, CTPPS_TOT, RPC]",0.0,0.0,253724,cosmics2023/v7,/cdaq/cosmic/commissioning2023/MWGR/v1.1/HLT/V1,Commissioning2023,2
363783,8497,731,2023-02-23 07:14:52,2023-02-23 07:27:03,"[CSC, CTPPS, CTPPS_TOT, RPC]",0.0,0.0,437016,cosmics2023/v7,/cdaq/cosmic/commissioning2023/MWGR/v1.1/HLT/V1,Commissioning2023,2
363784,8497,4808,2023-02-23 07:29:57,2023-02-23 08:50:05,"[CSC, CTPPS, CTPPS_TOT, GEM, RPC]",0.0,0.0,2905356,cosmics2023/v7,/cdaq/cosmic/commissioning2023/MWGR/v1.1/HLT/V1,Commissioning2023,2
363785,8497,3642,2023-02-23 08:53:04,2023-02-23 09:53:46,"[CSC, CTPPS, CTPPS_TOT, GEM, HCAL, RPC]",0.0,0.0,2196987,cosmics2023/v7,/cdaq/cosmic/commissioning2023/MWGR/v1.1/HLT/V1,Commissioning2023,2
363796,8497,585,2023-02-23 10:30:16,2023-02-23 10:40:01,"[CSC, CTPPS, CTPPS_TOT, GEM, HCAL, RPC]",0.0,0.0,350489,cosmics2023/v11,/cdaq/cosmic/commissioning2023/MWGR/v1.1/HLT/V1,Commissioning2023,2
363797,8497,265,2023-02-23 10:46:23,2023-02-23 10:50:47,"[CSC, CTPPS, CTPPS_TOT, DT, GEM, HCAL, RPC]",0.0,0.0,125741,cosmics2023/v11,/cdaq/cosmic/commissioning2023/MWGR/v1.1/HLT/V1,Commissioning2023,2
363798,8497,1722,2023-02-23 11:00:07,2023-02-23 11:28:48,"[CSC, CTPPS, CTPPS_TOT, DT, GEM, HCAL, RPC]",0.0,0.0,18739465,cosmics2023/v11,/cdaq/cosmic/commissioning2023/MWGR/v1.1/HLT/V1,Commissioning2023,2
363803,8497,777,2023-02-23 11:56:01,2023-02-23 12:08:58,"[CSC, CTPPS, CTPPS_TOT, DT, GEM, HCAL, RPC]",0.0,0.0,1609402,cosmics2023/v11,/cdaq/cosmic/commissioning2023/MWGR/v1.1/HLT/V1,Commissioning2023,2
363807,8497,567,2023-02-23 12:17:47,2023-02-23 12:27:14,"[CSC, CTPPS, CTPPS_TOT, DT, GEM, HCAL, RPC]",0.0,0.0,277452,testingl1t/v31,/cdaq/cosmic/commissioning2023/MWGR/v1.0/HLT/V3,Commissioning2023,2
363808,8497,523,2023-02-23 12:35:36,2023-02-23 12:44:19,"[CSC, CTPPS, CTPPS_TOT, DT, GEM, HCAL, RPC]",0.0,0.0,226219,cosmics2023/v11,/cdaq/cosmic/commissioning2023/MWGR/v1.1/HLT/V1,Commissioning2023,2
363809,8497,231,2023-02-23 12:46:51,2023-02-23 12:50:42,"[CSC, CTPPS, CTPPS_TOT, DT, GEM, HCAL, RPC]",0.0,0.0,111451,cosmics2023/v11,/cdaq/cosmic/commissioning2023/MWGR/v1.1/HLT/V1,Commissioning2023,2
363810,8497,99,2023-02-23 12:53:19,2023-02-23 12:54:58,"[CSC, CTPPS, CTPPS_TOT, DT, GEM, RPC]",,,,cosmics2023/v11,,Commissioning2023,
363811,8497,879,2023-02-23 12:56:55,2023-02-23 13:11:34,"[CSC, CTPPS, CTPPS_TOT, DT, GEM, RPC]",0.0,0.0,427784,cosmics2023/v11,/cdaq/cosmic/commissioning2023/MWGR/v1.1/HLT/V1,Commissioning2023,2
363812,8497,613,2023-02-23 13:16:19,2023-02-23 13:26:32,"[CSC, CTPPS, CTPPS_TOT, DT, GEM, RPC]",0.0,0.0,300681,cosmics2023/v11,/cdaq/cosmic/commissioning2023/MWGR/v1.1/HLT/V1,Commissioning2023,2
363813,8497,2472,2023-02-23 13:29:47,2023-02-23 14:10:59,"[CSC, CTPPS, CTPPS_TOT, DT, GEM, HCAL, RPC]",0.0,0.0,1225757,cosmics2023/v11,/cdaq/cosmic/commissioning2023/MWGR/v1.1/HLT/V1,Commissioning2023,2
363814,8497,523,2023-02-23 14:13:50,2023-02-23 14:22:33,"[CSC, CTPPS, CTPPS_TOT, DT, GEM, HCAL, RPC]",0.0,0.0,278157,cosmics2023/v11,/cdaq/cosmic/commissioning2023/MWGR/v1.1/HLT/V1,Commissioning2023,2
363815,8497,381,2023-02-23 14:27:38,2023-02-23 14:33:59,"[CSC, CTPPS, CTPPS_TOT, DT, GEM, HCAL, RPC]",0.0,0.0,177226,cosmics2023/v11,/cdaq/cosmic/commissioning2023/MWGR/v1.1/HLT/V1,Commissioning2023,2
363816,8497,214,2023-02-23 14:37:42,2023-02-23 14:41:17,"[CSC, CTPPS, CTPPS_TOT, DT, GEM, HCAL, RPC, TRACKER]",0.0,0.0,102933,cosmics2023/v11,/cdaq/cosmic/commissioning2023/MWGR/v1.1/HLT/V1,Commissioning2023,2
363817,8497,377,2023-02-23 14:46:30,2023-02-23 14:52:47,"[CSC, CTPPS, CTPPS_TOT, DT, GEM, HCAL, RPC]",0.0,0.0,184769,cosmics2023/v11,/cdaq/cosmic/commissioning2023/MWGR/v1.1/HLT/V1,Commissioning2023,2
363818,8497,161,2023-02-23 15:10:19,2023-02-23 15:13:01,"[CSC, CTPPS, CTPPS_TOT, DT, ES, GEM, HCAL, RPC]",0.0,0.0,69332,cosmics2023/v11,/cdaq/cosmic/commissioning2023/MWGR/v1.1/HLT/V1,Commissioning2023,2
363819,8497,1725,2023-02-23 15:20:19,2023-02-23 15:49:04,"[CSC, CTPPS, CTPPS_TOT, DT, GEM, HCAL, RPC]",0.0,0.0,843983,cosmics2023/v11,/cdaq/cosmic/commissioning2023/MWGR/v1.1/HLT/V1,Commissioning2023,2
363822,8497,2103,2023-02-23 15:50:31,2023-02-23 16:25:34,"[CSC, CTPPS, CTPPS_TOT, DT, GEM, HCAL, PIXEL, RPC]",0.0,0.0,1040524,cosmics2023/v11,/cdaq/cosmic/commissioning2023/MWGR/v1.1/HLT/V1,Commissioning2023,2
363824,8497,52,2023-02-23 16:28:36,2023-02-23 16:29:28,"[CSC, CTPPS, CTPPS_TOT, DT, GEM, HCAL, RPC]",0.0,0.0,22943,cosmics2023/v11,/cdaq/cosmic/commissioning2023/MWGR/v1.1/HLT/V1,Commissioning2023,2
363826,8497,595,2023-02-23 16:32:17,2023-02-23 16:42:12,"[CSC, CTPPS, CTPPS_TOT, DT, GEM, RPC]",0.0,0.0,289018,cosmics2023/v11,/cdaq/cosmic/commissioning2023/MWGR/v1.1/HLT/V1,Commissioning2023,2
363828,8497,1695,2023-02-23 16:52:49,2023-02-23 17:21:04,"[CSC, CTPPS, CTPPS_TOT, GEM, RPC]",0.0,0.0,1015569,cosmics2023/v11,/cdaq/cosmic/commissioning2023/MWGR/v1.1/HLT/V1,Commissioning2023,2
363829,8497,3334,2023-02-23 17:23:56,2023-02-23 18:19:30,"[CSC, CTPPS, CTPPS_TOT, RPC]",0.0,0.0,236890505,cosmics2023/v11,/cdaq/cosmic/commissioning2023/MWGR/v1.1/HLT/V1,Commissioning2023,2
363830,8497,800,2023-02-23 18:21:54,2023-02-23 18:35:14,"[CSC, CTPPS, CTPPS_TOT, RPC]",0.0,0.0,67249571,cosmics2023/v12,/cdaq/cosmic/commissioning2023/MWGR/v1.1/HLT/V1,Commissioning2023,4
363831,8497,115,2023-02-23 18:36:21,2023-02-23 18:38:16,"[CSC, CTPPS, CTPPS_TOT, RPC]",0.0,0.0,7917592,cosmics2023/v12,/cdaq/cosmic/commissioning2023/MWGR/v1.1/HLT/V1,Commissioning2023,4
363832,8497,1657,2023-02-23 18:40:24,2023-02-23 19:08:01,"[CSC, CTPPS, CTPPS_TOT, RPC]",0.0,0.0,169851213,cosmics2023/v12,/cdaq/cosmic/commissioning2023/MWGR/v1.1/HLT/V1,Commissioning2023,4
363833,8497,40721,2023-02-23 19:16:37,2023-02-24 06:35:18,"[CTPPS, CTPPS_TOT, RPC]",0.0,0.0,4281798505,cosmics2023/v12,/cdaq/cosmic/commissioning2023/MWGR/v1.1/HLT/V1,Commissioning2023,4
363835,8497,475,2023-02-24 07:12:53,2023-02-24 07:20:48,"[CSC, CTPPS, CTPPS_TOT, GEM, PIXEL, RPC, TRACKER]",0.0,0.0,26959275,cosmics2023/v12,/cdaq/cosmic/commissioning2023/MWGR/v1.1/HLT/V1,Commissioning2023,4
363836,8497,3237,2023-02-24 07:28:49,2023-02-24 08:22:46,"[CSC, CTPPS, CTPPS_TOT, GEM, PIXEL, RPC, TRACKER]",0.0,0.0,334720414,cosmics2023/v12,/cdaq/cosmic/commissioning2023/MWGR/v1.1/HLT/V1,Commissioning2023,4
363837,8497,830,2023-02-24 08:26:22,2023-02-24 08:40:11,"[CSC, CTPPS, CTPPS_TOT, GEM, HCAL, PIXEL, RPC, TRACKER]",0.0,0.0,78329426,cosmics2023/v12,/cdaq/cosmic/commissioning2023/MWGR/v1.1/HLT/V1,Commissioning2023,4
363838,8497,2850,2023-02-24 08:43:02,2023-02-24 09:30:32,"[CSC, CTPPS, CTPPS_TOT, DT, GEM, HCAL, PIXEL, RPC, TRACKER]",0.0,0.0,283720485,cosmics2023/v12,/cdaq/cosmic/commissioning2023/MWGR/v1.1/HLT/V1,Commissioning2023,4
363839,8497,102,2023-02-24 09:31:37,2023-02-24 09:33:19,"[CSC, CTPPS, CTPPS_TOT, DT, GEM, HCAL, PIXEL, RPC, TRACKER]",0.0,0.0,8583599,cosmics2023/v12,/cdaq/cosmic/commissioning2023/MWGR/v1.1/HLT/V1,Commissioning2023,4
363840,8497,45,2023-02-24 09:35:25,2023-02-24 09:36:10,"[CSC, CTPPS, CTPPS_TOT, DT, GEM, HCAL, PIXEL, RPC, TRACKER]",0.0,0.0,4166918,cosmics2023/v12,/cdaq/cosmic/commissioning2023/MWGR/v1.1/HLT/V1,Commissioning2023,4
363843,8497,57,2023-02-24 10:05:33,2023-02-24 10:06:30,"[CSC, CTPPS, CTPPS_TOT, DT, GEM, HCAL, PIXEL, RPC, TRACKER]",0.0,0.0,1392040,cosmics2023/v12,/cdaq/cosmic/commissioning2023/MWGR/v1.1/HLT/V1,Commissioning2023,4
363844,8497,1347,2023-02-24 10:22:19,2023-02-24 10:44:46,"[CSC, CTPPS, CTPPS_TOT, DT, GEM, HCAL, PIXEL, RPC, TRACKER]",0.0,0.0,130662752,cosmics2023/v12,/cdaq/cosmic/commissioning2023/MWGR/v1.1/HLT/V1,Commissioning2023,4
363845,8497,109,2023-02-24 10:46:19,2023-02-24 10:48:08,"[CSC, CTPPS, CTPPS_TOT, DT, GEM, HCAL, PIXEL, RPC, TRACKER]",,,,cosmics2023/v12,,Commissioning2023,
363846,8497,3375,2023-02-24 10:50:30,2023-02-24 11:46:45,"[CSC, CTPPS, CTPPS_TOT, DT, GEM, HCAL, PIXEL, RPC, TRACKER]",0.0,0.0,348705619,cosmics2023/v12,/cdaq/cosmic/commissioning2023/MWGR/v1.1/HLT/V1,Commissioning2023,4
363848,8497,2898,2023-02-24 11:49:13,2023-02-24 12:37:31,"[CSC, CTPPS, CTPPS_TOT, GEM, HCAL, PIXEL, RPC, TRACKER]",0.0,0.0,301495901,cosmics2023/v12,/cdaq/cosmic/commissioning2023/MWGR/v1.1/HLT/V1,Commissioning2023,4
363849,8497,510,2023-02-24 12:40:15,2023-02-24 12:48:45,"[CSC, CTPPS, CTPPS_TOT, GEM, PIXEL, RPC, TRACKER]",0.0,0.0,296360,cosmics2023/v12,/cdaq/cosmic/commissioning2023/MWGR/v1.1/HLT/V1,Commissioning2023,4
363850,8497,489,2023-02-24 12:50:33,2023-02-24 12:58:42,"[CSC, CTPPS, CTPPS_TOT, GEM, PIXEL, RPC, TRACKER]",0.0,0.0,293000,cosmics2023/v12,/cdaq/cosmic/commissioning2023/MWGR/v1.1/HLT/V1,Commissioning2023,2
363851,8497,6734,2023-02-24 13:03:34,2023-02-24 14:55:48,"[CSC, CTPPS, CTPPS_TOT, GEM, HCAL, PIXEL, RPC, TRACKER]",0.0,0.0,706723738,cosmics2023/v12,/cdaq/cosmic/commissioning2023/MWGR/v1.1/HLT/V1,Commissioning2023,4
363854,8497,226,2023-02-24 15:05:48,2023-02-24 15:09:34,"[CSC, CTPPS, CTPPS_TOT, DT, GEM, HCAL, PIXEL, RPC, TRACKER]",,,,cosmics2023/v12,,Commissioning2023,
363855,8497,408,2023-02-24 15:11:41,2023-02-24 15:18:29,"[CSC, CTPPS, CTPPS_TOT, DT, GEM, HCAL, PIXEL, RPC, TRACKER]",0.0,0.0,19025313,cosmics2023/v12,/cdaq/cosmic/commissioning2023/MWGR/v1.1/HLT/V1,Commissioning2023,4
363856,8497,1287,2023-02-24 15:28:03,2023-02-24 15:49:30,"[CSC, CTPPS, CTPPS_TOT, DT, GEM, HCAL, PIXEL, RPC, TRACKER]",0.0,0.0,97004298,cosmics2023/v12,/cdaq/cosmic/commissioning2023/MWGR/v1.1/HLT/V1,Commissioning2023,4
363857,8497,143,2023-02-24 15:55:41,2023-02-24 15:58:04,"[CSC, CTPPS, CTPPS_TOT, DT, GEM, HCAL, PIXEL, RPC, TRACKER]",0.0,0.0,11282097,cosmics2023/v12,/cdaq/cosmic/commissioning2023/MWGR/v1.1/HLT/V1,Commissioning2023,4
363859,8497,380,2023-02-24 16:05:06,2023-02-24 16:11:25,"[CSC, CTPPS, CTPPS_TOT, DT, GEM, HCAL, PIXEL, RPC, TRACKER]",0.0,0.0,36097487,cosmics2023/v12,/cdaq/cosmic/commissioning2023/MWGR/v1.1/HLT/V1,Commissioning2023,4
363861,8497,269,2023-02-24 16:20:16,2023-02-24 16:24:45,"[CSC, CTPPS, CTPPS_TOT, DT, GEM, HCAL, PIXEL, RPC, TRACKER]",0.0,0.0,24776856,cosmics2023/v12,/cdaq/cosmic/commissioning2023/MWGR/v1.1/HLT/V1,Commissioning2023,4
363862,8497,1173,2023-02-24 16:30:47,2023-02-24 16:50:20,"[CSC, CTPPS, CTPPS_TOT, DT, GEM, HCAL, PIXEL, RPC, TRACKER]",0.0,0.0,112817692,cosmics2023/v12,/cdaq/cosmic/commissioning2023/MWGR/v1.1/HLT/V1,Commissioning2023,4
363865,8497,12,2023-02-24 17:02:19,2023-02-24 17:02:31,"[CSC, CTPPS, CTPPS_TOT, DT, ECAL, GEM, HCAL, PIXEL, RPC, TRACKER]",0.0,0.0,,testingl1t/v32,/cdaq/cosmic/commissioning2023/MWGR/v1.0/HLT/V3,Commissioning2023,
363866,8497,1132,2023-02-24 17:05:26,2023-02-24 17:24:18,"[CSC, CTPPS, CTPPS_TOT, DT, ECAL, ES, GEM, HCAL, PIXEL, RPC, TRACKER]",0.0,0.0,554690,testingl1t/v32,/cdaq/cosmic/commissioning2023/MWGR/v1.0/HLT/V3,Commissioning2023,4
363867,8497,434,2023-02-24 17:27:44,2023-02-24 17:34:58,"[CSC, CTPPS, CTPPS_TOT, DT, ECAL, ES, GEM, HCAL, PIXEL, RPC, TRACKER]",0.0,0.0,208111,testingl1t/v33,/cdaq/cosmic/commissioning2023/MWGR/v1.0/HLT/V3,Commissioning2023,4
363869,8497,200,2023-02-24 17:42:20,2023-02-24 17:45:41,"[CSC, CTPPS, CTPPS_TOT, DT, ECAL, ES, GEM, HCAL, PIXEL, RPC, TRACKER]",0.0,0.0,92424,cosmics2023/v12,/cdaq/cosmic/commissioning2023/MWGR/v1.1/HLT/V1,Commissioning2023,4
363915,8497,4702,2023-03-01 13:11:51,2023-03-01 14:30:14,"[CSC, CTPPS, CTPPS_TOT, DT, ECAL, ES, GEM, HCAL, L1SCOUT, PIXEL, RPC, TRACKER, TRG]",0.0,0.0,56479076,cosmics2023/v12,/cdaq/cosmic/commissioning2023/MWGR/v1.1/HLT/V1,Commissioning2023,
363920,8497,1705,2023-03-01 14:55:19,2023-03-01 15:23:44,"[CSC, CTPPS, CTPPS_TOT, DT, ECAL, ES, GEM, HCAL, L1SCOUT, PIXEL, RPC, TRACKER, TRG]",0.0,0.0,15328493,cosmics2023/v12,/cdaq/cosmic/commissioning2023/MWGR/v1.1/HLT/V1,Commissioning2023,
363925,8497,87,2023-03-01 15:26:21,2023-03-01 15:27:48,"[CSC, CTPPS, CTPPS_TOT, DT, ECAL, ES, GEM, HCAL, L1SCOUT, PIXEL, RPC, TRACKER]",0.0,0.0,77,cosmics2023/v12,/cdaq/cosmic/commissioning2023/MWGR/v1.1/HLT/V1,Commissioning2023,
363928,8497,45,2023-03-01 15:35:01,2023-03-01 15:35:46,"[CSC, CTPPS, CTPPS_TOT, DT, ECAL, ES, GEM, HCAL, L1SCOUT, PIXEL, RPC, TRACKER]",,,,cosmics2023/v12,,Commissioning2023,
363933,8497,13,2023-03-01 15:36:54,2023-03-01 15:37:07,"[CSC, CTPPS, CTPPS_TOT, DT, ECAL, ES, GEM, HCAL, L1SCOUT, PIXEL, RPC, TRACKER]",,,,cosmics2023/v12,,Commissioning2023,
363934,8497,97,2023-03-01 15:39:56,2023-03-01 15:41:33,"[CSC, CTPPS, CTPPS_TOT, DT, ECAL, ES, GEM, HCAL, L1SCOUT, PIXEL, RPC, TRACKER]",0.0,0.0,113,cosmics2023/v12,/cdaq/cosmic/commissioning2023/MWGR/v1.1/HLT/V1,Commissioning2023,
363935,8497,594,2023-03-01 15:43:06,2023-03-01 15:53:00,"[CSC, CTPPS, CTPPS_TOT, DT, ECAL, ES, GEM, HCAL, L1SCOUT, PIXEL, RPC, TRACKER]",0.0,0.0,288849,cosmics2023/v12,/cdaq/cosmic/commissioning2023/MWGR/v1.1/HLT/V1,Commissioning2023,
363939,8497,181,2023-03-01 15:54:26,2023-03-01 15:57:27,"[CSC, CTPPS, CTPPS_TOT, DT, ECAL, ES, GEM, HCAL, L1SCOUT, PIXEL, RPC, TRACKER]",0.0,0.0,87654,cosmics2023/v12,/cdaq/cosmic/commissioning2023/MWGR/v1.1/HLT/V1,Commissioning2023,
363940,8497,14,2023-03-01 15:58:57,2023-03-01 15:59:11,"[CSC, CTPPS, CTPPS_TOT, DT, ECAL, ES, GEM, HCAL, L1SCOUT, PIXEL, RPC, TRACKER]",,,,cosmics2023/v12,,Commissioning2023,
363941,8497,35,2023-03-01 16:00:25,2023-03-01 16:01:00,"[CSC, CTPPS, CTPPS_TOT, DT, ECAL, ES, GEM, HCAL, L1SCOUT, PIXEL, RPC, TRACKER]",,,,cosmics2023/v12,,Commissioning2023,
363946,8497,525,2023-03-01 16:13:46,2023-03-01 16:22:31,"[CSC, CTPPS, CTPPS_TOT, DT, ECAL, ES, GEM, HCAL, L1SCOUT, PIXEL, RPC, TRACKER]",,,,cosmics2023/v12,,Commissioning2023,
363949,8497,1320,2023-03-01 16:24:57,2023-03-01 16:46:57,"[CSC, CTPPS, CTPPS_TOT, DT, ECAL, ES, GEM, HCAL, L1SCOUT, PIXEL, RPC, TRACKER]",0.0,0.0,647511,cosmics2023/v12,/cdaq/cosmic/commissioning2023/MWGR/v1.1/HLT/V1,Commissioning2023,4
363952,8497,40,2023-03-01 16:49:50,2023-03-01 16:50:31,"[CSC, CTPPS, CTPPS_TOT, ECAL, ES, GEM, HCAL, L1SCOUT, PIXEL, RPC, TRACKER]",0.0,0.0,0,cosmics2023/v13,/cdaq/cosmic/commissioning2023/MWGR/v1.1/HLT/V1,Commissioning2023,2
363953,8497,603,2023-03-01 17:09:54,2023-03-01 17:19:57,"[CSC, CTPPS, CTPPS_TOT, ECAL, ES, GEM, HCAL, L1SCOUT, PIXEL, RPC, TRACKER]",0.0,0.0,373913,cosmics2023/v13,/cdaq/cosmic/commissioning2023/MWGR/v1.1/HLT/V1,Commissioning2023,2
363970,8497,2119,2023-03-01 17:55:23,2023-03-01 18:30:42,"[CSC, CTPPS, CTPPS_TOT, GEM, HCAL, L1SCOUT, PIXEL, RPC, TRACKER]",0.0,0.0,1321594,cosmics2023/v13,/cdaq/cosmic/commissioning2023/MWGR/v1.1/HLT/V1,Commissioning2023,2
363974,8497,388,2023-03-01 18:34:01,2023-03-01 18:40:30,"[CTPPS, CTPPS_TOT, GEM, HCAL, L1SCOUT, PIXEL, RPC, TRACKER]",0.0,0.0,244804,cosmics2023/v13,/cdaq/cosmic/commissioning2023/MWGR/v1.1/HLT/V1,Commissioning2023,4
363976,8497,82,2023-03-01 18:43:52,2023-03-01 18:45:14,"[CTPPS, CTPPS_TOT, GEM, HCAL, L1SCOUT, PIXEL, RPC, TRACKER]",0.0,0.0,46314,cosmics2023/v13,/cdaq/cosmic/commissioning2023/MWGR/v1.1/HLT/V1,Commissioning2023,2
363978,8497,84,2023-03-01 18:47:53,2023-03-01 18:49:17,"[CTPPS, CTPPS_TOT, HCAL, L1SCOUT, PIXEL, RPC, TRACKER]",0.0,0.0,46001,cosmics2023/v13,/cdaq/cosmic/commissioning2023/MWGR/v1.1/HLT/V1,Commissioning2023,4
363979,8497,5609,2023-03-01 18:50:21,2023-03-01 20:23:50,"[CTPPS, CTPPS_TOT, HCAL, PIXEL, RPC, TRACKER]",0.0,0.0,3679097,cosmics2023/v13,/cdaq/cosmic/commissioning2023/MWGR/v1.1/HLT/V1,Commissioning2023,2
363980,8497,38906,2023-03-01 20:24:45,2023-03-02 07:13:11,"[CTPPS, CTPPS_TOT, HCAL, PIXEL, RPC, TRACKER]",0.0,0.0,4123041895,cosmics2023/v13,/cdaq/cosmic/commissioning2023/MWGR/v1.1/HLT/V1,Commissioning2023,4
363982,8497,228,2023-03-02 07:51:47,2023-03-02 07:55:35,"[CSC, CTPPS, CTPPS_TOT, GEM, HCAL, PIXEL, RPC, TRACKER]",0.0,0.0,24236336,cosmics2023/v13,/cdaq/cosmic/commissioning2023/MWGR/v1.1/HLT/V1,Commissioning2023,4
363983,8497,3585,2023-03-02 07:57:16,2023-03-02 08:57:01,"[CSC, CTPPS, CTPPS_TOT, ES, GEM, HCAL, PIXEL, RPC, TRACKER]",0.0,0.0,346356904,cosmics2023/v13,/cdaq/cosmic/commissioning2023/MWGR/v1.1/HLT/V1,Commissioning2023,4
363984,8497,75,2023-03-02 08:58:34,2023-03-02 08:59:49,"[CSC, CTPPS, CTPPS_TOT, ES, GEM, HCAL, PIXEL, RPC, TRACKER]",,,,cosmics2023/v13,,Commissioning2023,
363986,8497,1226,2023-03-02 09:03:39,2023-03-02 09:24:05,"[CSC, CTPPS, CTPPS_TOT, ECAL, ES, GEM, HCAL, PIXEL, RPC, TRACKER]",0.0,0.0,126668848,cosmics2023/v13,/cdaq/cosmic/commissioning2023/MWGR/v1.1/HLT/V1,Commissioning2023,4
363989,8497,270,2023-03-02 09:26:02,2023-03-02 09:30:32,"[CSC, CTPPS, CTPPS_TOT, ECAL, GEM, HCAL, PIXEL, RPC, TRACKER]",0.0,0.0,7520117,cosmics2023/v13,/cdaq/cosmic/commissioning2023/MWGR/v1.1/HLT/V1,Commissioning2023,4
363995,8497,45,2023-03-02 09:47:26,2023-03-02 09:48:11,"[CSC, CTPPS, CTPPS_TOT, ECAL, GEM, HCAL, PIXEL, RPC, TRACKER, TRG]",0.0,0.0,0,cosmics2023/v13,/cdaq/cosmic/commissioning2023/MWGR/v1.1/HLT/V1,Commissioning2023,
363996,8497,372,2023-03-02 09:57:23,2023-03-02 10:03:34,"[CSC, CTPPS, CTPPS_TOT, GEM, HCAL, PIXEL, RPC, TRACKER]",0.0,0.0,34095407,cosmics2023/v14,/cdaq/cosmic/commissioning2023/MWGR/v1.1/HLT/V1,Commissioning2023,4
363998,8497,849,2023-03-02 10:18:09,2023-03-02 10:32:18,"[CSC, CTPPS, CTPPS_TOT, GEM, HCAL, PIXEL, RPC, TRACKER]",0.0,0.0,86909015,cosmics2023/v14,/cdaq/cosmic/commissioning2023/MWGR/v1.1/HLT/V1,Commissioning2023,4
363999,8497,62,2023-03-02 10:44:44,2023-03-02 10:45:46,"[CSC, CTPPS, CTPPS_TOT, GEM, HCAL, PIXEL, RPC, TRACKER]",,,,cosmics2023/v14,,Commissioning2023,
364000,8497,632,2023-03-02 10:47:29,2023-03-02 10:58:01,"[CSC, CTPPS, CTPPS_TOT, GEM, HCAL, PIXEL, RPC, TRACKER]",0.0,0.0,66266757,cosmics2023/v14,/cdaq/cosmic/commissioning2023/MWGR/v1.1/HLT/V1,Commissioning2023,4
364003,8497,719,2023-03-02 11:06:47,2023-03-02 11:18:46,"[CSC, CTPPS, CTPPS_TOT, GEM, HCAL, PIXEL, RPC, TRACKER]",0.0,0.0,74100519,cosmics2023/v14,/cdaq/cosmic/commissioning2023/MWGR/v1.1/HLT/V1,Commissioning2023,4
364005,8497,355,2023-03-02 11:39:17,2023-03-02 11:45:12,"[CSC, CTPPS, CTPPS_TOT, HCAL, PIXEL, RPC, TRACKER]",0.0,0.0,18903026,cosmics2023/v14,/cdaq/cosmic/commissioning2023/MWGR/v1.1/HLT/V1,Commissioning2023,4
364006,8497,315,2023-03-02 11:51:43,2023-03-02 11:56:59,"[CSC, CTPPS, CTPPS_TOT, DT, HCAL, PIXEL, RPC, TRACKER]",0.0,0.0,32067655,cosmics2023/v14,/cdaq/cosmic/commissioning2023/MWGR/v1.1/HLT/V1,Commissioning2023,4
364007,8497,25,2023-03-02 12:10:45,2023-03-02 12:11:10,"[CSC, CTPPS, CTPPS_TOT, DT, HCAL, PIXEL, RPC, TRACKER]",,,,cosmics2023/v14,,Commissioning2023,
364009,8497,33,2023-03-02 12:12:18,2023-03-02 12:12:51,"[CSC, CTPPS, CTPPS_TOT, DT, HCAL, PIXEL, RPC, TRACKER]",,,,cosmics2023/v14,,Commissioning2023,
364010,8497,114,2023-03-02 12:22:07,2023-03-02 12:24:01,"[CSC, CTPPS, CTPPS_TOT, HCAL, PIXEL, RPC, TRACKER]",,,,cosmics2023/v14,,Commissioning2023,
364011,8497,65,2023-03-02 12:26:26,2023-03-02 12:27:31,"[CSC, CTPPS, CTPPS_TOT, HCAL, PIXEL, RPC, TRACKER]",,,,cosmics2023/v14,,Commissioning2023,
364012,8497,2011,2023-03-02 12:29:48,2023-03-02 13:03:19,"[CSC, CTPPS, CTPPS_TOT, HCAL, PIXEL, RPC, TRACKER]",0.0,0.0,208890295,cosmics2023/v14,/cdaq/cosmic/commissioning2023/MWGR/v1.1/HLT/V1,Commissioning2023,4
364016,8497,362,2023-03-02 14:08:33,2023-03-02 14:14:35,"[CSC, CTPPS, CTPPS_TOT, DT, HCAL, PIXEL, RPC, TRACKER]",0.0,0.0,173598,testingl1t/v34,/cdaq/cosmic/commissioning2023/MWGR/v1.1/HLT/V1,Commissioning2023,4
364018,8497,156,2023-03-02 14:46:25,2023-03-02 14:49:02,"[CSC, CTPPS, CTPPS_TOT, DT, HCAL, PIXEL, RPC, TRACKER]",0.0,0.0,69564,testingl1t/v35,/cdaq/cosmic/commissioning2023/MWGR/v1.1/HLT/V1,Commissioning2023,4
364022,8497,220,2023-03-02 15:38:06,2023-03-02 15:41:45,"[CSC, CTPPS, CTPPS_TOT, DT, HCAL, PIXEL, RPC, TRACKER]",0.0,0.0,104133,testingl1t/v37,/cdaq/cosmic/commissioning2023/MWGR/v1.1/HLT/V1,Commissioning2023,4
364024,8497,3067,2023-03-02 16:08:38,2023-03-02 16:59:44,"[CSC, CTPPS, CTPPS_TOT, DT, HCAL, PIXEL, RPC, TRACKER]",0.0,0.0,1514854,testingl1t/v38,/cdaq/cosmic/commissioning2023/MWGR/v1.1/HLT/V1,Commissioning2023,4
364027,8497,55,2023-03-02 17:03:36,2023-03-02 17:04:31,"[CSC, CTPPS, CTPPS_TOT, HCAL, PIXEL, RPC]",0.0,0.0,113,testingl1t/v38,/cdaq/cosmic/commissioning2023/MWGR/v1.1/HLT/V1,Commissioning2023,4
364029,8497,479,2023-03-02 17:07:48,2023-03-02 17:15:47,"[CSC, CTPPS, CTPPS_TOT, DT, HCAL, PIXEL, RPC]",0.0,0.0,231202,testingl1t/v38,/cdaq/cosmic/commissioning2023/MWGR/v1.1/HLT/V1,Commissioning2023,4
364042,8497,42,2023-03-02 17:35:01,2023-03-02 17:35:43,"[CSC, CTPPS, CTPPS_TOT, HCAL, RPC]",0.0,0.0,19,cosmics2023/v15,/cdaq/cosmic/commissioning2023/MWGR/v1.1/HLT/V1,Commissioning2023,4
364044,8497,28,2023-03-02 17:36:57,2023-03-02 17:37:25,"[CSC, CTPPS, CTPPS_TOT, HCAL, RPC]",0.0,0.0,20,cosmics2023/v15,/cdaq/cosmic/commissioning2023/MWGR/v1.1/HLT/V1,Commissioning2023,2
364046,8497,40,2023-03-02 17:41:19,2023-03-02 17:41:59,"[CSC, CTPPS, CTPPS_TOT, HCAL, RPC]",0.0,0.0,20,cosmics2023/v15,/cdaq/cosmic/commissioning2023/MWGR/v1.1/HLT/V1,Commissioning2023,2
364048,8497,1048,2023-03-02 17:45:32,2023-03-02 18:03:00,"[CSC, CTPPS, CTPPS_TOT, HCAL, RPC]",0.0,0.0,646511,cosmics2023/v15,/cdaq/cosmic/commissioning2023/MWGR/v1.1/HLT/V1,Commissioning2023,2
364053,8497,49222,2023-03-02 18:05:55,2023-03-03 07:46:17,"[CTPPS, CTPPS_TOT, HCAL, RPC]",0.0,0.0,33611817,cosmics2023/v15,/cdaq/cosmic/commissioning2023/MWGR/v1.1/HLT/V1,Commissioning2023,2
364056,8497,1093,2023-03-03 08:01:29,2023-03-03 08:19:42,"[CSC, CTPPS, CTPPS_TOT, GEM, HCAL, RPC]",0.0,0.0,470526,cosmics2023/v15,/cdaq/cosmic/commissioning2023/MWGR/v1.1/HLT/V1,Commissioning2023,4
364061,8497,168,2023-03-03 08:34:37,2023-03-03 08:37:25,"[CSC, CTPPS, CTPPS_TOT, GEM, HCAL, RPC]",0.0,0.0,141,cosmics2023/v15,/cdaq/cosmic/commissioning2023/MWGR/v1.1/HLT/V1,Commissioning2023,4
364062,8497,97,2023-03-03 08:41:25,2023-03-03 08:43:02,"[CSC, CTPPS, CTPPS_TOT, GEM, HCAL, RPC]",0.0,0.0,58,cosmics2023/v15,/cdaq/cosmic/commissioning2023/MWGR/v1.1/HLT/V1,Commissioning2023,4
364063,8497,129,2023-03-03 08:54:38,2023-03-03 08:56:47,"[CSC, CTPPS, CTPPS_TOT, GEM, HCAL, RPC]",0.0,0.0,136,cosmics2023/v15,/cdaq/cosmic/commissioning2023/MWGR/v1.1/HLT/V1,Commissioning2023,4
364066,8497,386,2023-03-03 09:05:09,2023-03-03 09:11:35,"[CSC, CTPPS, CTPPS_TOT, GEM, HCAL, RPC]",0.0,0.0,232690,cosmics2023/v15,/cdaq/cosmic/commissioning2023/MWGR/v1.1/HLT/V1,Commissioning2023,4
364068,8497,437,2023-03-03 09:16:27,2023-03-03 09:23:44,"[CSC, CTPPS, CTPPS_TOT, DT, GEM, HCAL, PIXEL, RPC]",0.0,0.0,44304086,cosmics2023/v15,/cdaq/cosmic/commissioning2023/MWGR/v1.1/HLT/V1,Commissioning2023,4
364071,8497,2562,2023-03-03 09:30:36,2023-03-03 10:13:18,"[CSC, CTPPS, CTPPS_TOT, DT, ECAL, ES, GEM, HCAL, PIXEL, RPC]",0.0,0.0,268845993,cosmics2023/v15,/cdaq/cosmic/commissioning2023/MWGR/v1.1/HLT/V1,Commissioning2023,4
364080,8497,81,2023-03-03 10:24:27,2023-03-03 10:25:48,"[CSC, CTPPS, CTPPS_TOT, DT, GEM, HCAL, PIXEL, RPC]",0.0,0.0,34742,cosmics2023/v15,/cdaq/cosmic/commissioning2023/MWGR/v1.1/HLT/V1,Commissioning2023,4
364081,8497,2317,2023-03-03 10:26:52,2023-03-03 11:05:29,"[CSC, CTPPS, CTPPS_TOT, DT, GEM, HCAL, PIXEL, RPC]",0.0,0.0,244177392,cosmics2023/v15,/cdaq/cosmic/commissioning2023/MWGR/v1.1/HLT/V1,Commissioning2023,4
364089,8497,17128,2023-03-03 11:17:14,2023-03-03 16:02:42,"[CSC, CTPPS, CTPPS_TOT, DT, GEM, HCAL, PIXEL, RPC]",0.0,0.0,1809667757,cosmics2023/v15,/cdaq/cosmic/commissioning2023/MWGR/v1.1/HLT/V1,Commissioning2023,4
364116,8497,2704,2023-03-03 16:05:59,2023-03-03 16:51:03,"[CSC, CTPPS, CTPPS_TOT, DT, HCAL, PIXEL, RPC]",0.0,0.0,242764732,cosmics2023/v15,/cdaq/cosmic/commissioning2023/MWGR/v1.1/HLT/V1,Commissioning2023,4
364119,8497,1637,2023-03-03 16:54:44,2023-03-03 17:22:00,"[CTPPS, CTPPS_TOT, DT, HCAL, PIXEL, RPC]",0.0,0.0,170107754,cosmics2023/v15,/cdaq/cosmic/commissioning2023/MWGR/v1.1/HLT/V1,Commissioning2023,4
364120,8497,85,2023-03-03 18:02:49,2023-03-03 18:04:14,"[CTPPS, CTPPS_TOT, DT, HCAL, PIXEL, RPC]",,,,cosmics2023/v15,/cdaq/cosmic/commissioning2023/MWGR/v1.1/HLT/V1,Commissioning2023,
364127,8497,990,2023-03-03 18:07:30,2023-03-03 18:24:00,"[CTPPS, CTPPS_TOT, HCAL, PIXEL, RPC]",0.0,0.0,102131803,cosmics2023/v15,/cdaq/cosmic/commissioning2023/MWGR/v1.1/HLT/V1,Commissioning2023,4
364131,8497,406,2023-03-03 18:26:59,2023-03-03 18:33:45,"[CTPPS, CTPPS_TOT, HCAL, RPC]",0.0,0.0,10519459,cosmics2023/v15,/cdaq/cosmic/commissioning2023/MWGR/v1.1/HLT/V1,Commissioning2023,4
364132,8497,45,2023-03-03 18:38:01,2023-03-03 18:38:46,"[CTPPS, CTPPS_TOT, RPC]",0.0,0.0,91,cosmics2023/v15,/cdaq/cosmic/commissioning2023/MWGR/v1.1/HLT/V1,Commissioning2023,4
364133,8497,82,2023-03-03 18:41:07,2023-03-03 18:42:29,"[CTPPS, CTPPS_TOT, RPC]",0.0,0.0,94,cosmics2023/v15,/cdaq/cosmic/commissioning2023/MWGR/v1.1/HLT/V1,Commissioning2023,4
364134,8497,50,2023-03-03 18:44:55,2023-03-03 18:45:45,"[CTPPS, CTPPS_TOT, RPC]",0.0,0.0,92,cosmics2023/v15,/cdaq/cosmic/commissioning2023/MWGR/v1.1/HLT/V1,Commissioning2023,4
364135,8497,4077,2023-03-03 18:50:04,2023-03-03 19:58:01,"[CTPPS, CTPPS_TOT, HCAL, RPC]",0.0,0.0,430508693,cosmics2023/v15,/cdaq/cosmic/commissioning2023/MWGR/v1.1/HLT/V1,Commissioning2023,4
364140,8497,5413,2023-03-03 20:01:14,2023-03-03 21:31:27,"[CTPPS, CTPPS_TOT, RPC]",0.0,0.0,569484039,cosmics2023/v15,/cdaq/cosmic/commissioning2023/MWGR/v1.1/HLT/V1,Commissioning2023,4
364141,8497,33668,2023-03-03 21:33:25,2023-03-04 06:54:33,"[CTPPS, CTPPS_TOT, RPC]",0.0,0.0,3561092455,cosmics2023/v15,/cdaq/cosmic/commissioning2023/MWGR/v1.1/HLT/V1,Commissioning2023,4
364142,8497,1596,2023-03-04 07:00:41,2023-03-04 07:27:18,"[CTPPS, CTPPS_TOT, RPC]",0.0,0.0,164856782,cosmics2023/v15,/cdaq/cosmic/commissioning2023/MWGR/v1.1/HLT/V1,Commissioning2023,4
364143,8497,5631,2023-03-04 07:30:40,2023-03-04 09:04:31,"[CTPPS, CTPPS_TOT, PIXEL, RPC]",0.0,0.0,3808737,cosmics2023/v15,/cdaq/cosmic/commissioning2023/MWGR/v1.1/HLT/V1,Commissioning2023,4
364144,8497,1910,2023-03-04 09:08:14,2023-03-04 09:40:04,"[CTPPS, CTPPS_TOT, HCAL, PIXEL, RPC]",0.0,0.0,1277151,cosmics2023/v15,/cdaq/cosmic/commissioning2023/MWGR/v1.1/HLT/V1,Commissioning2023,4
364147,8497,1621,2023-03-04 09:57:44,2023-03-04 10:24:45,"[CTPPS, CTPPS_TOT, HCAL, PIXEL, RPC]",0.0,0.0,1098558,cosmics2023/v15,/cdaq/cosmic/commissioning2023/MWGR/v1.1/HLT/V1,Commissioning2023,4
364148,8497,19854,2023-03-04 10:29:35,2023-03-04 16:00:29,"[CTPPS, CTPPS_TOT, HCAL, PIXEL, RPC]",0.0,0.0,1822464015,cosmics2023/v16,/cdaq/cosmic/commissioning2023/MWGR/v1.1/HLT/V1,Commissioning2023,4
364156,8497,3056,2023-03-04 16:07:35,2023-03-04 16:58:31,"[CTPPS, CTPPS_TOT, PIXEL, RPC]",0.0,0.0,319811007,cosmics2023/v16,/cdaq/cosmic/commissioning2023/MWGR/v1.1/HLT/V1,Commissioning2023,4
364157,8497,5470,2023-03-04 17:01:22,2023-03-04 18:32:33,"[CTPPS, CTPPS_TOT, RPC]",0.0,0.0,578001952,cosmics2023/v16,/cdaq/cosmic/commissioning2023/MWGR/v1.1/HLT/V1,Commissioning2023,4
364158,8497,43338,2023-03-04 18:42:30,2023-03-05 06:44:48,"[CTPPS, CTPPS_TOT, RPC]",0.0,0.0,4565376885,cosmics2023/v16,/cdaq/cosmic/commissioning2023/MWGR/v1.1/HLT/V1,Commissioning2023,4
364160,8497,5256,2023-03-05 06:51:28,2023-03-05 08:19:04,"[CTPPS, CTPPS_TOT, RPC]",0.0,0.0,551968226,cosmics2023/v16,/cdaq/cosmic/commissioning2023/MWGR/v1.1/HLT/V1,Commissioning2023,4
364161,8497,76,2023-03-05 08:22:18,2023-03-05 08:23:34,"[CTPPS, CTPPS_TOT, PIXEL, RPC]",0.0,0.0,737241,cosmics2023/v16,/cdaq/cosmic/commissioning2023/MWGR/v1.1/HLT/V1,Commissioning2023,4
364162,8497,50,2023-03-05 08:24:50,2023-03-05 08:25:40,"[CTPPS, CTPPS_TOT, PIXEL, RPC]",0.0,0.0,1487190,cosmics2023/v16,/cdaq/cosmic/commissioning2023/MWGR/v1.1/HLT/V1,Commissioning2023,4
364163,8497,4461,2023-03-05 08:27:10,2023-03-05 09:41:31,"[CTPPS, CTPPS_TOT, PIXEL, RPC]",0.0,0.0,468386508,cosmics2023/v16,/cdaq/cosmic/commissioning2023/MWGR/v1.1/HLT/V1,Commissioning2023,4
364164,8497,2815,2023-03-05 09:54:38,2023-03-05 10:41:34,"[CTPPS, CTPPS_TOT, HCAL, PIXEL, RPC]",0.0,0.0,243107253,cosmics2023/v16,/cdaq/cosmic/commissioning2023/MWGR/v1.1/HLT/V1,Commissioning2023,4
364166,8497,80,2023-03-05 10:44:10,2023-03-05 10:45:29,"[CTPPS, CTPPS_TOT, HCAL, PIXEL, RPC]",0.0,0.0,0,cosmics2023/v16,/cdaq/cosmic/commissioning2023/MWGR/v1.1/HLT/V1,Commissioning2023,4
364167,8497,551,2023-03-05 10:48:17,2023-03-05 10:57:28,"[CTPPS, CTPPS_TOT, HCAL, PIXEL, RPC]",0.0,0.0,7,cosmics2023/v16,/cdaq/cosmic/commissioning2023/MWGR/v1.1/HLT/V1,Commissioning2023,4
364168,8497,69,2023-03-05 11:01:02,2023-03-05 11:02:11,"[CTPPS, CTPPS_TOT, HCAL, PIXEL, RPC]",0.0,0.0,163,cosmics2023/v16,/cdaq/cosmic/commissioning2023/MWGR/v1.1/HLT/V1,Commissioning2023,4
364169,8497,10172,2023-03-05 11:06:02,2023-03-05 13:55:34,"[CTPPS, CTPPS_TOT, HCAL, PIXEL, RPC]",0.0,0.0,1074029123,cosmics2023/v16,/cdaq/cosmic/commissioning2023/MWGR/v1.1/HLT/V1,Commissioning2023,4
364172,8497,62,2023-03-05 13:58:46,2023-03-05 13:59:48,"[CTPPS, CTPPS_TOT, PIXEL, RPC]",0.0,0.0,0,cosmics2023/v16,/cdaq/cosmic/commissioning2023/MWGR/v1.1/HLT/V1,Commissioning2023,4
364173,8497,11646,2023-03-05 14:02:12,2023-03-05 17:16:18,"[CTPPS, CTPPS_TOT, PIXEL, RPC]",0.0,0.0,1230510794,cosmics2023/v16,/cdaq/cosmic/commissioning2023/MWGR/v1.1/HLT/V1,Commissioning2023,4
364174,8497,53533,2023-03-05 17:22:07,2023-03-06 08:14:20,"[CTPPS, CTPPS_TOT, RPC]",0.0,0.0,5658278662,cosmics2023/v16,/cdaq/cosmic/commissioning2023/MWGR/v1.1/HLT/V1,Commissioning2023,4
364177,8497,1844,2023-03-06 08:29:43,2023-03-06 09:00:27,"[CSC, CTPPS, CTPPS_TOT, HCAL, RPC]",0.0,0.0,180738376,cosmics2023/v16,/cdaq/cosmic/commissioning2023/MWGR/v1.1/HLT/V1,Commissioning2023,4
364178,8497,611,2023-03-06 09:02:29,2023-03-06 09:12:41,"[CSC, CTPPS, CTPPS_TOT, HCAL, PIXEL, RPC]",0.0,0.0,60597827,cosmics2023/v16,/cdaq/cosmic/commissioning2023/MWGR/v1.1/HLT/V1,Commissioning2023,4
364182,8497,3961,2023-03-06 09:20:13,2023-03-06 10:26:14,"[CSC, CTPPS, CTPPS_TOT, HCAL, PIXEL, RPC]",0.0,0.0,417289442,cosmics2023/v16,/cdaq/cosmic/commissioning2023/MWGR/v1.1/HLT/V1,Commissioning2023,4
364187,8497,92,2023-03-06 10:32:39,2023-03-06 10:34:11,"[CSC, CTPPS, CTPPS_TOT, HCAL, PIXEL, RPC]",0.0,0.0,0,cosmics2023/v16,/cdaq/cosmic/commissioning2023/MWGR/v1.1/HLT/V1,Commissioning2023,4
364188,8497,45,2023-03-06 10:37:04,2023-03-06 10:37:49,"[CSC, CTPPS, CTPPS_TOT, HCAL, PIXEL, RPC]",0.0,0.0,0,cosmics2023/v16,/cdaq/cosmic/commissioning2023/MWGR/v1.1/HLT/V1,Commissioning2023,4
364189,8497,87,2023-03-06 10:40:37,2023-03-06 10:42:04,"[CSC, CTPPS, CTPPS_TOT, HCAL, PIXEL, RPC]",0.0,0.0,0,cosmics2023/v16,/cdaq/cosmic/commissioning2023/MWGR/v1.1/HLT/V1,Commissioning2023,4
364190,8497,72,2023-03-06 10:45:22,2023-03-06 10:46:34,"[CSC, CTPPS, CTPPS_TOT, HCAL, PIXEL, RPC]",0.0,0.0,868,cosmics2023/v16,/cdaq/cosmic/commissioning2023/MWGR/v1.1/HLT/V1,Commissioning2023,4
364191,8497,5218,2023-03-06 10:49:34,2023-03-06 12:16:32,"[CSC, CTPPS, CTPPS_TOT, HCAL, PIXEL, RPC]",0.0,0.0,550085328,cosmics2023/v16,/cdaq/cosmic/commissioning2023/MWGR/v1.1/HLT/V1,Commissioning2023,4
364195,8497,82,2023-03-06 12:20:37,2023-03-06 12:21:59,"[CSC, CTPPS, CTPPS_TOT, HCAL, PIXEL, RPC]",0.0,0.0,768,cosmics2023/v16,/cdaq/cosmic/commissioning2023/MWGR/v1.1/HLT/V1,Commissioning2023,4
364196,8497,53,2023-03-06 12:24:56,2023-03-06 12:25:49,"[CSC, CTPPS, CTPPS_TOT, HCAL, PIXEL, RPC]",0.0,0.0,4101,cosmics2023/v16,/cdaq/cosmic/commissioning2023/MWGR/v1.1/HLT/V1,Commissioning2023,4
364197,8497,4241,2023-03-06 12:28:03,2023-03-06 13:38:44,"[CSC, CTPPS, CTPPS_TOT, HCAL, PIXEL, RPC]",0.0,0.0,446889429,cosmics2023/v16,/cdaq/cosmic/commissioning2023/MWGR/v1.1/HLT/V1,Commissioning2023,4
364198,8497,946,2023-03-06 13:41:14,2023-03-06 13:56:59,"[CSC, CTPPS, CTPPS_TOT, HCAL, PIXEL, RPC]",0.0,0.0,98780875,cosmics2023/v17,/cdaq/cosmic/commissioning2023/MWGR/v1.1/HLT/V1,Commissioning2023,4
364199,8497,28,2023-03-06 14:00:18,2023-03-06 14:00:46,"[CSC, CTPPS, CTPPS_TOT, HCAL, PIXEL, RPC]",,,,testingl1t/v39,,Commissioning2023,
364200,8497,1209,2023-03-06 14:02:36,2023-03-06 14:22:45,"[CSC, CTPPS, CTPPS_TOT, HCAL, PIXEL, RPC]",0.0,0.0,125865044,testingl1t/v39,/cdaq/cosmic/commissioning2023/MWGR/v1.1/HLT/V1,Commissioning2023,4
364201,8497,49,2023-03-06 14:25:11,2023-03-06 14:26:00,"[CSC, CTPPS, CTPPS_TOT, HCAL, PIXEL, RPC]",0.0,0.0,2461578,testingl1t/v40,/cdaq/cosmic/commissioning2023/MWGR/v1.1/HLT/V1,Commissioning2023,4
364203,8497,29,2023-03-06 14:52:02,2023-03-06 14:52:31,"[CSC, CTPPS, CTPPS_TOT, HCAL, PIXEL, RPC]",0.0,0.0,,testingl1t/v40,/cdaq/cosmic/commissioning2023/MWGR/v1.1/HLT/V1,Commissioning2023,4
364205,8497,26,2023-03-06 14:57:52,2023-03-06 14:58:18,"[CSC, CTPPS, CTPPS_TOT, HCAL, PIXEL, RPC]",0.0,0.0,,testingl1t/v41,/cdaq/cosmic/commissioning2023/MWGR/v1.1/HLT/V1,Commissioning2023,
364211,8497,106,2023-03-06 15:35:12,2023-03-06 15:36:58,"[CSC, CTPPS, CTPPS_TOT, HCAL, PIXEL, RPC]",0.0,0.0,16556,testingl1t/v42,/cdaq/cosmic/commissioning2023/MWGR/v1.1/HLT/V1,Commissioning2023,4
364212,8497,35,2023-03-06 15:40:21,2023-03-06 15:40:56,"[CSC, CTPPS, CTPPS_TOT, HCAL, PIXEL, RPC]",0.0,0.0,1684677,testingl1t/v42,/cdaq/cosmic/commissioning2023/MWGR/v1.1/HLT/V1,Commissioning2023,4
364220,8497,50,2023-03-06 16:09:19,2023-03-06 16:10:09,"[CSC, CTPPS, CTPPS_TOT, HCAL, PIXEL, RPC]",0.0,0.0,69,cosmics2023/v18,/cdaq/cosmic/commissioning2023/MWGR/v1.1/HLT/V1,Commissioning2023,4
364221,8497,203,2023-03-06 16:13:09,2023-03-06 16:16:32,"[CSC, CTPPS, CTPPS_TOT, HCAL, PIXEL, RPC]",0.0,0.0,19334152,cosmics2023/v18,/cdaq/cosmic/commissioning2023/MWGR/v1.1/HLT/V1,Commissioning2023,4
364222,8497,1678,2023-03-06 16:18:59,2023-03-06 16:46:57,"[CTPPS, CTPPS_TOT, HCAL, PIXEL, RPC]",0.0,0.0,175346593,cosmics2023/v19,/cdaq/cosmic/commissioning2023/CRUZET/v1.0/HLT/V1,Commissioning2023,4
364223,8497,102,2023-03-06 16:53:15,2023-03-06 16:54:57,"[CTPPS, CTPPS_TOT, HCAL, PIXEL, RPC]",0.0,0.0,8196,cosmics2023/v19,/cdaq/cosmic/commissioning2023/CRUZET/v1.0/HLT/V1,Commissioning2023,4
364224,8497,55,2023-03-06 16:58:47,2023-03-06 16:59:42,"[CTPPS, CTPPS_TOT, HCAL, PIXEL, RPC]",0.0,0.0,6153,cosmics2023/v19,/cdaq/cosmic/commissioning2023/CRUZET/v1.0/HLT/V1,Commissioning2023,4
364225,8497,80,2023-03-06 17:03:26,2023-03-06 17:04:46,"[CTPPS, CTPPS_TOT, HCAL, PIXEL, RPC]",0.0,0.0,1537,cosmics2023/v19,/cdaq/cosmic/commissioning2023/CRUZET/v1.0/HLT/V1,Commissioning2023,4
364226,8497,95,2023-03-06 17:08:23,2023-03-06 17:09:58,"[CTPPS, CTPPS_TOT, HCAL, PIXEL, RPC]",0.0,0.0,481,cosmics2023/v19,/cdaq/cosmic/commissioning2023/CRUZET/v1.0/HLT/V1,Commissioning2023,4
364227,8497,63,2023-03-06 17:13:15,2023-03-06 17:14:18,"[CTPPS, CTPPS_TOT, HCAL, PIXEL, RPC]",0.0,0.0,13577,cosmics2023/v19,/cdaq/cosmic/commissioning2023/CRUZET/v1.0/HLT/V1,Commissioning2023,4
364228,8497,59,2023-03-06 17:19:03,2023-03-06 17:20:02,"[CTPPS, CTPPS_TOT, HCAL, PIXEL, RPC]",0.0,0.0,5890,cosmics2023/v19,/cdaq/cosmic/commissioning2023/CRUZET/v1.0/HLT/V1,Commissioning2023,4
364229,8497,37,2023-03-06 17:23:50,2023-03-06 17:24:27,"[CTPPS, CTPPS_TOT, RPC]",0.0,0.0,369110,cosmics2023/v19,/cdaq/cosmic/commissioning2023/CRUZET/v1.0/HLT/V1,Commissioning2023,4
364230,8497,819,2023-03-06 17:30:23,2023-03-06 17:44:02,"[CTPPS, CTPPS_TOT, RPC, TRACKER]",0.0,0.0,83943319,cosmics2023/v19,/cdaq/cosmic/commissioning2023/CRUZET/v1.0/HLT/V1,Commissioning2023,4
364231,8497,361,2023-03-06 17:45:48,2023-03-06 17:51:49,"[CTPPS, CTPPS_TOT, RPC, TRACKER]",0.0,0.0,34591872,cosmics2023/v19,/cdaq/cosmic/commissioning2023/CRUZET/v1.0/HLT/V1,Commissioning2023,4
364232,8497,1673,2023-03-06 17:53:06,2023-03-06 18:20:59,"[CTPPS, CTPPS_TOT, RPC, TRACKER]",0.0,0.0,175441371,cosmics2023/v19,/cdaq/cosmic/commissioning2023/CRUZET/v1.0/HLT/V1,Commissioning2023,4
364233,8497,36,2023-03-06 18:26:52,2023-03-06 18:27:28,"[CTPPS, CTPPS_TOT, RPC]",0.0,0.0,92,cosmics2023/v19,/cdaq/cosmic/commissioning2023/CRUZET/v1.0/HLT/V1,Commissioning2023,4
364234,8497,45,2023-03-06 18:29:57,2023-03-06 18:30:42,"[CTPPS, CTPPS_TOT, RPC]",0.0,0.0,93,cosmics2023/v19,/cdaq/cosmic/commissioning2023/CRUZET/v1.0/HLT/V1,Commissioning2023,4
364235,8497,72,2023-03-06 18:33:56,2023-03-06 18:35:08,"[CTPPS, CTPPS_TOT, RPC]",0.0,0.0,93,cosmics2023/v19,/cdaq/cosmic/commissioning2023/CRUZET/v1.0/HLT/V1,Commissioning2023,4
364236,8497,7100,2023-03-06 18:47:59,2023-03-06 20:46:19,"[CTPPS, CTPPS_TOT, RPC]",0.0,0.0,739653643,cosmics2023/v19,/cdaq/cosmic/commissioning2023/CRUZET/v1.0/HLT/V1,Commissioning2023,4
364238,8497,33808,2023-03-06 20:50:19,2023-03-07 06:13:47,"[CTPPS, CTPPS_TOT, RPC]",0.0,0.0,3352840236,cosmics2023/v19,/cdaq/cosmic/commissioning2023/CRUZET/v1.0/HLT/V1,Commissioning2023,4
364239,8497,7287,2023-03-07 06:19:13,2023-03-07 08:20:40,"[CTPPS, CTPPS_TOT, RPC]",0.0,0.0,768421111,cosmics2023/v19,/cdaq/cosmic/commissioning2023/CRUZET/v1.0/HLT/V1,Commissioning2023,4
364240,8497,499,2023-03-07 08:22:46,2023-03-07 08:31:05,"[CTPPS, CTPPS_TOT, PIXEL, RPC]",0.0,0.0,320430,cosmics2023/v19,/cdaq/cosmic/commissioning2023/CRUZET/v1.0/HLT/V1,Commissioning2023,4
364242,8497,153,2023-03-07 08:37:01,2023-03-07 08:39:33,"[CTPPS, CTPPS_TOT, HCAL, PIXEL, RPC]",0.0,0.0,96185,cosmics2023/v19,/cdaq/cosmic/commissioning2023/CRUZET/v1.0/HLT/V1,Commissioning2023,4
364245,8497,748,2023-03-07 08:43:47,2023-03-07 08:56:15,"[CSC, CTPPS, CTPPS_TOT, HCAL, PIXEL, RPC]",0.0,0.0,54464881,cosmics2023/v19,/cdaq/cosmic/commissioning2023/CRUZET/v1.0/HLT/V1,Commissioning2023,4
364246,8497,707,2023-03-07 08:59:01,2023-03-07 09:10:48,"[CSC, CTPPS, CTPPS_TOT, ECAL, HCAL, PIXEL, RPC]",0.0,0.0,69554839,cosmics2023/v19,/cdaq/cosmic/commissioning2023/CRUZET/v1.0/HLT/V1,Commissioning2023,4
364248,8497,4555,2023-03-07 09:14:17,2023-03-07 10:30:12,"[CSC, CTPPS, CTPPS_TOT, ECAL, GEM, HCAL, PIXEL, RPC]",0.0,0.0,460725018,cosmics2023/v19,/cdaq/cosmic/commissioning2023/CRUZET/v1.0/HLT/V1,Commissioning2023,4
364265,8497,1046,2023-03-07 10:31:09,2023-03-07 10:48:35,"[CSC, CTPPS, CTPPS_TOT, ECAL, GEM, HCAL, PIXEL, RPC]",0.0,0.0,108560541,cosmics2023/v19,/cdaq/cosmic/commissioning2023/CRUZET/v1.0/HLT/V1,Commissioning2023,4
364272,8497,5245,2023-03-07 10:50:51,2023-03-07 12:18:16,"[CSC, CTPPS, CTPPS_TOT, DT, ECAL, GEM, HCAL, PIXEL, RPC]",0.0,0.0,546382304,cosmics2023/v19,/cdaq/cosmic/commissioning2023/CRUZET/v1.0/HLT/V1,Commissioning2023,4
364289,8497,3028,2023-03-07 12:20:47,2023-03-07 13:11:15,"[CSC, CTPPS, CTPPS_TOT, ECAL, HCAL, PIXEL, RPC]",0.0,0.0,307530978,cosmics2023/v19,/cdaq/cosmic/commissioning2023/CRUZET/v1.0/HLT/V1,Commissioning2023,4
364290,8497,589,2023-03-07 13:15:14,2023-03-07 13:25:03,"[CSC, CTPPS, CTPPS_TOT, ECAL, PIXEL, RPC]",0.0,0.0,43335914,cosmics2023/v19,/cdaq/cosmic/commissioning2023/CRUZET/v1.0/HLT/V1,Commissioning2023,4
364292,8497,1033,2023-03-07 13:32:10,2023-03-07 13:49:23,"[CSC, CTPPS, CTPPS_TOT, ECAL, PIXEL, RPC]",0.0,0.0,104920399,cosmics2023/v19,/cdaq/cosmic/commissioning2023/CRUZET/v1.0/HLT/V1,Commissioning2023,4
364299,8497,22,2023-03-07 13:53:38,2023-03-07 13:54:00,"[CSC, CTPPS, CTPPS_TOT, ECAL, PIXEL, RPC]",0.0,0.0,,cosmics2023/v19,/cdaq/cosmic/commissioning2023/CRUZET/v1.0/HLT/V1,Commissioning2023,
364300,8497,688,2023-03-07 13:59:19,2023-03-07 14:10:47,"[CSC, CTPPS, CTPPS_TOT, ECAL, PIXEL, RPC]",,,,cosmics2023/v19,/cdaq/cosmic/commissioning2023/CRUZET/v1.0/HLT/V1,Commissioning2023,
364302,8497,173,2023-03-07 14:34:11,2023-03-07 14:37:04,"[CSC, CTPPS, CTPPS_TOT, ECAL, GEM, PIXEL, RPC]",0.0,0.0,6988,testingl1t/v44,/cdaq/cosmic/commissioning2023/CRUZET/v1.0/HLT/V1,Commissioning2023,4
364303,8497,130,2023-03-07 14:38:50,2023-03-07 14:41:00,"[CSC, CTPPS, CTPPS_TOT, ECAL, GEM, PIXEL, RPC]",0.0,0.0,9692,testingl1t/v44,/cdaq/cosmic/commissioning2023/CRUZET/v1.0/HLT/V1,Commissioning2023,4
364304,8497,129,2023-03-07 14:44:59,2023-03-07 14:47:08,"[CSC, CTPPS, CTPPS_TOT, ECAL, GEM, PIXEL, RPC]",0.0,0.0,30605,cosmics2023/v19,/cdaq/cosmic/commissioning2023/CRUZET/v1.0/HLT/V1,Commissioning2023,4
364305,8497,595,2023-03-07 14:51:22,2023-03-07 15:01:17,"[CSC, CTPPS, CTPPS_TOT, ECAL, GEM, HCAL, PIXEL, RPC]",0.0,0.0,365801,cosmics2023/v19,/cdaq/cosmic/commissioning2023/CRUZET/v1.0/HLT/V1,Commissioning2023,4
364306,8497,116,2023-03-07 15:03:37,2023-03-07 15:05:33,"[CSC, CTPPS, CTPPS_TOT, ECAL, GEM, HCAL, PIXEL, RPC]",0.0,0.0,58293,cosmics2023/v19,/cdaq/cosmic/commissioning2023/CRUZET/v1.0/HLT/V1,Commissioning2023,4
364307,8497,317,2023-03-07 15:09:24,2023-03-07 15:14:41,"[CSC, CTPPS, CTPPS_TOT, ECAL, GEM, PIXEL, RPC]",0.0,0.0,5280400,cosmics2023/v19,/cdaq/cosmic/commissioning2023/CRUZET/v1.0/HLT/V1,Commissioning2023,4
364310,8497,74,2023-03-07 15:41:47,2023-03-07 15:43:01,"[CSC, CTPPS, CTPPS_TOT, ECAL, GEM, PIXEL, RPC]",,,,testingl1t/v44,,Commissioning2023,
364312,8497,357,2023-03-07 15:45:19,2023-03-07 15:51:16,"[CSC, CTPPS, CTPPS_TOT, ECAL, GEM, PIXEL, RPC]",0.0,0.0,204473,testingl1t/v44,/cdaq/cosmic/commissioning2023/CRUZET/v1.0/HLT/V1,Commissioning2023,4
364316,8497,105,2023-03-07 16:00:59,2023-03-07 16:02:44,"[CTPPS, CTPPS_TOT, ECAL, GEM, PIXEL, RPC]",0.0,0.0,5763410,cosmics2023/v19,/cdaq/cosmic/commissioning2023/CRUZET/v1.0/HLT/V1,Commissioning2023,4
364317,8497,53,2023-03-07 16:04:09,2023-03-07 16:05:02,"[CTPPS, CTPPS_TOT, ECAL, GEM, PIXEL, RPC]",0.0,0.0,2202459,cosmics2023/v19,/cdaq/cosmic/commissioning2023/CRUZET/v1.0/HLT/V1,Commissioning2023,4
364318,8497,903,2023-03-07 16:08:09,2023-03-07 16:23:12,"[CTPPS, CTPPS_TOT, ECAL, GEM, PIXEL, RPC]",0.0,0.0,93662209,cosmics2023/v19,/cdaq/cosmic/commissioning2023/CRUZET/v1.0/HLT/V1,Commissioning2023,4
364320,8497,512,2023-03-07 16:26:01,2023-03-07 16:34:33,"[CTPPS, CTPPS_TOT, ECAL, GEM, PIXEL, RPC]",0.0,0.0,337276,cosmics2023/v19,/cdaq/cosmic/commissioning2023/CRUZET/v1.0/HLT/V1,Commissioning2023,4
364321,8497,508,2023-03-07 16:37:01,2023-03-07 16:45:29,"[CTPPS, CTPPS_TOT, ECAL, GEM, PIXEL, RPC]",0.0,0.0,337065,cosmics2023/v19,/cdaq/cosmic/commissioning2023/CRUZET/v1.0/HLT/V1,Commissioning2023,4
364322,8497,263,2023-03-07 16:47:38,2023-03-07 16:52:01,"[CTPPS, CTPPS_TOT, ECAL, GEM, PIXEL, RPC]",0.0,0.0,160354,cosmics2023/v19,/cdaq/cosmic/commissioning2023/CRUZET/v1.0/HLT/V1,Commissioning2023,4
364323,8497,349,2023-03-07 16:56:54,2023-03-07 17:02:43,"[CTPPS, CTPPS_TOT, DT, ECAL, RPC]",0.0,0.0,12335128,cosmics2023/v19,/cdaq/cosmic/commissioning2023/CRUZET/v1.0/HLT/V1,Commissioning2023,4
364324,8497,2379,2023-03-07 17:07:10,2023-03-07 17:46:49,"[CTPPS, CTPPS_TOT, ECAL, RPC]",0.0,0.0,245227196,cosmics2023/v19,/cdaq/cosmic/commissioning2023/CRUZET/v1.0/HLT/V1,Commissioning2023,4
364325,8497,332,2023-03-07 18:00:27,2023-03-07 18:05:59,"[CTPPS, CTPPS_TOT, RPC]",0.0,0.0,11052151,cosmics2023/v19,/cdaq/cosmic/commissioning2023/CRUZET/v1.0/HLT/V1,Commissioning2023,4
364326,8497,168,2023-03-07 18:10:01,2023-03-07 18:12:49,"[CTPPS, CTPPS_TOT, RPC]",0.0,0.0,12692600,cosmics2023/v19,/cdaq/cosmic/commissioning2023/CRUZET/v1.0/HLT/V1,Commissioning2023,4
364328,8497,29,2023-03-07 18:18:41,2023-03-07 18:19:10,"[CTPPS, CTPPS_TOT, RPC]",0.0,0.0,2025340,cosmics2023/v19,/cdaq/cosmic/commissioning2023/CRUZET/v1.0/HLT/V1,Commissioning2023,
364329,8497,60,2023-03-07 18:21:58,2023-03-07 18:22:59,"[CTPPS, CTPPS_TOT, RPC]",0.0,0.0,4279600,cosmics2023/v19,/cdaq/cosmic/commissioning2023/CRUZET/v1.0/HLT/V1,Commissioning2023,4
364331,8497,62,2023-03-07 18:26:57,2023-03-07 18:27:59,"[CTPPS, CTPPS_TOT, RPC]",0.0,0.0,4215428,cosmics2023/v19,/cdaq/cosmic/commissioning2023/CRUZET/v1.0/HLT/V1,Commissioning2023,4
364333,8497,51,2023-03-07 18:32:21,2023-03-07 18:33:12,"[CTPPS, CTPPS_TOT, RPC]",0.0,0.0,2089112,cosmics2023/v19,/cdaq/cosmic/commissioning2023/CRUZET/v1.0/HLT/V1,Commissioning2023,4
364334,8497,56,2023-03-07 18:36:05,2023-03-07 18:37:01,"[CTPPS, CTPPS_TOT, RPC]",,,,cosmics2023/v19,,Commissioning2023,
364335,8497,1529,2023-03-07 18:38:51,2023-03-07 19:04:19,"[CTPPS, CTPPS_TOT, RPC]",0.0,0.0,160439574,cosmics2023/v19,/cdaq/cosmic/commissioning2023/CRUZET/v1.0/HLT/V1,Commissioning2023,4
364337,8497,93,2023-03-07 19:11:58,2023-03-07 19:13:31,"[CTPPS, CTPPS_TOT, RPC]",0.0,0.0,141,cosmics2023/v19,/cdaq/cosmic/commissioning2023/CRUZET/v1.0/HLT/V1,Commissioning2023,4
364338,8497,41152,2023-03-07 19:17:08,2023-03-08 06:42:59,"[CTPPS, CTPPS_TOT, RPC]",0.0,0.0,4338228512,cosmics2023/v19,/cdaq/cosmic/commissioning2023/CRUZET/v1.0/HLT/V1,Commissioning2023,4
364339,8497,472,2023-03-08 06:53:41,2023-03-08 07:01:32,"[CSC, CTPPS, CTPPS_TOT, RPC]",0.0,0.0,36027422,cosmics2023/v19,/cdaq/cosmic/commissioning2023/CRUZET/v1.0/HLT/V1,Commissioning2023,4
364340,8497,6673,2023-03-08 07:03:03,2023-03-08 08:54:16,"[CSC, CTPPS, CTPPS_TOT, RPC]",0.0,0.0,702360209,cosmics2023/v19,/cdaq/cosmic/commissioning2023/CRUZET/v1.0/HLT/V1,Commissioning2023,4
364341,8497,3498,2023-03-08 08:56:39,2023-03-08 09:54:56,"[CSC, CTPPS, CTPPS_TOT, PIXEL, RPC]",0.0,0.0,362381411,cosmics2023/v19,/cdaq/cosmic/commissioning2023/CRUZET/v1.0/HLT/V1,Commissioning2023,4
364342,8497,369,2023-03-08 09:58:49,2023-03-08 10:04:58,"[CSC, CTPPS, CTPPS_TOT, DT, PIXEL, RPC]",0.0,0.0,173353,cosmics2023/v19,/cdaq/cosmic/commissioning2023/CRUZET/v1.0/HLT/V1,Commissioning2023,4
364348,8497,341,2023-03-08 10:54:50,2023-03-08 11:00:30,"[CSC, CTPPS, CTPPS_TOT, DT, ECAL, GEM, HCAL, PIXEL, RPC]",0.0,0.0,27532922,cosmics2023/v19,/cdaq/cosmic/commissioning2023/CRUZET/v1.0/HLT/V1,Commissioning2023,4
364349,8497,76,2023-03-08 11:03:16,2023-03-08 11:04:32,"[CSC, CTPPS, CTPPS_TOT, DT, ECAL, GEM, HCAL, PIXEL, RPC]",0.0,0.0,4882919,cosmics2023/v19,/cdaq/cosmic/commissioning2023/CRUZET/v1.0/HLT/V1,Commissioning2023,4
364350,8497,155,2023-03-08 11:08:15,2023-03-08 11:10:50,"[CSC, CTPPS, CTPPS_TOT, DT, ECAL, GEM, HCAL, PIXEL, RPC]",0.0,0.0,14710511,cosmics2023/v19,/cdaq/cosmic/commissioning2023/CRUZET/v1.0/HLT/V1,Commissioning2023,4
364352,8497,1990,2023-03-08 11:13:51,2023-03-08 11:47:01,"[CSC, CTPPS, CTPPS_TOT, DT, ECAL, GEM, HCAL, PIXEL, RPC]",0.0,0.0,206098704,cosmics2023/v19,/cdaq/cosmic/commissioning2023/CRUZET/v1.0/HLT/V1,Commissioning2023,4
364353,8497,5064,2023-03-08 11:50:07,2023-03-08 13:14:31,"[CSC, CTPPS, CTPPS_TOT, DT, ECAL, HCAL, PIXEL, RPC]",0.0,0.0,527852177,cosmics2023/v19,/cdaq/cosmic/commissioning2023/CRUZET/v1.0/HLT/V1,Commissioning2023,4
364356,8497,177,2023-03-08 13:18:35,2023-03-08 13:21:32,"[CSC, CTPPS, CTPPS_TOT, DT, ECAL, PIXEL, RPC]",,,,cosmics2023/v20,,Commissioning2023,
364357,8497,217,2023-03-08 13:23:12,2023-03-08 13:26:49,"[CSC, CTPPS, CTPPS_TOT, DT, ECAL, PIXEL, RPC]",0.0,0.0,19633998,cosmics2023/v20,/cdaq/cosmic/commissioning2023/CRUZET/v1.0/HLT/V1,Commissioning2023,4
364358,8497,27,2023-03-08 13:28:04,2023-03-08 13:28:31,"[CSC, CTPPS, CTPPS_TOT, DT, ECAL, PIXEL, RPC]",0.0,0.0,,cosmics2023/v20,/cdaq/cosmic/commissioning2023/CRUZET/v1.0/HLT/V1,Commissioning2023,
364360,8497,787,2023-03-08 13:31:26,2023-03-08 13:44:33,"[CSC, CTPPS, CTPPS_TOT, DT, ECAL, PIXEL, RPC]",0.0,0.0,80370611,cosmics2023/v20,/cdaq/cosmic/commissioning2023/CRUZET/v1.0/HLT/V1,Commissioning2023,4
364361,8497,6445,2023-03-08 13:47:37,2023-03-08 15:35:02,"[CTPPS, CTPPS_TOT, DT, ECAL, PIXEL, RPC]",0.0,0.0,679351378,cosmics2023/v20,/cdaq/cosmic/commissioning2023/CRUZET/v1.0/HLT/V1,Commissioning2023,4
364363,8497,50,2023-03-08 15:38:50,2023-03-08 15:39:40,"[CTPPS, CTPPS_TOT, ECAL, RPC]",0.0,0.0,111,cosmics2023/v20,/cdaq/cosmic/commissioning2023/CRUZET/v1.0/HLT/V1,Commissioning2023,4
364364,8497,41,2023-03-08 15:42:05,2023-03-08 15:42:46,"[CTPPS, CTPPS_TOT, ECAL, RPC]",0.0,0.0,111,cosmics2023/v20,/cdaq/cosmic/commissioning2023/CRUZET/v1.0/HLT/V1,Commissioning2023,4
364366,8497,57,2023-03-08 15:48:22,2023-03-08 15:49:19,"[CTPPS, CTPPS_TOT, DT, ECAL, HCAL, RPC]",0.0,0.0,96,cosmics2023/v20,/cdaq/cosmic/commissioning2023/CRUZET/v1.0/HLT/V1,Commissioning2023,4
364367,8497,2136,2023-03-08 15:52:05,2023-03-08 16:27:41,"[CTPPS, CTPPS_TOT, DT, ECAL, HCAL, RPC]",0.0,0.0,217610390,cosmics2023/v20,/cdaq/cosmic/commissioning2023/CRUZET/v1.0/HLT/V1,Commissioning2023,4
364373,8497,4503,2023-03-08 16:32:45,2023-03-08 17:47:48,"[CTPPS, CTPPS_TOT, HCAL, RPC]",0.0,0.0,468280806,cosmics2023/v20,/cdaq/cosmic/commissioning2023/CRUZET/v1.0/HLT/V1,Commissioning2023,4
364376,8497,43675,2023-03-08 17:50:51,2023-03-09 05:58:46,"[CTPPS, CTPPS_TOT, RPC]",0.0,0.0,4616558739,cosmics2023/v20,/cdaq/cosmic/commissioning2023/CRUZET/v1.0/HLT/V1,Commissioning2023,4
364378,8497,6923,2023-03-09 06:05:23,2023-03-09 08:00:46,"[CTPPS, CTPPS_TOT, DT, RPC]",0.0,0.0,724868929,cosmics2023/v20,/cdaq/cosmic/commissioning2023/CRUZET/v1.0/HLT/V1,Commissioning2023,4
364379,8497,66,2023-03-09 08:02:28,2023-03-09 08:03:34,"[CTPPS, CTPPS_TOT, DT, PIXEL, RPC]",0.0,0.0,26208,cosmics2023/v20,/cdaq/cosmic/commissioning2023/CRUZET/v1.0/HLT/V1,Commissioning2023,4
364381,8497,3829,2023-03-09 08:07:46,2023-03-09 09:11:35,"[CSC, CTPPS, CTPPS_TOT, DT, PIXEL, RPC]",0.0,0.0,324404474,cosmics2023/v20,/cdaq/cosmic/commissioning2023/CRUZET/v1.0/HLT/V1,Commissioning2023,4
364384,8497,308,2023-03-09 09:15:11,2023-03-09 09:20:19,"[CSC, CTPPS, CTPPS_TOT, DT, ECAL, PIXEL, RPC]",0.0,0.0,29517048,cosmics2023/v20,/cdaq/cosmic/commissioning2023/CRUZET/v1.0/HLT/V1,Commissioning2023,4
364385,8497,211,2023-03-09 09:28:32,2023-03-09 09:32:03,"[CSC, CTPPS, CTPPS_TOT, DT, ECAL, PIXEL, RPC]",0.0,0.0,17960530,cosmics2023/v20,/cdaq/cosmic/commissioning2023/CRUZET/v1.0/HLT/V1,Commissioning2023,4
364386,8497,411,2023-03-09 09:38:27,2023-03-09 09:45:18,"[CSC, CTPPS, CTPPS_TOT, DT, ECAL, PIXEL, RPC]",0.0,0.0,41936914,cosmics2023/v20,/cdaq/cosmic/commissioning2023/CRUZET/v1.0/HLT/V1,Commissioning2023,4
364387,8497,665,2023-03-09 09:48:11,2023-03-09 09:59:16,"[CSC, CTPPS, CTPPS_TOT, DT, ECAL, GEM, PIXEL, RPC]",0.0,0.0,68173728,cosmics2023/v20,/cdaq/cosmic/commissioning2023/CRUZET/v1.0/HLT/V1,Commissioning2023,4
364391,8497,235,2023-03-09 10:14:30,2023-03-09 10:18:25,"[CSC, CTPPS, CTPPS_TOT, DT, ECAL, GEM, PIXEL, RPC]",0.0,0.0,22142124,testingl1t/v45,/cdaq/cosmic/commissioning2023/CRUZET/v1.0/HLT/V1,Commissioning2023,4
364392,8497,638,2023-03-09 10:19:55,2023-03-09 10:30:33,"[CSC, CTPPS, CTPPS_TOT, DT, ECAL, GEM, PIXEL, RPC]",0.0,0.0,64028583,testingl1t/v45,/cdaq/cosmic/commissioning2023/CRUZET/v1.0/HLT/V1,Commissioning2023,4
364396,8497,317,2023-03-09 10:33:59,2023-03-09 10:39:16,"[CSC, CTPPS, CTPPS_TOT, DT, ECAL, GEM, PIXEL, RPC]",0.0,0.0,31975540,cosmics2023/v20,/cdaq/cosmic/commissioning2023/CRUZET/v1.0/HLT/V1,Commissioning2023,4
364401,8497,207,2023-03-09 11:15:31,2023-03-09 11:18:58,"[CSC, CTPPS, CTPPS_TOT, DT, ECAL, ES, GEM, PIXEL, RPC]",0.0,0.0,19648806,testingl1t/v46,/cdaq/cosmic/commissioning2023/CRUZET/v1.0/HLT/V1,Commissioning2023,4
364404,8497,3157,2023-03-09 11:22:26,2023-03-09 12:15:03,"[CSC, CTPPS, CTPPS_TOT, DT, ECAL, ES, GEM, PIXEL, RPC]",0.0,0.0,330538393,cosmics2023/v20,/cdaq/cosmic/commissioning2023/CRUZET/v1.0/HLT/V1,Commissioning2023,4
364407,8497,783,2023-03-09 12:17:30,2023-03-09 12:30:33,"[CSC, CTPPS, CTPPS_TOT, DT, ECAL, ES, GEM, PIXEL, RPC, TRACKER]",0.0,0.0,16801875,cosmics2023/v20,/cdaq/cosmic/commissioning2023/CRUZET/v1.0/HLT/V1,Commissioning2023,4
364412,8497,322,2023-03-09 13:02:25,2023-03-09 13:07:47,"[CSC, CTPPS, CTPPS_TOT, DT, ECAL, ES, GEM, PIXEL, RPC, TRACKER]",0.0,0.0,32070700,cosmics2023/v20,/cdaq/cosmic/commissioning2023/CRUZET/v1.0/HLT/V1,Commissioning2023,4
364413,8497,427,2023-03-09 13:16:51,2023-03-09 13:23:58,"[CSC, CTPPS, CTPPS_TOT, DT, ECAL, ES, GEM, PIXEL, RPC, TRACKER]",0.0,0.0,44422443,cosmics2023/v20,/cdaq/cosmic/commissioning2023/CRUZET/v1.0/HLT/V1,Commissioning2023,4
364414,8497,1837,2023-03-09 13:37:43,2023-03-09 14:08:20,"[CSC, CTPPS, CTPPS_TOT, DT, ECAL, ES, GEM, PIXEL, RPC, TRACKER]",0.0,0.0,135028731,cosmics2023/v20,/cdaq/cosmic/commissioning2023/CRUZET/v1.0/HLT/V1,Commissioning2023,4
364419,8497,104,2023-03-09 14:38:27,2023-03-09 14:40:11,"[CSC, CTPPS, CTPPS_TOT, DT, ECAL, ES, GEM, PIXEL, RPC, TRACKER]",,,,cosmics2023/v21,/cdaq/special/2023/L1TestHighRate_FromCosmics/HLT/V1,Commissioning2023,
364420,8497,1320,2023-03-09 14:45:12,2023-03-09 15:07:12,"[CSC, CTPPS, CTPPS_TOT, DT, ECAL, ES, GEM, PIXEL, RPC, TRACKER]",0.0,0.0,23680614,cosmics2023/v22,/cdaq/special/2023/L1TestHighRate_FromCosmics/HLT/V2,Commissioning2023,4
364421,8497,236,2023-03-09 15:08:50,2023-03-09 15:12:46,"[CSC, CTPPS, CTPPS_TOT, DT, ECAL, ES, GEM, PIXEL, RPC, TRACKER]",0.0,0.0,1336683,cosmics2023/v22,/cdaq/special/2023/L1TestHighRate_FromCosmics/HLT/V2,Commissioning2023,4
364422,8497,131,2023-03-09 15:15:35,2023-03-09 15:17:46,"[CSC, CTPPS, CTPPS_TOT, DT, ECAL, ES, GEM, PIXEL, RPC, TRACKER]",0.0,0.0,14650909,cosmics2023/v22,/cdaq/special/2023/L1TestHighRate_FromCosmics/HLT/V2,Commissioning2023,4
364423,8497,896,2023-03-09 15:26:34,2023-03-09 15:41:30,"[CSC, CTPPS, CTPPS_TOT, DT, ECAL, ES, GEM, PIXEL, RPC, TRACKER]",0.0,0.0,815376,cosmics2023/v22,/cdaq/special/2023/L1TestHighRate_FromCosmics/HLT/V2,Commissioning2023,4
364424,8497,5,2023-03-09 15:42:47,2023-03-09 15:42:53,"[CSC, CTPPS, CTPPS_TOT, DT, ECAL, ES, GEM, PIXEL, RPC, TRACKER]",0.0,0.0,,cosmics2023/v22,/cdaq/special/2023/L1TestHighRate_FromCosmics/HLT/V2,Commissioning2023,
364425,8497,306,2023-03-09 15:44:41,2023-03-09 15:49:47,"[CSC, CTPPS, CTPPS_TOT, DT, ECAL, ES, GEM, PIXEL, RPC, TRACKER]",0.0,0.0,138556,cosmics2023/v22,/cdaq/special/2023/L1TestHighRate_FromCosmics/HLT/V2,Commissioning2023,4
364426,8497,1068,2023-03-09 15:54:58,2023-03-09 16:12:46,"[CSC, CTPPS, CTPPS_TOT, DT, ECAL, ES, GEM, PIXEL, RPC, TRACKER]",0.0,0.0,1041222,cosmics2023/v22,/cdaq/special/2023/L1TestHighRate_FromCosmics/HLT/V2,Commissioning2023,4
364427,8497,159,2023-03-09 16:17:06,2023-03-09 16:19:45,"[CSC, CTPPS, CTPPS_TOT, DT, ECAL, ES, GEM, PIXEL, RPC, TRACKER]",0.0,0.0,69186,cosmics2023/v23,/cdaq/cosmic/commissioning2023/CRUZET/v1.0/HLT/V1,Commissioning2023,4
364428,8497,80,2023-03-09 16:29:24,2023-03-09 16:30:44,"[CSC, CTPPS, CTPPS_TOT, DT, GEM, HCAL, PIXEL, RPC]",0.0,0.0,166,cosmics2023/v23,/cdaq/cosmic/commissioning2023/CRUZET/v1.0/HLT/V1,Commissioning2023,4
364429,8497,83,2023-03-09 16:33:50,2023-03-09 16:35:13,"[CSC, CTPPS, CTPPS_TOT, DT, GEM, HCAL, PIXEL, RPC]",0.0,0.0,1024,cosmics2023/v23,/cdaq/cosmic/commissioning2023/CRUZET/v1.0/HLT/V1,Commissioning2023,4
364430,8497,58,2023-03-09 16:41:16,2023-03-09 16:42:14,"[CSC, CTPPS, CTPPS_TOT, DT, HCAL, PIXEL, RPC]",0.0,0.0,0,cosmics2023/v23,/cdaq/cosmic/commissioning2023/CRUZET/v1.0/HLT/V1,Commissioning2023,4
364431,8497,108,2023-03-09 16:45:31,2023-03-09 16:47:19,"[CSC, CTPPS, CTPPS_TOT, DT, HCAL, PIXEL, RPC]",0.0,0.0,180,cosmics2023/v23,/cdaq/cosmic/commissioning2023/CRUZET/v1.0/HLT/V1,Commissioning2023,4
364432,8497,84,2023-03-09 16:50:23,2023-03-09 16:51:47,"[CSC, CTPPS, CTPPS_TOT, DT, HCAL, PIXEL, RPC]",0.0,0.0,8797,cosmics2023/v23,/cdaq/cosmic/commissioning2023/CRUZET/v1.0/HLT/V1,Commissioning2023,4
364433,8497,4789,2023-03-09 16:55:37,2023-03-09 18:15:26,"[CSC, CTPPS, CTPPS_TOT, DT, HCAL, PIXEL, RPC]",0.0,0.0,497217790,cosmics2023/v23,/cdaq/cosmic/commissioning2023/CRUZET/v1.0/HLT/V1,Commissioning2023,4
364437,8497,176,2023-03-09 18:21:51,2023-03-09 18:24:47,"[CSC, CTPPS, CTPPS_TOT, HCAL, RPC]",0.0,0.0,7806402,cosmics2023/v23,/cdaq/cosmic/commissioning2023/CRUZET/v1.0/HLT/V1,Commissioning2023,4
364438,8497,4807,2023-03-09 18:28:26,2023-03-09 19:48:33,"[CSC, CTPPS, CTPPS_TOT, RPC]",0.0,0.0,491533819,cosmics2023/v23,/cdaq/cosmic/commissioning2023/CRUZET/v1.0/HLT/V1,Commissioning2023,4
364440,8497,24,2023-03-09 19:52:04,2023-03-09 19:52:28,"[CTPPS, CTPPS_TOT, RPC]",,,,cosmics2023/v23,,Commissioning2023,
364441,8497,40979,2023-03-09 19:54:36,2023-03-10 07:17:35,"[CTPPS, CTPPS_TOT, RPC]",0.0,0.0,4318608646,cosmics2023/v23,/cdaq/cosmic/commissioning2023/CRUZET/v1.0/HLT/V1,Commissioning2023,4
364442,8497,1102,2023-03-10 07:19:41,2023-03-10 07:38:03,"[CTPPS, CTPPS_TOT, PIXEL, RPC]",0.0,0.0,113529416,cosmics2023/v23,/cdaq/cosmic/commissioning2023/CRUZET/v1.0/HLT/V1,Commissioning2023,4
364443,8497,2115,2023-03-10 07:39:58,2023-03-10 08:15:13,"[CTPPS, CTPPS_TOT, PIXEL, RPC, TRACKER]",0.0,0.0,222308491,cosmics2023/v23,/cdaq/cosmic/commissioning2023/CRUZET/v1.0/HLT/V1,Commissioning2023,4
364444,8497,3330,2023-03-10 08:18:28,2023-03-10 09:13:58,"[CSC, CTPPS, CTPPS_TOT, PIXEL, RPC, TRACKER]",0.0,0.0,350594117,cosmics2023/v23,/cdaq/cosmic/commissioning2023/CRUZET/v1.0/HLT/V1,Commissioning2023,4
364445,8497,115,2023-03-10 09:16:19,2023-03-10 09:18:14,"[CSC, CTPPS, CTPPS_TOT, DT, PIXEL, RPC, TRACKER]",0.0,0.0,9809479,cosmics2023/v23,/cdaq/cosmic/commissioning2023/CRUZET/v1.0/HLT/V1,Commissioning2023,4
364446,8497,1412,2023-03-10 09:20:32,2023-03-10 09:44:04,"[CSC, CTPPS, CTPPS_TOT, DT, HCAL, PIXEL, RPC, TRACKER]",0.0,0.0,147968241,cosmics2023/v23,/cdaq/cosmic/commissioning2023/CRUZET/v1.0/HLT/V1,Commissioning2023,4
364450,8497,276,2023-03-10 09:47:14,2023-03-10 09:51:50,"[CSC, CTPPS, CTPPS_TOT, DT, HCAL, PIXEL, RPC, TRACKER]",0.0,0.0,27138866,cosmics2023/v23,/cdaq/cosmic/commissioning2023/CRUZET/v1.0/HLT/V1,Commissioning2023,4
364451,8497,1050,2023-03-10 09:54:44,2023-03-10 10:12:14,"[CSC, CTPPS, CTPPS_TOT, DT, PIXEL, RPC, TRACKER]",0.0,0.0,108477132,cosmics2023/v23,/cdaq/cosmic/commissioning2023/CRUZET/v1.0/HLT/V1,Commissioning2023,4
364452,8497,3030,2023-03-10 10:20:31,2023-03-10 11:11:01,"[CSC, CTPPS, CTPPS_TOT, DT, GEM, PIXEL, RPC, TRACKER]",0.0,0.0,318215737,cosmics2023/v23,/cdaq/cosmic/commissioning2023/CRUZET/v1.0/HLT/V1,Commissioning2023,4
364455,8497,4342,2023-03-10 11:25:25,2023-03-10 12:37:47,"[CSC, CTPPS, CTPPS_TOT, DT, PIXEL, RPC, TRACKER]",0.0,0.0,456318627,cosmics2023/v23,/cdaq/cosmic/commissioning2023/CRUZET/v1.0/HLT/V1,Commissioning2023,4
364457,8497,3698,2023-03-10 12:42:50,2023-03-10 13:44:28,"[CSC, CTPPS, CTPPS_TOT, DT, ECAL, PIXEL, RPC, TRACKER]",0.0,0.0,390604271,cosmics2023/v23,/cdaq/cosmic/commissioning2023/CRUZET/v1.0/HLT/V1,Commissioning2023,4
364460,8497,2402,2023-03-10 13:55:01,2023-03-10 14:35:03,"[CSC, CTPPS, CTPPS_TOT, DT, ECAL, PIXEL, RPC, TRACKER]",0.0,0.0,251735964,testingl1t/v47,/cdaq/cosmic/commissioning2023/CRUZET/v1.0/HLT/V1,Commissioning2023,4
364461,8497,972,2023-03-10 14:38:33,2023-03-10 14:54:45,"[CSC, CTPPS, CTPPS_TOT, DT, ECAL, PIXEL, RPC, TRACKER]",0.0,0.0,101122301,cosmics2023/v24,/cdaq/cosmic/commissioning2023/CRUZET/v1.0/HLT/V1,Commissioning2023,4
364463,8497,136,2023-03-10 15:28:24,2023-03-10 15:30:40,"[CTPPS, CTPPS_TOT, DT, ECAL, PIXEL, RPC, TRACKER]",,,,cosmics2023/v24,,Commissioning2023,
364469,8497,948,2023-03-10 15:50:26,2023-03-10 16:06:14,"[CSC, CTPPS, CTPPS_TOT, DT, ECAL, HCAL, PIXEL, RPC, TRACKER]",0.0,0.0,82451754,cosmics2023/v24,/cdaq/cosmic/commissioning2023/CRUZET/v1.0/HLT/V1,Commissioning2023,4
364473,8497,558,2023-03-10 16:09:28,2023-03-10 16:18:45,"[CSC, CTPPS, CTPPS_TOT, DT, ECAL, HCAL, PIXEL, RPC, TRACKER]",0.0,0.0,52670321,cosmics2023/v24,/cdaq/cosmic/commissioning2023/CRUZET/v1.0/HLT/V1,Commissioning2023,4
364477,8497,1940,2023-03-10 16:24:08,2023-03-10 16:56:28,"[CTPPS, CTPPS_TOT, DT, ECAL, HCAL, PIXEL, RPC, TRACKER]",0.0,0.0,172058844,cosmics2023/v24,/cdaq/cosmic/commissioning2023/CRUZET/v1.0/HLT/V1,Commissioning2023,4
364482,8497,104,2023-03-10 17:00:50,2023-03-10 17:02:34,"[CTPPS, CTPPS_TOT, DT, ECAL, HCAL, PIXEL, RPC]",0.0,0.0,19925,cosmics2023/v24,/cdaq/cosmic/commissioning2023/CRUZET/v1.0/HLT/V1,Commissioning2023,4
364485,8497,645,2023-03-10 17:03:30,2023-03-10 17:14:15,"[CTPPS, CTPPS_TOT, DT, ECAL, HCAL, PIXEL, RPC]",0.0,0.0,48001839,cosmics2023/v24,/cdaq/cosmic/commissioning2023/CRUZET/v1.0/HLT/V1,Commissioning2023,4
364490,8497,356,2023-03-10 17:29:38,2023-03-10 17:35:34,"[CTPPS, CTPPS_TOT, DT, HCAL, PIXEL, RPC]",0.0,0.0,25270911,cosmics2023/v24,/cdaq/cosmic/commissioning2023/CRUZET/v1.0/HLT/V1,Commissioning2023,4
364493,8497,66,2023-03-10 17:58:00,2023-03-10 17:59:06,"[CTPPS, CTPPS_TOT, DT, HCAL, PIXEL, RPC]",0.0,0.0,4776003,cosmics2023/v24,/cdaq/cosmic/commissioning2023/CRUZET/v1.0/HLT/V1,Commissioning2023,4
364494,8497,400,2023-03-10 18:01:35,2023-03-10 18:08:15,"[CTPPS, CTPPS_TOT, DT, HCAL, PIXEL, RPC]",0.0,0.0,38951204,cosmics2023/v24,/cdaq/cosmic/commissioning2023/CRUZET/v1.0/HLT/V1,Commissioning2023,4
364495,8497,49,2023-03-10 18:15:01,2023-03-10 18:15:50,"[CTPPS, CTPPS_TOT, DT, RPC]",0.0,0.0,0,cosmics2023/v24,/cdaq/cosmic/commissioning2023/CRUZET/v1.0/HLT/V1,Commissioning2023,4
364496,8497,101,2023-03-10 18:18:38,2023-03-10 18:20:19,"[CTPPS, CTPPS_TOT, DT, RPC]",0.0,0.0,0,cosmics2023/v24,/cdaq/cosmic/commissioning2023/CRUZET/v1.0/HLT/V1,Commissioning2023,4
364497,8497,1944,2023-03-10 18:34:56,2023-03-10 19:07:20,"[CSC, CTPPS, CTPPS_TOT, DT, PIXEL, RPC]",0.0,0.0,196200813,cosmics2023/v24,/cdaq/cosmic/commissioning2023/CRUZET/v1.0/HLT/V1,Commissioning2023,4
364503,8497,2187,2023-03-10 19:10:30,2023-03-10 19:46:57,"[CSC, CTPPS, CTPPS_TOT, DT, RPC]",0.0,0.0,223059889,cosmics2023/v24,/cdaq/cosmic/commissioning2023/CRUZET/v1.0/HLT/V1,Commissioning2023,4
364505,8497,678,2023-03-10 19:50:02,2023-03-10 20:01:20,"[CTPPS, CTPPS_TOT, DT, RPC]",0.0,0.0,63419265,cosmics2023/v24,/cdaq/cosmic/commissioning2023/CRUZET/v1.0/HLT/V1,Commissioning2023,4
364508,8497,46790,2023-03-10 20:08:57,2023-03-11 09:08:47,"[CTPPS, CTPPS_TOT, RPC]",0.0,0.0,4937785052,cosmics2023/v24,/cdaq/cosmic/commissioning2023/CRUZET/v1.0/HLT/V1,Commissioning2023,4
364509,8497,1680,2023-03-11 09:11:47,2023-03-11 09:39:47,"[CTPPS, CTPPS_TOT, HCAL, RPC]",0.0,0.0,175314345,cosmics2023/v24,/cdaq/cosmic/commissioning2023/CRUZET/v1.0/HLT/V1,Commissioning2023,4
364512,8497,23,2023-03-11 09:42:40,2023-03-11 09:43:03,"[CTPPS, CTPPS_TOT, RPC]",,,,cosmics2023/v24,,Commissioning2023,
364513,8497,9341,2023-03-11 09:45:04,2023-03-11 12:20:45,"[CTPPS, CTPPS_TOT, RPC]",0.0,0.0,1023002512,cosmics2023/v24,/cdaq/cosmic/commissioning2023/CRUZET/v1.0/HLT/V1,Commissioning2023,4
364514,8497,304,2023-03-11 12:22:55,2023-03-11 12:27:59,"[CTPPS, CTPPS_TOT, PIXEL, RPC]",0.0,0.0,28033033,cosmics2023/v24,/cdaq/cosmic/commissioning2023/CRUZET/v1.0/HLT/V1,Commissioning2023,4
364515,8497,1638,2023-03-11 12:29:41,2023-03-11 12:56:59,"[CTPPS, CTPPS_TOT, PIXEL, RPC]",0.0,0.0,180007830,cosmics2023/v24,/cdaq/cosmic/commissioning2023/CRUZET/v1.0/HLT/V1,Commissioning2023,4
364516,8497,3474,2023-03-11 12:59:39,2023-03-11 13:57:32,"[CTPPS, CTPPS_TOT, HCAL, PIXEL, RPC]",0.0,0.0,380481946,cosmics2023/v24,/cdaq/cosmic/commissioning2023/CRUZET/v1.0/HLT/V1,Commissioning2023,4
364518,8497,12512,2023-03-11 13:59:59,2023-03-11 17:28:31,"[CTPPS, CTPPS_TOT, PIXEL, RPC]",0.0,0.0,1376782465,cosmics2023/v24,/cdaq/cosmic/commissioning2023/CRUZET/v1.0/HLT/V1,Commissioning2023,4
364519,8497,64,2023-03-11 17:32:27,2023-03-11 17:33:30,"[CTPPS, CTPPS_TOT, RPC]",0.0,0.0,483355,cosmics2023/v24,/cdaq/cosmic/commissioning2023/CRUZET/v1.0/HLT/V1,Commissioning2023,4
364520,8497,53592,2023-03-11 17:35:04,2023-03-12 08:28:16,"[CTPPS, CTPPS_TOT, RPC]",0.0,0.0,5862099961,cosmics2023/v24,/cdaq/cosmic/commissioning2023/CRUZET/v1.0/HLT/V1,Commissioning2023,4
364521,8497,74,2023-03-12 08:32:29,2023-03-12 08:33:43,"[CTPPS, CTPPS_TOT, RPC]",0.0,0.0,100,cosmics2023/v24,/cdaq/cosmic/commissioning2023/CRUZET/v1.0/HLT/V1,Commissioning2023,4
364522,8497,5346,2023-03-12 08:37:04,2023-03-12 10:06:10,"[CTPPS, CTPPS_TOT, RPC]",0.0,0.0,588799172,cosmics2023/v24,/cdaq/cosmic/commissioning2023/CRUZET/v1.0/HLT/V1,Commissioning2023,4
364523,8497,12150,2023-03-12 10:08:47,2023-03-12 13:31:16,"[CTPPS, CTPPS_TOT]",0.0,0.0,1229615836,cosmics2023/v24,/cdaq/cosmic/commissioning2023/CRUZET/v1.0/HLT/V1,Commissioning2023,4
364524,8497,849,2023-03-12 13:33:38,2023-03-12 13:47:47,"[CTPPS, CTPPS_TOT, PIXEL]",0.0,0.0,77864904,cosmics2023/v24,/cdaq/cosmic/commissioning2023/CRUZET/v1.0/HLT/V1,Commissioning2023,4
364525,8497,1203,2023-03-12 13:52:39,2023-03-12 14:12:41,"[CTPPS, CTPPS_TOT, PIXEL]",0.0,0.0,120660609,cosmics2023/v24,/cdaq/cosmic/commissioning2023/CRUZET/v1.0/HLT/V1,Commissioning2023,4
364526,8497,4143,2023-03-12 14:15:09,2023-03-12 15:24:12,"[CTPPS, CTPPS_TOT, PIXEL]",0.0,0.0,418800235,cosmics2023/v24,/cdaq/cosmic/commissioning2023/CRUZET/v1.0/HLT/V1,Commissioning2023,4
364527,8497,1732,2023-03-12 15:27:24,2023-03-12 15:56:16,"[CTPPS, CTPPS_TOT, HCAL, PIXEL]",0.0,0.0,147838845,cosmics2023/v24,/cdaq/cosmic/commissioning2023/CRUZET/v1.0/HLT/V1,Commissioning2023,4
364530,8497,5158,2023-03-12 16:01:32,2023-03-12 17:27:30,"[CTPPS, CTPPS_TOT]",0.0,0.0,512184975,cosmics2023/v24,/cdaq/cosmic/commissioning2023/CRUZET/v1.0/HLT/V1,Commissioning2023,4
364531,8497,44073,2023-03-12 17:31:06,2023-03-13 05:45:39,"[CTPPS, CTPPS_TOT]",0.0,0.0,4448946220,cosmics2023/v24,/cdaq/cosmic/commissioning2023/CRUZET/v1.0/HLT/V1,Commissioning2023,4
364532,8497,97,2023-03-13 05:49:24,2023-03-13 05:51:01,"[CTPPS, CTPPS_TOT]",0.0,0.0,830,cosmics2023/v24,/cdaq/cosmic/commissioning2023/CRUZET/v1.0/HLT/V1,Commissioning2023,4
364533,8497,8300,2023-03-13 05:54:11,2023-03-13 08:12:31,"[CTPPS, CTPPS_TOT]",0.0,0.0,838181310,cosmics2023/v24,/cdaq/cosmic/commissioning2023/CRUZET/v1.0/HLT/V1,Commissioning2023,4
364535,8497,56,2023-03-13 08:16:59,2023-03-13 08:17:55,"[CSC, CTPPS, CTPPS_TOT]",0.0,0.0,1273836,cosmics2023/v24,/cdaq/cosmic/commissioning2023/CRUZET/v1.0/HLT/V1,Commissioning2023,4
364536,8497,2804,2023-03-13 08:19:46,2023-03-13 09:06:30,"[CSC, CTPPS, CTPPS_TOT]",0.0,0.0,283243862,cosmics2023/v24,/cdaq/cosmic/commissioning2023/CRUZET/v1.0/HLT/V1,Commissioning2023,4
364540,8497,250,2023-03-13 09:09:33,2023-03-13 09:13:44,"[CSC, CTPPS, CTPPS_TOT, GEM]",0.0,0.0,23535080,cosmics2023/v24,/cdaq/cosmic/commissioning2023/CRUZET/v1.0/HLT/V1,Commissioning2023,4
364541,8497,69,2023-03-13 09:16:07,2023-03-13 09:17:16,"[CSC, CTPPS, CTPPS_TOT, GEM, HCAL]",0.0,0.0,4634190,cosmics2023/v24,/cdaq/cosmic/commissioning2023/CRUZET/v1.0/HLT/V1,Commissioning2023,4
364542,8497,1193,2023-03-13 09:18:40,2023-03-13 09:38:33,"[CSC, CTPPS, CTPPS_TOT, GEM, HCAL, PIXEL]",0.0,0.0,118149645,cosmics2023/v24,/cdaq/cosmic/commissioning2023/CRUZET/v1.0/HLT/V1,Commissioning2023,4
364548,8497,1764,2023-03-13 09:41:37,2023-03-13 10:11:01,"[CSC, CTPPS, CTPPS_TOT, GEM, PIXEL]",0.0,0.0,177278242,cosmics2023/v24,/cdaq/cosmic/commissioning2023/CRUZET/v1.0/HLT/V1,Commissioning2023,4
364549,8497,4965,2023-03-13 10:14:14,2023-03-13 11:36:59,"[CSC, CTPPS, CTPPS_TOT, PIXEL]",0.0,0.0,496518641,cosmics2023/v24,/cdaq/cosmic/commissioning2023/CRUZET/v1.0/HLT/V1,Commissioning2023,4
364554,8497,1892,2023-03-13 11:40:15,2023-03-13 12:11:47,"[CSC, CTPPS, CTPPS_TOT, PIXEL]",0.0,0.0,189095837,cosmics2023/v24,/cdaq/cosmic/commissioning2023/CRUZET/v1.0/HLT/V1,Commissioning2023,4
364559,8497,1063,2023-03-13 12:14:15,2023-03-13 12:31:58,"[CSC, CTPPS, CTPPS_TOT, PIXEL, TRACKER]",0.0,0.0,106398267,cosmics2023/v24,/cdaq/cosmic/commissioning2023/CRUZET/v1.0/HLT/V1,Commissioning2023,4
364564,8497,2024,2023-03-13 12:34:32,2023-03-13 13:08:16,"[CTPPS, CTPPS_TOT, PIXEL, TRACKER]",0.0,0.0,203456665,cosmics2023/v24,/cdaq/cosmic/commissioning2023/CRUZET/v1.0/HLT/V1,Commissioning2023,4
364565,8497,70,2023-03-13 13:11:17,2023-03-13 13:12:27,"[CTPPS, CTPPS_TOT, ECAL, PIXEL, TRACKER]",0.0,0.0,1207056,cosmics2023/v24,/cdaq/cosmic/commissioning2023/CRUZET/v1.0/HLT/V1,Commissioning2023,4
364566,8497,4332,2023-03-13 13:14:05,2023-03-13 14:26:17,"[CTPPS, CTPPS_TOT, ECAL, PIXEL, TRACKER]",0.0,0.0,437808627,cosmics2023/v24,/cdaq/cosmic/commissioning2023/CRUZET/v1.0/HLT/V1,Commissioning2023,4
364571,8497,694,2023-03-13 14:30:10,2023-03-13 14:41:43,"[CTPPS, CTPPS_TOT, DT, ECAL, PIXEL, TRACKER]",0.0,0.0,68019207,cosmics2023/v24,/cdaq/cosmic/commissioning2023/CRUZET/v1.0/HLT/V1,Commissioning2023,4
364572,8497,6662,2023-03-13 14:45:47,2023-03-13 16:36:49,"[CTPPS, CTPPS_TOT, DT, ECAL, PIXEL, RPC, TRACKER]",0.0,0.0,732476408,cosmics2023/v24,/cdaq/cosmic/commissioning2023/CRUZET/v1.0/HLT/V1,Commissioning2023,4
364595,8497,576,2023-03-13 16:41:12,2023-03-13 16:50:48,"[CTPPS, CTPPS_TOT, ECAL, PIXEL]",0.0,0.0,21335622,cosmics2023/v24,/cdaq/cosmic/commissioning2023/CRUZET/v1.0/HLT/V1,Commissioning2023,4
364596,8497,918,2023-03-13 17:01:23,2023-03-13 17:16:41,"[CTPPS, CTPPS_TOT, DT, ECAL, PIXEL, RPC]",0.0,0.0,100083059,cosmics2023/v24,/cdaq/cosmic/commissioning2023/CRUZET/v1.0/HLT/V1,Commissioning2023,4
364600,8497,561,2023-03-13 17:20:08,2023-03-13 17:29:29,"[CTPPS, CTPPS_TOT, PIXEL]",0.0,0.0,54322847,cosmics2023/v24,/cdaq/cosmic/commissioning2023/CRUZET/v1.0/HLT/V1,Commissioning2023,4
364602,8497,2,2023-03-13 17:33:11,2023-03-13 17:33:13,"[CTPPS, CTPPS_TOT, RPC]",0.0,0.0,,cosmics2023/v24,/cdaq/cosmic/commissioning2023/CRUZET/v1.0/HLT/V1,Commissioning2023,
364603,8497,2262,2023-03-13 17:37:17,2023-03-13 18:15:00,"[CTPPS, CTPPS_TOT, RPC]",0.0,0.0,246775621,cosmics2023/v24,/cdaq/cosmic/commissioning2023/CRUZET/v1.0/HLT/V1,Commissioning2023,4
364604,8497,3778,2023-03-13 18:18:46,2023-03-13 19:21:44,"[CTPPS, CTPPS_TOT, HCAL, RPC]",0.0,0.0,413938471,cosmics2023/v24,/cdaq/cosmic/commissioning2023/CRUZET/v1.0/HLT/V1,Commissioning2023,4
364608,8497,83,2023-03-13 19:25:40,2023-03-13 19:27:03,"[CTPPS, CTPPS_TOT]",0.0,0.0,54775,cosmics2023/v24,/cdaq/cosmic/commissioning2023/CRUZET/v1.0/HLT/V1,Commissioning2023,4
364609,8497,4260,2023-03-13 19:28:21,2023-03-13 20:39:21,"[CTPPS, CTPPS_TOT]",0.0,0.0,410304068,cosmics2023/v24,/cdaq/cosmic/commissioning2023/CRUZET/v1.0/HLT/V1,Commissioning2023,4
364610,8497,107,2023-03-13 20:42:47,2023-03-13 20:44:35,"[CTPPS, CTPPS_TOT]",0.0,0.0,479,cosmics2023/v24,/cdaq/cosmic/commissioning2023/CRUZET/v1.0/HLT/V1,Commissioning2023,4
364611,8497,8483,2023-03-13 20:48:05,2023-03-13 23:09:28,"[CTPPS, CTPPS_TOT]",0.0,0.0,801931726,cosmics2023/v24,/cdaq/cosmic/commissioning2023/CRUZET/v1.0/HLT/V1,Commissioning2023,4
364612,8497,32104,2023-03-13 23:12:12,2023-03-14 08:07:16,"[CTPPS, CTPPS_TOT]",0.0,0.0,3251015962,cosmics2023/v24,/cdaq/cosmic/commissioning2023/CRUZET/v1.0/HLT/V1,Commissioning2023,4
364613,8497,269,2023-03-14 08:09:57,2023-03-14 08:14:26,"[CTPPS, CTPPS_TOT, PIXEL]",,,,cosmics2023/v24,/cdaq/cosmic/commissioning2023/CRUZET/v1.0/HLT/V1,Commissioning2023,
364614,8497,453,2023-03-14 08:17:55,2023-03-14 08:25:28,"[CTPPS, CTPPS_TOT, PIXEL]",,,,cosmics2023/v24,/cdaq/cosmic/commissioning2023/CRUZET/v1.0/HLT/V1,Commissioning2023,
364615,8497,485,2023-03-14 08:29:24,2023-03-14 08:37:29,"[CTPPS, CTPPS_TOT, PIXEL]",,,,cosmics2023/v24,/cdaq/cosmic/commissioning2023/CRUZET/v1.0/HLT/V1,Commissioning2023,
364616,8497,964,2023-03-14 08:42:09,2023-03-14 08:58:13,"[CSC, CTPPS, CTPPS_TOT, PIXEL]",0.0,0.0,60227086,cosmics2023/v24,/cdaq/cosmic/commissioning2023/CRUZET/v1.0/HLT/V1,Commissioning2023,4
364617,8497,54,2023-03-14 09:00:55,2023-03-14 09:01:49,"[CSC, CTPPS, CTPPS_TOT, HCAL, PIXEL]",,,,cosmics2023/v24,,Commissioning2023,
364618,8497,983,2023-03-14 09:03:56,2023-03-14 09:20:19,"[CSC, CTPPS, CTPPS_TOT, HCAL, PIXEL]",0.0,0.0,73916033,cosmics2023/v24,/cdaq/cosmic/commissioning2023/CRUZET/v1.0/HLT/V1,Commissioning2023,4
364621,8497,459,2023-03-14 09:24:40,2023-03-14 09:32:18,"[CSC, CTPPS, CTPPS_TOT, DT, GEM, HCAL, PIXEL, TRACKER]",0.0,0.0,18525110,cosmics2023/v24,/cdaq/cosmic/commissioning2023/CRUZET/v1.0/HLT/V1,Commissioning2023,4
364629,8497,51,2023-03-14 09:33:53,2023-03-14 09:34:45,"[CSC, CTPPS, CTPPS_TOT, DT, GEM, HCAL, PIXEL, TRACKER, TRG]",0.0,0.0,11768,cosmics2023/v24,/cdaq/cosmic/commissioning2023/CRUZET/v1.0/HLT/V1,Commissioning2023,
364630,8497,4452,2023-03-14 09:36:22,2023-03-14 10:50:34,"[CSC, CTPPS, CTPPS_TOT, DT, GEM, HCAL, PIXEL, RPC, TRACKER, TRG]",0.0,0.0,463853669,cosmics2023/v24,/cdaq/cosmic/commissioning2023/CRUZET/v1.0/HLT/V1,Commissioning2023,
364642,8497,154,2023-03-14 11:03:34,2023-03-14 11:06:08,"[CSC, CTPPS, CTPPS_TOT, DT, GEM, HCAL, PIXEL, RPC]",0.0,0.0,57,cosmics2023/v24,/cdaq/cosmic/commissioning2023/CRUZET/v1.0/HLT/V1,Commissioning2023,4
364644,8497,304,2023-03-14 11:08:53,2023-03-14 11:13:57,"[CSC, CTPPS, CTPPS_TOT, DT, GEM, HCAL, PIXEL, RPC]",0.0,0.0,23879737,cosmics2023/v24,/cdaq/cosmic/commissioning2023/CRUZET/v1.0/HLT/V1,Commissioning2023,4
364647,8497,95,2023-03-14 11:18:29,2023-03-14 11:20:04,"[CSC, CTPPS, CTPPS_TOT, DT, GEM, HCAL, PIXEL, RPC]",0.0,0.0,130,cosmics2023/v24,/cdaq/cosmic/commissioning2023/CRUZET/v1.0/HLT/V1,Commissioning2023,4
364648,8497,1161,2023-03-14 11:22:58,2023-03-14 11:42:19,"[CSC, CTPPS, CTPPS_TOT, DT, GEM, HCAL, PIXEL, RPC]",0.0,0.0,125770739,cosmics2023/v24,/cdaq/cosmic/commissioning2023/CRUZET/v1.0/HLT/V1,Commissioning2023,4
364650,8497,509,2023-03-14 11:45:03,2023-03-14 11:53:32,"[CSC, CTPPS, CTPPS_TOT, DT, GEM, HCAL, PIXEL, RPC, TRACKER]",0.0,0.0,34476993,cosmics2023/v24,/cdaq/cosmic/commissioning2023/CRUZET/v1.0/HLT/V1,Commissioning2023,4
364651,8497,904,2023-03-14 11:55:56,2023-03-14 12:10:59,"[CSC, CTPPS, CTPPS_TOT, DT, GEM, HCAL, PIXEL, RPC, TRACKER]",0.0,0.0,97596368,cosmics2023/v24,/cdaq/cosmic/commissioning2023/CRUZET/v1.0/HLT/V1,Commissioning2023,4
364654,8497,97,2023-03-14 12:39:40,2023-03-14 12:41:17,"[CSC, CTPPS, CTPPS_TOT, DT, ES, GEM, HCAL, PIXEL, RPC, TRACKER]",0.0,0.0,96,cosmics2023/v24,/cdaq/cosmic/commissioning2023/CRUZET/v1.0/HLT/V1,Commissioning2023,4
364655,8497,401,2023-03-14 12:44:02,2023-03-14 12:50:43,"[CSC, CTPPS, CTPPS_TOT, DT, ES, GEM, HCAL, PIXEL, RPC, TRACKER]",0.0,0.0,29938669,cosmics2023/v24,/cdaq/cosmic/commissioning2023/CRUZET/v1.0/HLT/V1,Commissioning2023,4
364656,8497,354,2023-03-14 12:53:39,2023-03-14 12:59:33,"[CSC, CTPPS, CTPPS_TOT, ES, GEM, HCAL, PIXEL, RPC, TRACKER]",0.0,0.0,16606317,cosmics2023/v24,/cdaq/cosmic/commissioning2023/CRUZET/v1.0/HLT/V1,Commissioning2023,4
364658,8497,161,2023-03-14 13:06:53,2023-03-14 13:09:34,"[CSC, CTPPS, CTPPS_TOT, ES, GEM, HCAL, PIXEL, RPC, TRACKER]",0.0,0.0,10696479,cosmics2023/v24,/cdaq/cosmic/commissioning2023/CRUZET/v1.0/HLT/V1,Commissioning2023,4
364663,8497,37,2023-03-14 13:13:00,2023-03-14 13:13:37,"[CSC, CTPPS, CTPPS_TOT, ES, GEM, HCAL, PIXEL, RPC, TRACKER]",,,,cosmics2023/v24,,Commissioning2023,
364666,8497,5287,2023-03-14 13:28:21,2023-03-14 14:56:28,"[CSC, CTPPS, CTPPS_TOT, GEM, HCAL, PIXEL, RPC, TRACKER]",0.00157838951,0.00157838953,571028603,cosmics2023/v24,/cdaq/cosmic/commissioning2023/CRUZET/v1.0/HLT/V1,Commissioning2023,4
364689,8497,1324,2023-03-14 15:31:50,2023-03-14 15:53:55,"[CSC, CTPPS, CTPPS_TOT, ECAL, HCAL, PIXEL, RPC, TRACKER]",0.0,0.0,710220,cosmics2023/v24,/cdaq/cosmic/commissioning2023/CRUZET/v1.0/HLT/V1,Commissioning2023,4
364691,8497,552,2023-03-14 15:57:22,2023-03-14 16:06:33,"[CSC, CTPPS, CTPPS_TOT, ECAL, HCAL, PIXEL, RPC, TRACKER]",0.0,0.0,333132,cosmics2023/v24,/cdaq/cosmic/commissioning2023/CRUZET/v1.0/HLT/V1,Commissioning2023,4
364692,8497,222,2023-03-14 16:07:46,2023-03-14 16:11:28,"[CSC, CTPPS, CTPPS_TOT, ECAL, HCAL, PIXEL, RPC, TRACKER]",,,,cosmics2023/v24,,Commissioning2023,
364694,8497,77,2023-03-14 16:16:33,2023-03-14 16:17:50,"[CSC, CTPPS, CTPPS_TOT, ECAL, GEM, HCAL, PIXEL, RPC, TRACKER]",0.0,0.0,2,cosmics2023/v24,/cdaq/cosmic/commissioning2023/CRUZET/v1.0/HLT/V1,Commissioning2023,4
364695,8497,1893,2023-03-14 16:19:44,2023-03-14 16:51:17,"[CSC, CTPPS, CTPPS_TOT, ECAL, GEM, HCAL, PIXEL, RPC, TRACKER]",0.0,0.0,1158609,cosmics2023/v24,/cdaq/cosmic/commissioning2023/CRUZET/v1.0/HLT/V1,Commissioning2023,4
364699,8498,921,2023-03-14 17:11:56,2023-03-14 17:27:17,"[CSC, CTPPS, CTPPS_TOT, GEM, HCAL, PIXEL, RPC, TRACKER]",0.0,0.0,88901053,cosmics2023/v24,/cdaq/cosmic/commissioning2023/CRUZET/v1.0/HLT/V1,Commissioning2023,4
364706,8498,2022,2023-03-14 17:44:14,2023-03-14 18:17:57,"[CSC, CTPPS, CTPPS_TOT, HCAL, PIXEL, RPC, TRACKER]",0.0,0.0,221106402,cosmics2023/v24,/cdaq/cosmic/commissioning2023/CRUZET/v1.0/HLT/V1,Commissioning2023,4
364713,8498,1897,2023-03-14 18:21:37,2023-03-14 18:53:14,"[CSC, CTPPS, CTPPS_TOT, HCAL, RPC, TRACKER]",0.0,0.0,208195829,cosmics2023/v24,/cdaq/cosmic/commissioning2023/CRUZET/v1.0/HLT/V1,Commissioning2023,4
364720,8498,83,2023-03-14 19:04:45,2023-03-14 19:06:08,"[CSC, CTPPS, CTPPS_TOT, HCAL]",0.0,0.0,101,cosmics2023/v24,/cdaq/cosmic/commissioning2023/CRUZET/v1.0/HLT/V1,Commissioning2023,4
364721,8498,597,2023-03-14 19:10:07,2023-03-14 19:20:04,"[CSC, CTPPS, CTPPS_TOT, HCAL]",0.0,0.0,54120635,cosmics2023/v24,/cdaq/cosmic/commissioning2023/CRUZET/v1.0/HLT/V1,Commissioning2023,4
364723,8498,9057,2023-03-14 19:25:36,2023-03-14 21:56:32,"[CSC, CTPPS, CTPPS_TOT]",0.0,0.0,917273903,cosmics2023/v24,/cdaq/cosmic/commissioning2023/CRUZET/v1.0/HLT/V1,Commissioning2023,4
364727,8498,28147,2023-03-14 22:01:09,2023-03-15 05:50:16,"[CTPPS, CTPPS_TOT]",0.0,0.0,2847746713,cosmics2023/v24,/cdaq/cosmic/commissioning2023/CRUZET/v1.0/HLT/V1,Commissioning2023,4
364728,8498,6427,2023-03-15 05:53:22,2023-03-15 07:40:29,"[CTPPS, CTPPS_TOT]",0.0,0.0,650616907,cosmics2023/v24,/cdaq/cosmic/commissioning2023/CRUZET/v1.0/HLT/V1,Commissioning2023,4
364729,8498,180,2023-03-15 09:38:02,2023-03-15 09:41:02,"[CSC, CTPPS, CTPPS_TOT, ECAL, ES, GEM, HCAL, PIXEL, RPC, TRACKER]",0.0,0.0,80899,cosmics2023/v25,/cdaq/cosmic/commissioning2023/CRAFT/v1.0/HLT/V1,Commissioning2023,4
364731,8498,24,2023-03-15 09:42:36,2023-03-15 09:43:00,"[CSC, CTPPS, CTPPS_TOT, ECAL, ES, GEM, HCAL, PIXEL, RPC, TRACKER]",0.0,0.0,,cosmics2023/v25,/cdaq/cosmic/commissioning2023/CRAFT/v1.0/HLT/V1,Commissioning2023,
364732,8498,307,2023-03-15 09:44:50,2023-03-15 09:49:57,"[CSC, CTPPS, CTPPS_TOT, ECAL, ES, GEM, HCAL, PIXEL, RPC, TRACKER]",0.0,0.0,149745,cosmics2023/v25,/cdaq/cosmic/commissioning2023/CRAFT/v1.0/HLT/V1,Commissioning2023,4
364733,8498,26,2023-03-15 09:54:08,2023-03-15 09:54:34,"[CSC, CTPPS, CTPPS_TOT, ECAL, ES, GEM, HCAL, PIXEL, RPC, TRACKER]",0.0,0.0,,cosmics2023/v25,/cdaq/cosmic/commissioning2023/CRAFT/v1.0/HLT/V1,Commissioning2023,
364734,8498,129,2023-03-15 09:56:56,2023-03-15 09:59:05,"[CSC, CTPPS, CTPPS_TOT, ECAL, ES, GEM, HCAL, PIXEL, RPC, TRACKER]",0.0,0.0,57766,cosmics2023/v25,/cdaq/cosmic/commissioning2023/CRAFT/v1.0/HLT/V1,Commissioning2023,4
364735,8498,784,2023-03-15 10:16:05,2023-03-15 10:29:09,"[CSC, CTPPS, CTPPS_TOT, ECAL, ES, GEM, HCAL, PIXEL, RPC, TRACKER]",0.0,0.0,54720053,cosmics2023/v25,/cdaq/cosmic/commissioning2023/CRAFT/v1.0/HLT/V1,Commissioning2023,4
364763,8498,73,2023-03-15 16:48:49,2023-03-15 16:50:02,"[CTPPS, CTPPS_TOT, ECAL, ES, HCAL, PIXEL, RPC, TRACKER]",,,,cosmics2023/v25,,Commissioning2023,
364764,8498,79,2023-03-15 16:51:42,2023-03-15 16:53:01,"[CTPPS, CTPPS_TOT, ECAL, ES, HCAL, PIXEL, RPC, TRACKER]",,,,cosmics2023/v25,,Commissioning2023,
364766,8498,258,2023-03-15 17:05:44,2023-03-15 17:10:02,"[CTPPS, CTPPS_TOT, ECAL, ES, HCAL, PIXEL, RPC, TRACKER]",0.0,0.0,158488,cosmics2023/v25,/cdaq/cosmic/commissioning2023/CRAFT/v1.0/HLT/V1,Commissioning2023,4
364768,8498,86,2023-03-15 17:20:19,2023-03-15 17:21:45,"[CTPPS, CTPPS_TOT, ECAL, PIXEL, RPC]",0.0,0.0,523,cosmics2023/v25,/cdaq/cosmic/commissioning2023/CRAFT/v1.0/HLT/V1,Commissioning2023,4
364769,8498,77,2023-03-15 17:27:05,2023-03-15 17:28:22,"[CTPPS, CTPPS_TOT, ECAL, PIXEL, RPC]",0.0,0.0,43,cosmics2023/v25,/cdaq/cosmic/commissioning2023/CRAFT/v1.0/HLT/V1,Commissioning2023,4
364770,8498,17,2023-03-15 17:29:35,2023-03-15 17:29:52,"[CTPPS, CTPPS_TOT, ECAL, PIXEL, RPC]",0.0,0.0,,cosmics2023/v25,/cdaq/cosmic/commissioning2023/CRAFT/v1.0/HLT/V1,Commissioning2023,
364771,8498,555,2023-03-15 17:34:47,2023-03-15 17:44:02,"[CTPPS, CTPPS_TOT, ECAL, PIXEL, RPC]",0.0,0.0,0,cosmics2023/v25,/cdaq/cosmic/commissioning2023/CRAFT/v1.0/HLT/V1,Commissioning2023,4
364774,8498,115,2023-03-15 18:01:47,2023-03-15 18:03:42,"[CTPPS, CTPPS_TOT, ECAL, RPC]",0.0,0.0,256,cosmics2023/v25,/cdaq/cosmic/commissioning2023/CRAFT/v1.0/HLT/V1,Commissioning2023,4
364775,8498,67,2023-03-15 18:08:25,2023-03-15 18:09:32,"[CTPPS, CTPPS_TOT, ECAL, RPC]",0.0,0.0,1459,cosmics2023/v25,/cdaq/cosmic/commissioning2023/CRAFT/v1.0/HLT/V1,Commissioning2023,4
364776,8498,88,2023-03-15 18:16:07,2023-03-15 18:17:35,"[CTPPS, CTPPS_TOT, ECAL, RPC, TRACKER]",,,,cosmics2023/v25,,Commissioning2023,
364777,8498,738,2023-03-15 18:19:28,2023-03-15 18:31:46,"[CTPPS, CTPPS_TOT, ECAL, RPC, TRACKER]",0.0,0.0,77886227,cosmics2023/v25,/cdaq/cosmic/commissioning2023/CRAFT/v1.0/HLT/V1,Commissioning2023,4
364778,8498,70,2023-03-15 18:36:03,2023-03-15 18:37:13,"[CTPPS, CTPPS_TOT, ECAL, RPC]",0.0,0.0,513,cosmics2023/v25,/cdaq/cosmic/commissioning2023/CRAFT/v1.0/HLT/V1,Commissioning2023,4
364779,8498,1466,2023-03-15 18:41:09,2023-03-15 19:05:35,"[CTPPS, CTPPS_TOT, ECAL, RPC, TRACKER]",0.0,0.0,149264237,cosmics2023/v25,/cdaq/cosmic/commissioning2023/CRAFT/v1.0/HLT/V1,Commissioning2023,4
364782,8498,110,2023-03-15 19:08:41,2023-03-15 19:10:31,"[CTPPS, CTPPS_TOT, ECAL, RPC]",0.0,0.0,1281,cosmics2023/v25,/cdaq/cosmic/commissioning2023/CRAFT/v1.0/HLT/V1,Commissioning2023,4
364784,8498,46,2023-03-15 19:17:14,2023-03-15 19:18:00,"[CTPPS, CTPPS_TOT, ECAL, RPC]",0.0,0.0,512,cosmics2023/v25,/cdaq/cosmic/commissioning2023/CRAFT/v1.0/HLT/V1,Commissioning2023,4
364786,8498,1967,2023-03-15 19:22:46,2023-03-15 19:55:33,"[CTPPS, CTPPS_TOT, ECAL, RPC]",0.0,0.0,211222646,cosmics2023/v25,/cdaq/cosmic/commissioning2023/CRAFT/v1.0/HLT/V1,Commissioning2023,4
364787,8498,12915,2023-03-15 19:59:27,2023-03-15 23:34:42,"[CTPPS, CTPPS_TOT, ECAL]",0.0,0.0,1269712004,cosmics2023/v25,/cdaq/cosmic/commissioning2023/CRAFT/v1.0/HLT/V1,Commissioning2023,4
364788,8498,39,2023-03-15 23:35:55,2023-03-15 23:36:34,"[CTPPS, CTPPS_TOT, ECAL]",,,,cosmics2023/v25,,Commissioning2023,
364789,8498,27885,2023-03-15 23:39:03,2023-03-16 07:23:48,"[CTPPS, CTPPS_TOT, ECAL]",0.0,0.0,2823429442,cosmics2023/v25,/cdaq/cosmic/commissioning2023/CRAFT/v1.0/HLT/V1,Commissioning2023,4
364793,8498,2803,2023-03-16 09:24:18,2023-03-16 10:11:01,"[CSC, CTPPS, CTPPS_TOT, DT, ECAL, ES, GEM, HCAL, L1SCOUT, PIXEL, TRACKER]",0.0,0.0,264098453,cosmics2023/v25,/cdaq/cosmic/commissioning2023/CRAFT/v1.0/HLT/V1,Commissioning2023,4
364796,8498,1327,2023-03-16 10:14:22,2023-03-16 10:36:29,"[CSC, CTPPS_TOT, DT, ECAL, ES, GEM, HCAL, L1SCOUT, PIXEL, RPC, TRACKER]",0.0,0.0,131380723,cosmics2023/v25,/cdaq/cosmic/commissioning2023/CRAFT/v1.0/HLT/V1,Commissioning2023,4
364839,8498,114,2023-03-16 18:16:52,2023-03-16 18:18:46,"[CSC, CTPPS_TOT, ECAL, HCAL, RPC]",0.0,0.0,49670,cosmics2023/v25,/cdaq/cosmic/commissioning2023/CRAFT/v1.0/HLT/V1,Commissioning2023,4
364840,8498,72,2023-03-16 18:23:03,2023-03-16 18:24:14,"[CSC, CTPPS_TOT, ECAL]",0.0,0.0,0,cosmics2023/v25,/cdaq/cosmic/commissioning2023/CRAFT/v1.0/HLT/V1,Commissioning2023,4
364841,8498,2942,2023-03-16 18:28:00,2023-03-16 19:17:02,"[CSC, CTPPS_TOT, ECAL]",0.0,0.0,295202442,cosmics2023/v25,/cdaq/cosmic/commissioning2023/CRAFT/v1.0/HLT/V1,Commissioning2023,4
364842,8498,20055,2023-03-16 19:22:04,2023-03-17 00:56:19,"[CTPPS_TOT, ECAL]",0.0,0.0,1998244875,cosmics2023/v25,/cdaq/cosmic/commissioning2023/CRAFT/v1.0/HLT/V1,Commissioning2023,4
364843,8498,2403,2023-03-17 00:58:09,2023-03-17 01:38:12,"[CTPPS_TOT, ECAL]",0.0,0.0,6531225,cosmics2023/v25,/cdaq/cosmic/commissioning2023/CRAFT/v1.0/HLT/V1,Commissioning2023,4
364844,8498,2883,2023-03-17 01:45:24,2023-03-17 02:33:27,"[CTPPS_TOT, ECAL]",0.0,0.0,290655478,cosmics2023/v25,/cdaq/cosmic/commissioning2023/CRAFT/v1.0/HLT/V1,Commissioning2023,4
364845,8498,767,2023-03-17 02:35:00,2023-03-17 02:47:47,"[CTPPS_TOT, ECAL]",0.0,0.0,75732310,cosmics2023/v25,/cdaq/cosmic/commissioning2023/CRAFT/v1.0/HLT/V1,Commissioning2023,4
364846,8498,14746,2023-03-17 02:48:44,2023-03-17 06:54:30,"[CTPPS_TOT, ECAL]",0.0,0.0,1495254386,cosmics2023/v25,/cdaq/cosmic/commissioning2023/CRAFT/v1.0/HLT/V1,Commissioning2023,4
364869,8498,184,2023-03-17 09:43:44,2023-03-17 09:46:48,"[CSC, CTPPS_TOT, DT, ECAL, GEM, HCAL, PIXEL]",0.0,0.0,1536,cosmics2023/v25,/cdaq/cosmic/commissioning2023/CRAFT/v1.0/HLT/V1,Commissioning2023,4
364870,8498,461,2023-03-17 09:48:17,2023-03-17 09:55:58,"[CSC, CTPPS_TOT, DT, ECAL, GEM, HCAL, PIXEL, TRACKER]",0.0,0.0,39262134,cosmics2023/v25,/cdaq/cosmic/commissioning2023/CRAFT/v1.0/HLT/V1,Commissioning2023,4
364873,8498,258,2023-03-17 10:06:16,2023-03-17 10:10:34,"[CSC, CTPPS_TOT, DT, ECAL, GEM, HCAL, PIXEL, TRACKER]",0.0,0.0,20,cosmics2023/v26,/cdaq/cosmic/commissioning2023/CRAFT/v2.0/HLT/V1,Commissioning2023,4
364875,8498,630,2023-03-17 10:13:13,2023-03-17 10:23:43,"[CSC, CTPPS_TOT, DT, ECAL, GEM, HCAL, PIXEL, TRACKER]",0.0,0.0,60460409,cosmics2023/v26,/cdaq/cosmic/commissioning2023/CRAFT/v2.0/HLT/V1,Commissioning2023,4
364886,8498,4068,2023-03-17 10:50:15,2023-03-17 11:58:03,"[CSC, CTPPS_TOT, DT, ECAL, GEM, HCAL, PIXEL, TRACKER]",0.0,0.0,403043594,cosmics2023/v26,/cdaq/cosmic/commissioning2023/CRAFT/v2.0/HLT/V1,Commissioning2023,4
364889,8498,227,2023-03-17 12:00:14,2023-03-17 12:04:01,"[CSC, CTPPS_TOT, DT, ECAL, GEM, HCAL, PIXEL, TRACKER]",0.0,0.0,20936465,cosmics2023/v26,/cdaq/cosmic/commissioning2023/CRAFT/v2.0/HLT/V1,Commissioning2023,4
364891,8498,180,2023-03-17 12:06:02,2023-03-17 12:09:02,"[CSC, CTPPS_TOT, DT, ECAL, GEM, HCAL, PIXEL, TRACKER]",0.0,0.0,16317019,cosmics2023/v26,/cdaq/cosmic/commissioning2023/CRAFT/v2.0/HLT/V1,Commissioning2023,4
364892,8498,1015,2023-03-17 12:11:52,2023-03-17 12:28:46,"[CSC, CTPPS_TOT, DT, ECAL, GEM, HCAL, PIXEL, TRACKER]",0.0,0.0,100873906,cosmics2023/v26,/cdaq/cosmic/commissioning2023/CRAFT/v2.0/HLT/V1,Commissioning2023,4
364893,8498,2053,2023-03-17 12:31:05,2023-03-17 13:05:18,"[CSC, CTPPS_TOT, DT, ECAL, GEM, HCAL, PIXEL, RPC, TRACKER]",0.0,0.0,178605860,cosmics2023/v26,/cdaq/cosmic/commissioning2023/CRAFT/v2.0/HLT/V1,Commissioning2023,4
364894,8498,352,2023-03-17 13:06:40,2023-03-17 13:12:32,"[CSC, CTPPS, CTPPS_TOT, DT, ECAL, GEM, HCAL, PIXEL, RPC, TRACKER]",0.0,0.0,23102015,cosmics2023/v26,/cdaq/cosmic/commissioning2023/CRAFT/v2.0/HLT/V1,Commissioning2023,4
364896,8498,95,2023-03-17 13:14:08,2023-03-17 13:15:43,"[CSC, CTPPS, CTPPS_TOT, DT, ECAL, GEM, HCAL, PIXEL, RPC, TRACKER]",0.0,0.0,5571804,cosmics2023/v26,/cdaq/cosmic/commissioning2023/CRAFT/v2.0/HLT/V1,Commissioning2023,4
364898,8498,1834,2023-03-17 13:39:46,2023-03-17 14:10:20,"[CSC, CTPPS_TOT, DT, ECAL, GEM, HCAL, PIXEL, RPC]",0.0,0.0,198699341,cosmics2023/v26,/cdaq/cosmic/commissioning2023/CRAFT/v2.0/HLT/V1,Commissioning2023,4
364903,8498,3645,2023-03-17 14:11:45,2023-03-17 15:12:30,"[CSC, CTPPS, CTPPS_TOT, DT, ECAL, GEM, HCAL, PIXEL, RPC]",0.0,0.0,405632037,cosmics2023/v26,/cdaq/cosmic/commissioning2023/CRAFT/v2.0/HLT/V1,Commissioning2023,4
364910,8498,2104,2023-03-17 15:15:08,2023-03-17 15:50:12,"[CSC, CTPPS, CTPPS_TOT, DT, ECAL, HCAL, PIXEL, RPC]",0.0,0.0,239868521,cosmics2023/v26,/cdaq/cosmic/commissioning2023/CRAFT/v2.0/HLT/V1,Commissioning2023,4
364928,8498,519,2023-03-17 15:54:05,2023-03-17 16:02:44,"[CSC, CTPPS, CTPPS_TOT, DT, ECAL, HCAL, PIXEL, RPC]",0.0,0.0,58591713,cosmics2023/v26,/cdaq/cosmic/commissioning2023/CRAFT/v2.0/HLT/V1,Commissioning2023,4
364934,8498,1020,2023-03-17 16:06:42,2023-03-17 16:23:42,"[CSC, CTPPS, CTPPS_TOT, DT, ECAL, HCAL, PIXEL, RPC]",0.0,0.0,114668115,cosmics2023/v26,/cdaq/cosmic/commissioning2023/CRAFT/v2.0/HLT/V1,Commissioning2023,4
364940,8498,1059,2023-03-17 16:26:18,2023-03-17 16:43:57,"[CSC, CTPPS, CTPPS_TOT, DT, ECAL, HCAL, RPC]",0.0,0.0,119792719,cosmics2023/v26,/cdaq/cosmic/commissioning2023/CRAFT/v2.0/HLT/V1,Commissioning2023,4
364946,8498,16,2023-03-17 16:46:13,2023-03-17 16:46:29,"[CSC, CTPPS_TOT, DT, ECAL, HCAL, RPC]",0.0,0.0,,cosmics2023/v26,/cdaq/cosmic/commissioning2023/CRAFT/v2.0/HLT/V1,Commissioning2023,
364948,8498,741,2023-03-17 16:51:52,2023-03-17 17:04:14,"[CSC, CTPPS_TOT, DT, ECAL, RPC]",0.0,0.0,82441986,cosmics2023/v26,/cdaq/cosmic/commissioning2023/CRAFT/v2.0/HLT/V1,Commissioning2023,4
364951,8498,456,2023-03-17 17:07:12,2023-03-17 17:14:48,"[CSC, CTPPS_TOT, DT, ECAL]",0.0,0.0,44762246,cosmics2023/v26,/cdaq/cosmic/commissioning2023/CRAFT/v2.0/HLT/V1,Commissioning2023,4
364957,8498,3013,2023-03-17 17:18:06,2023-03-17 18:08:19,"[CSC, CTPPS_TOT, ECAL]",0.0,0.0,302646899,cosmics2023/v26,/cdaq/cosmic/commissioning2023/CRAFT/v2.0/HLT/V1,Commissioning2023,4
364964,8498,2769,2023-03-17 18:11:40,2023-03-17 18:57:49,"[CTPPS_TOT, ECAL]",0.0,0.0,279128313,cosmics2023/v26,/cdaq/cosmic/commissioning2023/CRAFT/v2.0/HLT/V1,Commissioning2023,4
364965,8498,11064,2023-03-17 19:00:32,2023-03-17 22:04:57,"[CTPPS_TOT]",0.0,0.0,1120654818,cosmics2023/v26,/cdaq/cosmic/commissioning2023/CRAFT/v2.0/HLT/V1,Commissioning2023,4
364966,8498,29591,2023-03-17 22:14:53,2023-03-18 06:28:04,"[CTPPS_TOT]",0.0,0.0,2985524739,cosmics2023/v26,/cdaq/cosmic/commissioning2023/CRAFT/v2.0/HLT/V1,Commissioning2023,4
364970,8498,15304,2023-03-18 06:31:39,2023-03-18 10:46:43,"[CTPPS_TOT]",0.0,0.0,1548199529,cosmics2023/v26,/cdaq/cosmic/commissioning2023/CRAFT/v2.0/HLT/V1,Commissioning2023,4
364971,8498,15338,2023-03-18 10:50:09,2023-03-18 15:05:47,"[CTPPS, CTPPS_TOT]",0.0,0.0,1508234400,cosmics2023/v26,/cdaq/cosmic/commissioning2023/CRAFT/v2.0/HLT/V1,Commissioning2023,4
364972,8498,2518,2023-03-18 15:09:20,2023-03-18 15:51:18,"[CTPPS, CTPPS_TOT]",0.0,0.0,253105808,cosmics2023/v26,/cdaq/cosmic/commissioning2023/CRAFT/v2.0/HLT/V1,Commissioning2023,4
364973,8498,4347,2023-03-18 15:53:14,2023-03-18 17:05:40,"[CTPPS, CTPPS_TOT]",0.0,0.0,438856936,cosmics2023/v26,/cdaq/cosmic/commissioning2023/CRAFT/v2.0/HLT/V1,Commissioning2023,4
364974,8498,7396,2023-03-18 17:08:02,2023-03-18 19:11:18,"[CTPPS_TOT]",0.0,0.0,742126378,cosmics2023/v26,/cdaq/cosmic/commissioning2023/CRAFT/v2.0/HLT/V1,Commissioning2023,4
364976,8498,13699,2023-03-18 19:15:26,2023-03-18 23:03:45,"[CTPPS_TOT]",0.0,0.0,1344002719,cosmics2023/v26,/cdaq/cosmic/commissioning2023/CRAFT/v2.0/HLT/V1,Commissioning2023,4
364977,8498,26127,2023-03-18 23:07:36,2023-03-19 06:23:03,"[CTPPS_TOT]",0.0,0.0,2641288592,cosmics2023/v26,/cdaq/cosmic/commissioning2023/CRAFT/v2.0/HLT/V1,Commissioning2023,4
364978,8498,2935,2023-03-19 06:25:59,2023-03-19 07:14:54,"[CTPPS_TOT]",0.0,0.0,279261121,cosmics2023/v26,/cdaq/cosmic/commissioning2023/CRAFT/v2.0/HLT/V1,Commissioning2023,4
364979,8498,1979,2023-03-19 07:18:02,2023-03-19 07:51:01,"[CTPPS_TOT]",0.0,0.0,164819458,cosmics2023/v26,/cdaq/cosmic/commissioning2023/CRAFT/v2.0/HLT/V1,Commissioning2023,4
364980,8498,17676,2023-03-19 07:54:49,2023-03-19 12:49:24,"[CTPPS_TOT]",0.0,0.0,1836959222,cosmics2023/v26,/cdaq/cosmic/commissioning2023/CRAFT/v2.0/HLT/V1,Commissioning2023,4
364985,8498,251,2023-03-19 12:51:36,2023-03-19 12:55:47,"[CTPPS_TOT]",,,,cosmics2023/v26,,Commissioning2023,
364986,8498,1355,2023-03-19 12:57:42,2023-03-19 13:20:17,"[CTPPS_TOT]",0.0,0.0,137719830,cosmics2023/v26,/cdaq/cosmic/commissioning2023/CRAFT/v2.0/HLT/V1,Commissioning2023,4
364987,8498,22211,2023-03-19 13:23:28,2023-03-19 19:33:39,"[CTPPS_TOT]",0.0,0.0,2325391346,cosmics2023/v26,/cdaq/cosmic/commissioning2023/CRAFT/v2.0/HLT/V1,Commissioning2023,4
364990,8498,55,2023-03-19 19:37:08,2023-03-19 19:38:03,"[CTPPS_TOT]",0.0,0.0,326,cosmics2023/v26,/cdaq/cosmic/commissioning2023/CRAFT/v2.0/HLT/V1,Commissioning2023,4
364991,8498,409,2023-03-19 19:40:59,2023-03-19 19:47:48,"[CTPPS_TOT]",0.0,0.0,31141689,cosmics2023/v26,/cdaq/cosmic/commissioning2023/CRAFT/v2.0/HLT/V1,Commissioning2023,4
364992,8498,92,2023-03-19 19:50:17,2023-03-19 19:51:49,"[CTPPS_TOT]",,,,cosmics2023/v26,,Commissioning2023,
364993,8498,1340,2023-03-19 19:54:38,2023-03-19 20:16:58,"[CTPPS_TOT]",0.0,0.0,127849481,cosmics2023/v26,/cdaq/cosmic/commissioning2023/CRAFT/v2.0/HLT/V1,Commissioning2023,4
364994,8498,70,2023-03-19 20:20:25,2023-03-19 20:21:35,"[CTPPS_TOT]",0.0,0.0,161,cosmics2023/v26,/cdaq/cosmic/commissioning2023/CRAFT/v2.0/HLT/V1,Commissioning2023,4
364995,8498,99,2023-03-19 20:26:22,2023-03-19 20:28:00,"[CTPPS_TOT]",0.0,0.0,1626314,cosmics2023/v26,/cdaq/cosmic/commissioning2023/CRAFT/v2.0/HLT/V1,Commissioning2023,4
364996,8498,69,2023-03-19 20:31:14,2023-03-19 20:32:23,"[CTPPS_TOT]",0.0,0.0,613321,cosmics2023/v26,/cdaq/cosmic/commissioning2023/CRAFT/v2.0/HLT/V1,Commissioning2023,4
364997,8498,38958,2023-03-19 20:35:01,2023-03-20 07:24:19,"[CTPPS_TOT]",0.0,0.0,4117301511,cosmics2023/v26,/cdaq/cosmic/commissioning2023/CRAFT/v2.0/HLT/V1,Commissioning2023,4
364998,8498,6773,2023-03-20 07:27:23,2023-03-20 09:20:16,"[CSC, CTPPS_TOT]",0.0,0.0,713050412,cosmics2023/v26,/cdaq/cosmic/commissioning2023/CRAFT/v2.0/HLT/V1,Commissioning2023,4
364999,8498,756,2023-03-20 09:24:23,2023-03-20 09:36:59,"[CSC, CTPPS_TOT, GEM, HCAL, PIXEL]",0.0,0.0,75799611,cosmics2023/v26,/cdaq/cosmic/commissioning2023/CRAFT/v2.0/HLT/V1,Commissioning2023,4
365001,8498,68,2023-03-20 09:52:36,2023-03-20 09:53:44,"[CSC, CTPPS, GEM, HCAL, PIXEL]",,,,cosmics2023/v26,,Commissioning2023,
365002,8498,1262,2023-03-20 09:59:58,2023-03-20 10:20:59,"[CSC, CTPPS, GEM, HCAL, PIXEL]",0.0,0.0,131324046,cosmics2023/v26,/cdaq/cosmic/commissioning2023/CRAFT/v2.0/HLT/V1,Commissioning2023,4
365006,8498,1680,2023-03-20 11:15:01,2023-03-20 11:43:01,"[CSC, CTPPS, CTPPS_TOT, GEM, HCAL, PIXEL]",0.0,0.0,168449471,cosmics2023/v26,/cdaq/cosmic/commissioning2023/CRAFT/v2.0/HLT/V1,Commissioning2023,4
365007,8498,160,2023-03-20 11:45:22,2023-03-20 11:48:02,"[CSC, CTPPS, CTPPS_TOT, GEM, HCAL, PIXEL]",0.0,0.0,1024,cosmics2023/v26,/cdaq/cosmic/commissioning2023/CRAFT/v2.0/HLT/V1,Commissioning2023,4
365008,8498,48,2023-03-20 11:50:55,2023-03-20 11:51:43,"[CSC, CTPPS, CTPPS_TOT, GEM, HCAL, PIXEL]",0.0,0.0,512,cosmics2023/v26,/cdaq/cosmic/commissioning2023/CRAFT/v2.0/HLT/V1,Commissioning2023,4
365009,8498,4139,2023-03-20 11:54:18,2023-03-20 13:03:17,"[CSC, CTPPS, CTPPS_TOT, GEM, HCAL, PIXEL]",0.0,0.0,435295312,cosmics2023/v26,/cdaq/cosmic/commissioning2023/CRAFT/v2.0/HLT/V1,Commissioning2023,4
365011,8498,1235,2023-03-20 13:07:42,2023-03-20 13:28:17,"[CSC, CTPPS, CTPPS_TOT, GEM, PIXEL]",0.0,0.0,122936218,cosmics2023/v26,/cdaq/cosmic/commissioning2023/CRAFT/v2.0/HLT/V1,Commissioning2023,4
365017,8498,234,2023-03-20 13:38:25,2023-03-20 13:42:19,"[CSC, CTPPS, CTPPS_TOT, DT, ES, GEM, PIXEL, RPC, TRACKER]",0.0,0.0,1068294,beamsplash/v13,/cdaq/special/Splash/2023/HLT/V1,Commissioning2023,0
365020,8498,296,2023-03-20 13:53:17,2023-03-20 13:58:12,"[CSC, CTPPS, CTPPS_TOT, DT, ES, GEM, PIXEL, RPC, TRACKER]",0.0,0.0,2484942,beamsplash/v13,/cdaq/special/Splash/2023/HLT/V1,Commissioning2023,0
365022,8498,241,2023-03-20 14:00:46,2023-03-20 14:04:47,"[CSC, CTPPS, CTPPS_TOT, DT, ES, GEM, PIXEL, RPC, TRACKER]",0.0,0.0,2123209,beamsplash/v13,/cdaq/special/Splash/2023/HLT/V1,Commissioning2023,0
365023,8498,1000,2023-03-20 14:10:52,2023-03-20 14:27:32,"[CSC, CTPPS, CTPPS_TOT, DT, ES, GEM, PIXEL, RPC, TRACKER]",0.0,0.0,10408161,beamsplash/v13,/cdaq/special/Splash/2023/HLT/V1,Commissioning2023,0
365027,8498,88,2023-03-20 15:35:36,2023-03-20 15:37:04,"[CSC, CTPPS, CTPPS_TOT, DT, ECAL, GEM, HCAL, PIXEL, RPC]",0.0,0.0,512,cosmics2023/v26,/cdaq/cosmic/commissioning2023/CRAFT/v2.0/HLT/V1,Commissioning2023,4
365033,8498,102,2023-03-20 15:38:35,2023-03-20 15:40:17,"[CSC, CTPPS, CTPPS_TOT, DT, ECAL, GEM, HCAL, PIXEL, RPC]",,,,cosmics2023/v26,,Commissioning2023,
365035,8498,340,2023-03-20 15:54:47,2023-03-20 16:00:27,"[CSC, CTPPS, CTPPS_TOT, DT, ECAL, GEM, RPC]",0.0,0.0,292492,cosmics2023/v27,/cdaq/cosmic/commissioning2023/CRAFT/v2.0/HLT/V1,Commissioning2023,4
365036,8498,1042,2023-03-20 16:02:37,2023-03-20 16:19:58,"[CSC, CTPPS, CTPPS_TOT, DT, ECAL, GEM, RPC]",0.0,0.0,1015434,cosmics2023/v27,/cdaq/cosmic/commissioning2023/CRAFT/v2.0/HLT/V1,Commissioning2023,4
365037,8498,401,2023-03-20 16:22:19,2023-03-20 16:29:00,"[CSC, CTPPS, CTPPS_TOT, DT, ECAL, GEM, RPC]",0.0,0.0,392145,cosmics2023/v27,/cdaq/cosmic/commissioning2023/CRAFT/v2.0/HLT/V1,Commissioning2023,4
365038,8498,31,2023-03-20 16:31:48,2023-03-20 16:32:19,"[CSC, DT, ECAL, GEM, RPC]",,,,cosmics2023/v27,/cdaq/cosmic/commissioning2023/CRAFT/v2.0/HLT/V1,Commissioning2023,
365039,8498,543,2023-03-20 16:34:44,2023-03-20 16:43:47,"[CSC, DT, ECAL, GEM, RPC]",0.0,0.0,507811,cosmics2023/v27,/cdaq/cosmic/commissioning2023/CRAFT/v2.0/HLT/V1,Commissioning2023,4
365043,8498,226,2023-03-20 17:29:12,2023-03-20 17:32:58,"[CSC]",0.0,0.0,22065218,cosmics2023/v28,/cdaq/cosmic/commissioning2023/CRAFT/v2.1/HLT/V2,Commissioning2023,4
365044,8498,754,2023-03-20 17:34:27,2023-03-20 17:47:01,"[CSC]",0.0,0.0,76310524,cosmics2023/v28,/cdaq/cosmic/commissioning2023/CRAFT/v2.1/HLT/V2,Commissioning2023,4
365045,8498,1326,2023-03-20 17:48:27,2023-03-20 18:10:33,"[CSC]",0.0,0.0,135640814,cosmics2023/v29,/cdaq/cosmic/commissioning2023/CRAFT/v2.1/HLT/V3,Commissioning2023,4
365046,8498,6010,2023-03-20 18:11:54,2023-03-20 19:52:04,"[CSC]",0.0,0.0,633429961,cosmics2023/v30,/cdaq/cosmic/commissioning2023/CRAFT/v2.0/HLT/V1,Commissioning2023,4
365051,8498,2169,2023-03-20 20:01:10,2023-03-20 20:37:19,"[CSC]",0.0,0.0,229366594,cosmics2023/v30,/cdaq/cosmic/commissioning2023/CRAFT/v2.0/HLT/V1,Commissioning2023,4
365053,8498,10930,2023-03-20 20:40:15,2023-03-20 23:42:25,"[]",0.0,0.0,1142392257,cosmics2023/v30,/cdaq/cosmic/commissioning2023/CRAFT/v2.0/HLT/V1,Commissioning2023,4
365054,8498,24046,2023-03-20 23:46:45,2023-03-21 06:27:31,"[]",0.0,0.0,2543066194,cosmics2023/v30,/cdaq/cosmic/commissioning2023/CRAFT/v2.0/HLT/V1,Commissioning2023,4
365055,8498,4006,2023-03-21 06:30:59,2023-03-21 07:37:45,"[CTPPS, CTPPS_TOT]",0.0,0.0,418199632,cosmics2023/v30,/cdaq/cosmic/commissioning2023/CRAFT/v2.0/HLT/V1,Commissioning2023,4
365056,8498,5033,2023-03-21 07:40:27,2023-03-21 09:04:20,"[CSC, CTPPS, CTPPS_TOT]",0.0,0.0,528066934,cosmics2023/v30,/cdaq/cosmic/commissioning2023/CRAFT/v2.0/HLT/V1,Commissioning2023,4
365057,8498,19,2023-03-21 09:07:37,2023-03-21 09:07:56,"[CSC, CTPPS, CTPPS_TOT, HCAL]",0.0,0.0,,cosmics2023/v30,/cdaq/cosmic/commissioning2023/CRAFT/v2.0/HLT/V1,Commissioning2023,
365058,8498,255,2023-03-21 09:10:34,2023-03-21 09:14:49,"[CSC, CTPPS, CTPPS_TOT, DT, HCAL, PIXEL]",0.0,0.0,19164874,cosmics2023/v30,/cdaq/cosmic/commissioning2023/CRAFT/v2.0/HLT/V1,Commissioning2023,4
365060,8498,111,2023-03-21 09:18:10,2023-03-21 09:20:01,"[CSC, CTPPS, CTPPS_TOT, DT, HCAL, PIXEL]",0.0,0.0,1025,cosmics2023/v30,/cdaq/cosmic/commissioning2023/CRAFT/v2.0/HLT/V1,Commissioning2023,4
365061,8498,56,2023-03-21 09:47:49,2023-03-21 09:48:45,"[CSC, CTPPS, CTPPS_TOT, DT, HCAL, PIXEL]",0.0,0.0,512,cosmics2023/v30,/cdaq/cosmic/commissioning2023/CRAFT/v2.0/HLT/V1,Commissioning2023,4
365063,8498,53,2023-03-21 09:55:41,2023-03-21 09:56:34,"[CSC, CTPPS, CTPPS_TOT, DT, HCAL, PIXEL]",0.0,0.0,512,cosmics2023/v30,/cdaq/cosmic/commissioning2023/CRAFT/v2.0/HLT/V1,Commissioning2023,4
365064,8498,132,2023-03-21 09:59:32,2023-03-21 10:01:45,"[CSC, CTPPS, CTPPS_TOT, DT, HCAL, PIXEL]",0.0,0.0,0,cosmics2023/v30,/cdaq/cosmic/commissioning2023/CRAFT/v2.0/HLT/V1,Commissioning2023,4
365065,8498,61,2023-03-21 10:03:02,2023-03-21 10:04:03,"[CSC, CTPPS, CTPPS_TOT, DT, HCAL, PIXEL]",,,,cosmics2023/v30,,Commissioning2023,
365067,8498,164,2023-03-21 10:07:15,2023-03-21 10:09:59,"[CSC, CTPPS, CTPPS_TOT, DT, ECAL, ES, HCAL, PIXEL]",0.0,0.0,16675,cosmics2023/v30,/cdaq/cosmic/commissioning2023/CRAFT/v2.0/HLT/V1,Commissioning2023,4
365069,8498,2441,2023-03-21 10:11:33,2023-03-21 10:52:14,"[CSC, CTPPS, CTPPS_TOT, DT, ECAL, ES, HCAL, PIXEL]",0.0,0.0,239314735,cosmics2023/v30,/cdaq/cosmic/commissioning2023/CRAFT/v2.0/HLT/V1,Commissioning2023,4
365075,8498,2516,2023-03-21 10:57:30,2023-03-21 11:39:26,"[CSC, CTPPS, CTPPS_TOT, DT, HCAL, PIXEL]",0.0,0.0,258516105,cosmics2023/v30,/cdaq/cosmic/commissioning2023/CRAFT/v2.0/HLT/V1,Commissioning2023,4
365077,8498,4972,2023-03-21 11:41:40,2023-03-21 13:04:32,"[CSC, CTPPS, CTPPS_TOT, DT, GEM, HCAL, PIXEL]",0.0,0.0,517040712,cosmics2023/v30,/cdaq/cosmic/commissioning2023/CRAFT/v2.0/HLT/V1,Commissioning2023,4
365086,8498,665,2023-03-21 13:07:56,2023-03-21 13:19:01,"[CSC, CTPPS, CTPPS_TOT, DT, GEM, HCAL]",0.0,0.0,50586293,cosmics2023/v30,/cdaq/cosmic/commissioning2023/CRAFT/v2.0/HLT/V1,Commissioning2023,4
365091,8498,414,2023-03-21 13:25:24,2023-03-21 13:32:18,"[CSC, CTPPS, CTPPS_TOT, GEM, HCAL]",0.0,0.0,36498400,cosmics2023/v30,/cdaq/cosmic/commissioning2023/CRAFT/v2.0/HLT/V1,Commissioning2023,4
365095,8498,4523,2023-03-21 13:36:06,2023-03-21 14:51:29,"[CSC, CTPPS, CTPPS_TOT, ECAL, GEM, HCAL]",0.0,0.0,475257519,cosmics2023/v30,/cdaq/cosmic/commissioning2023/CRAFT/v2.0/HLT/V1,Commissioning2023,4
365105,8498,2105,2023-03-21 14:55:42,2023-03-21 15:30:47,"[CSC, CTPPS, CTPPS_TOT, GEM, HCAL]",0.0,0.0,219543752,cosmics2023/v30,/cdaq/cosmic/commissioning2023/CRAFT/v2.0/HLT/V1,Commissioning2023,4
365107,8498,2345,2023-03-21 15:34:08,2023-03-21 16:13:13,"[CTPPS, CTPPS_TOT, GEM, HCAL]",0.0,0.0,246819769,cosmics2023/v30,/cdaq/cosmic/commissioning2023/CRAFT/v2.0/HLT/V1,Commissioning2023,4
365108,8498,644,2023-03-21 16:22:02,2023-03-21 16:32:46,"[GEM, HCAL]",0.0,0.0,66546461,cosmics2023/v30,/cdaq/cosmic/commissioning2023/CRAFT/v2.0/HLT/V1,Commissioning2023,4
365109,8498,2124,2023-03-21 16:36:10,2023-03-21 17:11:34,"[GEM, HCAL]",0.0,0.0,213971030,cosmics2023/v30,/cdaq/cosmic/commissioning2023/CRAFT/v2.0/HLT/V1,Commissioning2023,4
365110,8498,47,2023-03-21 17:15:15,2023-03-21 17:16:02,"[GEM, HCAL]",0.0,0.0,17,cosmics2023/v30,/cdaq/cosmic/commissioning2023/CRAFT/v2.0/HLT/V1,Commissioning2023,4
365112,8498,242,2023-03-21 17:21:47,2023-03-21 17:25:49,"[GEM, HCAL]",0.0,0.0,17,cosmics2023/v30,/cdaq/cosmic/commissioning2023/CRAFT/v2.0/HLT/V1,Commissioning2023,4
365113,8498,99,2023-03-21 17:41:21,2023-03-21 17:43:00,"[CTPPS_TOT, GEM, HCAL]",0.0,0.0,6024098,cosmics2023/v30,/cdaq/cosmic/commissioning2023/CRAFT/v2.0/HLT/V1,Commissioning2023,4
365114,8498,947,2023-03-21 17:48:14,2023-03-21 18:04:01,"[CTPPS_TOT, HCAL]",0.0,0.0,95330105,cosmics2023/v30,/cdaq/cosmic/commissioning2023/CRAFT/v2.0/HLT/V1,Commissioning2023,4
365115,8498,6826,2023-03-21 18:08:00,2023-03-21 20:01:46,"[CTPPS_TOT]",0.0,0.0,717456888,cosmics2023/v30,/cdaq/cosmic/commissioning2023/CRAFT/v2.0/HLT/V1,Commissioning2023,4
365118,8498,44083,2023-03-21 20:05:43,2023-03-22 08:20:26,"[]",0.0,0.0,4655482013,cosmics2023/v30,/cdaq/cosmic/commissioning2023/CRAFT/v2.0/HLT/V1,Commissioning2023,4
365119,8498,341,2023-03-22 08:24:22,2023-03-22 08:30:03,"[CSC]",0.0,0.0,26899877,cosmics2023/v30,/cdaq/cosmic/commissioning2023/CRAFT/v2.0/HLT/V1,Commissioning2023,4
365120,8498,2432,2023-03-22 08:32:56,2023-03-22 09:13:28,"[CSC]",0.0,0.0,256524742,cosmics2023/v30,/cdaq/cosmic/commissioning2023/CRAFT/v2.0/HLT/V1,Commissioning2023,4
365122,8498,661,2023-03-22 09:26:44,2023-03-22 09:37:45,"[CSC, CTPPS, CTPPS_TOT, DT, ES, GEM, PIXEL, RPC, TRACKER]",0.0,0.0,7701,beamsplash/v14,/cdaq/special/Splash/2023/v2.0/HLT/V1,Commissioning2023,2
365126,8498,870,2023-03-22 09:40:43,2023-03-22 09:55:13,"[CSC, CTPPS, CTPPS_TOT, DT, ES, GEM, PIXEL, RPC, TRACKER]",0.0,0.0,971,beamsplash/v14,/cdaq/special/Splash/2023/v2.0/HLT/V1,Commissioning2023,2
365128,8498,1075,2023-03-22 10:09:36,2023-03-22 10:27:31,"[CSC, CTPPS, CTPPS_TOT, DT, ECAL, ES, GEM, PIXEL]",0.0,0.0,114555487,cosmics2023/v30,/cdaq/cosmic/commissioning2023/CRAFT/v2.0/HLT/V1,Commissioning2023,4
365129,8498,278,2023-03-22 10:30:51,2023-03-22 10:35:29,"[CSC, CTPPS, CTPPS_TOT, DT, ECAL, ES, GEM, PIXEL]",0.0,0.0,28840590,cosmics2023/v30,/cdaq/cosmic/commissioning2023/CRAFT/v2.0/HLT/V1,Commissioning2023,4
365130,8498,115,2023-03-22 10:42:00,2023-03-22 10:43:55,"[CSC, CTPPS, ECAL, ES, GEM, PIXEL]",0.0,0.0,7564,cosmics2023/v30,/cdaq/cosmic/commissioning2023/CRAFT/v2.0/HLT/V1,Commissioning2023,4
365131,8498,83,2023-03-22 10:46:05,2023-03-22 10:47:28,"[CSC, CTPPS, ECAL, ES, GEM, PIXEL]",0.0,0.0,456328,cosmics2023/v30,/cdaq/cosmic/commissioning2023/CRAFT/v2.0/HLT/V1,Commissioning2023,4
365133,8498,122,2023-03-22 10:50:17,2023-03-22 10:52:19,"[CSC, CTPPS, ECAL, ES, GEM, PIXEL]",0.0,0.0,1357,cosmics2023/v30,/cdaq/cosmic/commissioning2023/CRAFT/v2.0/HLT/V1,Commissioning2023,4
365134,8498,107,2023-03-22 10:55:42,2023-03-22 10:57:28,"[CSC, CTPPS, ECAL, ES, GEM, HCAL, PIXEL]",0.0,0.0,500473,cosmics2023/v30,/cdaq/cosmic/commissioning2023/CRAFT/v2.0/HLT/V1,Commissioning2023,4
365135,8498,446,2023-03-22 10:59:52,2023-03-22 11:07:18,"[CSC, CTPPS, ECAL, ES, GEM, HCAL, PIXEL]",0.0,0.0,1877814,cosmics2023/v30,/cdaq/cosmic/commissioning2023/CRAFT/v2.0/HLT/V1,Commissioning2023,4
365137,8498,291,2023-03-22 11:12:56,2023-03-22 11:17:47,"[CSC, CTPPS, ECAL, ES, GEM, HCAL, PIXEL]",0.0,0.0,23652769,cosmics2023/v30,/cdaq/cosmic/commissioning2023/CRAFT/v2.0/HLT/V1,Commissioning2023,4
365138,8498,1824,2023-03-22 11:22:06,2023-03-22 11:52:30,"[CSC, CTPPS, GEM, HCAL, PIXEL]",0.0,0.0,187658675,cosmics2023/v30,/cdaq/cosmic/commissioning2023/CRAFT/v2.0/HLT/V1,Commissioning2023,4
365140,8498,377,2023-03-22 11:56:01,2023-03-22 12:02:18,"[CSC, CTPPS, GEM, HCAL]",0.0,0.0,35379029,cosmics2023/v30,/cdaq/cosmic/commissioning2023/CRAFT/v2.0/HLT/V1,Commissioning2023,4
365141,8498,1525,2023-03-22 12:06:52,2023-03-22 12:32:17,"[CSC, CTPPS, HCAL]",0.0,0.0,153877339,cosmics2023/v30,/cdaq/cosmic/commissioning2023/CRAFT/v2.0/HLT/V1,Commissioning2023,4
365142,8498,75,2023-03-22 12:35:12,2023-03-22 12:36:27,"[CSC, CTPPS, DT, HCAL]",0.0,0.0,96,cosmics2023/v30,/cdaq/cosmic/commissioning2023/CRAFT/v2.0/HLT/V1,Commissioning2023,4
365144,8498,5426,2023-03-22 12:38:33,2023-03-22 14:08:59,"[CSC, CTPPS, DT, HCAL]",0.0,0.0,566120406,cosmics2023/v30,/cdaq/cosmic/commissioning2023/CRAFT/v2.0/HLT/V1,Commissioning2023,4
365164,8498,118,2023-03-22 17:12:50,2023-03-22 17:14:48,"[CTPPS, ECAL, ES, GEM, HCAL, RPC]",0.0,0.0,9757689,cosmics2023/v30,/cdaq/cosmic/commissioning2023/CRAFT/v2.0/HLT/V1,Commissioning2023,4
365165,8498,3393,2023-03-22 17:18:08,2023-03-22 18:14:41,"[GEM, HCAL, RPC]",0.0,0.0,371182092,cosmics2023/v30,/cdaq/cosmic/commissioning2023/CRAFT/v2.0/HLT/V1,Commissioning2023,4
365166,8498,142,2023-03-22 18:17:10,2023-03-22 18:19:32,"[HCAL, RPC]",0.0,0.0,12703927,cosmics2023/v30,/cdaq/cosmic/commissioning2023/CRAFT/v2.0/HLT/V1,Commissioning2023,4
365167,8498,37,2023-03-22 18:22:39,2023-03-22 18:23:16,"[RPC]",0.0,0.0,43559,cosmics2023/v30,/cdaq/cosmic/commissioning2023/CRAFT/v2.0/HLT/V1,Commissioning2023,4
365168,8498,45287,2023-03-22 18:24:25,2023-03-23 06:59:12,"[RPC]",0.0,0.0,4984869792,cosmics2023/v30,/cdaq/cosmic/commissioning2023/CRAFT/v2.0/HLT/V1,Commissioning2023,4
365169,8498,463,2023-03-23 07:04:16,2023-03-23 07:11:59,"[CSC, ECAL, RPC]",0.0,0.0,40440081,cosmics2023/v30,/cdaq/cosmic/commissioning2023/CRAFT/v2.0/HLT/V1,Commissioning2023,4
365171,8498,856,2023-03-23 07:18:48,2023-03-23 07:33:04,"[CSC, ECAL, GEM, RPC, TRACKER]",0.0,0.0,88614826,cosmics2023/v30,/cdaq/cosmic/commissioning2023/CRAFT/v2.0/HLT/V1,Commissioning2023,4
365188,8498,574,2023-03-23 10:46:13,2023-03-23 10:55:47,"[CSC, CTPPS_TOT, ECAL, GEM, HCAL, PIXEL, RPC, TRACKER]",0.0,0.0,47364261,cosmics2023/v30,/cdaq/cosmic/commissioning2023/CRAFT/v2.0/HLT/V1,Commissioning2023,4
365189,8498,620,2023-03-23 10:57:58,2023-03-23 11:08:18,"[CSC, CTPPS_TOT, ECAL, GEM, HCAL, PIXEL, RPC, TRACKER]",0.0,0.0,58166201,testinghlt/v51,/cdaq/cosmic/commissioning2023/CRAFT/v2.1/HLT/V4,Commissioning2023,4
365191,8498,628,2023-03-23 11:12:16,2023-03-23 11:22:44,"[CSC, CTPPS_TOT, ECAL, GEM, HCAL, PIXEL, RPC, TRACKER]",0.0,0.0,58670161,testinghlt/v51,/cdaq/cosmic/commissioning2023/CRAFT/v2.1/HLT/V4,Commissioning2023,4
365192,8498,1388,2023-03-23 11:36:23,2023-03-23 11:59:31,"[CSC, CTPPS, CTPPS_TOT, GEM, HCAL, PIXEL, RPC, TRACKER]",0.0,0.0,682140,cosmics2023/v30,/cdaq/cosmic/commissioning2023/CRAFT/v2.0/HLT/V1,Commissioning2023,4
365193,8498,3942,2023-03-23 12:02:22,2023-03-23 13:08:04,"[CSC, CTPPS, CTPPS_TOT, HCAL, PIXEL, RPC, TRACKER]",0.0,0.0,1942221,cosmics2023/v30,/cdaq/cosmic/commissioning2023/CRAFT/v2.0/HLT/V1,Commissioning2023,4
365194,8498,148,2023-03-23 13:49:58,2023-03-23 13:52:26,"[CSC, CTPPS, CTPPS_TOT, HCAL, PIXEL, RPC]",,,,cosmics2023/v30,,Commissioning2023,
365196,8498,2819,2023-03-23 13:55:04,2023-03-23 14:42:03,"[CSC, CTPPS, HCAL, PIXEL, RPC]",0.0,0.0,91891383,cosmics2023/v30,/cdaq/cosmic/commissioning2023/CRAFT/v2.0/HLT/V1,Commissioning2023,4
365200,8498,2232,2023-03-23 14:45:50,2023-03-23 15:23:02,"[CSC, HCAL, PIXEL, RPC]",0.0,0.0,232651568,cosmics2023/v30,/cdaq/cosmic/commissioning2023/CRAFT/v2.0/HLT/V1,Commissioning2023,4
365208,8498,149,2023-03-23 16:28:23,2023-03-23 16:30:52,"[CSC, HCAL, PIXEL, RPC]",,,,cosmics2023/v30,,Commissioning2023,
365209,8498,203,2023-03-23 16:32:24,2023-03-23 16:35:47,"[CSC, HCAL, PIXEL, RPC]",,,,cosmics2023/v30,,Commissioning2023,
365211,8498,932,2023-03-23 16:49:54,2023-03-23 17:05:26,"[CSC, HCAL, PIXEL, RPC]",0.0,0.0,100101344,cosmics2023/v30,/cdaq/cosmic/commissioning2023/CRAFT/v2.0/HLT/V1,Commissioning2023,4
365212,8498,2588,2023-03-23 17:10:52,2023-03-23 17:54:00,"[PIXEL, RPC]",0.0,0.0,266916086,cosmics2023/v30,/cdaq/cosmic/commissioning2023/CRAFT/v2.0/HLT/V1,Commissioning2023,4
365213,8498,90,2023-03-23 17:58:34,2023-03-23 18:00:03,"[RPC]",0.0,0.0,96,cosmics2023/v30,/cdaq/cosmic/commissioning2023/CRAFT/v2.0/HLT/V1,Commissioning2023,4
365214,8498,6362,2023-03-23 18:02:30,2023-03-23 19:48:32,"[RPC]",0.0,0.0,691758566,cosmics2023/v30,/cdaq/cosmic/commissioning2023/CRAFT/v2.0/HLT/V1,Commissioning2023,4
365215,8498,119,2023-03-23 19:52:16,2023-03-23 19:54:15,"[]",0.0,0.0,30125,cosmics2023/v30,/cdaq/cosmic/commissioning2023/CRAFT/v2.0/HLT/V1,Commissioning2023,4
365216,8498,343,2023-03-23 19:56:49,2023-03-23 20:02:32,"[]",0.0,0.0,44519,cosmics2023/v30,/cdaq/cosmic/commissioning2023/CRAFT/v2.0/HLT/V1,Commissioning2023,4
365218,8498,284,2023-03-23 20:06:10,2023-03-23 20:10:54,"[]",0.0,0.0,43300,cosmics2023/v30,/cdaq/cosmic/commissioning2023/CRAFT/v2.0/HLT/V1,Commissioning2023,4
365219,8498,50,2023-03-23 20:12:59,2023-03-23 20:13:49,"[]",,,,cosmics2023/v30,,Commissioning2023,
365220,8498,121,2023-03-23 20:16:04,2023-03-23 20:18:04,"[]",0.0,0.0,30839,cosmics2023/v30,/cdaq/cosmic/commissioning2023/CRAFT/v2.0/HLT/V1,Commissioning2023,4
365221,8498,314,2023-03-23 20:21:35,2023-03-23 20:26:49,"[RPC]",0.0,0.0,23299800,cosmics2023/v30,/cdaq/cosmic/commissioning2023/CRAFT/v2.0/HLT/V1,Commissioning2023,4
365222,8498,5089,2023-03-23 20:30:05,2023-03-23 21:54:54,"[]",0.0,0.0,515870866,cosmics2023/v30,/cdaq/cosmic/commissioning2023/CRAFT/v2.0/HLT/V1,Commissioning2023,4
365223,8498,94,2023-03-23 21:58:22,2023-03-23 21:59:57,"[RPC]",0.0,0.0,18471,cosmics2023/v30,/cdaq/cosmic/commissioning2023/CRAFT/v2.0/HLT/V1,Commissioning2023,4
365224,8498,2709,2023-03-23 22:03:02,2023-03-23 22:48:11,"[RPC]",0.0,0.0,245477688,cosmics2023/v30,/cdaq/cosmic/commissioning2023/CRAFT/v2.0/HLT/V1,Commissioning2023,4
365226,8498,49,2023-03-23 22:52:55,2023-03-23 22:53:44,"[]",,,,cosmics2023/v30,,Commissioning2023,
365227,8498,766,2023-03-23 22:55:30,2023-03-23 23:08:16,"[]",0.0,0.0,78572585,cosmics2023/v30,/cdaq/cosmic/commissioning2023/CRAFT/v2.0/HLT/V1,Commissioning2023,4
365228,8498,33547,2023-03-23 23:11:09,2023-03-24 08:30:16,"[]",0.0,0.0,3534007799,cosmics2023/v30,/cdaq/cosmic/commissioning2023/CRAFT/v2.0/HLT/V1,Commissioning2023,4
365229,8498,2986,2023-03-24 08:33:39,2023-03-24 09:23:25,"[CTPPS_TOT]",0.0,0.0,308705492,cosmics2023/v30,/cdaq/cosmic/commissioning2023/CRAFT/v2.0/HLT/V1,Commissioning2023,4
365232,8498,1269,2023-03-24 09:31:55,2023-03-24 09:53:04,"[CTPPS_TOT, GEM, HCAL, PIXEL]",0.0,0.0,71262730,cosmics2023/v30,/cdaq/cosmic/commissioning2023/CRAFT/v2.0/HLT/V1,Commissioning2023,4
365235,8498,553,2023-03-24 09:55:22,2023-03-24 10:04:35,"[CTPPS_TOT, GEM, HCAL, PIXEL]",0.0,0.0,58091807,cosmics2023/v30,/cdaq/cosmic/commissioning2023/CRAFT/v2.0/HLT/V1,Commissioning2023,4
365236,8498,1260,2023-03-24 10:07:05,2023-03-24 10:28:05,"[CTPPS_TOT, GEM, HCAL, PIXEL]",0.0,0.0,139384400,cosmics2023/v30,/cdaq/cosmic/commissioning2023/CRAFT/v2.0/HLT/V1,Commissioning2023,4
365237,8498,230,2023-03-24 10:31:29,2023-03-24 10:35:19,"[CTPPS_TOT, GEM, HCAL, PIXEL]",0.0,0.0,140552,cosmics2023/v30,/cdaq/cosmic/commissioning2023/CRAFT/v2.0/HLT/V1,Commissioning2023,4
365238,8498,137,2023-03-24 10:38:02,2023-03-24 10:40:19,"[CTPPS_TOT, GEM, HCAL, PIXEL]",0.0,0.0,20564,cosmics2023/v30,/cdaq/cosmic/commissioning2023/CRAFT/v2.0/HLT/V1,Commissioning2023,4
365239,8498,131,2023-03-24 10:42:50,2023-03-24 10:45:01,"[CTPPS_TOT, GEM, HCAL, PIXEL]",0.0,0.0,78222,cosmics2023/v30,/cdaq/cosmic/commissioning2023/CRAFT/v2.0/HLT/V1,Commissioning2023,4
365240,8498,636,2023-03-24 10:49:14,2023-03-24 10:59:50,"[CTPPS_TOT, GEM, HCAL, PIXEL]",0.0,0.0,28409353,cosmics2023/v30,/cdaq/cosmic/commissioning2023/CRAFT/v2.0/HLT/V1,Commissioning2023,4
365241,8498,516,2023-03-24 11:03:32,2023-03-24 11:12:08,"[GEM, HCAL, PIXEL]",0.0,0.0,13557969,cosmics2023/v30,/cdaq/cosmic/commissioning2023/CRAFT/v2.0/HLT/V1,Commissioning2023,4
365242,8498,64,2023-03-24 11:13:30,2023-03-24 11:14:34,"[GEM, HCAL, PIXEL]",0.0,0.0,26809,cosmics2023/v30,/cdaq/cosmic/commissioning2023/CRAFT/v2.0/HLT/V1,Commissioning2023,4
365243,8498,18,2023-03-24 11:15:56,2023-03-24 11:16:15,"[GEM, HCAL, PIXEL]",0.0,0.0,,cosmics2023/v30,/cdaq/cosmic/commissioning2023/CRAFT/v2.0/HLT/V1,Commissioning2023,
365244,8498,840,2023-03-24 11:19:59,2023-03-24 11:33:59,"[GEM, HCAL, PIXEL]",0.0,0.0,28275623,cosmics2023/v30,/cdaq/cosmic/commissioning2023/CRAFT/v2.0/HLT/V1,Commissioning2023,4
365245,8498,19,2023-03-24 11:48:41,2023-03-24 11:49:00,"[GEM, HCAL, PIXEL]",0.0,0.0,,cosmics2023/v30,/cdaq/cosmic/commissioning2023/CRAFT/v2.0/HLT/V1,Commissioning2023,
365246,8498,85,2023-03-24 11:50:31,2023-03-24 11:51:57,"[GEM, HCAL, PIXEL]",0.0,0.0,21394,cosmics2023/v30,/cdaq/cosmic/commissioning2023/CRAFT/v2.0/HLT/V1,Commissioning2023,4
365247,8498,1616,2023-03-24 11:54:08,2023-03-24 12:21:04,"[CTPPS_TOT, GEM, HCAL, PIXEL]",0.0,0.0,164084349,cosmics2023/v30,/cdaq/cosmic/commissioning2023/CRAFT/v2.0/HLT/V1,Commissioning2023,4
365248,8498,635,2023-03-24 12:23:56,2023-03-24 12:34:31,"[CTPPS_TOT, HCAL, PIXEL]",0.0,0.0,58202725,cosmics2023/v30,/cdaq/cosmic/commissioning2023/CRAFT/v2.0/HLT/V1,Commissioning2023,4
365249,8498,5689,2023-03-24 12:37:13,2023-03-24 14:12:02,"[CSC, CTPPS_TOT, HCAL, PIXEL]",0.0,0.0,568812889,cosmics2023/v30,/cdaq/cosmic/commissioning2023/CRAFT/v2.0/HLT/V1,Commissioning2023,4
365260,8498,134,2023-03-24 14:14:32,2023-03-24 14:16:46,"[CSC, CTPPS_TOT, HCAL]",,,,cosmics2023/v30,,Commissioning2023,
365261,8498,3845,2023-03-24 14:18:57,2023-03-24 15:23:02,"[CSC, CTPPS_TOT, HCAL]",0.0,0.0,388187939,cosmics2023/v30,/cdaq/cosmic/commissioning2023/CRAFT/v2.0/HLT/V1,Commissioning2023,4
365267,8498,780,2023-03-24 15:25:34,2023-03-24 15:38:33,"[CSC, CTPPS_TOT, GEM, HCAL]",0.0,0.0,73305785,cosmics2023/v30,/cdaq/cosmic/commissioning2023/CRAFT/v2.0/HLT/V1,Commissioning2023,4
365269,8498,4056,2023-03-24 15:42:08,2023-03-24 16:49:44,"[CSC, CTPPS_TOT, GEM]",0.0,0.0,420594749,cosmics2023/v30,/cdaq/cosmic/commissioning2023/CRAFT/v2.0/HLT/V1,Commissioning2023,4
365278,8498,92,2023-03-24 16:54:02,2023-03-24 16:55:34,"[CSC, CTPPS_TOT]",0.0,0.0,29601,cosmics2023/v30,/cdaq/cosmic/commissioning2023/CRAFT/v2.0/HLT/V1,Commissioning2023,4
365279,8498,1194,2023-03-24 17:00:35,2023-03-24 17:20:30,"[CSC]",0.0,0.0,117833941,cosmics2023/v30,/cdaq/cosmic/commissioning2023/CRAFT/v2.0/HLT/V1,Commissioning2023,4
365280,8498,17564,2023-03-24 17:31:50,2023-03-24 22:24:34,"[]",0.0,0.0,1953072127,cosmics2023/v30,/cdaq/cosmic/commissioning2023/CRAFT/v2.0/HLT/V1,Commissioning2023,4
365281,8498,53005,2023-03-24 22:27:55,2023-03-25 13:11:20,"[]",0.0,0.0,6048227307,cosmics2023/v30,/cdaq/cosmic/commissioning2023/CRAFT/v2.0/HLT/V1,Commissioning2023,4
365282,8498,10623,2023-03-25 13:14:39,2023-03-25 16:11:42,"[CSC]",0.0,0.0,1207712586,cosmics2023/v30,/cdaq/cosmic/commissioning2023/CRAFT/v2.0/HLT/V1,Commissioning2023,4
365286,8498,27020,2023-03-25 16:15:19,2023-03-25 23:45:39,"[]",0.0,0.0,3060195964,cosmics2023/v30,/cdaq/cosmic/commissioning2023/CRAFT/v2.0/HLT/V1,Commissioning2023,4
365287,8498,9432,2023-03-25 23:51:07,2023-03-26 02:28:18,"[]",0.0,0.0,1065206542,cosmics2023/v30,/cdaq/cosmic/commissioning2023/CRAFT/v2.0/HLT/V1,Commissioning2023,4
365288,8498,349,2023-03-26 02:37:58,2023-03-26 02:43:47,"[GEM]",0.0,0.0,32760419,cosmics2023/v30,/cdaq/cosmic/commissioning2023/CRAFT/v2.0/HLT/V1,Commissioning2023,4
365290,8498,1857,2023-03-26 02:49:33,2023-03-26 03:20:30,"[GEM]",0.0,0.0,207805498,cosmics2023/v30,/cdaq/cosmic/commissioning2023/CRAFT/v2.0/HLT/V1,Commissioning2023,4
365291,8498,26587,2023-03-26 03:23:11,2023-03-26 10:46:18,"[]",0.0,0.0,3025903187,cosmics2023/v30,/cdaq/cosmic/commissioning2023/CRAFT/v2.0/HLT/V1,Commissioning2023,4
365292,8498,5696,2023-03-26 10:58:51,2023-03-26 12:33:47,"[CSC]",0.0,0.0,634388614,cosmics2023/v30,/cdaq/cosmic/commissioning2023/CRAFT/v2.0/HLT/V1,Commissioning2023,4
365294,8498,677,2023-03-26 12:37:02,2023-03-26 12:48:19,"[CSC]",0.0,0.0,71262392,cosmics2023/v30,/cdaq/cosmic/commissioning2023/CRAFT/v2.0/HLT/V1,Commissioning2023,4
365295,8498,5014,2023-03-26 12:49:45,2023-03-26 14:13:20,"[CSC]",0.0,0.0,568144403,cosmics2023/v30,/cdaq/cosmic/commissioning2023/CRAFT/v2.0/HLT/V1,Commissioning2023,4
365300,8498,60697,2023-03-26 14:16:50,2023-03-27 07:08:26,"[]",0.0,0.0,6921613057,cosmics2023/v30,/cdaq/cosmic/commissioning2023/CRAFT/v2.0/HLT/V1,Commissioning2023,4
365302,8498,3311,2023-03-27 07:11:48,2023-03-27 08:06:59,"[CSC]",0.0,0.0,375061066,cosmics2023/v30,/cdaq/cosmic/commissioning2023/CRAFT/v2.0/HLT/V1,Commissioning2023,4
365304,8498,726,2023-03-27 08:10:20,2023-03-27 08:22:26,"[CSC, DT, HCAL, PIXEL]",0.0,0.0,79650864,cosmics2023/v30,/cdaq/cosmic/commissioning2023/CRAFT/v2.0/HLT/V1,Commissioning2023,4
365306,8498,1511,2023-03-27 08:33:16,2023-03-27 08:58:27,"[CSC, DT, GEM, HCAL, PIXEL, RPC, TRACKER]",0.0,0.0,168083367,cosmics2023/v30,/cdaq/cosmic/commissioning2023/CRAFT/v2.0/HLT/V1,Commissioning2023,4
365310,8498,39,2023-03-27 09:01:31,2023-03-27 09:02:10,"[CSC, DT, GEM, HCAL, PIXEL, RPC, TRACKER]",0.0,0.0,16,cosmics2023/v30,/cdaq/cosmic/commissioning2023/CRAFT/v2.0/HLT/V1,Commissioning2023,4
365311,8498,44,2023-03-27 09:05:18,2023-03-27 09:06:02,"[CSC, DT, GEM, HCAL, PIXEL, RPC, TRACKER]",0.0,0.0,16,cosmics2023/v30,/cdaq/cosmic/commissioning2023/CRAFT/v2.0/HLT/V1,Commissioning2023,4
365318,8498,121,2023-03-27 09:35:53,2023-03-27 09:37:54,"[CSC, CTPPS, CTPPS_TOT, DT, GEM, HCAL, PIXEL, RPC, TRACKER]",,,,circulating2023/v2,,Commissioning2023,
365319,8498,380,2023-03-27 09:39:26,2023-03-27 09:45:46,"[CSC, CTPPS, CTPPS_TOT, DT, GEM, HCAL, PIXEL, RPC, TRACKER]",0.0,0.0,173355,circulating2023/v2,/cdaq/circulating/2023/v2.2/HLT/V1,Commissioning2023,11
365322,8498,359,2023-03-27 09:47:47,2023-03-27 09:53:46,"[CSC, CTPPS, CTPPS_TOT, DT, GEM, HCAL, PIXEL, RPC, TRACKER]",0.0,0.0,173587,circulating2023/v2,/cdaq/circulating/2023/v2.2/HLT/V1,Commissioning2023,11
365325,8498,3647,2023-03-27 09:55:43,2023-03-27 10:56:30,"[CSC, CTPPS, CTPPS_TOT, DT, GEM, HCAL, PIXEL, RPC, TRACKER]",0.0,0.0,415928829,cosmics2023/v30,/cdaq/cosmic/commissioning2023/CRAFT/v2.0/HLT/V1,Commissioning2023,4
365332,8498,111,2023-03-27 11:01:40,2023-03-27 11:03:31,"[CSC, CTPPS, CTPPS_TOT, DT, GEM, PIXEL, RPC, TRACKER]",0.0,0.0,10606330,cosmics2023/v30,/cdaq/cosmic/commissioning2023/CRAFT/v2.0/HLT/V1,Commissioning2023,4
365333,8498,3134,2023-03-27 11:07:02,2023-03-27 11:59:16,"[CSC, CTPPS, CTPPS_TOT, DT, GEM, PIXEL, RPC, TRACKER]",0.0,0.0,357137879,cosmics2023/v30,/cdaq/cosmic/commissioning2023/CRAFT/v2.0/HLT/V1,Commissioning2023,4
365342,8498,1659,2023-03-27 13:00:06,2023-03-27 13:27:45,"[CSC, CTPPS, CTPPS_TOT, GEM, RPC, TRACKER]",0.0,0.0,189338047,cosmics2023/v30,/cdaq/cosmic/commissioning2023/CRAFT/v2.0/HLT/V1,Commissioning2023,4
365349,8498,42,2023-03-27 13:40:08,2023-03-27 13:40:50,"[CSC, CTPPS, CTPPS_TOT, GEM, RPC, TRACKER]",,,,cosmics2023/v31,,Commissioning2023,
365350,8498,1725,2023-03-27 13:42:47,2023-03-27 14:11:31,"[CSC, CTPPS, CTPPS_TOT, GEM, RPC, TRACKER]",0.0,0.0,185975273,cosmics2023/v31,/cdaq/cosmic/commissioning2023/CRAFT/v2.0/HLT/V1,Commissioning2023,4
365352,8498,1808,2023-03-27 14:16:30,2023-03-27 14:46:38,"[CSC, GEM, RPC, TRACKER]",0.0,0.0,191528856,cosmics2023/v31,/cdaq/cosmic/commissioning2023/CRAFT/v2.0/HLT/V1,Commissioning2023,4
365356,8498,54,2023-03-27 14:52:15,2023-03-27 14:53:09,"[CSC, GEM, TRACKER]",0.0,0.0,16,cosmics2023/v31,/cdaq/cosmic/commissioning2023/CRAFT/v2.0/HLT/V1,Commissioning2023,4
365358,8498,136,2023-03-27 14:59:57,2023-03-27 15:02:13,"[CSC, TRACKER]",0.0,0.0,16,cosmics2023/v31,/cdaq/cosmic/commissioning2023/CRAFT/v2.0/HLT/V1,Commissioning2023,4
365360,8498,409,2023-03-27 15:04:38,2023-03-27 15:11:27,"[CSC, CTPPS_TOT, TRACKER]",0.0,0.0,30742193,cosmics2023/v31,/cdaq/cosmic/commissioning2023/CRAFT/v2.0/HLT/V1,Commissioning2023,4
365361,8498,1385,2023-03-27 15:14:43,2023-03-27 15:37:48,"[CTPPS_TOT, TRACKER]",0.0,0.0,133277849,cosmics2023/v31,/cdaq/cosmic/commissioning2023/CRAFT/v2.0/HLT/V1,Commissioning2023,4
365363,8498,61,2023-03-27 15:42:31,2023-03-27 15:43:32,"[]",0.0,0.0,16,cosmics2023/v31,/cdaq/cosmic/commissioning2023/CRAFT/v2.0/HLT/V1,Commissioning2023,4
365364,8498,5161,2023-03-27 15:48:01,2023-03-27 17:14:02,"[CTPPS_TOT]",0.0,0.0,578304082,cosmics2023/v31,/cdaq/cosmic/commissioning2023/CRAFT/v2.0/HLT/V1,Commissioning2023,4
365367,8498,541,2023-03-27 17:18:56,2023-03-27 17:27:57,"[]",0.0,0.0,40798628,cosmics2023/v32,/cdaq/cosmic/commissioning2023/CRAFT/v2.2/HLT/V2,Commissioning2023,4
365368,8498,48490,2023-03-27 17:30:10,2023-03-28 06:58:20,"[]",0.0,0.0,5483372624,cosmics2023/v32,/cdaq/cosmic/commissioning2023/CRAFT/v2.2/HLT/V2,Commissioning2023,4
365369,8500,2053,2023-03-28 07:03:49,2023-03-28 07:38:02,"[HCAL]",2.3227651E-5,2.3227652E-5,231161571,cosmics2023/v32,/cdaq/cosmic/commissioning2023/CRAFT/v2.2/HLT/V2,Commissioning2023,4
365373,8501,2216,2023-03-28 08:29:50,2023-03-28 09:06:46,"[CSC, CTPPS, CTPPS_TOT, DT, ES, GEM, PIXEL, RPC, TRACKER]",0.0,0.0,2426,beamsplash/v14,/cdaq/special/Splash/2023/v2.0/HLT/V1,Commissioning2023,0
365375,8501,33,2023-03-28 09:17:25,2023-03-28 09:17:58,"[CSC, CTPPS, CTPPS_TOT, DT, GEM, PIXEL, RPC, TRACKER]",0.0,0.0,4180,beamsplash/v14,/cdaq/special/Splash/2023/v2.0/HLT/V1,Commissioning2023,0
365377,8501,1333,2023-03-28 09:37:31,2023-03-28 09:59:44,"[CSC, DT, HCAL, PIXEL, RPC]",0.0,0.0,657281,circulating2023/v3,/cdaq/circulating/2023/v2.2/HLT/V1,Commissioning2023,11
365380,8501,47,2023-03-28 10:20:48,2023-03-28 10:21:35,"[CSC, DT, HCAL, PIXEL, RPC]",0.0,0.0,97,circulating2023/v3,/cdaq/circulating/2023/v2.2/HLT/V1,Commissioning2023,11
365381,8501,1397,2023-03-28 10:23:38,2023-03-28 10:46:55,"[CSC, DT, HCAL, PIXEL, RPC]",0.0,0.0,683135,circulating2023/v3,/cdaq/circulating/2023/v2.2/HLT/V1,Commissioning2023,11
365383,8501,3992,2023-03-28 11:24:00,2023-03-28 12:30:32,"[CSC, CTPPS, CTPPS_TOT, DT, GEM, HCAL, RPC]",0.0,0.0,1949893,circulating2023/v3,/cdaq/circulating/2023/v2.2/HLT/V1,Commissioning2023,11
365390,8501,43,2023-03-28 12:33:51,2023-03-28 12:34:34,"[CSC, CTPPS, CTPPS_TOT, DT, ECAL, GEM, HCAL, RPC]",0.0,0.0,11535,circulating2023/v3,/cdaq/circulating/2023/v2.2/HLT/V1,Commissioning2023,11
365391,8501,1288,2023-03-28 12:39:05,2023-03-28 13:00:33,"[CSC, CTPPS, CTPPS_TOT, DT, ECAL, GEM, HCAL, RPC]",0.0,0.0,634061,circulating2023/v3,/cdaq/circulating/2023/v2.2/HLT/V1,Commissioning2023,11
365399,8501,4896,2023-03-28 13:11:25,2023-03-28 14:33:01,"[CSC, CTPPS, CTPPS_TOT, DT, GEM, HCAL, RPC]",0.0,0.0,2416415,circulating2023/v3,/cdaq/circulating/2023/v2.2/HLT/V1,Commissioning2023,11
365410,8501,2521,2023-03-28 14:40:43,2023-03-28 15:22:44,"[CSC, DT, HCAL, RPC]",0.0,0.0,1246429,circulating2023/v4,/cdaq/circulating/2023/v2.2/HLT/V1,Commissioning2023,11
365417,8501,866,2023-03-28 15:45:37,2023-03-28 16:00:04,"[DT, RPC]",0.0,0.0,416145,circulating2023/v5,/cdaq/circulating/2023/v2.2/HLT/V1,Commissioning2023,11
365419,8501,1525,2023-03-28 16:04:53,2023-03-28 16:30:18,"[DT, GEM, RPC]",0.0,0.0,751509,circulating2023/v5,/cdaq/circulating/2023/v2.2/HLT/V1,Commissioning2023,11
365422,8501,132,2023-03-28 16:37:08,2023-03-28 16:39:20,"[DT]",0.0,0.0,57826,circulating2023/v5,/cdaq/circulating/2023/v2.2/HLT/V1,Commissioning2023,11
365424,8501,136,2023-03-28 16:44:03,2023-03-28 16:46:19,"[]",0.0,0.0,57736,circulating2023/v5,/cdaq/circulating/2023/v2.2/HLT/V1,Commissioning2023,11
365425,8501,653,2023-03-28 16:50:46,2023-03-28 17:01:39,"[GEM]",0.0,0.0,168616,circulating2023/v5,/cdaq/circulating/2023/v2.2/HLT/V1,Commissioning2023,11
365434,8501,957,2023-03-28 18:00:52,2023-03-28 18:16:50,"[DT]",0.0,0.0,469608,circulating2023/v5,/cdaq/circulating/2023/v2.2/HLT/V1,Commissioning2023,11
365437,8501,1304,2023-03-28 18:23:49,2023-03-28 18:45:33,"[]",0.0,0.0,641605,circulating2023/v5,/cdaq/circulating/2023/v2.2/HLT/V1,Commissioning2023,11
365439,8501,814,2023-03-28 18:51:00,2023-03-28 19:04:34,"[RPC]",0.0,0.0,390420,circulating2023/v5,/cdaq/circulating/2023/v2.2/HLT/V1,Commissioning2023,11
365441,8501,25803,2023-03-28 19:11:28,2023-03-29 02:21:31,"[]",0.0,0.0,12916778,circulating2023/v5,/cdaq/circulating/2023/v2.2/HLT/V1,Commissioning2023,11
365443,8501,16994,2023-03-29 02:25:48,2023-03-29 07:09:02,"[]",0.0,0.0,1908591418,cosmics2023/v33,/cdaq/cosmic/commissioning2023/CRAFT/v2.2/HLT/V2,Commissioning2023,4
365448,8501,1221,2023-03-29 09:05:51,2023-03-29 09:26:12,"[CSC, HCAL, PIXEL]",0.0,0.0,662825,cosmics2023/v33,/cdaq/cosmic/commissioning2023/CRAFT/v2.2/HLT/V2,Commissioning2023,4
365449,8502,66,2023-03-29 09:36:50,2023-03-29 09:37:57,"[CSC, ECAL, HCAL, PIXEL]",0.0,0.0,23060,cosmics2023/v33,/cdaq/cosmic/commissioning2023/CRAFT/v2.2/HLT/V2,Commissioning2023,4
365452,8502,29,2023-03-29 09:42:09,2023-03-29 09:42:38,"[CSC, ECAL, HCAL, PIXEL]",,,,cosmics2023/v33,,Commissioning2023,
365453,8502,1880,2023-03-29 09:46:00,2023-03-29 10:17:20,"[CSC, ECAL, HCAL, PIXEL]",0.0,0.0,888377,cosmics2023/v33,/cdaq/cosmic/commissioning2023/CRAFT/v2.2/HLT/V2,Commissioning2023,4
365456,8502,26,2023-03-29 10:18:49,2023-03-29 10:19:15,"[CSC, ECAL, HCAL, PIXEL]",0.0,0.0,0,cosmics2023/v33,/cdaq/cosmic/commissioning2023/CRAFT/v2.2/HLT/V2,Commissioning2023,
365457,8502,1402,2023-03-29 10:21:57,2023-03-29 10:45:19,"[CSC, ECAL, HCAL, PIXEL]",0.0,0.0,678719,cosmics2023/v33,/cdaq/cosmic/commissioning2023/CRAFT/v2.2/HLT/V2,Commissioning2023,4
365458,8503,4460,2023-03-29 11:04:24,2023-03-29 12:18:44,"[DT, ECAL, GEM, PIXEL]",0.0,0.0,2208415,circulating2023/v5,/cdaq/circulating/2023/v2.2/HLT/V1,Commissioning2023,11
365465,8503,718,2023-03-29 12:24:17,2023-03-29 12:36:15,"[DT, GEM, PIXEL]",0.0,0.0,342924,circulating2023/v5,/cdaq/circulating/2023/v2.2/HLT/V1,Commissioning2023,11
365469,8504,2441,2023-03-29 12:43:35,2023-03-29 13:24:16,"[DT, GEM, PIXEL]",0.0,0.0,1201786,circulating2023/v5,/cdaq/circulating/2023/v2.2/HLT/V1,Commissioning2023,11
365470,8504,10852,2023-03-29 13:28:36,2023-03-29 16:29:27,"[DT, GEM]",0.0,0.0,5375717,circulating2023/v5,/cdaq/circulating/2023/v2.2/HLT/V1,Commissioning2023,11
365479,8505,80,2023-03-29 16:34:03,2023-03-29 16:35:23,"[GEM]",0.0,0.0,27411,circulating2023/v5,/cdaq/circulating/2023/v2.2/HLT/V1,Commissioning2023,11
365480,8505,3141,2023-03-29 16:36:40,2023-03-29 17:29:01,"[GEM]",0.0,0.0,1548540,circulating2023/v5,/cdaq/circulating/2023/v2.2/HLT/V1,Commissioning2023,11
365482,8505,10865,2023-03-29 17:33:29,2023-03-29 20:34:34,"[]",0.0,0.0,5162972,circulating2023/v5,/cdaq/circulating/2023/v2.2/HLT/V1,Commissioning2023,11
365484,8505,6122,2023-03-29 20:38:44,2023-03-29 22:20:46,"[]",0.0,0.0,3026089,circulating2023/v5,/cdaq/circulating/2023/v2.2/HLT/V1,Commissioning2023,11
365485,8505,2553,2023-03-29 22:25:39,2023-03-29 23:08:12,"[]",0.0,0.0,284310974,cosmics2023/v33,/cdaq/cosmic/commissioning2023/CRAFT/v2.2/HLT/V2,Commissioning2023,4
365486,8506,34091,2023-03-29 23:12:07,2023-03-30 08:40:18,"[]",0.0,0.0,16874630,circulating2023/v5,/cdaq/circulating/2023/v2.2/HLT/V1,Commissioning2023,11
365489,8508,1338,2023-03-30 09:03:31,2023-03-30 09:25:49,"[CSC, CTPPS, CTPPS_TOT, DT, GEM, PIXEL, RPC, TRACKER]",0.0,0.0,555729,beamsplash/v15,/cdaq/special/Splash/2023/v2.0/HLT/V1,Commissioning2023,0
365490,8509,242,2023-03-30 09:36:04,2023-03-30 09:40:06,"[CSC, CTPPS, CTPPS_TOT, DT, GEM, PIXEL, RPC, TRACKER]",,,,beamsplash/v15,,Commissioning2023,
365491,8509,1053,2023-03-30 09:41:31,2023-03-30 09:59:04,"[CSC, CTPPS, CTPPS_TOT, DT, GEM, PIXEL, RPC, TRACKER]",0.0,0.0,137,beamsplash/v15,/cdaq/special/Splash/2023/v2.0/HLT/V1,Commissioning2023,0
365492,8509,419,2023-03-30 10:14:11,2023-03-30 10:21:10,"[CSC, GEM, HCAL, PIXEL]",0.0,0.0,33,cosmics2023/v33,/cdaq/cosmic/commissioning2023/CRAFT/v2.2/HLT/V2,Commissioning2023,4
365493,8509,421,2023-03-30 10:28:34,2023-03-30 10:35:35,"[CSC, DT, GEM, HCAL, PIXEL]",0.0,0.0,196504,cosmics2023/v33,/cdaq/cosmic/commissioning2023/CRAFT/v2.2/HLT/V2,Commissioning2023,4
365494,8509,4435,2023-03-30 10:38:33,2023-03-30 11:52:28,"[CSC, DT, GEM, HCAL]",0.0,0.0,495316671,cosmics2023/v33,/cdaq/cosmic/commissioning2023/CRAFT/v2.2/HLT/V2,Commissioning2023,1
365502,8510,11606,2023-03-30 12:00:32,2023-03-30 15:13:58,"[HCAL]",6.9E-10,6.9E-10,5783830,circulating2023/v5,/cdaq/circulating/2023/v2.2/HLT/V1,Commissioning2023,1
365520,8511,304,2023-03-30 15:22:58,2023-03-30 15:28:02,"[]",0.0,0.0,131246,circulating2023/v5,/cdaq/circulating/2023/v2.2/HLT/V1,Commissioning2023,11
365522,8511,5548,2023-03-30 15:33:14,2023-03-30 17:05:42,"[]",0.005890017767,0.00589001758,2722815,circulating2023/v5,/cdaq/circulating/2023/v2.2/HLT/V1,Commissioning2023,11
365523,8512,10214,2023-03-30 17:11:58,2023-03-30 20:02:12,"[]",0.0,0.0,5148704,circulating2023/v5,/cdaq/circulating/2023/v2.2/HLT/V1,Commissioning2023,11
365525,8512,4551,2023-03-30 20:10:11,2023-03-30 21:26:02,"[]",0.0,0.0,491072231,cosmics2023/v33,/cdaq/cosmic/commissioning2023/CRAFT/v2.2/HLT/V2,Commissioning2023,4
365526,8513,20,2023-03-30 21:31:57,2023-03-30 21:32:17,"[]",0.0,0.0,,cosmics2023/v33,/cdaq/cosmic/commissioning2023/CRAFT/v2.2/HLT/V2,Commissioning2023,
365527,8513,12155,2023-03-30 21:34:40,2023-03-31 00:57:14,"[CTPPS, CTPPS_TOT]",0.0,0.0,1374850948,cosmics2023/v33,/cdaq/cosmic/commissioning2023/CRAFT/v2.2/HLT/V2,Commissioning2023,4
365529,8514,2994,2023-03-31 01:05:20,2023-03-31 01:55:14,"[CTPPS, CTPPS_TOT]",0.0,0.0,1468245,circulating2023/v5,/cdaq/circulating/2023/v2.2/HLT/V1,Commissioning2023,11
365530,8514,1625,2023-03-31 01:58:14,2023-03-31 02:25:19,"[CTPPS, CTPPS_TOT]",0.0,0.0,773837,circulating2023/v5,/cdaq/circulating/2023/v2.2/HLT/V1,Commissioning2023,11
365531,8515,2449,2023-03-31 02:29:54,2023-03-31 03:10:43,"[CTPPS, CTPPS_TOT]",0.0,0.0,276319987,cosmics2023/v33,/cdaq/cosmic/commissioning2023/CRAFT/v2.2/HLT/V2,Commissioning2023,4
365532,8515,101,2023-03-31 03:14:32,2023-03-31 03:16:13,"[CTPPS, CTPPS_TOT]",,,,circulating2023/v5,,Commissioning2023,
365533,8515,2467,2023-03-31 03:18:06,2023-03-31 03:59:13,"[CTPPS, CTPPS_TOT]",0.0,0.0,1187189,circulating2023/v5,/cdaq/circulating/2023/v2.2/HLT/V1,Commissioning2023,11
365534,8515,3121,2023-03-31 04:07:16,2023-03-31 04:59:17,"[CTPPS, CTPPS_TOT]",0.0,0.0,350270456,cosmics2023/v33,/cdaq/cosmic/commissioning2023/CRAFT/v2.2/HLT/V2,Commissioning2023,4
365537,8516,9542,2023-03-31 05:25:47,2023-03-31 08:04:49,"[CSC, CTPPS, CTPPS_TOT, DT, GEM, PIXEL, RPC, TRACKER]",0.0,0.0,10702,beamsplash/v15,/cdaq/special/Splash/2023/v2.0/HLT/V1,Commissioning2023,0
365541,8517,1440,2023-03-31 08:37:43,2023-03-31 09:01:43,"[CSC, CTPPS, CTPPS_TOT, ECAL, GEM, HCAL, PIXEL]",0.0,0.0,703183,circulating2023/v5,/cdaq/circulating/2023/v2.2/HLT/V1,Commissioning2023,1
365545,8517,1697,2023-03-31 12:19:48,2023-03-31 12:48:05,"[CSC, CTPPS, CTPPS_TOT, ECAL, GEM, HCAL]",0.0,0.0,164645941,cosmics2023/v33,/cdaq/cosmic/commissioning2023/CRAFT/v2.2/HLT/V2,Commissioning2023,4
365549,8517,121,2023-03-31 12:50:12,2023-03-31 12:52:13,"[CSC, CTPPS, CTPPS_TOT, ECAL, ES, GEM, HCAL]",0.0,0.0,10232424,cosmics2023/v33,/cdaq/cosmic/commissioning2023/CRAFT/v2.2/HLT/V2,Commissioning2023,4
365551,8517,725,2023-03-31 12:56:13,2023-03-31 13:08:18,"[CSC, CTPPS, CTPPS_TOT, ECAL, ES, GEM]",0.0,0.0,72938245,cosmics2023/v33,/cdaq/cosmic/commissioning2023/CRAFT/v2.2/HLT/V2,Commissioning2023,4
365552,8517,237,2023-03-31 13:11:32,2023-03-31 13:15:29,"[CTPPS, CTPPS_TOT, ECAL, ES, GEM]",0.0,0.0,26501836,cosmics2023/v33,/cdaq/cosmic/commissioning2023/CRAFT/v2.2/HLT/V2,Commissioning2023,4
365559,8517,1147,2023-03-31 13:46:57,2023-03-31 14:06:04,"[CTPPS, CTPPS_TOT, ECAL, GEM, TRACKER]",0.0,0.0,564340,circulating2023/v5,/cdaq/circulating/2023/v2.2/HLT/V1,Commissioning2023,11
365560,8517,3919,2023-03-31 14:16:44,2023-03-31 15:22:03,"[CTPPS, CTPPS_TOT, ECAL, GEM, TRACKER]",0.0,0.0,1984387,circulating2023/v5,/cdaq/circulating/2023/v2.2/HLT/V1,Commissioning2023,11
365565,8517,482,2023-03-31 16:10:28,2023-03-31 16:18:30,"[CTPPS, CTPPS_TOT, TRACKER]",0.0,0.0,219804,circulating2023/v5,/cdaq/circulating/2023/v2.2/HLT/V1,Commissioning2023,11
365566,8517,1103,2023-03-31 16:21:39,2023-03-31 16:40:02,"[CTPPS, CTPPS_TOT, RPC, TRACKER]",0.0,0.0,542402,circulating2023/v5,/cdaq/circulating/2023/v2.2/HLT/V1,Commissioning2023,11
365568,8517,920,2023-03-31 16:47:40,2023-03-31 17:03:00,"[CTPPS, CTPPS_TOT, RPC]",0.0,0.0,25620690,collisions2023/v1,/cdaq/physics/firstCollisions23/v1.0/HLT/V1,Commissioning2023,1
365569,8517,3968,2023-03-31 17:06:12,2023-03-31 18:12:20,"[CTPPS, CTPPS_TOT, RPC]",0.0,0.0,1964907,circulating2023/v5,/cdaq/circulating/2023/v2.2/HLT/V1,Commissioning2023,11
365573,8517,1492,2023-03-31 18:22:38,2023-03-31 18:47:30,"[CTPPS, CTPPS_TOT]",0.0,0.0,154088596,cosmics2023/v33,/cdaq/cosmic/commissioning2023/CRAFT/v2.2/HLT/V2,Commissioning2023,4
365575,8517,3821,2023-03-31 18:55:08,2023-03-31 19:58:49,"[CTPPS, CTPPS_TOT]",0.0,0.0,419916386,cosmics2023/v33,/cdaq/cosmic/commissioning2023/CRAFT/v2.2/HLT/V2,Commissioning2023,4
365577,8519,85,2023-03-31 20:03:52,2023-03-31 20:05:17,"[CTPPS, CTPPS_TOT]",0.0,0.0,12873,circulating2023/v5,/cdaq/circulating/2023/v2.2/HLT/V1,Commissioning2023,11
365581,8519,23404,2023-03-31 20:20:14,2023-04-01 02:50:17,"[CTPPS, CTPPS_TOT]",6.230094E-6,6.230094E-6,11642760,circulating2023/v5,/cdaq/circulating/2023/v2.2/HLT/V1,Commissioning2023,11
365583,8520,4011,2023-04-01 03:03:52,2023-04-01 04:10:43,"[CTPPS, CTPPS_TOT]",2.4687715E-5,2.4687715E-5,2097686,circulating2023/v5,/cdaq/circulating/2023/v2.2/HLT/V1,Commissioning2023,11
365587,8521,1305,2023-04-01 04:31:27,2023-04-01 04:53:13,"[CTPPS, CTPPS_TOT]",0.0,0.0,138413485,cosmics2023/v33,/cdaq/cosmic/commissioning2023/CRAFT/v2.2/HLT/V2,Commissioning2023,4
365589,8521,9624,2023-04-01 04:59:36,2023-04-01 07:40:00,"[CTPPS, CTPPS_TOT]",0.0,0.0,4753562,circulating2023/v5,/cdaq/circulating/2023/v2.2/HLT/V1,Commissioning2023,11
365590,8521,28015,2023-04-01 08:06:54,2023-04-01 15:53:49,"[CTPPS, CTPPS_TOT]",0.0,0.0,13886588,circulating2023/v5,/cdaq/circulating/2023/v2.2/HLT/V1,Commissioning2023,11
365591,8521,50,2023-04-01 15:57:23,2023-04-01 15:58:13,"[CTPPS, CTPPS_TOT]",0.0,0.0,178916,collisions2023/v2,/cdaq/physics/firstCollisions23/v1.1/HLT/V1,Commissioning2023,1
365592,8521,1596,2023-04-01 15:59:54,2023-04-01 16:26:30,"[CTPPS, CTPPS_TOT]",0.0,0.0,66521936,collisions2023/v2,/cdaq/physics/firstCollisions23/v1.1/HLT/V1,Commissioning2023,3
365593,8521,1099,2023-04-01 16:27:58,2023-04-01 16:46:16,"[CTPPS, CTPPS_TOT]",0.0,0.0,45945643,collisions2023/v3,/cdaq/physics/firstCollisions23/v1.1/HLT/V2,Commissioning2023,3
365594,8521,1061,2023-04-01 16:49:18,2023-04-01 17:06:59,"[CTPPS, CTPPS_TOT]",0.0,0.0,521358,circulating2023/v5,/cdaq/circulating/2023/v2.2/HLT/V1,Commissioning2023,11
365595,8521,4300,2023-04-01 17:09:31,2023-04-01 18:21:11,"[CSC, CTPPS, CTPPS_TOT]",0.0,0.0,2213567,circulating2023/v5,/cdaq/circulating/2023/v2.2/HLT/V1,Commissioning2023,11
365596,8521,7266,2023-04-01 18:23:53,2023-04-01 20:24:59,"[CTPPS, CTPPS_TOT]",0.0,0.0,3717800,circulating2023/v5,/cdaq/circulating/2023/v2.2/HLT/V1,Commissioning2023,11
365598,8521,66,2023-04-01 20:29:47,2023-04-01 20:30:53,"[CTPPS, CTPPS_TOT]",0.0,0.0,1024,cosmics2023/v33,/cdaq/cosmic/commissioning2023/CRAFT/v2.2/HLT/V2,Commissioning2023,4
365599,8521,2216,2023-04-01 20:34:23,2023-04-01 21:11:19,"[CTPPS, CTPPS_TOT]",0.0,0.0,248064313,cosmics2023/v33,/cdaq/cosmic/commissioning2023/CRAFT/v2.2/HLT/V2,Commissioning2023,4
365600,8522,3292,2023-04-01 21:14:34,2023-04-01 22:09:26,"[CTPPS, CTPPS_TOT]",0.0,0.0,372871387,cosmics2023/v33,/cdaq/cosmic/commissioning2023/CRAFT/v2.2/HLT/V2,Commissioning2023,4
365601,8522,6079,2023-04-01 22:14:14,2023-04-01 23:55:33,"[CTPPS, CTPPS_TOT]",0.0,0.0,692147031,cosmics2023/v33,/cdaq/cosmic/commissioning2023/CRAFT/v2.2/HLT/V2,Commissioning2023,4
365602,8522,52809,2023-04-02 00:02:39,2023-04-02 14:42:48,"[CTPPS, CTPPS_TOT]",0.0,0.0,6036272611,cosmics2023/v33,/cdaq/cosmic/commissioning2023/CRAFT/v2.2/HLT/V2,Commissioning2023,4
365604,8522,5557,2023-04-02 14:49:41,2023-04-02 16:22:18,"[CSC, CTPPS, CTPPS_TOT]",0.0,0.0,634817224,cosmics2023/v34,/cdaq/cosmic/commissioning2023/CRAFT/v2.2/HLT/V2,Commissioning2023,4
365605,8522,57085,2023-04-02 16:25:06,2023-04-03 08:16:31,"[CTPPS, CTPPS_TOT]",0.0,0.0,6506196314,cosmics2023/v34,/cdaq/cosmic/commissioning2023/CRAFT/v2.2/HLT/V2,Commissioning2023,4
365606,8522,141,2023-04-03 08:31:12,2023-04-03 08:33:32,"[CSC, CTPPS, CTPPS_TOT, DT, GEM]",0.0,0.0,7113983,cosmics2023/v34,/cdaq/cosmic/commissioning2023/CRAFT/v2.2/HLT/V2,Commissioning2023,4
365607,8522,3610,2023-04-03 08:36:23,2023-04-03 09:36:34,"[CSC, CTPPS, CTPPS_TOT, DT, ECAL, GEM]",0.0,0.0,406083259,cosmics2023/v34,/cdaq/cosmic/commissioning2023/CRAFT/v2.2/HLT/V2,Commissioning2023,4
365616,8522,2892,2023-04-03 09:41:17,2023-04-03 10:29:29,"[CSC, CTPPS, CTPPS_TOT, GEM]",0.0,0.0,327889230,cosmics2023/v35,/cdaq/cosmic/commissioning2023/CRAFT/v2.2/HLT/V2,Commissioning2023,4
365618,8522,418,2023-04-03 10:33:01,2023-04-03 10:39:58,"[CSC, CTPPS, CTPPS_TOT]",0.0,0.0,32745167,cosmics2023/v35,/cdaq/cosmic/commissioning2023/CRAFT/v2.2/HLT/V2,Commissioning2023,4
365619,8522,2167,2023-04-03 10:41:25,2023-04-03 11:17:32,"[CSC, CTPPS, CTPPS_TOT]",0.0,0.0,245328791,cosmics2023/v35,/cdaq/cosmic/commissioning2023/CRAFT/v2.2/HLT/V2,Commissioning2023,4
365620,8522,916,2023-04-03 11:20:31,2023-04-03 11:35:48,"[CSC, CTPPS, CTPPS_TOT, HCAL]",0.0,0.0,102934300,cosmics2023/v35,/cdaq/cosmic/commissioning2023/CRAFT/v2.2/HLT/V2,Commissioning2023,4
365623,8522,3193,2023-04-03 11:39:35,2023-04-03 12:32:48,"[CSC, CTPPS, CTPPS_TOT]",0.0,0.0,352196420,cosmics2023/v35,/cdaq/cosmic/commissioning2023/CRAFT/v2.2/HLT/V2,Commissioning2023,4
365625,8522,8991,2023-04-03 12:37:26,2023-04-03 15:07:17,"[CSC, CTPPS, CTPPS_TOT, RPC]",0.0,0.0,1024878355,cosmics2023/v35,/cdaq/cosmic/commissioning2023/CRAFT/v2.2/HLT/V2,Commissioning2023,4
365626,8522,8409,2023-04-03 15:12:09,2023-04-03 17:32:18,"[CSC, CTPPS, CTPPS_TOT]",0.0,0.0,959923104,cosmics2023/v35,/cdaq/cosmic/commissioning2023/CRAFT/v2.2/HLT/V2,Commissioning2023,4
365629,8522,39837,2023-04-03 17:36:21,2023-04-04 04:40:18,"[CTPPS, CTPPS_TOT]",0.0,0.0,4539282589,cosmics2023/v35,/cdaq/cosmic/commissioning2023/CRAFT/v2.2/HLT/V2,Commissioning2023,4
365630,8522,9573,2023-04-04 04:42:14,2023-04-04 07:21:47,"[CTPPS, CTPPS_TOT]",0.0,0.0,1093791766,cosmics2023/v35,/cdaq/cosmic/commissioning2023/CRAFT/v2.2/HLT/V2,Commissioning2023,4
365632,8522,133,2023-04-04 07:27:35,2023-04-04 07:29:48,"[CSC, CTPPS, CTPPS_TOT]",,,,cosmics2023/v35,,Commissioning2023,
365633,8522,1942,2023-04-04 07:31:39,2023-04-04 08:04:01,"[CSC, CTPPS, CTPPS_TOT]",0.0,0.0,139427418,cosmics2023/v35,/cdaq/cosmic/commissioning2023/CRAFT/v2.2/HLT/V2,Commissioning2023,4
365635,8522,1875,2023-04-04 08:37:04,2023-04-04 09:08:19,"[CSC, CTPPS, CTPPS_TOT, DQM, DT, ECAL, ES, GEM, L1SCOUT, PIXEL, RPC, TRACKER]",0.0,0.0,140947330,cosmics2023/v35,/cdaq/cosmic/commissioning2023/CRAFT/v2.2/HLT/V2,Commissioning2023,4
365636,8522,3861,2023-04-04 09:11:10,2023-04-04 10:15:31,"[CSC, CTPPS, CTPPS_TOT, DQM, DT, ECAL, ES, GEM, L1SCOUT, PIXEL, RPC, TRACKER]",0.0,0.0,410009382,cosmics2023/v35,/cdaq/cosmic/commissioning2023/CRAFT/v2.2/HLT/V2,Commissioning2023,4
365639,8522,880,2023-04-04 10:17:38,2023-04-04 10:32:18,"[CSC, CTPPS, CTPPS_TOT, DQM, DT, ECAL, ES, GEM, L1SCOUT, PIXEL, RPC, TRACKER]",0.0,0.0,84364339,cosmics2023/v35,/cdaq/cosmic/commissioning2023/CRAFT/v2.2/HLT/V2,Commissioning2023,4
365640,8522,281,2023-04-04 10:34:24,2023-04-04 10:39:05,"[CSC, CTPPS, CTPPS_TOT, DQM, DT, ECAL, ES, GEM, L1SCOUT, PIXEL, RPC, TRACKER]",0.0,0.0,29291461,cosmics2023/v35,/cdaq/cosmic/commissioning2023/CRAFT/v2.2/HLT/V2,Commissioning2023,4
365641,8522,765,2023-04-04 10:40:40,2023-04-04 10:53:25,"[CSC, CTPPS, CTPPS_TOT, DQM, DT, ECAL, ES, GEM, L1SCOUT, PIXEL, RPC, TRACKER]",0.0,0.0,87589150,cosmics2023/v35,/cdaq/cosmic/commissioning2023/CRAFT/v2.2/HLT/V2,Commissioning2023,4
365643,8522,158,2023-04-04 11:05:08,2023-04-04 11:07:46,"[CTPPS, CTPPS_TOT]",0.0,0.0,95991,cosmics2023/v35,/cdaq/cosmic/commissioning2023/CRAFT/v2.2/HLT/V2,Commissioning2023,4
365646,8522,972,2023-04-04 11:16:28,2023-04-04 11:32:40,"[CTPPS, CTPPS_TOT]",0.0,0.0,4249680,collisions2023/v6,/cdaq/physics/firstCollisions23/v1.1/HLT/V3,Commissioning2023,1
365648,8522,492,2023-04-04 11:40:06,2023-04-04 11:48:19,"[CTPPS, CTPPS_TOT]",0.0,0.0,379667,circulating2023/v7,/cdaq/circulating/2023/v2.2/HLT/V1,Commissioning2023,11
365649,8522,2744,2023-04-04 11:51:32,2023-04-04 12:37:16,"[CTPPS, CTPPS_TOT]",0.0,0.0,305077542,cosmics2023/v35,/cdaq/cosmic/commissioning2023/CRAFT/v2.2/HLT/V2,Commissioning2023,4
365652,8522,431,2023-04-04 12:40:09,2023-04-04 12:47:19,"[CTPPS, CTPPS_TOT, DT]",0.0,0.0,37522070,cosmics2023/v35,/cdaq/cosmic/commissioning2023/CRAFT/v2.2/HLT/V2,Commissioning2023,4
365655,8522,1162,2023-04-04 12:50:22,2023-04-04 13:09:44,"[CTPPS, CTPPS_TOT]",0.0,0.0,130670713,cosmics2023/v35,/cdaq/cosmic/commissioning2023/CRAFT/v2.2/HLT/V2,Commissioning2023,4
365656,8522,4068,2023-04-04 13:15:01,2023-04-04 14:22:50,"[CTPPS, CTPPS_TOT, HCAL]",0.0,0.0,451130668,cosmics2023/v35,/cdaq/cosmic/commissioning2023/CRAFT/v2.2/HLT/V2,Commissioning2023,4
365663,8522,1325,2023-04-04 14:29:14,2023-04-04 14:51:19,"[HCAL]",0.0,0.0,142700930,cosmics2023/v35,/cdaq/cosmic/commissioning2023/CRAFT/v2.2/HLT/V2,Commissioning2023,4
365665,8522,8758,2023-04-04 14:55:42,2023-04-04 17:21:41,"[]",0.0,0.0,984996301,cosmics2023/v35,/cdaq/cosmic/commissioning2023/CRAFT/v2.2/HLT/V2,Commissioning2023,4
365667,8524,7926,2023-04-04 17:32:09,2023-04-04 19:44:15,"[]",0.0,0.0,4081204,circulating2023/v7,/cdaq/circulating/2023/v2.2/HLT/V1,Commissioning2023,1
365669,8524,890,2023-04-04 19:50:43,2023-04-04 20:05:33,"[]",7.99687331E-4,0.0,431232,collisions2023/v6,/cdaq/physics/firstCollisions23/v1.1/HLT/V3,Commissioning2023,1
365671,8525,2138,2023-04-04 20:13:24,2023-04-04 20:49:02,"[]",0.0,0.0,212069001,cosmics2023/v35,/cdaq/cosmic/commissioning2023/CRAFT/v2.2/HLT/V2,Commissioning2023,4
365673,8525,4777,2023-04-04 20:55:24,2023-04-04 22:15:01,"[]",0.0,0.0,2419033,circulating2023/v7,/cdaq/circulating/2023/v2.2/HLT/V1,Commissioning2023,11
365675,8525,1245,2023-04-04 22:19:16,2023-04-04 22:40:01,"[]",0.0,0.0,608740,collisions2023/v6,/cdaq/physics/firstCollisions23/v1.1/HLT/V3,Commissioning2023,1
365676,8525,425,2023-04-04 22:41:59,2023-04-04 22:49:04,"[]",0.0,0.0,207587,collisions2023/v6,/cdaq/physics/firstCollisions23/v1.1/HLT/V3,Commissioning2023,1
365677,8525,11660,2023-04-04 22:52:59,2023-04-05 02:07:19,"[]",0.0,0.0,1305434736,cosmics2023/v35,/cdaq/cosmic/commissioning2023/CRAFT/v2.2/HLT/V2,Commissioning2023,4
365678,8526,189,2023-04-05 02:11:46,2023-04-05 02:14:55,"[]",0.0,0.0,768,circulating2023/v7,/cdaq/circulating/2023/v2.2/HLT/V1,Commissioning2023,11
365679,8526,108,2023-04-05 02:18:37,2023-04-05 02:20:25,"[]",0.0,0.0,768,circulating2023/v7,/cdaq/circulating/2023/v2.2/HLT/V1,Commissioning2023,11
365680,8526,255,2023-04-05 02:23:41,2023-04-05 02:27:56,"[]",0.0,0.0,512,circulating2023/v7,/cdaq/circulating/2023/v2.2/HLT/V1,Commissioning2023,11
365681,8526,1002,2023-04-05 02:31:02,2023-04-05 02:47:44,"[]",0.0,0.0,486991,circulating2023/v7,/cdaq/circulating/2023/v2.2/HLT/V1,Commissioning2023,11
365682,8526,787,2023-04-05 02:51:21,2023-04-05 03:04:28,"[]",0.021504643964,0.0215046445,86243217,cosmics2023/v35,/cdaq/cosmic/commissioning2023/CRAFT/v2.2/HLT/V2,Commissioning2023,4
365686,8526,2453,2023-04-05 03:15:09,2023-04-05 03:56:02,"[]",0.0,0.0,1031367,circulating2023/v7,/cdaq/circulating/2023/v2.2/HLT/V1,Commissioning2023,11
365687,8527,1313,2023-04-05 04:00:23,2023-04-05 04:22:16,"[]",0.0,0.0,145830803,cosmics2023/v35,/cdaq/cosmic/commissioning2023/CRAFT/v2.2/HLT/V2,Commissioning2023,4
365688,8528,13168,2023-04-05 04:26:31,2023-04-05 08:05:59,"[]",7.768871E-5,6.6922819E-5,6527284,circulating2023/v7,/cdaq/circulating/2023/v2.2/HLT/V1,Commissioning2023,11
365694,8531,45,2023-04-05 10:16:41,2023-04-05 10:17:26,"[GEM, PIXEL, RPC]",7.0911E-8,0.0,0,circulating2023/v7,/cdaq/circulating/2023/v2.2/HLT/V1,Commissioning2023,11
365695,8531,41,2023-04-05 10:19:30,2023-04-05 10:20:11,"[GEM, PIXEL, RPC]",4.52578E-7,0.0,0,circulating2023/v7,/cdaq/circulating/2023/v2.2/HLT/V1,Commissioning2023,11
365696,8531,35,2023-04-05 10:22:57,2023-04-05 10:23:32,"[GEM, PIXEL, RPC]",2.501435E-6,0.0,0,circulating2023/v7,/cdaq/circulating/2023/v2.2/HLT/V1,Commissioning2023,11
365697,8531,767,2023-04-05 10:28:36,2023-04-05 10:41:23,"[GEM, PIXEL, RPC]",7.65468E-7,5.42654E-7,22912588,circulating2023/v7,/cdaq/circulating/2023/v2.2/HLT/V1,Commissioning2023,11
365699,8531,429,2023-04-05 10:49:22,2023-04-05 10:56:31,"[]",4.59375E-7,1.13081E-7,105181,circulating2023/v7,/cdaq/circulating/2023/v2.2/HLT/V1,Commissioning2023,11
365700,8531,41,2023-04-05 11:07:22,2023-04-05 11:08:03,"[PIXEL]",9.1995E-8,0.0,0,circulating2023/v7,/cdaq/circulating/2023/v2.2/HLT/V1,Commissioning2023,11
365703,8531,50,2023-04-05 11:12:22,2023-04-05 11:13:11,"[PIXEL]",9.6675E-8,2.2915E-8,21382,circulating2023/v7,/cdaq/circulating/2023/v2.2/HLT/V1,Commissioning2023,11
365704,8531,86,2023-04-05 11:17:02,2023-04-05 11:18:28,"[]",1.56418E-7,2.3231E-8,34599,circulating2023/v7,/cdaq/circulating/2023/v2.2/HLT/V1,Commissioning2023,11
365705,8531,788,2023-04-05 11:23:23,2023-04-05 11:36:31,"[]",5.00306E-7,3.00131E-7,381766,circulating2023/v7,/cdaq/circulating/2023/v2.2/HLT/V1,Commissioning2023,11
365706,8531,1473,2023-04-05 11:55:54,2023-04-05 12:20:27,"[]",0.0,0.0,728697,circulating2023/v7,/cdaq/circulating/2023/v2.2/HLT/V1,Commissioning2023,11
365707,8531,72,2023-04-05 12:23:22,2023-04-05 12:24:35,"[]",0.0,0.0,512,circulating2023/v7,/cdaq/circulating/2023/v2.2/HLT/V1,Commissioning2023,11
365708,8531,61,2023-04-05 12:27:39,2023-04-05 12:28:40,"[]",0.0,0.0,6599,circulating2023/v7,/cdaq/circulating/2023/v2.2/HLT/V1,Commissioning2023,11
365709,8531,4545,2023-04-05 12:31:30,2023-04-05 13:47:15,"[]",7.94471E-7,7.90757E-7,2255204,circulating2023/v7,/cdaq/circulating/2023/v2.2/HLT/V1,Commissioning2023,11
365710,8532,773,2023-04-05 13:51:08,2023-04-05 14:04:01,"[]",0.0,0.0,44449133,cosmics2023/v35,/cdaq/cosmic/commissioning2023/CRAFT/v2.2/HLT/V2,Commissioning2023,4
365712,8533,198,2023-04-05 14:09:53,2023-04-05 14:13:11,"[]",,,,circulating2023/v7,,Commissioning2023,
365713,8533,1479,2023-04-05 14:15:36,2023-04-05 14:40:16,"[]",1.9762436E-5,9.684212E-6,766434,circulating2023/v7,/cdaq/circulating/2023/v2.2/HLT/V1,Commissioning2023,11
365715,8533,6159,2023-04-05 14:46:38,2023-04-05 16:29:17,"[]",1.61406968E-4,1.40928144E-4,229948495,collisions2023/v6,/cdaq/physics/firstCollisions23/v1.1/HLT/V3,Commissioning2023,1
365716,8533,1758,2023-04-05 16:36:46,2023-04-05 17:06:05,"[CSC]",0.0,0.0,867968,circulating2023/v7,/cdaq/circulating/2023/v2.2/HLT/V1,Commissioning2023,1
365717,8533,878,2023-04-05 17:07:39,2023-04-05 17:22:17,"[CSC]",0.0,0.0,421389,circulating2023/v7,/cdaq/circulating/2023/v2.2/HLT/V1,Commissioning2023,1
365718,8534,15131,2023-04-05 17:26:22,2023-04-05 21:38:33,"[]",4.019652E-6,4.019652E-6,7548392,circulating2023/v7,/cdaq/circulating/2023/v2.2/HLT/V1,Commissioning2023,11
365724,8536,712,2023-04-05 22:16:38,2023-04-05 22:28:30,"[]",0.0,0.0,8958868,collisions2023/v10,/cdaq/physics/firstCollisions23/v2.0/HLT/V1,Commissioning2023,1
365725,8536,49,2023-04-05 22:31:06,2023-04-05 22:31:55,"[]",,,,circulating2023/v7,,Commissioning2023,
365726,8536,62,2023-04-05 22:33:17,2023-04-05 22:34:19,"[]",,,,circulating2023/v7,,Commissioning2023,
365729,8536,4074,2023-04-05 22:38:37,2023-04-05 23:46:31,"[]",6.070658E-6,6.070658E-6,77009342,circulating2023/v7,/cdaq/circulating/2023/v2.2/HLT/V1,Commissioning2023,11
365730,8536,1120,2023-04-05 23:50:01,2023-04-06 00:08:41,"[]",0.0,0.0,527049,circulating2023/v7,/cdaq/circulating/2023/v2.2/HLT/V1,Commissioning2023,11
365732,8536,47,2023-04-06 00:13:01,2023-04-06 00:13:48,"[]",,,,circulating2023/v7,,Commissioning2023,
365733,8536,4046,2023-04-06 00:15:53,2023-04-06 01:23:18,"[]",0.0,0.0,1902019,circulating2023/v7,/cdaq/circulating/2023/v2.2/HLT/V1,Commissioning2023,11
365735,8538,71,2023-04-06 01:25:24,2023-04-06 01:26:35,"[]",,,,circulating2023/v7,,Commissioning2023,
365736,8538,4145,2023-04-06 01:28:23,2023-04-06 02:37:28,"[]",0.0,0.0,1992849,circulating2023/v7,/cdaq/circulating/2023/v2.2/HLT/V1,Commissioning2023,11
365738,8539,9469,2023-04-06 02:45:11,2023-04-06 05:23:00,"[]",0.0,0.0,4686152,circulating2023/v7,/cdaq/circulating/2023/v2.2/HLT/V1,Commissioning2023,11
365739,8539,76,2023-04-06 05:30:38,2023-04-06 05:31:54,"[]",,,,circulating2023/v7,/cdaq/circulating/2023/v2.2/HLT/V1,Commissioning2023,
365740,8539,1623,2023-04-06 05:34:00,2023-04-06 06:01:03,"[]",0.0,0.0,778163,circulating2023/v7,/cdaq/circulating/2023/v2.2/HLT/V1,Run2023A,11
365742,8539,280,2023-04-06 06:06:11,2023-04-06 06:10:51,"[]",,,,collisions2023/v10,/cdaq/physics/firstCollisions23/v2.0/HLT/V1,Commissioning2023,
365743,8539,111,2023-04-06 06:12:55,2023-04-06 06:14:46,"[CSC]",,,,collisions2023/v10,,Commissioning2023,
365744,8539,167,2023-04-06 06:18:17,2023-04-06 06:21:03,"[CSC]",0.0,0.0,72402,collisions2023/v10,/cdaq/physics/firstCollisions23/v2.0/HLT/V1,Run2023A,1
365748,8540,1641,2023-04-06 06:29:23,2023-04-06 06:56:44,"[]",0.0,0.0,794229,circulating2023/v7,/cdaq/circulating/2023/v2.2/HLT/V1,Run2023A,11
365749,8540,406,2023-04-06 06:59:02,2023-04-06 07:05:48,"[]",0.0,0.0,196701,circulating2023/v7,/cdaq/circulating/2023/v2.2/HLT/V1,Run2023A,11
365750,8540,985,2023-04-06 07:11:38,2023-04-06 07:28:03,"[]",1.9823788E-5,9.152987E-6,479166,circulating2023/v7,/cdaq/circulating/2023/v2.2/HLT/V1,Run2023A,11
365752,8540,88,2023-04-06 07:34:13,2023-04-06 07:35:41,"[]",7.655269E-6,1.08E-9,767,collisions2023/v10,/cdaq/physics/firstCollisions23/v2.0/HLT/V1,Run2023A,1
365753,8540,2110,2023-04-06 07:38:21,2023-04-06 08:13:31,"[]",6.3175107E-5,5.886042E-5,86753586,collisions2023/v10,/cdaq/physics/firstCollisions23/v2.0/HLT/V1,Run2023A,1
365754,8540,1308,2023-04-06 08:14:57,2023-04-06 08:36:45,"[]",4.0761893E-5,3.5956863E-5,54802019,collisions2023/v11,/cdaq/physics/firstCollisions23/v2.0/HLT/V2,Run2023A,1
365755,8540,1027,2023-04-06 08:39:24,2023-04-06 08:56:31,"[]",3.019284E-5,2.7543499E-5,42965301,collisions2023/v12,/cdaq/physics/firstCollisions23/v2.0/HLT/V3,Run2023A,1
365756,8540,925,2023-04-06 08:57:54,2023-04-06 09:13:19,"[]",2.639221E-5,2.4233658E-5,38015112,collisions2023/v13,/cdaq/physics/firstCollisions23/v2.0/HLT/V4,Run2023A,1
365757,8540,2479,2023-04-06 09:14:25,2023-04-06 09:55:44,"[]",6.1917708E-5,6.0499853E-5,101525068,collisions2023/v14,/cdaq/physics/firstCollisions23/v2.0/HLT/V6,Run2023A,1
365758,8541,806,2023-04-06 10:01:01,2023-04-06 10:14:27,"[]",0.0,0.0,466408,cosmics2023/v35,/cdaq/cosmic/commissioning2023/CRAFT/v2.2/HLT/V2,Run2023A,4
365759,8541,62,2023-04-06 10:19:38,2023-04-06 10:20:41,"[]",0.0,0.0,0,circulating2023/v7,/cdaq/circulating/2023/v2.2/HLT/V1,Run2023A,11
365760,8541,928,2023-04-06 10:23:46,2023-04-06 10:39:14,"[]",9.688132E-6,1.51229E-7,444193,circulating2023/v7,/cdaq/circulating/2023/v2.2/HLT/V1,Run2023A,11
365761,8541,34,2023-04-06 10:41:35,2023-04-06 10:42:09,"[]",,,,collisions2023/v15,,Run2023A,
365762,8541,84,2023-04-06 10:44:59,2023-04-06 10:46:23,"[]",,,,collisions2023/v15,/cdaq/physics/firstCollisions23/v2.0/HLT/V7,Run2023A,
365763,8541,101,2023-04-06 10:48:32,2023-04-06 10:50:13,"[]",1.2994876E-5,2.387565E-6,3525007,collisions2023/v15,/cdaq/physics/firstCollisions23/v2.0/HLT/V7,Run2023A,1
365765,8541,5491,2023-04-06 10:56:01,2023-04-06 12:27:32,"[]",1.6326889E-4,1.61792307E-4,224142808,collisions2023/v15,/cdaq/physics/firstCollisions23/v2.0/HLT/V7,Run2023A,1
365767,8542,3532,2023-04-06 12:34:38,2023-04-06 13:33:30,"[]",0.0,0.0,152938224,cosmics2023/v35,/cdaq/cosmic/commissioning2023/CRAFT/v2.2/HLT/V2,Run2023A,4
365768,8542,2332,2023-04-06 13:36:54,2023-04-06 14:15:46,"[]",0.0,0.0,262973391,cosmics2023/v35,/cdaq/cosmic/commissioning2023/CRAFT/v2.2/HLT/V2,Run2023A,4
365770,8542,116,2023-04-06 14:20:42,2023-04-06 14:22:38,"[]",0.0,0.0,37389,circulating2023/v7,/cdaq/circulating/2023/v2.2/HLT/V1,Run2023A,1
365773,8542,802,2023-04-06 14:33:10,2023-04-06 14:46:32,"[]",1.609526E-5,1.0022098E-5,414425,circulating2023/v7,/cdaq/circulating/2023/v2.2/HLT/V1,Run2023A,1
365775,8542,8015,2023-04-06 14:51:23,2023-04-06 17:04:58,"[]",1.74280708E-4,1.70489002E-4,331068889,collisions2023/v15,/cdaq/physics/firstCollisions23/v2.0/HLT/V7,Run2023A,1
365777,8542,6885,2023-04-06 17:13:15,2023-04-06 19:08:00,"[CSC, GEM]",0.0,0.0,771221635,cosmics2023/v35,/cdaq/cosmic/commissioning2023/CRAFT/v2.2/HLT/V2,Run2023A,4
365783,8544,4779,2023-04-06 19:20:51,2023-04-06 20:40:30,"[]",0.0,0.0,2396132,circulating2023/v7,/cdaq/circulating/2023/v2.2/HLT/V1,Run2023A,1
365784,8544,1483,2023-04-06 20:44:06,2023-04-06 21:08:49,"[]",0.0,0.0,21736489,collisions2023/v16,/cdaq/physics/firstCollisions23/v2.0/HLT/V7,Run2023A,1
365788,8544,1711,2023-04-06 21:28:11,2023-04-06 21:56:42,"[]",0.0,0.0,36566921,collisions2023/v17,/cdaq/physics/firstCollisions23/v2.0/HLT/V7,Run2023A,1
365789,8544,13614,2023-04-06 21:59:16,2023-04-07 01:46:10,"[]",0.0,0.0,11633318,circulating2023/v7,/cdaq/circulating/2023/v2.2/HLT/V1,Run2023A,11
365790,8544,3182,2023-04-07 01:50:16,2023-04-07 02:43:18,"[PIXEL, TRACKER]",0.0,0.0,2663863,circulating2023/v7,/cdaq/circulating/2023/v2.2/HLT/V1,Run2023A,11
365791,8545,50,2023-04-07 02:47:24,2023-04-07 02:48:14,"[PIXEL, TRACKER]",0.0,0.0,2,cosmics2023/v35,/cdaq/cosmic/commissioning2023/CRAFT/v2.2/HLT/V2,Run2023A,4
365792,8545,783,2023-04-07 02:52:24,2023-04-07 03:05:27,"[ES, PIXEL, TRACKER]",0.0,0.0,66020772,cosmics2023/v35,/cdaq/cosmic/commissioning2023/CRAFT/v2.2/HLT/V2,Run2023A,4
365793,8545,1084,2023-04-07 03:07:15,2023-04-07 03:25:19,"[ES, PIXEL, TRACKER]",0.0,0.0,121352414,cosmics2023/v35,/cdaq/cosmic/commissioning2023/CRAFT/v2.2/HLT/V2,Run2023A,4
365794,8545,4668,2023-04-07 03:31:07,2023-04-07 04:48:55,"[ES, PIXEL, TRACKER]",0.0,0.0,3255778,circulating2023/v7,/cdaq/circulating/2023/v2.2/HLT/V1,Run2023A,11
365796,8547,285,2023-04-07 05:22:24,2023-04-07 05:27:09,"[PIXEL, TRACKER]",0.0,0.0,30117031,cosmics2023/v35,/cdaq/cosmic/commissioning2023/CRAFT/v2.2/HLT/V2,Run2023A,4
365797,8547,733,2023-04-07 05:31:04,2023-04-07 05:43:17,"[PIXEL, TRACKER]",0.0,0.0,358560,circulating2023/v7,/cdaq/circulating/2023/v2.2/HLT/V1,Run2023A,11
365798,8548,428,2023-04-07 07:49:52,2023-04-07 07:57:00,"[GEM, PIXEL, TRACKER]",0.0,0.0,208357,circulating2023/v7,/cdaq/circulating/2023/v2.2/HLT/V1,Run2023A,11
365799,8548,397,2023-04-07 08:01:38,2023-04-07 08:08:16,"[GEM, PIXEL, TRACKER]",0.0,0.0,4615920,collisions2023/v17,/cdaq/physics/firstCollisions23/v2.0/HLT/V7,Run2023A,1
365809,8549,129,2023-04-07 09:14:10,2023-04-07 09:16:18,"[CSC, CTPPS_TOT, GEM, TRACKER]",3.843E-9,3.843E-9,2307057,collisions2023/v18,/cdaq/physics/firstCollisions23/v2.0/HLT/V7,Run2023A,1
365824,8550,48,2023-04-07 11:38:29,2023-04-07 11:39:17,"[CTPPS_TOT]",,,,circulating2023/v7,/cdaq/circulating/2023/v2.2/HLT/V1,Run2023A,
365825,8550,699,2023-04-07 11:42:32,2023-04-07 11:54:11,"[CTPPS_TOT]",2.0988E-8,2.0988E-8,347236,circulating2023/v7,/cdaq/circulating/2023/v2.2/HLT/V1,Run2023A,11
365831,8550,28,2023-04-07 12:45:46,2023-04-07 12:46:14,"[]",1.622403E-6,1.622403E-6,5998,circulating2023/v7,/cdaq/circulating/2023/v2.2/HLT/V1,Run2023A,11
365833,8550,1266,2023-04-07 12:51:39,2023-04-07 13:12:45,"[]",1.08932021E-4,7.8963501E-5,625564,circulating2023/v7,/cdaq/circulating/2023/v2.2/HLT/V1,Run2023A,11
365834,8550,860,2023-04-07 13:16:35,2023-04-07 13:30:55,"[]",1.39071063E-4,1.10144717E-4,40920991,collisions2023/v18,/cdaq/physics/firstCollisions23/v2.0/HLT/V7,Run2023A,1
365835,8550,813,2023-04-07 13:34:07,2023-04-07 13:47:40,"[]",1.17853677E-4,9.7913381E-5,40127121,collisions2023/v19,/cdaq/physics/firstCollisions23/v2.1/HLT/V1,Run2023A,1
365836,8550,857,2023-04-07 13:50:13,2023-04-07 14:04:29,"[]",1.13935599E-4,9.6105177E-5,41643157,collisions2023/v19,/cdaq/physics/firstCollisions23/v2.1/HLT/V1,Run2023A,1
365837,8550,873,2023-04-07 14:06:53,2023-04-07 14:21:26,"[]",1.10422404E-4,9.2035996E-5,42804462,collisions2023/v19,/cdaq/physics/firstCollisions23/v2.1/HLT/V1,Run2023A,1
365838,8550,845,2023-04-07 14:24:05,2023-04-07 14:38:10,"[]",9.6673542E-5,8.0434272E-5,41624045,collisions2023/v19,/cdaq/physics/firstCollisions23/v2.1/HLT/V1,Run2023A,1
365839,8550,890,2023-04-07 14:40:41,2023-04-07 14:55:31,"[]",9.7962328E-5,8.3049449E-5,43803823,collisions2023/v19,/cdaq/physics/firstCollisions23/v2.1/HLT/V1,Run2023A,1
365840,8550,904,2023-04-07 14:57:55,2023-04-07 15:12:58,"[]",9.3081068E-5,7.892112E-5,43954205,collisions2023/v19,/cdaq/physics/firstCollisions23/v2.1/HLT/V1,Run2023A,1
365841,8550,1004,2023-04-07 15:15:27,2023-04-07 15:32:11,"[]",9.9167286E-5,8.282925E-5,49738672,collisions2023/v19,/cdaq/physics/firstCollisions23/v2.1/HLT/V1,Run2023A,1
365842,8550,1101,2023-04-07 15:35:22,2023-04-07 15:53:43,"[]",9.8363276E-5,8.3772305E-5,54292536,collisions2023/v19,/cdaq/physics/firstCollisions23/v2.1/HLT/V1,Run2023A,1
365843,8550,8408,2023-04-07 15:56:39,2023-04-07 18:16:47,"[]",5.27235255E-4,4.63862663E-4,383763595,collisions2023/v19,/cdaq/physics/firstCollisions23/v2.1/HLT/V1,Run2023A,1
365844,8550,17645,2023-04-07 18:23:20,2023-04-07 23:17:25,"[]",5.99327303E-4,5.90548985E-4,870125475,collisions2023/v19,/cdaq/physics/firstCollisions23/v2.1/HLT/V1,Run2023A,1
365845,8550,1205,2023-04-07 23:23:53,2023-04-07 23:43:58,"[]",2.1147E-8,7.483E-9,129058237,cosmics2023/v35,/cdaq/cosmic/commissioning2023/CRAFT/v2.2/HLT/V2,Run2023A,4
365847,8551,2766,2023-04-07 23:48:23,2023-04-08 00:34:29,"[]",1.616763E-6,1.616763E-6,1268818,circulating2023/v7,/cdaq/circulating/2023/v2.2/HLT/V1,Run2023A,11
365851,8551,695,2023-04-08 00:57:14,2023-04-08 01:08:48,"[]",3.3383E-8,3.3383E-8,297666,circulating2023/v7,/cdaq/circulating/2023/v2.2/HLT/V1,Run2023A,11
365852,8551,15411,2023-04-08 01:10:23,2023-04-08 05:27:14,"[]",6.7583767E-5,6.7583766E-5,7643646,circulating2023/v7,/cdaq/circulating/2023/v2.2/HLT/V1,Run2023A,11
365853,8551,4215,2023-04-08 05:31:05,2023-04-08 06:41:19,"[]",3.5418E-8,3.5418E-8,477255116,cosmics2023/v35,/cdaq/cosmic/commissioning2023/CRAFT/v2.2/HLT/V2,Run2023A,4
365855,8552,12826,2023-04-08 06:45:59,2023-04-08 10:19:45,"[]",5.40008E-7,5.40008E-7,6512721,circulating2023/v7,/cdaq/circulating/2023/v2.2/HLT/V1,Run2023A,11
365858,8554,136,2023-04-08 10:26:47,2023-04-08 10:29:03,"[]",0.0,0.0,13159497,cosmics2023/v35,/cdaq/cosmic/commissioning2023/CRAFT/v2.2/HLT/V2,Run2023A,4
365861,8555,3075,2023-04-08 10:35:02,2023-04-08 11:26:17,"[]",0.0,0.0,1498407,circulating2023/v7,/cdaq/circulating/2023/v2.2/HLT/V1,Run2023A,11
365863,8555,9866,2023-04-08 11:33:13,2023-04-08 14:17:39,"[]",0.0,0.0,1122953884,cosmics2023/v35,/cdaq/cosmic/commissioning2023/CRAFT/v2.2/HLT/V2,Run2023A,4
365865,8555,1296,2023-04-08 14:24:39,2023-04-08 14:46:15,"[]",0.0,0.0,44532423,collisions2023/v20,/cdaq/physics/firstCollisions23/v2.1/HLT/V2,Run2023A,1
365866,8555,21861,2023-04-08 14:48:40,2023-04-08 20:53:01,"[]",5.5414431E-5,5.5414431E-5,2476141482,cosmics2023/v35,/cdaq/cosmic/commissioning2023/CRAFT/v2.2/HLT/V2,Run2023A,4
365867,8557,19939,2023-04-08 20:59:43,2023-04-09 02:32:03,"[]",1.81493421E-4,1.81493422E-4,9928351,circulating2023/v7,/cdaq/circulating/2023/v2.2/HLT/V1,Run2023A,11
365868,8557,34,2023-04-09 02:36:03,2023-04-09 02:36:37,"[]",,,,cosmics2023/v35,,Run2023A,
365869,8557,6667,2023-04-09 02:38:36,2023-04-09 04:29:43,"[]",0.0,0.0,754985639,cosmics2023/v35,/cdaq/cosmic/commissioning2023/CRAFT/v2.2/HLT/V2,Run2023A,4
365871,8557,3285,2023-04-09 04:35:16,2023-04-09 05:30:01,"[]",1.09671E-7,1.09671E-7,1628364,circulating2023/v7,/cdaq/circulating/2023/v2.2/HLT/V1,Run2023A,11
365872,8557,1150,2023-04-09 05:33:06,2023-04-09 05:52:16,"[]",4.3479E-8,4.3479E-8,469176,circulating2023/v7,/cdaq/circulating/2023/v2.2/HLT/V1,Run2023A,11
365873,8558,1551,2023-04-09 05:55:53,2023-04-09 06:21:44,"[]",0.0,0.0,761737,cosmics2023/v35,/cdaq/cosmic/commissioning2023/CRAFT/v2.2/HLT/V2,Run2023A,4
365874,8558,1896,2023-04-09 06:25:11,2023-04-09 06:56:47,"[]",1.53699024E-4,1.01010262E-4,953003,circulating2023/v7,/cdaq/circulating/2023/v2.2/HLT/V1,Run2023A,11
365876,8558,3978,2023-04-09 07:04:01,2023-04-09 08:10:19,"[]",3.63696509E-4,3.57357711E-4,179394171,collisions2023/v20,/cdaq/physics/firstCollisions23/v2.1/HLT/V2,Run2023A,1
365877,8558,18,2023-04-09 08:13:56,2023-04-09 08:14:14,"[]",,,,cosmics2023/v35,,Run2023A,
365878,8558,463,2023-04-09 08:24:01,2023-04-09 08:31:44,"[]",0.0,0.0,44500070,cosmics2023/v35,/cdaq/cosmic/commissioning2023/CRAFT/v2.2/HLT/V2,Run2023A,4
365879,8559,878,2023-04-09 08:35:27,2023-04-09 08:50:05,"[]",5.0529638E-5,5.0529638E-5,431321,circulating2023/v7,/cdaq/circulating/2023/v2.2/HLT/V1,Run2023A,11
365880,8559,1061,2023-04-09 08:52:17,2023-04-09 09:09:58,"[]",1.4514542E-4,1.1612156E-4,47003968,collisions2023/v20,/cdaq/physics/firstCollisions23/v2.1/HLT/V2,Run2023A,1
365881,8559,121,2023-04-09 09:13:53,2023-04-09 09:15:54,"[]",3.4204543E-5,1.91E-10,47,collisions2023/v20,/cdaq/physics/firstCollisions23/v2.1/HLT/V2,Run2023A,1
365882,8559,14510,2023-04-09 09:18:52,2023-04-09 13:20:42,"[]",9.87155322E-4,9.58031659E-4,802540282,collisions2023/v20,/cdaq/physics/firstCollisions23/v2.1/HLT/V2,Run2023A,3
365883,8559,127,2023-04-09 13:25:31,2023-04-09 13:27:38,"[]",1.2764961E-5,2.125927E-6,2039424,collisions2023/v20,/cdaq/physics/firstCollisions23/v2.1/HLT/V2,Run2023A,1
365884,8559,371,2023-04-09 13:30:53,2023-04-09 13:37:04,"[]",4.4362007E-5,1.8E-10,234,collisions2023/v20,/cdaq/physics/firstCollisions23/v2.1/HLT/V2,Run2023A,1
365888,8559,229,2023-04-09 13:50:24,2023-04-09 13:54:13,"[]",1.4869215E-5,4.626808E-6,6590396,collisions2023/v20,/cdaq/physics/firstCollisions23/v2.1/HLT/V2,Run2023A,1
365889,8559,3985,2023-04-09 13:57:22,2023-04-09 15:03:47,"[]",1.21345606E-4,1.19627808E-4,189015089,collisions2023/v20,/cdaq/physics/firstCollisions23/v2.1/HLT/V2,Run2023A,3
365895,8560,1004,2023-04-09 15:53:30,2023-04-09 16:10:14,"[CSC]",8.5225E-8,8.5225E-8,465404,circulating2023/v7,/cdaq/circulating/2023/v2.2/HLT/V1,Run2023A,11
365896,8560,1292,2023-04-09 16:12:45,2023-04-09 16:34:17,"[CSC]",6.09181E-7,6.09181E-7,624434,circulating2023/v7,/cdaq/circulating/2023/v2.2/HLT/V1,Run2023A,11
365898,8561,1975,2023-04-09 16:42:16,2023-04-09 17:15:12,"[]",9.54E-10,9.54E-10,216283863,cosmics2023/v35,/cdaq/cosmic/commissioning2023/CRAFT/v2.2/HLT/V2,Run2023A,4
365899,8561,3522,2023-04-09 17:20:22,2023-04-09 18:19:04,"[]",3.5178523E-5,3.5178523E-5,1697625,circulating2023/v7,/cdaq/circulating/2023/v2.2/HLT/V1,Run2023A,11
365900,8562,4895,2023-04-09 18:24:27,2023-04-09 19:46:02,"[]",3.777E-9,3.777E-9,550932644,cosmics2023/v35,/cdaq/cosmic/commissioning2023/CRAFT/v2.2/HLT/V2,Run2023A,4
365901,8562,1713,2023-04-09 19:51:59,2023-04-09 20:20:32,"[]",1.02257238E-4,1.02257239E-4,827045,circulating2023/v7,/cdaq/circulating/2023/v2.2/HLT/V1,Run2023A,11
365902,8563,3061,2023-04-09 20:24:01,2023-04-09 21:15:02,"[]",1.3312E-8,1.3312E-8,336078505,cosmics2023/v35,/cdaq/cosmic/commissioning2023/CRAFT/v2.2/HLT/V2,Run2023A,4
365906,8563,911,2023-04-09 21:25:24,2023-04-09 21:40:34,"[]",2.481958E-6,2.481958E-6,412760,circulating2023/v7,/cdaq/circulating/2023/v2.2/HLT/V1,Run2023A,11
365907,8563,1913,2023-04-09 21:44:23,2023-04-09 22:16:16,"[]",6.011974E-6,6.011974E-6,949082,circulating2023/v7,/cdaq/circulating/2023/v2.2/HLT/V1,Run2023A,11
365910,8564,2506,2023-04-09 22:28:11,2023-04-09 23:09:57,"[]",4.715E-9,4.715E-9,258874000,cosmics2023/v35,/cdaq/cosmic/commissioning2023/CRAFT/v2.2/HLT/V2,Run2023A,4
365911,8564,2219,2023-04-09 23:15:21,2023-04-09 23:52:20,"[]",2.603351E-6,2.603351E-6,1042873,circulating2023/v7,/cdaq/circulating/2023/v2.2/HLT/V1,Run2023A,11
365914,8564,9074,2023-04-10 00:02:16,2023-04-10 02:33:30,"[]",7.0626033E-5,7.0626031E-5,4491474,circulating2023/v7,/cdaq/circulating/2023/v2.2/HLT/V1,Run2023A,11
365915,8565,2732,2023-04-10 02:36:55,2023-04-10 03:22:27,"[]",0.0,0.0,307091059,cosmics2023/v35,/cdaq/cosmic/commissioning2023/CRAFT/v2.2/HLT/V2,Run2023A,4
365916,8565,1704,2023-04-10 03:25:47,2023-04-10 03:54:11,"[]",6.92844E-7,6.92844E-7,804986,circulating2023/v7,/cdaq/circulating/2023/v2.2/HLT/V1,Run2023A,11
365918,8565,826,2023-04-10 04:15:46,2023-04-10 04:29:32,"[]",2.90291E-7,2.90291E-7,404744,circulating2023/v7,/cdaq/circulating/2023/v2.2/HLT/V1,Run2023A,11
365919,8566,3625,2023-04-10 04:32:52,2023-04-10 05:33:17,"[]",7.305E-9,9.54E-10,409454198,cosmics2023/v35,/cdaq/cosmic/commissioning2023/CRAFT/v2.2/HLT/V2,Run2023A,4
365922,8566,10216,2023-04-10 05:41:16,2023-04-10 08:31:32,"[]",2.981666E-6,2.979279E-6,5051999,circulating2023/v7,/cdaq/circulating/2023/v2.2/HLT/V1,Run2023A,11
365924,8567,1219,2023-04-10 08:53:44,2023-04-10 09:14:03,"[CSC, GEM]",2.06431E-7,1.72818E-7,581925,circulating2023/v7,/cdaq/circulating/2023/v2.2/HLT/V1,Run2023A,11
365926,8567,4587,2023-04-10 09:33:51,2023-04-10 10:50:18,"[]",2.2051779E-5,2.2051779E-5,518574091,cosmics2023/v35,/cdaq/cosmic/commissioning2023/CRAFT/v2.2/HLT/V2,Run2023A,4
365927,8567,10702,2023-04-10 10:59:39,2023-04-10 13:58:01,"[]",3.5996347E-5,3.5996347E-5,1214320367,cosmics2023/v35,/cdaq/cosmic/commissioning2023/CRAFT/v2.2/HLT/V2,Run2023A,4
